sample_id,row,column,x,y,C11,C22
sample_01,11886,6855,820005.5932897511,8264569.127407737,141.07852172851562,40.94327926635742
sample_01,11886,6856,820015.5932897511,8264569.127407737,398.10211181640625,84.55482482910156
sample_01,11886,6857,820025.5932897511,8264569.127407737,440.6075744628906,106.46924591064453
sample_01,11886,6858,820035.5932897511,8264569.127407737,268.2249450683594,78.2912826538086
sample_01,11886,6859,820045.5932897511,8264569.127407737,413.4033508300781,48.644412994384766
sample_01,11886,6860,820055.5932897511,8264569.127407737,693.2161865234375,51.912662506103516
sample_01,11886,6861,820065.5932897511,8264569.127407737,295.6285400390625,227.653564453125
sample_01,11886,6862,820075.5932897511,8264569.127407737,336.593017578125,206.08106994628906
sample_01,11886,6863,820085.5932897511,8264569.127407737,430.3961181640625,121.43401336669922
sample_01,11886,6864,820095.5932897511,8264569.127407737,212.7923583984375,88.86608123779297
sample_01,11886,6865,820105.5932897511,8264569.127407737,634.3182983398438,81.12362670898438
sample_01,11886,6866,820115.5932897511,8264569.127407737,1411.0067138671875,89.0428237915039
sample_01,11886,6867,820125.5932897511,8264569.127407737,700.4464111328125,38.56312942504883
sample_01,11886,6868,820135.5932897511,8264569.127407737,721.6920166015625,19.929668426513672
sample_01,11886,6869,820145.5932897511,8264569.127407737,1282.466796875,14.911506652832031
sample_01,11886,6870,820155.5932897511,8264569.127407737,957.3582153320312,53.962162017822266
sample_01,11886,6871,820165.5932897511,8264569.127407737,632.1563720703125,98.92505645751953
sample_01,11886,6872,820175.5932897511,8264569.127407737,473.6421203613281,100.71279907226562
sample_01,11886,6873,820185.5932897511,8264569.127407737,383.6996154785156,215.36013793945312
sample_01,11886,6874,820195.5932897511,8264569.127407737,460.14605712890625,207.2321319580078
sample_01,11887,6855,820005.5932897511,8264559.127407737,180.7104949951172,50.256805419921875
sample_01,11887,6856,820015.5932897511,8264559.127407737,685.147705078125,77.58988952636719
sample_01,11887,6857,820025.5932897511,8264559.127407737,588.0844116210938,123.37612915039062
sample_01,11887,6858,820035.5932897511,8264559.127407737,208.40162658691406,138.76205444335938
sample_01,11887,6859,820045.5932897511,8264559.127407737,192.48593139648438,80.57823944091797
sample_01,11887,6860,820055.5932897511,8264559.127407737,455.92041015625,54.34907913208008
sample_01,11887,6861,820065.5932897511,8264559.127407737,893.9520874023438,92.27091979980469
sample_01,11887,6862,820075.5932897511,8264559.127407737,937.0590209960938,77.06336975097656
sample_01,11887,6863,820085.5932897511,8264559.127407737,700.1493530273438,48.43733596801758
sample_01,11887,6864,820095.5932897511,8264559.127407737,109.92577362060547,49.62926483154297
sample_01,11887,6865,820105.5932897511,8264559.127407737,522.7666625976562,77.9334945678711
sample_01,11887,6866,820115.5932897511,8264559.127407737,921.9237060546875,97.60260772705078
sample_01,11887,6867,820125.5932897511,8264559.127407737,513.1687622070312,53.972660064697266
sample_01,11887,6868,820135.5932897511,8264559.127407737,905.237060546875,61.895835876464844
sample_01,11887,6869,820145.5932897511,8264559.127407737,1332.994140625,77.9799575805664
sample_01,11887,6870,820155.5932897511,8264559.127407737,1035.7056884765625,85.81906127929688
sample_01,11887,6871,820165.5932897511,8264559.127407737,921.2977294921875,81.29069519042969
sample_01,11887,6872,820175.5932897511,8264559.127407737,764.6740112304688,135.6728973388672
sample_01,11887,6873,820185.5932897511,8264559.127407737,930.6973266601562,205.04710388183594
sample_01,11887,6874,820195.5932897511,8264559.127407737,590.1813354492188,208.098876953125
sample_01,11888,6855,820005.5932897511,8264549.127407737,324.4392395019531,69.44652557373047
sample_01,11888,6856,820015.5932897511,8264549.127407737,708.6932373046875,69.97511291503906
sample_01,11888,6857,820025.5932897511,8264549.127407737,497.3785705566406,154.04299926757812
sample_01,11888,6858,820035.5932897511,8264549.127407737,98.43724060058594,239.14181518554688
sample_01,11888,6859,820045.5932897511,8264549.127407737,320.7459716796875,124.25170135498047
sample_01,11888,6860,820055.5932897511,8264549.127407737,432.2940368652344,70.70511627197266
sample_01,11888,6861,820065.5932897511,8264549.127407737,741.2984619140625,38.96261978149414
sample_01,11888,6862,820075.5932897511,8264549.127407737,1027.471435546875,14.555413246154785
sample_01,11888,6863,820085.5932897511,8264549.127407737,823.8204345703125,31.24188232421875
sample_01,11888,6864,820095.5932897511,8264549.127407737,126.6307601928711,69.31348419189453
sample_01,11888,6865,820105.5932897511,8264549.127407737,369.1432189941406,64.34454345703125
sample_01,11888,6866,820115.5932897511,8264549.127407737,457.0481262207031,78.78081512451172
sample_01,11888,6867,820125.5932897511,8264549.127407737,282.0701904296875,77.49713134765625
sample_01,11888,6868,820135.5932897511,8264549.127407737,967.7802734375,122.09141540527344
sample_01,11888,6869,820145.5932897511,8264549.127407737,1202.0726318359375,213.51535034179688
sample_01,11888,6870,820155.5932897511,8264549.127407737,653.3096313476562,327.16156005859375
sample_01,11888,6871,820165.5932897511,8264549.127407737,789.3248901367188,268.7457275390625
sample_01,11888,6872,820175.5932897511,8264549.127407737,1134.903564453125,247.54025268554688
sample_01,11888,6873,820185.5932897511,8264549.127407737,1712.7469482421875,256.199462890625
sample_01,11888,6874,820195.5932897511,8264549.127407737,744.419921875,233.00537109375
sample_01,11889,6855,820005.5932897511,8264539.127407737,309.3603820800781,110.57868194580078
sample_01,11889,6856,820015.5932897511,8264539.127407737,224.56578063964844,54.281497955322266
sample_01,11889,6857,820025.5932897511,8264539.127407737,377.98992919921875,57.14223861694336
sample_01,11889,6858,820035.5932897511,8264539.127407737,287.3421630859375,78.86002349853516
sample_01,11889,6859,820045.5932897511,8264539.127407737,277.633544921875,57.98965835571289
sample_01,11889,6860,820055.5932897511,8264539.127407737,272.0640869140625,55.60239791870117
sample_01,11889,6861,820065.5932897511,8264539.127407737,222.38320922851562,39.69308853149414
sample_01,11889,6862,820075.5932897511,8264539.127407737,161.75198364257812,15.825516700744629
sample_01,11889,6863,820085.5932897511,8264539.127407737,370.2557067871094,27.285022735595703
sample_01,11889,6864,820095.5932897511,8264539.127407737,390.3334655761719,54.929595947265625
sample_01,11889,6865,820105.5932897511,8264539.127407737,542.4741821289062,72.23870086669922
sample_01,11889,6866,820115.5932897511,8264539.127407737,306.4411315917969,77.2684326171875
sample_01,11889,6867,820125.5932897511,8264539.127407737,155.08787536621094,109.03938293457031
sample_01,11889,6868,820135.5932897511,8264539.127407737,482.625,156.35623168945312
sample_01,11889,6869,820145.5932897511,8264539.127407737,762.5752563476562,218.17431640625
sample_01,11889,6870,820155.5932897511,8264539.127407737,694.1680908203125,304.6393737792969
sample_01,11889,6871,820165.5932897511,8264539.127407737,624.406005859375,321.2939147949219
sample_01,11889,6872,820175.5932897511,8264539.127407737,1298.0030517578125,306.9177551269531
sample_01,11889,6873,820185.5932897511,8264539.127407737,2357.583984375,348.0097961425781
sample_01,11889,6874,820195.5932897511,8264539.127407737,787.6240234375,272.3702697753906
sample_01,11890,6855,820005.5932897511,8264529.127407737,286.5307922363281,167.0536651611328
sample_01,11890,6856,820015.5932897511,8264529.127407737,305.95556640625,23.07572364807129
sample_01,11890,6857,820025.5932897511,8264529.127407737,805.6566162109375,34.437713623046875
sample_01,11890,6858,820035.5932897511,8264529.127407737,568.2642211914062,17.897071838378906
sample_01,11890,6859,820045.5932897511,8264529.127407737,250.87474060058594,14.392464637756348
sample_01,11890,6860,820055.5932897511,8264529.127407737,256.0861511230469,22.36853790283203
sample_01,11890,6861,820065.5932897511,8264529.127407737,433.86248779296875,20.94507598876953
sample_01,11890,6862,820075.5932897511,8264529.127407737,505.2231750488281,25.317279815673828
sample_01,11890,6863,820085.5932897511,8264529.127407737,346.3155822753906,93.17030334472656
sample_01,11890,6864,820095.5932897511,8264529.127407737,601.55419921875,85.62582397460938
sample_01,11890,6865,820105.5932897511,8264529.127407737,918.145751953125,92.19474792480469
sample_01,11890,6866,820115.5932897511,8264529.127407737,536.5870971679688,63.12808609008789
sample_01,11890,6867,820125.5932897511,8264529.127407737,388.68304443359375,54.951358795166016
sample_01,11890,6868,820135.5932897511,8264529.127407737,514.8500366210938,79.17217254638672
sample_01,11890,6869,820145.5932897511,8264529.127407737,523.25927734375,158.95069885253906
sample_01,11890,6870,820155.5932897511,8264529.127407737,528.6102294921875,221.4520721435547
sample_01,11890,6871,820165.5932897511,8264529.127407737,249.1713104248047,292.92364501953125
sample_01,11890,6872,820175.5932897511,8264529.127407737,416.5420227050781,156.13961791992188
sample_01,11890,6873,820185.5932897511,8264529.127407737,742.2879028320312,91.6329574584961
sample_01,11890,6874,820195.5932897511,8264529.127407737,259.3056335449219,117.46297454833984
sample_01,11891,6855,820005.5932897511,8264519.127407737,260.73431396484375,65.41647338867188
sample_01,11891,6856,820015.5932897511,8264519.127407737,516.7222900390625,27.789634704589844
sample_01,11891,6857,820025.5932897511,8264519.127407737,1301.923583984375,56.53935623168945
sample_01,11891,6858,820035.5932897511,8264519.127407737,941.9736938476562,22.347646713256836
sample_01,11891,6859,820045.5932897511,8264519.127407737,529.515625,78.26290893554688
sample_01,11891,6860,820055.5932897511,8264519.127407737,219.53732299804688,189.31651306152344
sample_01,11891,6861,820065.5932897511,8264519.127407737,485.8486022949219,72.45401763916016
sample_01,11891,6862,820075.5932897511,8264519.127407737,547.6441650390625,63.41401290893555
sample_01,11891,6863,820085.5932897511,8264519.127407737,239.022216796875,189.0907745361328
sample_01,11891,6864,820095.5932897511,8264519.127407737,754.6012573242188,110.1059341430664
sample_01,11891,6865,820105.5932897511,8264519.127407737,946.954345703125,37.085906982421875
sample_01,11891,6866,820115.5932897511,8264519.127407737,333.47393798828125,37.1960563659668
sample_01,11891,6867,820125.5932897511,8264519.127407737,287.6836853027344,54.15028762817383
sample_01,11891,6868,820135.5932897511,8264519.127407737,401.65716552734375,60.634986877441406
sample_01,11891,6869,820145.5932897511,8264519.127407737,293.2208557128906,94.19657135009766
sample_01,11891,6870,820155.5932897511,8264519.127407737,182.31993103027344,79.12044525146484
sample_01,11891,6871,820165.5932897511,8264519.127407737,199.78701782226562,76.74243927001953
sample_01,11891,6872,820175.5932897511,8264519.127407737,201.50421142578125,62.62175369262695
sample_01,11891,6873,820185.5932897511,8264519.127407737,171.5879669189453,39.022037506103516
sample_01,11891,6874,820195.5932897511,8264519.127407737,84.7028579711914,40.903419494628906
sample_01,11892,6855,820005.5932897511,8264509.127407737,258.03741455078125,21.937231063842773
sample_01,11892,6856,820015.5932897511,8264509.127407737,677.6586303710938,47.9517822265625
sample_01,11892,6857,820025.5932897511,8264509.127407737,1151.6826171875,71.5356674194336
sample_01,11892,6858,820035.5932897511,8264509.127407737,732.98779296875,33.16096878051758
sample_01,11892,6859,820045.5932897511,8264509.127407737,412.7820739746094,86.92681121826172
sample_01,11892,6860,820055.5932897511,8264509.127407737,203.109130859375,174.6529541015625
sample_01,11892,6861,820065.5932897511,8264509.127407737,482.8033447265625,69.6570816040039
sample_01,11892,6862,820075.5932897511,8264509.127407737,371.36767578125,87.67748260498047
sample_01,11892,6863,820085.5932897511,8264509.127407737,87.78579711914062,169.3630828857422
sample_01,11892,6864,820095.5932897511,8264509.127407737,400.3540954589844,62.11442565917969
sample_01,11892,6865,820105.5932897511,8264509.127407737,471.874267578125,23.781282424926758
sample_01,11892,6866,820115.5932897511,8264509.127407737,87.7647476196289,37.52811813354492
sample_01,11892,6867,820125.5932897511,8264509.127407737,97.68804168701172,102.2964859008789
sample_01,11892,6868,820135.5932897511,8264509.127407737,375.5816650390625,105.06964111328125
sample_01,11892,6869,820145.5932897511,8264509.127407737,805.9556884765625,72.36094665527344
sample_01,11892,6870,820155.5932897511,8264509.127407737,622.1083984375,64.33221435546875
sample_01,11892,6871,820165.5932897511,8264509.127407737,433.1844177246094,50.16533660888672
sample_01,11892,6872,820175.5932897511,8264509.127407737,245.2241973876953,65.91551208496094
sample_01,11892,6873,820185.5932897511,8264509.127407737,87.10433959960938,92.83979034423828
sample_01,11892,6874,820195.5932897511,8264509.127407737,117.29595184326172,113.83206176757812
sample_01,11893,6855,820005.5932897511,8264499.127407737,498.96173095703125,24.379220962524414
sample_01,11893,6856,820015.5932897511,8264499.127407737,550.3746337890625,33.61933898925781
sample_01,11893,6857,820025.5932897511,8264499.127407737,724.5936889648438,53.26085662841797
sample_01,11893,6858,820035.5932897511,8264499.127407737,639.2669677734375,53.2085075378418
sample_01,11893,6859,820045.5932897511,8264499.127407737,321.46148681640625,59.301937103271484
sample_01,11893,6860,820055.5932897511,8264499.127407737,256.51116943359375,60.43438720703125
sample_01,11893,6861,820065.5932897511,8264499.127407737,507.7640686035156,16.8038272857666
sample_01,11893,6862,820075.5932897511,8264499.127407737,393.0164489746094,122.86308288574219
sample_01,11893,6863,820085.5932897511,8264499.127407737,241.2210235595703,152.75575256347656
sample_01,11893,6864,820095.5932897511,8264499.127407737,260.69891357421875,28.52143669128418
sample_01,11893,6865,820105.5932897511,8264499.127407737,203.1436767578125,26.686918258666992
sample_01,11893,6866,820115.5932897511,8264499.127407737,91.27001953125,73.3016357421875
sample_01,11893,6867,820125.5932897511,8264499.127407737,92.76268768310547,164.07186889648438
sample_01,11893,6868,820135.5932897511,8264499.127407737,415.6181640625,122.42024993896484
sample_01,11893,6869,820145.5932897511,8264499.127407737,920.1494750976562,59.844398498535156
sample_01,11893,6870,820155.5932897511,8264499.127407737,1215.30322265625,60.13296127319336
sample_01,11893,6871,820165.5932897511,8264499.127407737,813.0608520507812,72.77963256835938
sample_01,11893,6872,820175.5932897511,8264499.127407737,477.36328125,88.2821273803711
sample_01,11893,6873,820185.5932897511,8264499.127407737,150.35525512695312,76.4481430053711
sample_01,11893,6874,820195.5932897511,8264499.127407737,101.27442932128906,73.15681457519531
sample_01,11894,6855,820005.5932897511,8264489.127407737,376.44140625,91.72856140136719
sample_01,11894,6856,820015.5932897511,8264489.127407737,319.3101806640625,81.5578842163086
sample_01,11894,6857,820025.5932897511,8264489.127407737,436.1922607421875,77.64513397216797
sample_01,11894,6858,820035.5932897511,8264489.127407737,585.1806030273438,80.36203002929688
sample_01,11894,6859,820045.5932897511,8264489.127407737,320.22589111328125,43.53318405151367
sample_01,11894,6860,820055.5932897511,8264489.127407737,444.8865051269531,65.1631851196289
sample_01,11894,6861,820065.5932897511,8264489.127407737,685.8861083984375,77.2131576538086
sample_01,11894,6862,820075.5932897511,8264489.127407737,538.4999389648438,116.67974090576172
sample_01,11894,6863,820085.5932897511,8264489.127407737,409.719482421875,104.85421752929688
sample_01,11894,6864,820095.5932897511,8264489.127407737,359.7457275390625,6.258984565734863
sample_01,11894,6865,820105.5932897511,8264489.127407737,411.4613342285156,27.824207305908203
sample_01,11894,6866,820115.5932897511,8264489.127407737,371.24237060546875,66.06491088867188
sample_01,11894,6867,820125.5932897511,8264489.127407737,303.77520751953125,136.2476043701172
sample_01,11894,6868,820135.5932897511,8264489.127407737,494.6534423828125,160.5651092529297
sample_01,11894,6869,820145.5932897511,8264489.127407737,1059.1422119140625,88.18927764892578
sample_01,11894,6870,820155.5932897511,8264489.127407737,2222.183837890625,26.111095428466797
sample_01,11894,6871,820165.5932897511,8264489.127407737,1134.22216796875,24.570934295654297
sample_01,11894,6872,820175.5932897511,8264489.127407737,370.68096923828125,34.612483978271484
sample_01,11894,6873,820185.5932897511,8264489.127407737,166.7029571533203,43.55637741088867
sample_01,11894,6874,820195.5932897511,8264489.127407737,81.70346069335938,39.689693450927734
sample_01,11895,6855,820005.5932897511,8264479.127407737,284.67340087890625,104.77435302734375
sample_01,11895,6856,820015.5932897511,8264479.127407737,232.25460815429688,125.19334411621094
sample_01,11895,6857,820025.5932897511,8264479.127407737,96.86396026611328,126.24860382080078
sample_01,11895,6858,820035.5932897511,8264479.127407737,236.31475830078125,106.52117156982422
sample_01,11895,6859,820045.5932897511,8264479.127407737,325.61163330078125,84.05634307861328
sample_01,11895,6860,820055.5932897511,8264479.127407737,452.82086181640625,72.1958999633789
sample_01,11895,6861,820065.5932897511,8264479.127407737,631.2909545898438,83.79606628417969
sample_01,11895,6862,820075.5932897511,8264479.127407737,650.3450927734375,52.76649856567383
sample_01,11895,6863,820085.5932897511,8264479.127407737,495.83984375,22.865131378173828
sample_01,11895,6864,820095.5932897511,8264479.127407737,378.7245178222656,14.783495903015137
sample_01,11895,6865,820105.5932897511,8264479.127407737,446.730712890625,47.72064208984375
sample_01,11895,6866,820115.5932897511,8264479.127407737,499.494384765625,67.46455383300781
sample_01,11895,6867,820125.5932897511,8264479.127407737,547.15087890625,117.13526916503906
sample_01,11895,6868,820135.5932897511,8264479.127407737,609.3849487304688,275.6783447265625
sample_01,11895,6869,820145.5932897511,8264479.127407737,814.0880737304688,172.13758850097656
sample_01,11895,6870,820155.5932897511,8264479.127407737,1238.1138916015625,20.346590042114258
sample_01,11895,6871,820165.5932897511,8264479.127407737,652.5730590820312,55.868804931640625
sample_01,11895,6872,820175.5932897511,8264479.127407737,331.3490905761719,43.99409866333008
sample_01,11895,6873,820185.5932897511,8264479.127407737,254.61199951171875,32.00125503540039
sample_01,11895,6874,820195.5932897511,8264479.127407737,120.83617401123047,38.794891357421875
sample_01,11896,6855,820005.5932897511,8264469.127407737,396.9864501953125,43.82566452026367
sample_01,11896,6856,820015.5932897511,8264469.127407737,586.13916015625,37.577110290527344
sample_01,11896,6857,820025.5932897511,8264469.127407737,536.84326171875,58.61259078979492
sample_01,11896,6858,820035.5932897511,8264469.127407737,642.2343139648438,69.33943176269531
sample_01,11896,6859,820045.5932897511,8264469.127407737,692.263916015625,75.6893310546875
sample_01,11896,6860,820055.5932897511,8264469.127407737,418.8277282714844,44.80315017700195
sample_01,11896,6861,820065.5932897511,8264469.127407737,280.0369567871094,68.466552734375
sample_01,11896,6862,820075.5932897511,8264469.127407737,379.3688049316406,104.16979217529297
sample_01,11896,6863,820085.5932897511,8264469.127407737,459.44586181640625,29.202531814575195
sample_01,11896,6864,820095.5932897511,8264469.127407737,493.6676025390625,31.619281768798828
sample_01,11896,6865,820105.5932897511,8264469.127407737,535.058349609375,76.60968780517578
sample_01,11896,6866,820115.5932897511,8264469.127407737,551.6766967773438,75.94628143310547
sample_01,11896,6867,820125.5932897511,8264469.127407737,819.6549072265625,124.16080474853516
sample_01,11896,6868,820135.5932897511,8264469.127407737,1156.362548828125,229.2496795654297
sample_01,11896,6869,820145.5932897511,8264469.127407737,709.9353637695312,107.01689910888672
sample_01,11896,6870,820155.5932897511,8264469.127407737,529.1945190429688,50.58333206176758
sample_01,11896,6871,820165.5932897511,8264469.127407737,310.9593200683594,137.6790008544922
sample_01,11896,6872,820175.5932897511,8264469.127407737,370.9022521972656,99.267333984375
sample_01,11896,6873,820185.5932897511,8264469.127407737,352.27178955078125,80.53130340576172
sample_01,11896,6874,820195.5932897511,8264469.127407737,91.25828552246094,143.72984313964844
sample_01,11897,6855,820005.5932897511,8264459.127407737,809.488037109375,61.42622756958008
sample_01,11897,6856,820015.5932897511,8264459.127407737,910.0894165039062,48.916664123535156
sample_01,11897,6857,820025.5932897511,8264459.127407737,856.06591796875,38.60747528076172
sample_01,11897,6858,820035.5932897511,8264459.127407737,1146.552490234375,41.693851470947266
sample_01,11897,6859,820045.5932897511,8264459.127407737,1316.20068359375,30.317529678344727
sample_01,11897,6860,820055.5932897511,8264459.127407737,1008.6035766601562,51.46934509277344
sample_01,11897,6861,820065.5932897511,8264459.127407737,512.6567993164062,62.061309814453125
sample_01,11897,6862,820075.5932897511,8264459.127407737,294.763427734375,75.43959045410156
sample_01,11897,6863,820085.5932897511,8264459.127407737,392.25189208984375,32.1025505065918
sample_01,11897,6864,820095.5932897511,8264459.127407737,680.5938110351562,61.90467071533203
sample_01,11897,6865,820105.5932897511,8264459.127407737,704.8540649414062,84.52589416503906
sample_01,11897,6866,820115.5932897511,8264459.127407737,519.2545776367188,46.033267974853516
sample_01,11897,6867,820125.5932897511,8264459.127407737,848.050048828125,68.4018325805664
sample_01,11897,6868,820135.5932897511,8264459.127407737,1157.70947265625,113.9492416381836
sample_01,11897,6869,820145.5932897511,8264459.127407737,513.0824584960938,57.27599334716797
sample_01,11897,6870,820155.5932897511,8264459.127407737,262.8146057128906,109.18375396728516
sample_01,11897,6871,820165.5932897511,8264459.127407737,260.1573791503906,240.96728515625
sample_01,11897,6872,820175.5932897511,8264459.127407737,302.94598388671875,282.0213623046875
sample_01,11897,6873,820185.5932897511,8264459.127407737,257.3502502441406,221.5289764404297
sample_01,11897,6874,820195.5932897511,8264459.127407737,66.2909927368164,182.69691467285156
sample_01,11898,6855,820005.5932897511,8264449.127407737,1024.693359375,69.17408752441406
sample_01,11898,6856,820015.5932897511,8264449.127407737,924.1507568359375,58.31822967529297
sample_01,11898,6857,820025.5932897511,8264449.127407737,953.8416137695312,66.54777526855469
sample_01,11898,6858,820035.5932897511,8264449.127407737,1092.481201171875,130.9181671142578
sample_01,11898,6859,820045.5932897511,8264449.127407737,1258.3076171875,114.9008560180664
sample_01,11898,6860,820055.5932897511,8264449.127407737,1246.5751953125,85.63040924072266
sample_01,11898,6861,820065.5932897511,8264449.127407737,745.9036865234375,44.82807922363281
sample_01,11898,6862,820075.5932897511,8264449.127407737,301.0289611816406,47.11819076538086
sample_01,11898,6863,820085.5932897511,8264449.127407737,188.11424255371094,67.55399322509766
sample_01,11898,6864,820095.5932897511,8264449.127407737,980.4810180664062,121.03296661376953
sample_01,11898,6865,820105.5932897511,8264449.127407737,974.590087890625,96.55725860595703
sample_01,11898,6866,820115.5932897511,8264449.127407737,500.2544250488281,15.698711395263672
sample_01,11898,6867,820125.5932897511,8264449.127407737,726.8919677734375,20.152240753173828
sample_01,11898,6868,820135.5932897511,8264449.127407737,866.153564453125,43.36811447143555
sample_01,11898,6869,820145.5932897511,8264449.127407737,550.5859985351562,73.75359344482422
sample_01,11898,6870,820155.5932897511,8264449.127407737,720.1456909179688,156.9365234375
sample_01,11898,6871,820165.5932897511,8264449.127407737,627.4819946289062,227.8268585205078
sample_01,11898,6872,820175.5932897511,8264449.127407737,240.40097045898438,272.34423828125
sample_01,11898,6873,820185.5932897511,8264449.127407737,223.58950805664062,220.8120574951172
sample_01,11898,6874,820195.5932897511,8264449.127407737,159.0967254638672,131.3726043701172
sample_01,11899,6855,820005.5932897511,8264439.127407737,681.7207641601562,62.09122848510742
sample_01,11899,6856,820015.5932897511,8264439.127407737,384.47039794921875,23.38300323486328
sample_01,11899,6857,820025.5932897511,8264439.127407737,432.61968994140625,26.817689895629883
sample_01,11899,6858,820035.5932897511,8264439.127407737,747.7807006835938,76.96257019042969
sample_01,11899,6859,820045.5932897511,8264439.127407737,1059.2576904296875,90.51506042480469
sample_01,11899,6860,820055.5932897511,8264439.127407737,1232.3389892578125,89.56443786621094
sample_01,11899,6861,820065.5932897511,8264439.127407737,1137.3956298828125,29.958385467529297
sample_01,11899,6862,820075.5932897511,8264439.127407737,463.2519226074219,34.41463851928711
sample_01,11899,6863,820085.5932897511,8264439.127407737,207.97845458984375,83.41371154785156
sample_01,11899,6864,820095.5932897511,8264439.127407737,862.73046875,173.06471252441406
sample_01,11899,6865,820105.5932897511,8264439.127407737,762.6087646484375,130.21011352539062
sample_01,11899,6866,820115.5932897511,8264439.127407737,430.05120849609375,36.96287536621094
sample_01,11899,6867,820125.5932897511,8264439.127407737,329.03118896484375,16.533096313476562
sample_01,11899,6868,820135.5932897511,8264439.127407737,313.5126037597656,94.6341323852539
sample_01,11899,6869,820145.5932897511,8264439.127407737,279.52435302734375,171.21826171875
sample_01,11899,6870,820155.5932897511,8264439.127407737,620.8872680664062,209.66970825195312
sample_01,11899,6871,820165.5932897511,8264439.127407737,571.6561279296875,178.3975372314453
sample_01,11899,6872,820175.5932897511,8264439.127407737,110.64533233642578,109.26206970214844
sample_01,11899,6873,820185.5932897511,8264439.127407737,350.494140625,94.42446899414062
sample_01,11899,6874,820195.5932897511,8264439.127407737,619.0852661132812,96.00020599365234
sample_01,11900,6855,820005.5932897511,8264429.127407737,186.57565307617188,149.08566284179688
sample_01,11900,6856,820015.5932897511,8264429.127407737,192.13998413085938,159.22772216796875
sample_01,11900,6857,820025.5932897511,8264429.127407737,322.93438720703125,103.51932525634766
sample_01,11900,6858,820035.5932897511,8264429.127407737,564.7478637695312,51.175010681152344
sample_01,11900,6859,820045.5932897511,8264429.127407737,756.3907470703125,20.562145233154297
sample_01,11900,6860,820055.5932897511,8264429.127407737,780.5541381835938,112.47419738769531
sample_01,11900,6861,820065.5932897511,8264429.127407737,745.5457153320312,181.5771026611328
sample_01,11900,6862,820075.5932897511,8264429.127407737,399.5697937011719,85.61604309082031
sample_01,11900,6863,820085.5932897511,8264429.127407737,272.5802307128906,110.52252960205078
sample_01,11900,6864,820095.5932897511,8264429.127407737,524.9744873046875,211.5542755126953
sample_01,11900,6865,820105.5932897511,8264429.127407737,236.34202575683594,216.33004760742188
sample_01,11900,6866,820115.5932897511,8264429.127407737,154.21652221679688,137.8943328857422
sample_01,11900,6867,820125.5932897511,8264429.127407737,237.88873291015625,30.81474494934082
sample_01,11900,6868,820135.5932897511,8264429.127407737,170.94100952148438,85.70864868164062
sample_01,11900,6869,820145.5932897511,8264429.127407737,196.36973571777344,168.11167907714844
sample_01,11900,6870,820155.5932897511,8264429.127407737,331.68634033203125,225.23696899414062
sample_01,11900,6871,820165.5932897511,8264429.127407737,238.4956512451172,153.32777404785156
sample_01,11900,6872,820175.5932897511,8264429.127407737,335.9422302246094,162.25177001953125
sample_01,11900,6873,820185.5932897511,8264429.127407737,772.206787109375,343.5880126953125
sample_01,11900,6874,820195.5932897511,8264429.127407737,962.2249145507812,200.3786163330078
sample_02,11854,7017,821625.5932897511,8264889.127407737,530.8364868164062,25.158308029174805
sample_02,11854,7018,821635.5932897511,8264889.127407737,346.49609375,12.98816967010498
sample_02,11854,7019,821645.5932897511,8264889.127407737,147.8082275390625,6.477545261383057
sample_02,11854,7020,821655.5932897511,8264889.127407737,62.45832061767578,53.38643264770508
sample_02,11854,7021,821665.5932897511,8264889.127407737,40.04029846191406,93.96244812011719
sample_02,11854,7022,821675.5932897511,8264889.127407737,130.28041076660156,105.94740295410156
sample_02,11854,7023,821685.5932897511,8264889.127407737,334.447265625,77.03744506835938
sample_02,11854,7024,821695.5932897511,8264889.127407737,328.3273620605469,50.0446662902832
sample_02,11854,7025,821705.5932897511,8264889.127407737,104.75104522705078,56.87533950805664
sample_02,11854,7026,821715.5932897511,8264889.127407737,125.5198974609375,96.73076629638672
sample_02,11854,7027,821725.5932897511,8264889.127407737,231.66119384765625,203.46328735351562
sample_02,11854,7028,821735.5932897511,8264889.127407737,377.4581604003906,314.9732971191406
sample_02,11854,7029,821745.5932897511,8264889.127407737,371.5549621582031,231.75140380859375
sample_02,11854,7030,821755.5932897511,8264889.127407737,297.3119812011719,112.19109344482422
sample_02,11854,7031,821765.5932897511,8264889.127407737,206.7027130126953,119.99600219726562
sample_02,11854,7032,821775.5932897511,8264889.127407737,241.78807067871094,98.6670150756836
sample_02,11854,7033,821785.5932897511,8264889.127407737,297.2013244628906,50.223880767822266
sample_02,11854,7034,821795.5932897511,8264889.127407737,283.22796630859375,64.17910766601562
sample_02,11854,7035,821805.5932897511,8264889.127407737,248.85841369628906,47.64822769165039
sample_02,11854,7036,821815.5932897511,8264889.127407737,303.2814025878906,26.72987174987793
sample_02,11855,7017,821625.5932897511,8264879.127407737,513.070068359375,54.849056243896484
sample_02,11855,7018,821635.5932897511,8264879.127407737,435.00152587890625,28.596485137939453
sample_02,11855,7019,821645.5932897511,8264879.127407737,238.65362548828125,6.993116855621338
sample_02,11855,7020,821655.5932897511,8264879.127407737,108.73973846435547,20.3521728515625
sample_02,11855,7021,821665.5932897511,8264879.127407737,64.68640899658203,49.27693176269531
sample_02,11855,7022,821675.5932897511,8264879.127407737,92.92562103271484,71.8733901977539
sample_02,11855,7023,821685.5932897511,8264879.127407737,306.986572265625,78.13758087158203
sample_02,11855,7024,821695.5932897511,8264879.127407737,314.4222106933594,81.99750518798828
sample_02,11855,7025,821705.5932897511,8264879.127407737,70.4931411743164,132.79408264160156
sample_02,11855,7026,821715.5932897511,8264879.127407737,136.1029815673828,79.2632064819336
sample_02,11855,7027,821725.5932897511,8264879.127407737,193.395263671875,140.49713134765625
sample_02,11855,7028,821735.5932897511,8264879.127407737,285.82806396484375,295.4604187011719
sample_02,11855,7029,821745.5932897511,8264879.127407737,373.4753723144531,242.8740234375
sample_02,11855,7030,821755.5932897511,8264879.127407737,309.4131164550781,185.82421875
sample_02,11855,7031,821765.5932897511,8264879.127407737,118.39492797851562,154.80747985839844
sample_02,11855,7032,821775.5932897511,8264879.127407737,163.40003967285156,72.3633041381836
sample_02,11855,7033,821785.5932897511,8264879.127407737,226.060302734375,46.801002502441406
sample_02,11855,7034,821795.5932897511,8264879.127407737,268.7846984863281,114.23157501220703
sample_02,11855,7035,821805.5932897511,8264879.127407737,301.7308349609375,73.51493072509766
sample_02,11855,7036,821815.5932897511,8264879.127407737,255.63624572753906,42.82046890258789
sample_02,11856,7017,821625.5932897511,8264869.127407737,223.67306518554688,104.18305969238281
sample_02,11856,7018,821635.5932897511,8264869.127407737,199.52252197265625,90.13172149658203
sample_02,11856,7019,821645.5932897511,8264869.127407737,155.6862335205078,52.952476501464844
sample_02,11856,7020,821655.5932897511,8264869.127407737,104.24078369140625,13.390990257263184
sample_02,11856,7021,821665.5932897511,8264869.127407737,69.00654602050781,50.96907043457031
sample_02,11856,7022,821675.5932897511,8264869.127407737,79.12814331054688,81.22151947021484
sample_02,11856,7023,821685.5932897511,8264869.127407737,161.25550842285156,131.75552368164062
sample_02,11856,7024,821695.5932897511,8264869.127407737,200.9251708984375,82.39657592773438
sample_02,11856,7025,821705.5932897511,8264869.127407737,143.79681396484375,62.10942459106445
sample_02,11856,7026,821715.5932897511,8264869.127407737,107.8552017211914,62.571533203125
sample_02,11856,7027,821725.5932897511,8264869.127407737,105.54803466796875,85.75106811523438
sample_02,11856,7028,821735.5932897511,8264869.127407737,140.50640869140625,140.27117919921875
sample_02,11856,7029,821745.5932897511,8264869.127407737,336.7448425292969,106.3504409790039
sample_02,11856,7030,821755.5932897511,8264869.127407737,249.03587341308594,85.42842102050781
sample_02,11856,7031,821765.5932897511,8264869.127407737,58.92755126953125,70.2906494140625
sample_02,11856,7032,821775.5932897511,8264869.127407737,85.68003845214844,39.90528106689453
sample_02,11856,7033,821785.5932897511,8264869.127407737,142.0579376220703,57.1403694152832
sample_02,11856,7034,821795.5932897511,8264869.127407737,127.12409973144531,154.67660522460938
sample_02,11856,7035,821805.5932897511,8264869.127407737,279.3262939453125,84.17320251464844
sample_02,11856,7036,821815.5932897511,8264869.127407737,279.9483337402344,94.18121337890625
sample_02,11857,7017,821625.5932897511,8264859.127407737,81.37278747558594,132.02163696289062
sample_02,11857,7018,821635.5932897511,8264859.127407737,75.52786254882812,123.83335876464844
sample_02,11857,7019,821645.5932897511,8264859.127407737,95.43962860107422,82.45503997802734
sample_02,11857,7020,821655.5932897511,8264859.127407737,105.61741638183594,38.187442779541016
sample_02,11857,7021,821665.5932897511,8264859.127407737,66.4634780883789,91.66845703125
sample_02,11857,7022,821675.5932897511,8264859.127407737,40.944183349609375,108.31255340576172
sample_02,11857,7023,821685.5932897511,8264859.127407737,73.4183349609375,105.19535064697266
sample_02,11857,7024,821695.5932897511,8264859.127407737,149.2228546142578,59.33777618408203
sample_02,11857,7025,821705.5932897511,8264859.127407737,132.85110473632812,39.29124069213867
sample_02,11857,7026,821715.5932897511,8264859.127407737,43.61488723754883,64.19456481933594
sample_02,11857,7027,821725.5932897511,8264859.127407737,20.347454071044922,37.907554626464844
sample_02,11857,7028,821735.5932897511,8264859.127407737,92.08241271972656,39.664302825927734
sample_02,11857,7029,821745.5932897511,8264859.127407737,268.8104248046875,50.297176361083984
sample_02,11857,7030,821755.5932897511,8264859.127407737,169.58938598632812,36.79896545410156
sample_02,11857,7031,821765.5932897511,8264859.127407737,51.16832733154297,33.09726333618164
sample_02,11857,7032,821775.5932897511,8264859.127407737,17.72174644470215,45.27039337158203
sample_02,11857,7033,821785.5932897511,8264859.127407737,206.8763885498047,42.59700012207031
sample_02,11857,7034,821795.5932897511,8264859.127407737,303.00445556640625,75.14848327636719
sample_02,11857,7035,821805.5932897511,8264859.127407737,228.54058837890625,86.65492248535156
sample_02,11857,7036,821815.5932897511,8264859.127407737,210.089111328125,111.12211608886719
sample_02,11858,7017,821625.5932897511,8264849.127407737,62.70305252075195,107.11376953125
sample_02,11858,7018,821635.5932897511,8264849.127407737,28.908607482910156,106.93580627441406
sample_02,11858,7019,821645.5932897511,8264849.127407737,64.84795379638672,112.61671447753906
sample_02,11858,7020,821655.5932897511,8264849.127407737,120.85664367675781,82.0586929321289
sample_02,11858,7021,821665.5932897511,8264849.127407737,164.56918334960938,76.83381652832031
sample_02,11858,7022,821675.5932897511,8264849.127407737,199.32968139648438,82.54886627197266
sample_02,11858,7023,821685.5932897511,8264849.127407737,169.24285888671875,71.8895034790039
sample_02,11858,7024,821695.5932897511,8264849.127407737,136.56088256835938,40.51014709472656
sample_02,11858,7025,821705.5932897511,8264849.127407737,97.27407836914062,27.0721378326416
sample_02,11858,7026,821715.5932897511,8264849.127407737,41.24777603149414,20.243118286132812
sample_02,11858,7027,821725.5932897511,8264849.127407737,21.04736328125,37.58070755004883
sample_02,11858,7028,821735.5932897511,8264849.127407737,68.46385955810547,26.877851486206055
sample_02,11858,7029,821745.5932897511,8264849.127407737,155.2281494140625,22.958362579345703
sample_02,11858,7030,821755.5932897511,8264849.127407737,109.64469909667969,20.528223037719727
sample_02,11858,7031,821765.5932897511,8264849.127407737,79.58164978027344,51.09962463378906
sample_02,11858,7032,821775.5932897511,8264849.127407737,62.49613952636719,94.87532806396484
sample_02,11858,7033,821785.5932897511,8264849.127407737,257.7140197753906,48.95280456542969
sample_02,11858,7034,821795.5932897511,8264849.127407737,271.9219970703125,56.6318359375
sample_02,11858,7035,821805.5932897511,8264849.127407737,107.03073120117188,100.73367309570312
sample_02,11858,7036,821815.5932897511,8264849.127407737,175.5963592529297,65.28915405273438
sample_02,11859,7017,821625.5932897511,8264839.127407737,80.32259368896484,52.70867156982422
sample_02,11859,7018,821635.5932897511,8264839.127407737,72.34309387207031,48.15037536621094
sample_02,11859,7019,821645.5932897511,8264839.127407737,98.79120635986328,144.41026306152344
sample_02,11859,7020,821655.5932897511,8264839.127407737,115.25872802734375,126.94940948486328
sample_02,11859,7021,821665.5932897511,8264839.127407737,183.801513671875,84.64360046386719
sample_02,11859,7022,821675.5932897511,8264839.127407737,400.10400390625,76.91165924072266
sample_02,11859,7023,821685.5932897511,8264839.127407737,304.7676696777344,47.97713088989258
sample_02,11859,7024,821695.5932897511,8264839.127407737,109.66004943847656,14.03590202331543
sample_02,11859,7025,821705.5932897511,8264839.127407737,94.89318084716797,76.55610656738281
sample_02,11859,7026,821715.5932897511,8264839.127407737,60.18878936767578,76.2073745727539
sample_02,11859,7027,821725.5932897511,8264839.127407737,26.777053833007812,58.511070251464844
sample_02,11859,7028,821735.5932897511,8264839.127407737,61.968868255615234,37.05512619018555
sample_02,11859,7029,821745.5932897511,8264839.127407737,50.94681930541992,18.26678466796875
sample_02,11859,7030,821755.5932897511,8264839.127407737,33.99747085571289,33.59186553955078
sample_02,11859,7031,821765.5932897511,8264839.127407737,53.112823486328125,37.529510498046875
sample_02,11859,7032,821775.5932897511,8264839.127407737,84.38195037841797,66.9195556640625
sample_02,11859,7033,821785.5932897511,8264839.127407737,204.9730987548828,73.96202087402344
sample_02,11859,7034,821795.5932897511,8264839.127407737,166.49168395996094,62.61130905151367
sample_02,11859,7035,821805.5932897511,8264839.127407737,69.11508178710938,77.89013671875
sample_02,11859,7036,821815.5932897511,8264839.127407737,136.95974731445312,58.787750244140625
sample_02,11860,7017,821625.5932897511,8264829.127407737,40.687435150146484,30.108680725097656
sample_02,11860,7018,821635.5932897511,8264829.127407737,89.35446166992188,38.040283203125
sample_02,11860,7019,821645.5932897511,8264829.127407737,185.25234985351562,97.57560729980469
sample_02,11860,7020,821655.5932897511,8264829.127407737,204.69635009765625,165.71047973632812
sample_02,11860,7021,821665.5932897511,8264829.127407737,315.763916015625,130.66046142578125
sample_02,11860,7022,821675.5932897511,8264829.127407737,636.1044311523438,101.53022766113281
sample_02,11860,7023,821685.5932897511,8264829.127407737,345.55413818359375,56.397151947021484
sample_02,11860,7024,821695.5932897511,8264829.127407737,99.34134674072266,51.83563232421875
sample_02,11860,7025,821705.5932897511,8264829.127407737,107.33432006835938,146.2805938720703
sample_02,11860,7026,821715.5932897511,8264829.127407737,92.1733169555664,108.45870208740234
sample_02,11860,7027,821725.5932897511,8264829.127407737,69.87715911865234,70.38035583496094
sample_02,11860,7028,821735.5932897511,8264829.127407737,151.20059204101562,82.37427520751953
sample_02,11860,7029,821745.5932897511,8264829.127407737,99.45392608642578,54.8559455871582
sample_02,11860,7030,821755.5932897511,8264829.127407737,30.664024353027344,32.719207763671875
sample_02,11860,7031,821765.5932897511,8264829.127407737,105.28905487060547,16.463790893554688
sample_02,11860,7032,821775.5932897511,8264829.127407737,121.45043182373047,68.6580810546875
sample_02,11860,7033,821785.5932897511,8264829.127407737,56.26947784423828,159.7652130126953
sample_02,11860,7034,821795.5932897511,8264829.127407737,41.299930572509766,79.54041290283203
sample_02,11860,7035,821805.5932897511,8264829.127407737,71.99696350097656,60.561771392822266
sample_02,11860,7036,821815.5932897511,8264829.127407737,152.27645874023438,68.59829711914062
sample_02,11861,7017,821625.5932897511,8264819.127407737,130.50091552734375,21.020294189453125
sample_02,11861,7018,821635.5932897511,8264819.127407737,143.2644500732422,16.503328323364258
sample_02,11861,7019,821645.5932897511,8264819.127407737,255.17654418945312,45.16695022583008
sample_02,11861,7020,821655.5932897511,8264819.127407737,482.9024658203125,271.6061706542969
sample_02,11861,7021,821665.5932897511,8264819.127407737,843.3076782226562,192.3764190673828
sample_02,11861,7022,821675.5932897511,8264819.127407737,1165.0321044921875,34.128334045410156
sample_02,11861,7023,821685.5932897511,8264819.127407737,358.8911437988281,26.669841766357422
sample_02,11861,7024,821695.5932897511,8264819.127407737,111.4022445678711,86.69161224365234
sample_02,11861,7025,821705.5932897511,8264819.127407737,156.11880493164062,211.8529510498047
sample_02,11861,7026,821715.5932897511,8264819.127407737,167.40798950195312,84.46293640136719
sample_02,11861,7027,821725.5932897511,8264819.127407737,162.75588989257812,59.14816665649414
sample_02,11861,7028,821735.5932897511,8264819.127407737,167.9036102294922,123.47450256347656
sample_02,11861,7029,821745.5932897511,8264819.127407737,140.88296508789062,71.78709411621094
sample_02,11861,7030,821755.5932897511,8264819.127407737,119.8526382446289,28.712574005126953
sample_02,11861,7031,821765.5932897511,8264819.127407737,231.87576293945312,5.728237152099609
sample_02,11861,7032,821775.5932897511,8264819.127407737,387.3957824707031,101.42050170898438
sample_02,11861,7033,821785.5932897511,8264819.127407737,398.6123962402344,163.85366821289062
sample_02,11861,7034,821795.5932897511,8264819.127407737,232.5447998046875,84.79749298095703
sample_02,11861,7035,821805.5932897511,8264819.127407737,136.7969970703125,64.48723602294922
sample_02,11861,7036,821815.5932897511,8264819.127407737,147.0738067626953,68.75482940673828
sample_02,11862,7017,821625.5932897511,8264809.127407737,260.9559326171875,21.210445404052734
sample_02,11862,7018,821635.5932897511,8264809.127407737,130.31057739257812,13.562779426574707
sample_02,11862,7019,821645.5932897511,8264809.127407737,73.92491149902344,48.347434997558594
sample_02,11862,7020,821655.5932897511,8264809.127407737,168.2449493408203,183.41390991210938
sample_02,11862,7021,821665.5932897511,8264809.127407737,655.6438598632812,102.13247680664062
sample_02,11862,7022,821675.5932897511,8264809.127407737,888.7276611328125,2.3929662704467773
sample_02,11862,7023,821685.5932897511,8264809.127407737,189.39109802246094,3.818399429321289
sample_02,11862,7024,821695.5932897511,8264809.127407737,189.80252075195312,103.00958251953125
sample_02,11862,7025,821705.5932897511,8264809.127407737,310.72235107421875,173.3787384033203
sample_02,11862,7026,821715.5932897511,8264809.127407737,260.7095031738281,60.7023811340332
sample_02,11862,7027,821725.5932897511,8264809.127407737,196.36196899414062,55.318851470947266
sample_02,11862,7028,821735.5932897511,8264809.127407737,151.63156127929688,108.6567611694336
sample_02,11862,7029,821745.5932897511,8264809.127407737,204.4805450439453,71.53201293945312
sample_02,11862,7030,821755.5932897511,8264809.127407737,250.30975341796875,35.36176300048828
sample_02,11862,7031,821765.5932897511,8264809.127407737,278.082275390625,19.146738052368164
sample_02,11862,7032,821775.5932897511,8264809.127407737,356.04144287109375,109.36339569091797
sample_02,11862,7033,821785.5932897511,8264809.127407737,396.7741394042969,171.6392364501953
sample_02,11862,7034,821795.5932897511,8264809.127407737,330.1178894042969,142.98565673828125
sample_02,11862,7035,821805.5932897511,8264809.127407737,155.8037567138672,69.06788635253906
sample_02,11862,7036,821815.5932897511,8264809.127407737,64.28182983398438,42.95791244506836
sample_02,11863,7017,821625.5932897511,8264799.127407737,274.7506408691406,34.870521545410156
sample_02,11863,7018,821635.5932897511,8264799.127407737,220.0062255859375,61.76972961425781
sample_02,11863,7019,821645.5932897511,8264799.127407737,101.6003646850586,56.22222900390625
sample_02,11863,7020,821655.5932897511,8264799.127407737,37.37698745727539,73.65101623535156
sample_02,11863,7021,821665.5932897511,8264799.127407737,255.78233337402344,32.344749450683594
sample_02,11863,7022,821675.5932897511,8264799.127407737,275.3204345703125,7.2279052734375
sample_02,11863,7023,821685.5932897511,8264799.127407737,59.61663818359375,13.526213645935059
sample_02,11863,7024,821695.5932897511,8264799.127407737,433.6173400878906,54.142311096191406
sample_02,11863,7025,821705.5932897511,8264799.127407737,505.2437438964844,80.0169677734375
sample_02,11863,7026,821715.5932897511,8264799.127407737,364.1493835449219,31.38417625427246
sample_02,11863,7027,821725.5932897511,8264799.127407737,196.4088592529297,37.26382064819336
sample_02,11863,7028,821735.5932897511,8264799.127407737,116.2495346069336,36.46051788330078
sample_02,11863,7029,821745.5932897511,8264799.127407737,105.19548797607422,53.75602340698242
sample_02,11863,7030,821755.5932897511,8264799.127407737,337.860107421875,60.244544982910156
sample_02,11863,7031,821765.5932897511,8264799.127407737,379.0832824707031,56.65544509887695
sample_02,11863,7032,821775.5932897511,8264799.127407737,225.19192504882812,85.35148620605469
sample_02,11863,7033,821785.5932897511,8264799.127407737,220.46511840820312,223.90745544433594
sample_02,11863,7034,821795.5932897511,8264799.127407737,207.0145263671875,265.5325927734375
sample_02,11863,7035,821805.5932897511,8264799.127407737,126.8752670288086,72.09097290039062
sample_02,11863,7036,821815.5932897511,8264799.127407737,94.1975326538086,22.80260467529297
sample_02,11864,7017,821625.5932897511,8264789.127407737,209.04612731933594,64.65472412109375
sample_02,11864,7018,821635.5932897511,8264789.127407737,233.0915069580078,61.41516876220703
sample_02,11864,7019,821645.5932897511,8264789.127407737,140.92404174804688,35.23139572143555
sample_02,11864,7020,821655.5932897511,8264789.127407737,34.68779373168945,8.429224967956543
sample_02,11864,7021,821665.5932897511,8264789.127407737,54.54336166381836,23.93418312072754
sample_02,11864,7022,821675.5932897511,8264789.127407737,100.15970611572266,23.28590202331543
sample_02,11864,7023,821685.5932897511,8264789.127407737,121.61380767822266,23.4213924407959
sample_02,11864,7024,821695.5932897511,8264789.127407737,408.8809814453125,22.999744415283203
sample_02,11864,7025,821705.5932897511,8264789.127407737,529.0709838867188,19.38892364501953
sample_02,11864,7026,821715.5932897511,8264789.127407737,436.4240417480469,28.364397048950195
sample_02,11864,7027,821725.5932897511,8264789.127407737,149.1326446533203,79.47038269042969
sample_02,11864,7028,821735.5932897511,8264789.127407737,98.29749298095703,55.52495193481445
sample_02,11864,7029,821745.5932897511,8264789.127407737,150.44863891601562,44.375328063964844
sample_02,11864,7030,821755.5932897511,8264789.127407737,462.6503601074219,143.65121459960938
sample_02,11864,7031,821765.5932897511,8264789.127407737,404.249755859375,89.36701965332031
sample_02,11864,7032,821775.5932897511,8264789.127407737,19.03595733642578,18.90494155883789
sample_02,11864,7033,821785.5932897511,8264789.127407737,74.44035339355469,262.2272033691406
sample_02,11864,7034,821795.5932897511,8264789.127407737,88.72499084472656,299.684326171875
sample_02,11864,7035,821805.5932897511,8264789.127407737,66.70057678222656,122.95013427734375
sample_02,11864,7036,821815.5932897511,8264789.127407737,179.01026916503906,52.36396789550781
sample_02,11865,7017,821625.5932897511,8264779.127407737,139.306396484375,64.9989013671875
sample_02,11865,7018,821635.5932897511,8264779.127407737,183.2813262939453,21.69151496887207
sample_02,11865,7019,821645.5932897511,8264779.127407737,195.18502807617188,29.956331253051758
sample_02,11865,7020,821655.5932897511,8264779.127407737,105.22518157958984,18.3682804107666
sample_02,11865,7021,821665.5932897511,8264779.127407737,36.619327545166016,12.997174263000488
sample_02,11865,7022,821675.5932897511,8264779.127407737,164.44056701660156,29.46066665649414
sample_02,11865,7023,821685.5932897511,8264779.127407737,121.25606536865234,39.683048248291016
sample_02,11865,7024,821695.5932897511,8264779.127407737,28.80755615234375,37.36368942260742
sample_02,11865,7025,821705.5932897511,8264779.127407737,217.48147583007812,26.24502182006836
sample_02,11865,7026,821715.5932897511,8264779.127407737,267.2652587890625,52.8853759765625
sample_02,11865,7027,821725.5932897511,8264779.127407737,128.25473022460938,115.74473571777344
sample_02,11865,7028,821735.5932897511,8264779.127407737,122.95063018798828,51.172794342041016
sample_02,11865,7029,821745.5932897511,8264779.127407737,231.62612915039062,93.35340881347656
sample_02,11865,7030,821755.5932897511,8264779.127407737,506.8441467285156,330.2741394042969
sample_02,11865,7031,821765.5932897511,8264779.127407737,380.3339538574219,163.85731506347656
sample_02,11865,7032,821775.5932897511,8264779.127407737,146.34893798828125,49.504878997802734
sample_02,11865,7033,821785.5932897511,8264779.127407737,46.64712142944336,204.83836364746094
sample_02,11865,7034,821795.5932897511,8264779.127407737,76.2796859741211,284.1406555175781
sample_02,11865,7035,821805.5932897511,8264779.127407737,114.27465057373047,232.0477294921875
sample_02,11865,7036,821815.5932897511,8264779.127407737,413.38214111328125,119.65764617919922
sample_02,11866,7017,821625.5932897511,8264769.127407737,71.1478042602539,58.164669036865234
sample_02,11866,7018,821635.5932897511,8264769.127407737,125.03175354003906,64.6370849609375
sample_02,11866,7019,821645.5932897511,8264769.127407737,174.6749725341797,130.4173583984375
sample_02,11866,7020,821655.5932897511,8264769.127407737,99.04750061035156,47.41469192504883
sample_02,11866,7021,821665.5932897511,8264769.127407737,118.68511199951172,7.948775768280029
sample_02,11866,7022,821675.5932897511,8264769.127407737,371.6481628417969,33.80732345581055
sample_02,11866,7023,821685.5932897511,8264769.127407737,236.18016052246094,77.31752014160156
sample_02,11866,7024,821695.5932897511,8264769.127407737,75.33255767822266,85.74134826660156
sample_02,11866,7025,821705.5932897511,8264769.127407737,109.59663391113281,40.3514289855957
sample_02,11866,7026,821715.5932897511,8264769.127407737,194.2733154296875,56.211669921875
sample_02,11866,7027,821725.5932897511,8264769.127407737,199.2158966064453,98.41736602783203
sample_02,11866,7028,821735.5932897511,8264769.127407737,134.6022491455078,40.9577522277832
sample_02,11866,7029,821745.5932897511,8264769.127407737,165.1947021484375,167.89752197265625
sample_02,11866,7030,821755.5932897511,8264769.127407737,305.8304138183594,382.0476989746094
sample_02,11866,7031,821765.5932897511,8264769.127407737,428.99951171875,148.43768310546875
sample_02,11866,7032,821775.5932897511,8264769.127407737,268.7961120605469,53.30261993408203
sample_02,11866,7033,821785.5932897511,8264769.127407737,25.62568473815918,87.94380187988281
sample_02,11866,7034,821795.5932897511,8264769.127407737,252.73699951171875,249.09591674804688
sample_02,11866,7035,821805.5932897511,8264769.127407737,382.7929382324219,256.903076171875
sample_02,11866,7036,821815.5932897511,8264769.127407737,520.2515869140625,106.15386199951172
sample_02,11867,7017,821625.5932897511,8264759.127407737,95.87291717529297,54.010372161865234
sample_02,11867,7018,821635.5932897511,8264759.127407737,350.8975830078125,95.22310638427734
sample_02,11867,7019,821645.5932897511,8264759.127407737,449.789306640625,165.16188049316406
sample_02,11867,7020,821655.5932897511,8264759.127407737,133.49075317382812,64.03514862060547
sample_02,11867,7021,821665.5932897511,8264759.127407737,198.83355712890625,5.792566299438477
sample_02,11867,7022,821675.5932897511,8264759.127407737,442.946533203125,22.693965911865234
sample_02,11867,7023,821685.5932897511,8264759.127407737,446.8575439453125,132.51609802246094
sample_02,11867,7024,821695.5932897511,8264759.127407737,255.39476013183594,118.06527709960938
sample_02,11867,7025,821705.5932897511,8264759.127407737,52.27704620361328,29.285526275634766
sample_02,11867,7026,821715.5932897511,8264759.127407737,204.39321899414062,26.98540496826172
sample_02,11867,7027,821725.5932897511,8264759.127407737,274.6323547363281,38.57345199584961
sample_02,11867,7028,821735.5932897511,8264759.127407737,166.53428649902344,48.08551025390625
sample_02,11867,7029,821745.5932897511,8264759.127407737,152.986572265625,241.4952850341797
sample_02,11867,7030,821755.5932897511,8264759.127407737,244.623046875,338.601806640625
sample_02,11867,7031,821765.5932897511,8264759.127407737,527.5553588867188,126.7845458984375
sample_02,11867,7032,821775.5932897511,8264759.127407737,358.5136413574219,73.59297180175781
sample_02,11867,7033,821785.5932897511,8264759.127407737,82.13750457763672,96.27381134033203
sample_02,11867,7034,821795.5932897511,8264759.127407737,193.92347717285156,171.679443359375
sample_02,11867,7035,821805.5932897511,8264759.127407737,310.2134094238281,152.58642578125
sample_02,11867,7036,821815.5932897511,8264759.127407737,393.0382385253906,63.23126983642578
sample_02,11868,7017,821625.5932897511,8264749.127407737,279.0830383300781,51.340885162353516
sample_02,11868,7018,821635.5932897511,8264749.127407737,719.0679321289062,88.70106506347656
sample_02,11868,7019,821645.5932897511,8264749.127407737,933.349609375,125.20047760009766
sample_02,11868,7020,821655.5932897511,8264749.127407737,273.8058776855469,103.0837631225586
sample_02,11868,7021,821665.5932897511,8264749.127407737,295.5679626464844,47.5059700012207
sample_02,11868,7022,821675.5932897511,8264749.127407737,420.75677490234375,46.49897003173828
sample_02,11868,7023,821685.5932897511,8264749.127407737,509.1048278808594,158.81298828125
sample_02,11868,7024,821695.5932897511,8264749.127407737,362.890625,118.44615936279297
sample_02,11868,7025,821705.5932897511,8264749.127407737,105.85087585449219,7.201867580413818
sample_02,11868,7026,821715.5932897511,8264749.127407737,147.41696166992188,28.132959365844727
sample_02,11868,7027,821725.5932897511,8264749.127407737,161.39962768554688,30.084028244018555
sample_02,11868,7028,821735.5932897511,8264749.127407737,123.10262298583984,53.20339584350586
sample_02,11868,7029,821745.5932897511,8264749.127407737,115.83080291748047,228.24952697753906
sample_02,11868,7030,821755.5932897511,8264749.127407737,212.8741912841797,283.2764892578125
sample_02,11868,7031,821765.5932897511,8264749.127407737,408.3455505371094,150.60769653320312
sample_02,11868,7032,821775.5932897511,8264749.127407737,427.9302673339844,99.34532928466797
sample_02,11868,7033,821785.5932897511,8264749.127407737,301.759521484375,86.8787612915039
sample_02,11868,7034,821795.5932897511,8264749.127407737,211.131591796875,104.63446807861328
sample_02,11868,7035,821805.5932897511,8264749.127407737,176.37738037109375,56.491886138916016
sample_02,11868,7036,821815.5932897511,8264749.127407737,211.47409057617188,20.798070907592773
sample_03,11823,7305,824505.5932897511,8265199.127407737,123.6890869140625,68.77410125732422
sample_03,11823,7306,824515.5932897511,8265199.127407737,96.66644287109375,98.2967758178711
sample_03,11823,7307,824525.5932897511,8265199.127407737,66.04586029052734,120.34789276123047
sample_03,11823,7308,824535.5932897511,8265199.127407737,34.217689514160156,53.86328887939453
sample_03,11823,7309,824545.5932897511,8265199.127407737,66.74610900878906,37.5745964050293
sample_03,11823,7310,824555.5932897511,8265199.127407737,164.98028564453125,57.648921966552734
sample_03,11823,7311,824565.5932897511,8265199.127407737,235.0626678466797,110.54425811767578
sample_03,11823,7312,824575.5932897511,8265199.127407737,210.98121643066406,109.87150573730469
sample_03,11823,7313,824585.5932897511,8265199.127407737,211.720703125,28.209739685058594
sample_03,11823,7314,824595.5932897511,8265199.127407737,174.54000854492188,37.838356018066406
sample_03,11823,7315,824605.5932897511,8265199.127407737,207.62185668945312,32.32182312011719
sample_03,11823,7316,824615.5932897511,8265199.127407737,285.2226257324219,11.390704154968262
sample_03,11823,7317,824625.5932897511,8265199.127407737,178.16970825195312,38.73167037963867
sample_03,11823,7318,824635.5932897511,8265199.127407737,124.49225616455078,72.29940032958984
sample_03,11823,7319,824645.5932897511,8265199.127407737,226.47166442871094,85.27811431884766
sample_03,11823,7320,824655.5932897511,8265199.127407737,276.13201904296875,93.07981872558594
sample_03,11823,7321,824665.5932897511,8265199.127407737,416.7262268066406,117.12428283691406
sample_03,11823,7322,824675.5932897511,8265199.127407737,324.60711669921875,87.34848022460938
sample_03,11823,7323,824685.5932897511,8265199.127407737,310.99041748046875,48.13199996948242
sample_03,11823,7324,824695.5932897511,8265199.127407737,337.55255126953125,19.38301658630371
sample_03,11824,7305,824505.5932897511,8265189.127407737,108.24327087402344,26.291046142578125
sample_03,11824,7306,824515.5932897511,8265189.127407737,134.5670623779297,47.72852325439453
sample_03,11824,7307,824525.5932897511,8265189.127407737,133.46983337402344,75.966552734375
sample_03,11824,7308,824535.5932897511,8265189.127407737,71.20665740966797,41.37834548950195
sample_03,11824,7309,824545.5932897511,8265189.127407737,46.0224494934082,79.67264556884766
sample_03,11824,7310,824555.5932897511,8265189.127407737,178.955810546875,106.97703552246094
sample_03,11824,7311,824565.5932897511,8265189.127407737,505.09552001953125,100.0423583984375
sample_03,11824,7312,824575.5932897511,8265189.127407737,362.3116455078125,81.99642181396484
sample_03,11824,7313,824585.5932897511,8265189.127407737,217.75668334960938,45.81694030761719
sample_03,11824,7314,824595.5932897511,8265189.127407737,120.52845001220703,89.22566223144531
sample_03,11824,7315,824605.5932897511,8265189.127407737,187.55381774902344,59.65969467163086
sample_03,11824,7316,824615.5932897511,8265189.127407737,328.4052429199219,4.719116687774658
sample_03,11824,7317,824625.5932897511,8265189.127407737,279.0393981933594,15.420498847961426
sample_03,11824,7318,824635.5932897511,8265189.127407737,253.00033569335938,39.94882583618164
sample_03,11824,7319,824645.5932897511,8265189.127407737,395.4815673828125,85.6757583618164
sample_03,11824,7320,824655.5932897511,8265189.127407737,219.59671020507812,69.30109405517578
sample_03,11824,7321,824665.5932897511,8265189.127407737,265.0079345703125,84.59379577636719
sample_03,11824,7322,824675.5932897511,8265189.127407737,455.1075439453125,111.4966049194336
sample_03,11824,7323,824685.5932897511,8265189.127407737,368.26593017578125,117.86834716796875
sample_03,11824,7324,824695.5932897511,8265189.127407737,277.8399963378906,82.30843353271484
sample_03,11825,7305,824505.5932897511,8265179.127407737,155.6355438232422,36.64430618286133
sample_03,11825,7306,824515.5932897511,8265179.127407737,159.69581604003906,22.889291763305664
sample_03,11825,7307,824525.5932897511,8265179.127407737,239.08297729492188,22.79718589782715
sample_03,11825,7308,824535.5932897511,8265179.127407737,266.1664123535156,25.505659103393555
sample_03,11825,7309,824545.5932897511,8265179.127407737,152.26544189453125,93.29572296142578
sample_03,11825,7310,824555.5932897511,8265179.127407737,343.1220703125,109.6726303100586
sample_03,11825,7311,824565.5932897511,8265179.127407737,843.9210815429688,71.80895233154297
sample_03,11825,7312,824575.5932897511,8265179.127407737,419.48712158203125,60.83137130737305
sample_03,11825,7313,824585.5932897511,8265179.127407737,151.34339904785156,47.9884033203125
sample_03,11825,7314,824595.5932897511,8265179.127407737,167.74984741210938,46.45024490356445
sample_03,11825,7315,824605.5932897511,8265179.127407737,279.7940979003906,51.770572662353516
sample_03,11825,7316,824615.5932897511,8265179.127407737,373.92926025390625,30.09384536743164
sample_03,11825,7317,824625.5932897511,8265179.127407737,413.4490661621094,25.856313705444336
sample_03,11825,7318,824635.5932897511,8265179.127407737,412.9259033203125,47.67523956298828
sample_03,11825,7319,824645.5932897511,8265179.127407737,331.4851379394531,74.0363998413086
sample_03,11825,7320,824655.5932897511,8265179.127407737,185.6857452392578,72.34601593017578
sample_03,11825,7321,824665.5932897511,8265179.127407737,314.546630859375,110.5511245727539
sample_03,11825,7322,824675.5932897511,8265179.127407737,572.2035522460938,171.53041076660156
sample_03,11825,7323,824685.5932897511,8265179.127407737,406.57232666015625,255.0482940673828
sample_03,11825,7324,824695.5932897511,8265179.127407737,277.771728515625,181.2906951904297
sample_03,11826,7305,824505.5932897511,8265169.127407737,225.10516357421875,66.66706085205078
sample_03,11826,7306,824515.5932897511,8265169.127407737,80.0361099243164,39.57466506958008
sample_03,11826,7307,824525.5932897511,8265169.127407737,461.3893737792969,28.50463104248047
sample_03,11826,7308,824535.5932897511,8265169.127407737,544.3796997070312,51.88209915161133
sample_03,11826,7309,824545.5932897511,8265169.127407737,218.34593200683594,129.18954467773438
sample_03,11826,7310,824555.5932897511,8265169.127407737,456.0630798339844,119.54177856445312
sample_03,11826,7311,824565.5932897511,8265169.127407737,746.7982177734375,77.12899780273438
sample_03,11826,7312,824575.5932897511,8265169.127407737,415.5393981933594,61.93674087524414
sample_03,11826,7313,824585.5932897511,8265169.127407737,202.4595947265625,47.73112487792969
sample_03,11826,7314,824595.5932897511,8265169.127407737,160.4847412109375,32.03254699707031
sample_03,11826,7315,824605.5932897511,8265169.127407737,292.41864013671875,55.528045654296875
sample_03,11826,7316,824615.5932897511,8265169.127407737,334.20452880859375,62.42908477783203
sample_03,11826,7317,824625.5932897511,8265169.127407737,224.19725036621094,32.1542854309082
sample_03,11826,7318,824635.5932897511,8265169.127407737,199.19863891601562,35.058631896972656
sample_03,11826,7319,824645.5932897511,8265169.127407737,193.15335083007812,47.101016998291016
sample_03,11826,7320,824655.5932897511,8265169.127407737,164.7581329345703,60.220252990722656
sample_03,11826,7321,824665.5932897511,8265169.127407737,340.18463134765625,135.04896545410156
sample_03,11826,7322,824675.5932897511,8265169.127407737,538.148681640625,248.41384887695312
sample_03,11826,7323,824685.5932897511,8265169.127407737,463.23345947265625,360.0502624511719
sample_03,11826,7324,824695.5932897511,8265169.127407737,359.3456115722656,178.43975830078125
sample_03,11827,7305,824505.5932897511,8265159.127407737,263.33416748046875,143.66046142578125
sample_03,11827,7306,824515.5932897511,8265159.127407737,134.2537078857422,139.429443359375
sample_03,11827,7307,824525.5932897511,8265159.127407737,541.7771606445312,124.74923706054688
sample_03,11827,7308,824535.5932897511,8265159.127407737,603.2408447265625,120.13227081298828
sample_03,11827,7309,824545.5932897511,8265159.127407737,106.7557373046875,224.64041137695312
sample_03,11827,7310,824555.5932897511,8265159.127407737,273.814453125,271.8359069824219
sample_03,11827,7311,824565.5932897511,8265159.127407737,366.85137939453125,192.418212890625
sample_03,11827,7312,824575.5932897511,8265159.127407737,233.97283935546875,53.56781005859375
sample_03,11827,7313,824585.5932897511,8265159.127407737,149.19937133789062,50.503570556640625
sample_03,11827,7314,824595.5932897511,8265159.127407737,62.97822570800781,41.90146255493164
sample_03,11827,7315,824605.5932897511,8265159.127407737,50.064144134521484,30.092681884765625
sample_03,11827,7316,824615.5932897511,8265159.127407737,221.98985290527344,56.1405029296875
sample_03,11827,7317,824625.5932897511,8265159.127407737,248.3496551513672,67.82591247558594
sample_03,11827,7318,824635.5932897511,8265159.127407737,102.78749084472656,66.5670166015625
sample_03,11827,7319,824645.5932897511,8265159.127407737,111.2630615234375,35.92473602294922
sample_03,11827,7320,824655.5932897511,8265159.127407737,155.50222778320312,28.154296875
sample_03,11827,7321,824665.5932897511,8265159.127407737,134.85812377929688,78.08646392822266
sample_03,11827,7322,824675.5932897511,8265159.127407737,380.0900573730469,123.90494537353516
sample_03,11827,7323,824685.5932897511,8265159.127407737,588.5736694335938,199.1216278076172
sample_03,11827,7324,824695.5932897511,8265159.127407737,376.0836181640625,92.95863342285156
sample_03,11828,7305,824505.5932897511,8265149.127407737,184.38320922851562,182.61029052734375
sample_03,11828,7306,824515.5932897511,8265149.127407737,143.34771728515625,258.6847839355469
sample_03,11828,7307,824525.5932897511,8265149.127407737,92.31295776367188,352.0616760253906
sample_03,11828,7308,824535.5932897511,8265149.127407737,134.3291473388672,178.64019775390625
sample_03,11828,7309,824545.5932897511,8265149.127407737,60.703304290771484,125.39110565185547
sample_03,11828,7310,824555.5932897511,8265149.127407737,136.07093811035156,268.55908203125
sample_03,11828,7311,824565.5932897511,8265149.127407737,145.50070190429688,214.40835571289062
sample_03,11828,7312,824575.5932897511,8265149.127407737,55.5392951965332,50.45146942138672
sample_03,11828,7313,824585.5932897511,8265149.127407737,44.810791015625,55.29777908325195
sample_03,11828,7314,824595.5932897511,8265149.127407737,222.92709350585938,44.820396423339844
sample_03,11828,7315,824605.5932897511,8265149.127407737,371.50042724609375,21.155855178833008
sample_03,11828,7316,824615.5932897511,8265149.127407737,234.78085327148438,47.53426742553711
sample_03,11828,7317,824625.5932897511,8265149.127407737,208.7392578125,92.84233093261719
sample_03,11828,7318,824635.5932897511,8265149.127407737,67.98387908935547,141.76840209960938
sample_03,11828,7319,824645.5932897511,8265149.127407737,106.54927825927734,61.04918670654297
sample_03,11828,7320,824655.5932897511,8265149.127407737,124.12828826904297,33.368587493896484
sample_03,11828,7321,824665.5932897511,8265149.127407737,76.07042694091797,71.66521453857422
sample_03,11828,7322,824675.5932897511,8265149.127407737,379.2588195800781,44.63417434692383
sample_03,11828,7323,824685.5932897511,8265149.127407737,590.6917114257812,14.25598430633545
sample_03,11828,7324,824695.5932897511,8265149.127407737,268.2732849121094,18.18089485168457
sample_03,11829,7305,824505.5932897511,8265139.127407737,37.817840576171875,163.6872100830078
sample_03,11829,7306,824515.5932897511,8265139.127407737,115.82778930664062,251.1713104248047
sample_03,11829,7307,824525.5932897511,8265139.127407737,168.99522399902344,337.3182678222656
sample_03,11829,7308,824535.5932897511,8265139.127407737,68.15323638916016,149.84426879882812
sample_03,11829,7309,824545.5932897511,8265139.127407737,72.95366668701172,82.97218322753906
sample_03,11829,7310,824555.5932897511,8265139.127407737,111.3199691772461,188.54774475097656
sample_03,11829,7311,824565.5932897511,8265139.127407737,207.22055053710938,215.80267333984375
sample_03,11829,7312,824575.5932897511,8265139.127407737,252.26112365722656,153.381591796875
sample_03,11829,7313,824585.5932897511,8265139.127407737,221.24256896972656,86.15630340576172
sample_03,11829,7314,824595.5932897511,8265139.127407737,272.63421630859375,40.6431770324707
sample_03,11829,7315,824605.5932897511,8265139.127407737,371.12396240234375,16.556396484375
sample_03,11829,7316,824615.5932897511,8265139.127407737,103.44133758544922,22.409330368041992
sample_03,11829,7317,824625.5932897511,8265139.127407737,60.846923828125,68.31939697265625
sample_03,11829,7318,824635.5932897511,8265139.127407737,80.29082489013672,113.10356140136719
sample_03,11829,7319,824645.5932897511,8265139.127407737,100.82054901123047,77.75155639648438
sample_03,11829,7320,824655.5932897511,8265139.127407737,97.4267807006836,78.35799407958984
sample_03,11829,7321,824665.5932897511,8265139.127407737,101.76422882080078,95.57644653320312
sample_03,11829,7322,824675.5932897511,8265139.127407737,366.36529541015625,48.74129867553711
sample_03,11829,7323,824685.5932897511,8265139.127407737,509.8016662597656,22.84198760986328
sample_03,11829,7324,824695.5932897511,8265139.127407737,425.87982177734375,7.827047348022461
sample_03,11830,7305,824505.5932897511,8265129.127407737,117.10811614990234,163.44296264648438
sample_03,11830,7306,824515.5932897511,8265129.127407737,97.49622344970703,220.9740753173828
sample_03,11830,7307,824525.5932897511,8265129.127407737,123.1384048461914,244.34243774414062
sample_03,11830,7308,824535.5932897511,8265129.127407737,63.3670539855957,115.23860931396484
sample_03,11830,7309,824545.5932897511,8265129.127407737,201.8560333251953,65.46126556396484
sample_03,11830,7310,824555.5932897511,8265129.127407737,303.184326171875,78.81719970703125
sample_03,11830,7311,824565.5932897511,8265129.127407737,200.2706298828125,136.97198486328125
sample_03,11830,7312,824575.5932897511,8265129.127407737,258.73736572265625,123.42146301269531
sample_03,11830,7313,824585.5932897511,8265129.127407737,313.1690368652344,70.62781524658203
sample_03,11830,7314,824595.5932897511,8265129.127407737,153.4557342529297,27.862974166870117
sample_03,11830,7315,824605.5932897511,8265129.127407737,26.963464736938477,15.059957504272461
sample_03,11830,7316,824615.5932897511,8265129.127407737,13.3876953125,31.333051681518555
sample_03,11830,7317,824625.5932897511,8265129.127407737,83.94355773925781,65.05833435058594
sample_03,11830,7318,824635.5932897511,8265129.127407737,110.66667938232422,85.83159637451172
sample_03,11830,7319,824645.5932897511,8265129.127407737,103.40167999267578,83.86968994140625
sample_03,11830,7320,824655.5932897511,8265129.127407737,72.42375183105469,134.525390625
sample_03,11830,7321,824665.5932897511,8265129.127407737,104.93927001953125,129.8374481201172
sample_03,11830,7322,824675.5932897511,8265129.127407737,272.9493103027344,29.82023811340332
sample_03,11830,7323,824685.5932897511,8265129.127407737,509.8008728027344,23.007080078125
sample_03,11830,7324,824695.5932897511,8265129.127407737,543.5955200195312,35.644500732421875
sample_03,11831,7305,824505.5932897511,8265119.127407737,137.09364318847656,117.13089752197266
sample_03,11831,7306,824515.5932897511,8265119.127407737,73.34101104736328,197.89193725585938
sample_03,11831,7307,824525.5932897511,8265119.127407737,33.118255615234375,149.93325805664062
sample_03,11831,7308,824535.5932897511,8265119.127407737,43.06198501586914,52.82233428955078
sample_03,11831,7309,824545.5932897511,8265119.127407737,126.89231872558594,45.812774658203125
sample_03,11831,7310,824555.5932897511,8265119.127407737,211.23619079589844,52.13724899291992
sample_03,11831,7311,824565.5932897511,8265119.127407737,171.85382080078125,89.06578826904297
sample_03,11831,7312,824575.5932897511,8265119.127407737,213.63125610351562,65.66704559326172
sample_03,11831,7313,824585.5932897511,8265119.127407737,350.74884033203125,40.155799865722656
sample_03,11831,7314,824595.5932897511,8265119.127407737,383.88116455078125,18.52787208557129
sample_03,11831,7315,824605.5932897511,8265119.127407737,329.2787780761719,70.05261993408203
sample_03,11831,7316,824615.5932897511,8265119.127407737,234.32574462890625,89.71590423583984
sample_03,11831,7317,824625.5932897511,8265119.127407737,141.98873901367188,55.52294921875
sample_03,11831,7318,824635.5932897511,8265119.127407737,134.6229705810547,51.99919509887695
sample_03,11831,7319,824645.5932897511,8265119.127407737,122.15104675292969,44.604515075683594
sample_03,11831,7320,824655.5932897511,8265119.127407737,62.857784271240234,79.97842407226562
sample_03,11831,7321,824665.5932897511,8265119.127407737,87.05404663085938,72.88356018066406
sample_03,11831,7322,824675.5932897511,8265119.127407737,196.79209899902344,17.000534057617188
sample_03,11831,7323,824685.5932897511,8265119.127407737,569.897705078125,53.23186111450195
sample_03,11831,7324,824695.5932897511,8265119.127407737,610.4705200195312,85.91564178466797
sample_03,11832,7305,824505.5932897511,8265109.127407737,189.73471069335938,112.3708724975586
sample_03,11832,7306,824515.5932897511,8265109.127407737,149.1151580810547,264.68145751953125
sample_03,11832,7307,824525.5932897511,8265109.127407737,102.07500457763672,148.06504821777344
sample_03,11832,7308,824535.5932897511,8265109.127407737,96.29908752441406,82.91041564941406
sample_03,11832,7309,824545.5932897511,8265109.127407737,149.64547729492188,196.14488220214844
sample_03,11832,7310,824555.5932897511,8265109.127407737,178.61756896972656,102.54496002197266
sample_03,11832,7311,824565.5932897511,8265109.127407737,214.71694946289062,47.29447555541992
sample_03,11832,7312,824575.5932897511,8265109.127407737,89.42493438720703,22.267168045043945
sample_03,11832,7313,824585.5932897511,8265109.127407737,134.57281494140625,47.54557418823242
sample_03,11832,7314,824595.5932897511,8265109.127407737,266.98907470703125,76.72464752197266
sample_03,11832,7315,824605.5932897511,8265109.127407737,439.0478210449219,115.67414855957031
sample_03,11832,7316,824615.5932897511,8265109.127407737,382.4586181640625,108.32260131835938
sample_03,11832,7317,824625.5932897511,8265109.127407737,126.86907196044922,14.699860572814941
sample_03,11832,7318,824635.5932897511,8265109.127407737,104.95355224609375,39.31235122680664
sample_03,11832,7319,824645.5932897511,8265109.127407737,82.05350494384766,44.84645462036133
sample_03,11832,7320,824655.5932897511,8265109.127407737,35.22584915161133,43.82817840576172
sample_03,11832,7321,824665.5932897511,8265109.127407737,89.32630920410156,39.66213607788086
sample_03,11832,7322,824675.5932897511,8265109.127407737,214.20960998535156,52.60068893432617
sample_03,11832,7323,824685.5932897511,8265109.127407737,611.225830078125,126.08295440673828
sample_03,11832,7324,824695.5932897511,8265109.127407737,468.97161865234375,170.39706420898438
sample_03,11833,7305,824505.5932897511,8265099.127407737,448.1197509765625,160.95343017578125
sample_03,11833,7306,824515.5932897511,8265099.127407737,733.169189453125,125.81121826171875
sample_03,11833,7307,824525.5932897511,8265099.127407737,235.18359375,74.41767883300781
sample_03,11833,7308,824535.5932897511,8265099.127407737,167.35540771484375,150.52452087402344
sample_03,11833,7309,824545.5932897511,8265099.127407737,298.8828430175781,471.4128723144531
sample_03,11833,7310,824555.5932897511,8265099.127407737,223.65008544921875,210.4744415283203
sample_03,11833,7311,824565.5932897511,8265099.127407737,150.92929077148438,34.17088317871094
sample_03,11833,7312,824575.5932897511,8265099.127407737,22.168231964111328,6.144223690032959
sample_03,11833,7313,824585.5932897511,8265099.127407737,49.838741302490234,59.8404541015625
sample_03,11833,7314,824595.5932897511,8265099.127407737,139.34458923339844,115.69366455078125
sample_03,11833,7315,824605.5932897511,8265099.127407737,380.46197509765625,103.72900390625
sample_03,11833,7316,824615.5932897511,8265099.127407737,346.4043273925781,57.0987434387207
sample_03,11833,7317,824625.5932897511,8265099.127407737,208.8291473388672,26.337169647216797
sample_03,11833,7318,824635.5932897511,8265099.127407737,185.99884033203125,98.74186706542969
sample_03,11833,7319,824645.5932897511,8265099.127407737,94.16390991210938,81.45185852050781
sample_03,11833,7320,824655.5932897511,8265099.127407737,31.1604061126709,37.08137512207031
sample_03,11833,7321,824665.5932897511,8265099.127407737,166.179931640625,31.98401641845703
sample_03,11833,7322,824675.5932897511,8265099.127407737,192.15599060058594,82.44969940185547
sample_03,11833,7323,824685.5932897511,8265099.127407737,286.75653076171875,162.95623779296875
sample_03,11833,7324,824695.5932897511,8265099.127407737,265.1763000488281,191.31849670410156
sample_03,11834,7305,824505.5932897511,8265089.127407737,444.189453125,117.45764923095703
sample_03,11834,7306,824515.5932897511,8265089.127407737,730.9301147460938,40.310943603515625
sample_03,11834,7307,824525.5932897511,8265089.127407737,216.37750244140625,37.05968475341797
sample_03,11834,7308,824535.5932897511,8265089.127407737,255.06207275390625,56.99360656738281
sample_03,11834,7309,824545.5932897511,8265089.127407737,402.2151184082031,147.41221618652344
sample_03,11834,7310,824555.5932897511,8265089.127407737,227.09747314453125,76.50403594970703
sample_03,11834,7311,824565.5932897511,8265089.127407737,117.17285919189453,46.1680793762207
sample_03,11834,7312,824575.5932897511,8265089.127407737,24.048120498657227,38.819923400878906
sample_03,11834,7313,824585.5932897511,8265089.127407737,75.49627685546875,49.94697570800781
sample_03,11834,7314,824595.5932897511,8265089.127407737,117.77438354492188,113.62367248535156
sample_03,11834,7315,824605.5932897511,8265089.127407737,197.2606201171875,162.62850952148438
sample_03,11834,7316,824615.5932897511,8265089.127407737,189.78582763671875,57.96932601928711
sample_03,11834,7317,824625.5932897511,8265089.127407737,193.6824188232422,44.17823028564453
sample_03,11834,7318,824635.5932897511,8265089.127407737,245.653076171875,148.69615173339844
sample_03,11834,7319,824645.5932897511,8265089.127407737,122.81324005126953,152.6343231201172
sample_03,11834,7320,824655.5932897511,8265089.127407737,69.85972595214844,100.53935241699219
sample_03,11834,7321,824665.5932897511,8265089.127407737,219.74354553222656,57.367122650146484
sample_03,11834,7322,824675.5932897511,8265089.127407737,131.57568359375,89.47638702392578
sample_03,11834,7323,824685.5932897511,8265089.127407737,61.11469268798828,142.71826171875
sample_03,11834,7324,824695.5932897511,8265089.127407737,168.0548858642578,160.1857452392578
sample_03,11835,7305,824505.5932897511,8265079.127407737,222.85130310058594,88.42044067382812
sample_03,11835,7306,824515.5932897511,8265079.127407737,300.69952392578125,82.97856140136719
sample_03,11835,7307,824525.5932897511,8265079.127407737,220.98019409179688,92.75105285644531
sample_03,11835,7308,824535.5932897511,8265079.127407737,227.25303649902344,73.35213470458984
sample_03,11835,7309,824545.5932897511,8265079.127407737,356.7381591796875,52.37261199951172
sample_03,11835,7310,824555.5932897511,8265079.127407737,350.9828186035156,18.51872444152832
sample_03,11835,7311,824565.5932897511,8265079.127407737,135.40736389160156,102.68341064453125
sample_03,11835,7312,824575.5932897511,8265079.127407737,50.782894134521484,107.43435668945312
sample_03,11835,7313,824585.5932897511,8265079.127407737,30.075490951538086,29.068880081176758
sample_03,11835,7314,824595.5932897511,8265079.127407737,61.484458923339844,94.48989868164062
sample_03,11835,7315,824605.5932897511,8265079.127407737,106.0640869140625,158.74069213867188
sample_03,11835,7316,824615.5932897511,8265079.127407737,145.0174102783203,100.09868621826172
sample_03,11835,7317,824625.5932897511,8265079.127407737,112.16732788085938,33.72190856933594
sample_03,11835,7318,824635.5932897511,8265079.127407737,123.68704986572266,43.30377960205078
sample_03,11835,7319,824645.5932897511,8265079.127407737,67.46578979492188,75.30428314208984
sample_03,11835,7320,824655.5932897511,8265079.127407737,73.45906066894531,97.47732543945312
sample_03,11835,7321,824665.5932897511,8265079.127407737,175.0228271484375,91.69618225097656
sample_03,11835,7322,824675.5932897511,8265079.127407737,104.46705627441406,74.29131317138672
sample_03,11835,7323,824685.5932897511,8265079.127407737,46.788360595703125,84.52254486083984
sample_03,11835,7324,824695.5932897511,8265079.127407737,131.3186492919922,100.9506607055664
sample_03,11836,7305,824505.5932897511,8265069.127407737,163.98655700683594,65.16773223876953
sample_03,11836,7306,824515.5932897511,8265069.127407737,160.0505828857422,74.17721557617188
sample_03,11836,7307,824525.5932897511,8265069.127407737,154.25413513183594,81.94914245605469
sample_03,11836,7308,824535.5932897511,8265069.127407737,108.50495910644531,62.1892204284668
sample_03,11836,7309,824545.5932897511,8265069.127407737,393.459716796875,37.265220642089844
sample_03,11836,7310,824555.5932897511,8265069.127407737,693.5284423828125,34.205772399902344
sample_03,11836,7311,824565.5932897511,8265069.127407737,184.78717041015625,188.05250549316406
sample_03,11836,7312,824575.5932897511,8265069.127407737,33.45512771606445,147.4931182861328
sample_03,11836,7313,824585.5932897511,8265069.127407737,25.468584060668945,23.046865463256836
sample_03,11836,7314,824595.5932897511,8265069.127407737,49.88481140136719,69.80870819091797
sample_03,11836,7315,824605.5932897511,8265069.127407737,161.55374145507812,172.8462677001953
sample_03,11836,7316,824615.5932897511,8265069.127407737,378.57525634765625,276.3941955566406
sample_03,11836,7317,824625.5932897511,8265069.127407737,285.5619201660156,185.34361267089844
sample_03,11836,7318,824635.5932897511,8265069.127407737,218.27525329589844,100.93930053710938
sample_03,11836,7319,824645.5932897511,8265069.127407737,154.4414520263672,42.75578689575195
sample_03,11836,7320,824655.5932897511,8265069.127407737,98.2149887084961,86.17282104492188
sample_03,11836,7321,824665.5932897511,8265069.127407737,87.5510025024414,119.28559112548828
sample_03,11836,7322,824675.5932897511,8265069.127407737,190.5359649658203,48.347537994384766
sample_03,11836,7323,824685.5932897511,8265069.127407737,117.08350372314453,43.272789001464844
sample_03,11836,7324,824695.5932897511,8265069.127407737,90.34298706054688,61.05861282348633
sample_03,11837,7305,824505.5932897511,8265059.127407737,273.6856994628906,96.17809295654297
sample_03,11837,7306,824515.5932897511,8265059.127407737,152.69680786132812,89.4354248046875
sample_03,11837,7307,824525.5932897511,8265059.127407737,81.54590606689453,63.0594367980957
sample_03,11837,7308,824535.5932897511,8265059.127407737,20.009294509887695,19.92562484741211
sample_03,11837,7309,824545.5932897511,8265059.127407737,314.3500671386719,12.724393844604492
sample_03,11837,7310,824555.5932897511,8265059.127407737,405.7161865234375,35.506141662597656
sample_03,11837,7311,824565.5932897511,8265059.127407737,69.39923095703125,145.93540954589844
sample_03,11837,7312,824575.5932897511,8265059.127407737,76.16094207763672,109.68572998046875
sample_03,11837,7313,824585.5932897511,8265059.127407737,98.37551879882812,35.8435173034668
sample_03,11837,7314,824595.5932897511,8265059.127407737,83.26122283935547,18.52541732788086
sample_03,11837,7315,824605.5932897511,8265059.127407737,87.51274871826172,118.35679626464844
sample_03,11837,7316,824615.5932897511,8265059.127407737,158.01841735839844,212.2238006591797
sample_03,11837,7317,824625.5932897511,8265059.127407737,193.83738708496094,171.244384765625
sample_03,11837,7318,824635.5932897511,8265059.127407737,287.6585693359375,105.0511474609375
sample_03,11837,7319,824645.5932897511,8265059.127407737,321.67181396484375,14.2573823928833
sample_03,11837,7320,824655.5932897511,8265059.127407737,263.6063232421875,19.957460403442383
sample_03,11837,7321,824665.5932897511,8265059.127407737,165.6697235107422,32.75180435180664
sample_03,11837,7322,824675.5932897511,8265059.127407737,118.14612579345703,12.117842674255371
sample_03,11837,7323,824685.5932897511,8265059.127407737,70.33950805664062,17.57979965209961
sample_03,11837,7324,824695.5932897511,8265059.127407737,48.54153823852539,47.8931884765625
sample_04,11823,7177,823225.5932897511,8265199.127407737,120.89640808105469,117.63213348388672
sample_04,11823,7178,823235.5932897511,8265199.127407737,70.08573913574219,146.3097686767578
sample_04,11823,7179,823245.5932897511,8265199.127407737,92.26209259033203,100.51683807373047
sample_04,11823,7180,823255.5932897511,8265199.127407737,122.73136138916016,13.82712173461914
sample_04,11823,7181,823265.5932897511,8265199.127407737,104.73573303222656,19.956804275512695
sample_04,11823,7182,823275.5932897511,8265199.127407737,77.1490478515625,34.926944732666016
sample_04,11823,7183,823285.5932897511,8265199.127407737,29.95316505432129,49.722740173339844
sample_04,11823,7184,823295.5932897511,8265199.127407737,73.74341583251953,133.7521514892578
sample_04,11823,7185,823305.5932897511,8265199.127407737,100.57181549072266,146.9570770263672
sample_04,11823,7186,823315.5932897511,8265199.127407737,107.66333770751953,40.12898635864258
sample_04,11823,7187,823325.5932897511,8265199.127407737,201.99472045898438,60.71807861328125
sample_04,11823,7188,823335.5932897511,8265199.127407737,230.1222686767578,61.19791793823242
sample_04,11823,7189,823345.5932897511,8265199.127407737,72.2398452758789,53.50227737426758
sample_04,11823,7190,823355.5932897511,8265199.127407737,352.8851623535156,34.87733459472656
sample_04,11823,7191,823365.5932897511,8265199.127407737,485.49072265625,32.59481430053711
sample_04,11823,7192,823375.5932897511,8265199.127407737,212.10372924804688,45.16519546508789
sample_04,11823,7193,823385.5932897511,8265199.127407737,205.69667053222656,143.86981201171875
sample_04,11823,7194,823395.5932897511,8265199.127407737,217.6900634765625,189.02163696289062
sample_04,11823,7195,823405.5932897511,8265199.127407737,120.06915283203125,50.20790100097656
sample_04,11823,7196,823415.5932897511,8265199.127407737,184.93862915039062,28.609683990478516
sample_04,11824,7177,823225.5932897511,8265189.127407737,71.6326675415039,78.53740692138672
sample_04,11824,7178,823235.5932897511,8265189.127407737,24.53444480895996,71.63912200927734
sample_04,11824,7179,823245.5932897511,8265189.127407737,43.228729248046875,39.15684127807617
sample_04,11824,7180,823255.5932897511,8265189.127407737,148.7416534423828,9.513766288757324
sample_04,11824,7181,823265.5932897511,8265189.127407737,259.70648193359375,15.312849044799805
sample_04,11824,7182,823275.5932897511,8265189.127407737,142.31668090820312,41.62013626098633
sample_04,11824,7183,823285.5932897511,8265189.127407737,52.87958908081055,55.570762634277344
sample_04,11824,7184,823295.5932897511,8265189.127407737,37.303253173828125,118.97994232177734
sample_04,11824,7185,823305.5932897511,8265189.127407737,41.5595703125,110.39996337890625
sample_04,11824,7186,823315.5932897511,8265189.127407737,61.08772277832031,61.02259063720703
sample_04,11824,7187,823325.5932897511,8265189.127407737,150.5337677001953,83.70667266845703
sample_04,11824,7188,823335.5932897511,8265189.127407737,93.1980972290039,93.7894058227539
sample_04,11824,7189,823345.5932897511,8265189.127407737,31.117815017700195,72.91073608398438
sample_04,11824,7190,823355.5932897511,8265189.127407737,200.5127716064453,80.20561218261719
sample_04,11824,7191,823365.5932897511,8265189.127407737,325.02764892578125,57.29032897949219
sample_04,11824,7192,823375.5932897511,8265189.127407737,223.2570343017578,32.88799285888672
sample_04,11824,7193,823385.5932897511,8265189.127407737,214.73593139648438,192.53802490234375
sample_04,11824,7194,823395.5932897511,8265189.127407737,219.5287628173828,233.62619018554688
sample_04,11824,7195,823405.5932897511,8265189.127407737,151.75775146484375,40.038272857666016
sample_04,11824,7196,823415.5932897511,8265189.127407737,161.76853942871094,79.75446319580078
sample_04,11825,7177,823225.5932897511,8265179.127407737,247.533203125,112.87362670898438
sample_04,11825,7178,823235.5932897511,8265179.127407737,41.583595275878906,113.44318389892578
sample_04,11825,7179,823245.5932897511,8265179.127407737,90.33663940429688,44.26925277709961
sample_04,11825,7180,823255.5932897511,8265179.127407737,318.245361328125,36.268863677978516
sample_04,11825,7181,823265.5932897511,8265179.127407737,665.6567993164062,58.15010070800781
sample_04,11825,7182,823275.5932897511,8265179.127407737,418.04705810546875,164.81561279296875
sample_04,11825,7183,823285.5932897511,8265179.127407737,197.9801025390625,176.18972778320312
sample_04,11825,7184,823295.5932897511,8265179.127407737,25.288414001464844,154.00250244140625
sample_04,11825,7185,823305.5932897511,8265179.127407737,38.738277435302734,109.94995880126953
sample_04,11825,7186,823315.5932897511,8265179.127407737,114.66826629638672,74.72636413574219
sample_04,11825,7187,823325.5932897511,8265179.127407737,332.618896484375,34.835060119628906
sample_04,11825,7188,823335.5932897511,8265179.127407737,191.06640625,35.0419921875
sample_04,11825,7189,823345.5932897511,8265179.127407737,86.16868591308594,57.65363693237305
sample_04,11825,7190,823355.5932897511,8265179.127407737,107.89164733886719,114.96944427490234
sample_04,11825,7191,823365.5932897511,8265179.127407737,206.9379425048828,75.80036163330078
sample_04,11825,7192,823375.5932897511,8265179.127407737,298.9041442871094,49.89825439453125
sample_04,11825,7193,823385.5932897511,8265179.127407737,199.26048278808594,124.58042907714844
sample_04,11825,7194,823395.5932897511,8265179.127407737,134.81324768066406,110.201416015625
sample_04,11825,7195,823405.5932897511,8265179.127407737,111.72624969482422,36.774234771728516
sample_04,11825,7196,823415.5932897511,8265179.127407737,198.1573486328125,127.2399673461914
sample_04,11826,7177,823225.5932897511,8265169.127407737,234.02816772460938,115.50732421875
sample_04,11826,7178,823235.5932897511,8265169.127407737,86.41214752197266,141.91131591796875
sample_04,11826,7179,823245.5932897511,8265169.127407737,258.64190673828125,81.66718292236328
sample_04,11826,7180,823255.5932897511,8265169.127407737,537.154296875,112.68900299072266
sample_04,11826,7181,823265.5932897511,8265169.127407737,673.3955688476562,129.25733947753906
sample_04,11826,7182,823275.5932897511,8265169.127407737,465.0508117675781,152.27349853515625
sample_04,11826,7183,823285.5932897511,8265169.127407737,268.6264343261719,219.27536010742188
sample_04,11826,7184,823295.5932897511,8265169.127407737,87.15436553955078,197.31451416015625
sample_04,11826,7185,823305.5932897511,8265169.127407737,111.37185668945312,98.44107818603516
sample_04,11826,7186,823315.5932897511,8265169.127407737,126.7464599609375,46.51918411254883
sample_04,11826,7187,823325.5932897511,8265169.127407737,200.56942749023438,13.373979568481445
sample_04,11826,7188,823335.5932897511,8265169.127407737,228.6302490234375,35.511722564697266
sample_04,11826,7189,823345.5932897511,8265169.127407737,158.28070068359375,94.3023910522461
sample_04,11826,7190,823355.5932897511,8265169.127407737,90.2746353149414,162.363037109375
sample_04,11826,7191,823365.5932897511,8265169.127407737,101.53302001953125,62.437416076660156
sample_04,11826,7192,823375.5932897511,8265169.127407737,120.93289184570312,35.11829376220703
sample_04,11826,7193,823385.5932897511,8265169.127407737,76.05152130126953,70.32042694091797
sample_04,11826,7194,823395.5932897511,8265169.127407737,114.42159271240234,43.9262580871582
sample_04,11826,7195,823405.5932897511,8265169.127407737,154.50540161132812,53.956817626953125
sample_04,11826,7196,823415.5932897511,8265169.127407737,362.8819885253906,157.73489379882812
sample_04,11827,7177,823225.5932897511,8265159.127407737,122.74996948242188,81.51637268066406
sample_04,11827,7178,823235.5932897511,8265159.127407737,24.489255905151367,96.7794189453125
sample_04,11827,7179,823245.5932897511,8265159.127407737,103.50031280517578,93.64138793945312
sample_04,11827,7180,823255.5932897511,8265159.127407737,346.46380615234375,179.8195343017578
sample_04,11827,7181,823265.5932897511,8265159.127407737,442.0015563964844,146.9220428466797
sample_04,11827,7182,823275.5932897511,8265159.127407737,355.669189453125,66.09308624267578
sample_04,11827,7183,823285.5932897511,8265159.127407737,338.3247375488281,252.48321533203125
sample_04,11827,7184,823295.5932897511,8265159.127407737,241.1924591064453,272.57684326171875
sample_04,11827,7185,823305.5932897511,8265159.127407737,190.72402954101562,135.63494873046875
sample_04,11827,7186,823315.5932897511,8265159.127407737,245.73562622070312,58.05533218383789
sample_04,11827,7187,823325.5932897511,8265159.127407737,228.12445068359375,23.723377227783203
sample_04,11827,7188,823335.5932897511,8265159.127407737,277.956787109375,60.29204177856445
sample_04,11827,7189,823345.5932897511,8265159.127407737,265.009521484375,204.97914123535156
sample_04,11827,7190,823355.5932897511,8265159.127407737,164.2688751220703,237.80026245117188
sample_04,11827,7191,823365.5932897511,8265159.127407737,100.03868865966797,72.78886413574219
sample_04,11827,7192,823375.5932897511,8265159.127407737,61.32124710083008,28.658103942871094
sample_04,11827,7193,823385.5932897511,8265159.127407737,49.630943298339844,32.43777084350586
sample_04,11827,7194,823395.5932897511,8265159.127407737,188.90518188476562,27.869592666625977
sample_04,11827,7195,823405.5932897511,8265159.127407737,180.22186279296875,41.77766036987305
sample_04,11827,7196,823415.5932897511,8265159.127407737,209.24407958984375,103.35460662841797
sample_04,11828,7177,823225.5932897511,8265149.127407737,18.763479232788086,97.45067596435547
sample_04,11828,7178,823235.5932897511,8265149.127407737,95.6509780883789,76.12979125976562
sample_04,11828,7179,823245.5932897511,8265149.127407737,125.6481704711914,98.04059600830078
sample_04,11828,7180,823255.5932897511,8265149.127407737,156.25155639648438,204.6786346435547
sample_04,11828,7181,823265.5932897511,8265149.127407737,114.22976684570312,134.17633056640625
sample_04,11828,7182,823275.5932897511,8265149.127407737,125.36400604248047,39.92231750488281
sample_04,11828,7183,823285.5932897511,8265149.127407737,261.83978271484375,100.27674102783203
sample_04,11828,7184,823295.5932897511,8265149.127407737,200.2165985107422,168.60150146484375
sample_04,11828,7185,823305.5932897511,8265149.127407737,187.94146728515625,149.96102905273438
sample_04,11828,7186,823315.5932897511,8265149.127407737,432.0648498535156,78.04330444335938
sample_04,11828,7187,823325.5932897511,8265149.127407737,300.848876953125,26.923620223999023
sample_04,11828,7188,823335.5932897511,8265149.127407737,120.20609283447266,21.271080017089844
sample_04,11828,7189,823345.5932897511,8265149.127407737,472.1331787109375,119.95695495605469
sample_04,11828,7190,823355.5932897511,8265149.127407737,353.2831726074219,139.29507446289062
sample_04,11828,7191,823365.5932897511,8265149.127407737,74.08621978759766,34.4241943359375
sample_04,11828,7192,823375.5932897511,8265149.127407737,57.31087875366211,28.354171752929688
sample_04,11828,7193,823385.5932897511,8265149.127407737,104.8812255859375,68.34337615966797
sample_04,11828,7194,823395.5932897511,8265149.127407737,227.64865112304688,158.01309204101562
sample_04,11828,7195,823405.5932897511,8265149.127407737,164.92079162597656,75.06089782714844
sample_04,11828,7196,823415.5932897511,8265149.127407737,270.92889404296875,42.208744049072266
sample_04,11829,7177,823225.5932897511,8265139.127407737,133.8531951904297,268.2285461425781
sample_04,11829,7178,823235.5932897511,8265139.127407737,211.77780151367188,145.50819396972656
sample_04,11829,7179,823245.5932897511,8265139.127407737,240.1566162109375,89.7598648071289
sample_04,11829,7180,823255.5932897511,8265139.127407737,208.38816833496094,114.24532318115234
sample_04,11829,7181,823265.5932897511,8265139.127407737,278.1473693847656,87.06352996826172
sample_04,11829,7182,823275.5932897511,8265139.127407737,225.24217224121094,52.2889289855957
sample_04,11829,7183,823285.5932897511,8265139.127407737,201.78660583496094,37.09587097167969
sample_04,11829,7184,823295.5932897511,8265139.127407737,102.66399383544922,145.64114379882812
sample_04,11829,7185,823305.5932897511,8265139.127407737,179.14857482910156,162.03688049316406
sample_04,11829,7186,823315.5932897511,8265139.127407737,566.43115234375,104.02483367919922
sample_04,11829,7187,823325.5932897511,8265139.127407737,301.9256591796875,62.40229034423828
sample_04,11829,7188,823335.5932897511,8265139.127407737,148.5933837890625,38.50449752807617
sample_04,11829,7189,823345.5932897511,8265139.127407737,469.2449035644531,57.66887283325195
sample_04,11829,7190,823355.5932897511,8265139.127407737,354.3240966796875,42.106910705566406
sample_04,11829,7191,823365.5932897511,8265139.127407737,46.16679000854492,18.441221237182617
sample_04,11829,7192,823375.5932897511,8265139.127407737,26.953479766845703,54.38842010498047
sample_04,11829,7193,823385.5932897511,8265139.127407737,176.03872680664062,114.2193832397461
sample_04,11829,7194,823395.5932897511,8265139.127407737,313.4956970214844,177.27330017089844
sample_04,11829,7195,823405.5932897511,8265139.127407737,194.81394958496094,60.45155715942383
sample_04,11829,7196,823415.5932897511,8265139.127407737,328.80975341796875,12.85060977935791
sample_04,11830,7177,823225.5932897511,8265129.127407737,267.1283264160156,407.7092590332031
sample_04,11830,7178,823235.5932897511,8265129.127407737,267.2535095214844,333.3435974121094
sample_04,11830,7179,823245.5932897511,8265129.127407737,324.7059020996094,200.21693420410156
sample_04,11830,7180,823255.5932897511,8265129.127407737,294.8189392089844,114.4034194946289
sample_04,11830,7181,823265.5932897511,8265129.127407737,233.86070251464844,53.239227294921875
sample_04,11830,7182,823275.5932897511,8265129.127407737,198.58859252929688,53.2218017578125
sample_04,11830,7183,823285.5932897511,8265129.127407737,93.43741607666016,102.01382446289062
sample_04,11830,7184,823295.5932897511,8265129.127407737,80.06367492675781,268.5026550292969
sample_04,11830,7185,823305.5932897511,8265129.127407737,155.98696899414062,194.33274841308594
sample_04,11830,7186,823315.5932897511,8265129.127407737,338.7568054199219,84.74163055419922
sample_04,11830,7187,823325.5932897511,8265129.127407737,225.65408325195312,111.27072143554688
sample_04,11830,7188,823335.5932897511,8265129.127407737,102.95240020751953,70.4031982421875
sample_04,11830,7189,823345.5932897511,8265129.127407737,33.02737808227539,32.27311706542969
sample_04,11830,7190,823355.5932897511,8265129.127407737,83.89298248291016,38.61843490600586
sample_04,11830,7191,823365.5932897511,8265129.127407737,76.08740997314453,45.5428581237793
sample_04,11830,7192,823375.5932897511,8265129.127407737,84.27534484863281,71.673583984375
sample_04,11830,7193,823385.5932897511,8265129.127407737,290.0517883300781,107.87960815429688
sample_04,11830,7194,823395.5932897511,8265129.127407737,395.6675720214844,122.38123321533203
sample_04,11830,7195,823405.5932897511,8265129.127407737,263.8121337890625,46.263938903808594
sample_04,11830,7196,823415.5932897511,8265129.127407737,190.0769805908203,28.230730056762695
sample_04,11831,7177,823225.5932897511,8265119.127407737,350.2814025878906,257.1172790527344
sample_04,11831,7178,823235.5932897511,8265119.127407737,335.8581848144531,315.1326599121094
sample_04,11831,7179,823245.5932897511,8265119.127407737,299.9079895019531,157.72267150878906
sample_04,11831,7180,823255.5932897511,8265119.127407737,303.2192687988281,73.74485778808594
sample_04,11831,7181,823265.5932897511,8265119.127407737,114.87754821777344,4.246237277984619
sample_04,11831,7182,823275.5932897511,8265119.127407737,105.04368591308594,17.80836296081543
sample_04,11831,7183,823285.5932897511,8265119.127407737,108.47211456298828,123.5116958618164
sample_04,11831,7184,823295.5932897511,8265119.127407737,57.41398239135742,314.94244384765625
sample_04,11831,7185,823305.5932897511,8265119.127407737,92.33267211914062,165.3575439453125
sample_04,11831,7186,823315.5932897511,8265119.127407737,147.4414520263672,89.7432632446289
sample_04,11831,7187,823325.5932897511,8265119.127407737,193.6834259033203,186.1762237548828
sample_04,11831,7188,823335.5932897511,8265119.127407737,154.57632446289062,109.3998031616211
sample_04,11831,7189,823345.5932897511,8265119.127407737,88.69992065429688,51.838043212890625
sample_04,11831,7190,823355.5932897511,8265119.127407737,38.590938568115234,92.26264953613281
sample_04,11831,7191,823365.5932897511,8265119.127407737,231.181884765625,69.9518814086914
sample_04,11831,7192,823375.5932897511,8265119.127407737,323.5540466308594,60.59521484375
sample_04,11831,7193,823385.5932897511,8265119.127407737,394.94183349609375,47.882713317871094
sample_04,11831,7194,823395.5932897511,8265119.127407737,486.224609375,48.04703903198242
sample_04,11831,7195,823405.5932897511,8265119.127407737,444.248291015625,34.37161636352539
sample_04,11831,7196,823415.5932897511,8265119.127407737,168.29266357421875,44.083946228027344
sample_04,11832,7177,823225.5932897511,8265109.127407737,245.11135864257812,235.11380004882812
sample_04,11832,7178,823235.5932897511,8265109.127407737,267.9909362792969,230.46133422851562
sample_04,11832,7179,823245.5932897511,8265109.127407737,182.45535278320312,63.75392150878906
sample_04,11832,7180,823255.5932897511,8265109.127407737,500.4179992675781,16.978452682495117
sample_04,11832,7181,823265.5932897511,8265109.127407737,539.2577514648438,22.963703155517578
sample_04,11832,7182,823275.5932897511,8265109.127407737,133.7069549560547,60.262420654296875
sample_04,11832,7183,823285.5932897511,8265109.127407737,147.1343231201172,140.67494201660156
sample_04,11832,7184,823295.5932897511,8265109.127407737,143.6803741455078,239.22634887695312
sample_04,11832,7185,823305.5932897511,8265109.127407737,67.8733139038086,113.46068572998047
sample_04,11832,7186,823315.5932897511,8265109.127407737,119.9096908569336,79.5579605102539
sample_04,11832,7187,823325.5932897511,8265109.127407737,192.53579711914062,119.90607452392578
sample_04,11832,7188,823335.5932897511,8265109.127407737,103.83912658691406,68.30769348144531
sample_04,11832,7189,823345.5932897511,8265109.127407737,77.63419342041016,66.03118896484375
sample_04,11832,7190,823355.5932897511,8265109.127407737,39.89458465576172,132.53907775878906
sample_04,11832,7191,823365.5932897511,8265109.127407737,555.1510620117188,71.33417510986328
sample_04,11832,7192,823375.5932897511,8265109.127407737,683.157470703125,45.2285041809082
sample_04,11832,7193,823385.5932897511,8265109.127407737,396.9335021972656,72.16963958740234
sample_04,11832,7194,823395.5932897511,8265109.127407737,332.6701354980469,40.182071685791016
sample_04,11832,7195,823405.5932897511,8265109.127407737,306.16259765625,34.98127746582031
sample_04,11832,7196,823415.5932897511,8265109.127407737,129.4131317138672,62.091156005859375
sample_04,11833,7177,823225.5932897511,8265099.127407737,130.2579345703125,180.95809936523438
sample_04,11833,7178,823235.5932897511,8265099.127407737,156.25283813476562,144.71278381347656
sample_04,11833,7179,823245.5932897511,8265099.127407737,190.8280029296875,63.2489013671875
sample_04,11833,7180,823255.5932897511,8265099.127407737,569.2826538085938,21.65818214416504
sample_04,11833,7181,823265.5932897511,8265099.127407737,580.10498046875,28.226585388183594
sample_04,11833,7182,823275.5932897511,8265099.127407737,169.45362854003906,77.3237075805664
sample_04,11833,7183,823285.5932897511,8265099.127407737,299.59649658203125,108.99267578125
sample_04,11833,7184,823295.5932897511,8265099.127407737,327.548095703125,105.6646957397461
sample_04,11833,7185,823305.5932897511,8265099.127407737,111.85364532470703,47.73432540893555
sample_04,11833,7186,823315.5932897511,8265099.127407737,185.9515838623047,60.06632995605469
sample_04,11833,7187,823325.5932897511,8265099.127407737,201.1887664794922,67.56290435791016
sample_04,11833,7188,823335.5932897511,8265099.127407737,62.939292907714844,36.517391204833984
sample_04,11833,7189,823345.5932897511,8265099.127407737,90.0822525024414,70.20993041992188
sample_04,11833,7190,823355.5932897511,8265099.127407737,189.36328125,84.8936767578125
sample_04,11833,7191,823365.5932897511,8265099.127407737,435.0428161621094,83.64024353027344
sample_04,11833,7192,823375.5932897511,8265099.127407737,441.22979736328125,81.25359344482422
sample_04,11833,7193,823385.5932897511,8265099.127407737,269.21612548828125,86.03014373779297
sample_04,11833,7194,823395.5932897511,8265099.127407737,172.8927764892578,30.620685577392578
sample_04,11833,7195,823405.5932897511,8265099.127407737,50.3983039855957,33.72197341918945
sample_04,11833,7196,823415.5932897511,8265099.127407737,28.059722900390625,70.54058837890625
sample_04,11834,7177,823225.5932897511,8265089.127407737,67.13434600830078,106.70523834228516
sample_04,11834,7178,823235.5932897511,8265089.127407737,148.43670654296875,78.56851196289062
sample_04,11834,7179,823245.5932897511,8265089.127407737,227.62796020507812,38.866092681884766
sample_04,11834,7180,823255.5932897511,8265089.127407737,428.9572448730469,11.251751899719238
sample_04,11834,7181,823265.5932897511,8265089.127407737,497.1819763183594,60.71804428100586
sample_04,11834,7182,823275.5932897511,8265089.127407737,459.4916687011719,53.42367172241211
sample_04,11834,7183,823285.5932897511,8265089.127407737,426.17425537109375,69.65222930908203
sample_04,11834,7184,823295.5932897511,8265089.127407737,317.0133972167969,72.8000259399414
sample_04,11834,7185,823305.5932897511,8265089.127407737,157.1641082763672,54.432823181152344
sample_04,11834,7186,823315.5932897511,8265089.127407737,182.0307159423828,73.43829345703125
sample_04,11834,7187,823325.5932897511,8265089.127407737,210.4611358642578,65.64848327636719
sample_04,11834,7188,823335.5932897511,8265089.127407737,89.69893646240234,18.69760513305664
sample_04,11834,7189,823345.5932897511,8265089.127407737,117.31783294677734,182.76844787597656
sample_04,11834,7190,823355.5932897511,8265089.127407737,143.91761779785156,197.33091735839844
sample_04,11834,7191,823365.5932897511,8265089.127407737,215.6157684326172,132.32318115234375
sample_04,11834,7192,823375.5932897511,8265089.127407737,224.33250427246094,98.44036102294922
sample_04,11834,7193,823385.5932897511,8265089.127407737,226.41250610351562,76.82691955566406
sample_04,11834,7194,823395.5932897511,8265089.127407737,335.75274658203125,11.791141510009766
sample_04,11834,7195,823405.5932897511,8265089.127407737,206.1124267578125,23.78168487548828
sample_04,11834,7196,823415.5932897511,8265089.127407737,145.9361114501953,54.196311950683594
sample_04,11835,7177,823225.5932897511,8265079.127407737,75.2105484008789,93.87969970703125
sample_04,11835,7178,823235.5932897511,8265079.127407737,188.82676696777344,55.94493103027344
sample_04,11835,7179,823245.5932897511,8265079.127407737,158.8977508544922,26.34552001953125
sample_04,11835,7180,823255.5932897511,8265079.127407737,48.91262435913086,15.579619407653809
sample_04,11835,7181,823265.5932897511,8265079.127407737,169.39212036132812,248.88113403320312
sample_04,11835,7182,823275.5932897511,8265079.127407737,247.3376922607422,238.32176208496094
sample_04,11835,7183,823285.5932897511,8265079.127407737,291.6118469238281,92.6199951171875
sample_04,11835,7184,823295.5932897511,8265079.127407737,320.0724792480469,61.28059387207031
sample_04,11835,7185,823305.5932897511,8265079.127407737,202.42343139648438,72.32061767578125
sample_04,11835,7186,823315.5932897511,8265079.127407737,26.868663787841797,130.9470672607422
sample_04,11835,7187,823325.5932897511,8265079.127407737,254.30848693847656,216.07644653320312
sample_04,11835,7188,823335.5932897511,8265079.127407737,304.2237243652344,239.8581085205078
sample_04,11835,7189,823345.5932897511,8265079.127407737,131.95877075195312,265.5794982910156
sample_04,11835,7190,823355.5932897511,8265079.127407737,62.4426383972168,218.67718505859375
sample_04,11835,7191,823365.5932897511,8265079.127407737,27.16682243347168,141.1495361328125
sample_04,11835,7192,823375.5932897511,8265079.127407737,150.38360595703125,69.68998718261719
sample_04,11835,7193,823385.5932897511,8265079.127407737,168.38253784179688,84.92969512939453
sample_04,11835,7194,823395.5932897511,8265079.127407737,188.78321838378906,96.54057312011719
sample_04,11835,7195,823405.5932897511,8265079.127407737,169.9623565673828,46.65571212768555
sample_04,11835,7196,823415.5932897511,8265079.127407737,188.52467346191406,53.80437088012695
sample_04,11836,7177,823225.5932897511,8265069.127407737,151.51571655273438,120.9075698852539
sample_04,11836,7178,823235.5932897511,8265069.127407737,221.6693115234375,59.05937957763672
sample_04,11836,7179,823245.5932897511,8265069.127407737,125.9660873413086,43.071693420410156
sample_04,11836,7180,823255.5932897511,8265069.127407737,29.94447135925293,84.9754409790039
sample_04,11836,7181,823265.5932897511,8265069.127407737,82.9588851928711,295.8337097167969
sample_04,11836,7182,823275.5932897511,8265069.127407737,109.5887680053711,231.53399658203125
sample_04,11836,7183,823285.5932897511,8265069.127407737,171.94564819335938,86.5967025756836
sample_04,11836,7184,823295.5932897511,8265069.127407737,397.0061950683594,44.702754974365234
sample_04,11836,7185,823305.5932897511,8265069.127407737,297.7296142578125,27.483247756958008
sample_04,11836,7186,823315.5932897511,8265069.127407737,90.01510620117188,56.310760498046875
sample_04,11836,7187,823325.5932897511,8265069.127407737,268.10382080078125,149.25985717773438
sample_04,11836,7188,823335.5932897511,8265069.127407737,273.9359130859375,213.77749633789062
sample_04,11836,7189,823345.5932897511,8265069.127407737,58.123085021972656,216.3130645751953
sample_04,11836,7190,823355.5932897511,8265069.127407737,34.93254089355469,138.4595489501953
sample_04,11836,7191,823365.5932897511,8265069.127407737,23.35938835144043,70.77368927001953
sample_04,11836,7192,823375.5932897511,8265069.127407737,74.31640625,31.051969528198242
sample_04,11836,7193,823385.5932897511,8265069.127407737,113.20587921142578,75.42369842529297
sample_04,11836,7194,823395.5932897511,8265069.127407737,99.47044372558594,110.27713012695312
sample_04,11836,7195,823405.5932897511,8265069.127407737,89.75728607177734,60.00107955932617
sample_04,11836,7196,823415.5932897511,8265069.127407737,70.52030181884766,69.03892517089844
sample_04,11837,7177,823225.5932897511,8265059.127407737,192.20779418945312,168.0938720703125
sample_04,11837,7178,823235.5932897511,8265059.127407737,75.13540649414062,33.178565979003906
sample_04,11837,7179,823245.5932897511,8265059.127407737,39.440956115722656,45.354637145996094
sample_04,11837,7180,823255.5932897511,8265059.127407737,40.016780853271484,89.29499053955078
sample_04,11837,7181,823265.5932897511,8265059.127407737,80.4373550415039,224.84852600097656
sample_04,11837,7182,823275.5932897511,8265059.127407737,30.863874435424805,133.32656860351562
sample_04,11837,7183,823285.5932897511,8265059.127407737,115.63236999511719,76.47962951660156
sample_04,11837,7184,823295.5932897511,8265059.127407737,353.34735107421875,111.79174041748047
sample_04,11837,7185,823305.5932897511,8265059.127407737,221.0569610595703,47.55997848510742
sample_04,11837,7186,823315.5932897511,8265059.127407737,115.99584197998047,64.12664794921875
sample_04,11837,7187,823325.5932897511,8265059.127407737,195.1048126220703,130.15518188476562
sample_04,11837,7188,823335.5932897511,8265059.127407737,114.10164642333984,44.518341064453125
sample_04,11837,7189,823345.5932897511,8265059.127407737,55.605430603027344,52.850242614746094
sample_04,11837,7190,823355.5932897511,8265059.127407737,190.10971069335938,41.6166877746582
sample_04,11837,7191,823365.5932897511,8265059.127407737,158.56825256347656,84.07105255126953
sample_04,11837,7192,823375.5932897511,8265059.127407737,103.67079162597656,94.10458374023438
sample_04,11837,7193,823385.5932897511,8265059.127407737,129.39312744140625,56.23658752441406
sample_04,11837,7194,823395.5932897511,8265059.127407737,122.626708984375,54.52797317504883
sample_04,11837,7195,823405.5932897511,8265059.127407737,83.27606964111328,58.02714920043945
sample_04,11837,7196,823415.5932897511,8265059.127407737,195.60899353027344,44.22575378417969
sample_05,11832,7432,825775.5932897511,8265109.127407737,256.8922424316406,59.1443977355957
sample_05,11832,7433,825785.5932897511,8265109.127407737,197.99212646484375,166.38304138183594
sample_05,11832,7434,825795.5932897511,8265109.127407737,170.50576782226562,125.17833709716797
sample_05,11832,7435,825805.5932897511,8265109.127407737,264.6841735839844,62.967811584472656
sample_05,11832,7436,825815.5932897511,8265109.127407737,134.04116821289062,81.08587646484375
sample_05,11832,7437,825825.5932897511,8265109.127407737,187.95578002929688,103.39157104492188
sample_05,11832,7438,825835.5932897511,8265109.127407737,482.95843505859375,88.36434936523438
sample_05,11832,7439,825845.5932897511,8265109.127407737,204.42971801757812,51.90760803222656
sample_05,11832,7440,825855.5932897511,8265109.127407737,53.65732955932617,46.531341552734375
sample_05,11832,7441,825865.5932897511,8265109.127407737,67.92284393310547,25.135765075683594
sample_05,11832,7442,825875.5932897511,8265109.127407737,154.54537963867188,29.430959701538086
sample_05,11832,7443,825885.5932897511,8265109.127407737,332.77423095703125,25.22300148010254
sample_05,11832,7444,825895.5932897511,8265109.127407737,586.0667114257812,28.334209442138672
sample_05,11832,7445,825905.5932897511,8265109.127407737,418.34075927734375,93.93033599853516
sample_05,11832,7446,825915.5932897511,8265109.127407737,231.46246337890625,219.01141357421875
sample_05,11832,7447,825925.5932897511,8265109.127407737,514.3963623046875,171.66123962402344
sample_05,11832,7448,825935.5932897511,8265109.127407737,434.6669921875,163.38525390625
sample_05,11832,7449,825945.5932897511,8265109.127407737,48.81254196166992,192.5063018798828
sample_05,11832,7450,825955.5932897511,8265109.127407737,267.948486328125,137.20297241210938
sample_05,11832,7451,825965.5932897511,8265109.127407737,250.0790557861328,72.9546890258789
sample_05,11833,7432,825775.5932897511,8265099.127407737,300.46319580078125,131.90475463867188
sample_05,11833,7433,825785.5932897511,8265099.127407737,205.07388305664062,253.5752410888672
sample_05,11833,7434,825795.5932897511,8265099.127407737,99.04335021972656,176.26168823242188
sample_05,11833,7435,825805.5932897511,8265099.127407737,31.400949478149414,61.82001876831055
sample_05,11833,7436,825815.5932897511,8265099.127407737,73.08609771728516,48.54914093017578
sample_05,11833,7437,825825.5932897511,8265099.127407737,200.3859405517578,57.380958557128906
sample_05,11833,7438,825835.5932897511,8265099.127407737,376.83544921875,70.0624008178711
sample_05,11833,7439,825845.5932897511,8265099.127407737,162.92098999023438,54.404518127441406
sample_05,11833,7440,825855.5932897511,8265099.127407737,64.62117767333984,27.855680465698242
sample_05,11833,7441,825865.5932897511,8265099.127407737,105.95594787597656,36.01704788208008
sample_05,11833,7442,825875.5932897511,8265099.127407737,90.75419616699219,110.46965789794922
sample_05,11833,7443,825885.5932897511,8265099.127407737,193.30296325683594,132.6154022216797
sample_05,11833,7444,825895.5932897511,8265099.127407737,443.9713134765625,118.47833251953125
sample_05,11833,7445,825905.5932897511,8265099.127407737,313.12396240234375,38.74992370605469
sample_05,11833,7446,825915.5932897511,8265099.127407737,196.82867431640625,13.235880851745605
sample_05,11833,7447,825925.5932897511,8265099.127407737,288.25970458984375,24.742279052734375
sample_05,11833,7448,825935.5932897511,8265099.127407737,211.2290496826172,69.25643920898438
sample_05,11833,7449,825945.5932897511,8265099.127407737,110.1806411743164,127.44196319580078
sample_05,11833,7450,825955.5932897511,8265099.127407737,304.325927734375,174.49400329589844
sample_05,11833,7451,825965.5932897511,8265099.127407737,245.06422424316406,102.95209503173828
sample_05,11834,7432,825775.5932897511,8265089.127407737,304.56243896484375,148.3128662109375
sample_05,11834,7433,825785.5932897511,8265089.127407737,177.0359649658203,203.53643798828125
sample_05,11834,7434,825795.5932897511,8265089.127407737,60.83654022216797,148.96875
sample_05,11834,7435,825805.5932897511,8265089.127407737,105.9239730834961,91.61935424804688
sample_05,11834,7436,825815.5932897511,8265089.127407737,237.3213348388672,58.848148345947266
sample_05,11834,7437,825825.5932897511,8265089.127407737,225.2550811767578,37.833534240722656
sample_05,11834,7438,825835.5932897511,8265089.127407737,239.27255249023438,52.483497619628906
sample_05,11834,7439,825845.5932897511,8265089.127407737,191.271728515625,118.06642150878906
sample_05,11834,7440,825855.5932897511,8265089.127407737,130.0562286376953,72.65264892578125
sample_05,11834,7441,825865.5932897511,8265089.127407737,112.92367553710938,50.65797805786133
sample_05,11834,7442,825875.5932897511,8265089.127407737,101.9122085571289,96.75724029541016
sample_05,11834,7443,825885.5932897511,8265089.127407737,73.2330093383789,207.71278381347656
sample_05,11834,7444,825895.5932897511,8265089.127407737,60.708126068115234,223.50112915039062
sample_05,11834,7445,825905.5932897511,8265089.127407737,57.142417907714844,57.127994537353516
sample_05,11834,7446,825915.5932897511,8265089.127407737,98.67108917236328,29.284753799438477
sample_05,11834,7447,825925.5932897511,8265089.127407737,153.11111450195312,44.96477508544922
sample_05,11834,7448,825935.5932897511,8265089.127407737,103.34095764160156,43.00642395019531
sample_05,11834,7449,825945.5932897511,8265089.127407737,130.83694458007812,111.24082946777344
sample_05,11834,7450,825955.5932897511,8265089.127407737,250.22781372070312,256.859130859375
sample_05,11834,7451,825965.5932897511,8265089.127407737,137.2110137939453,142.735107421875
sample_05,11835,7432,825775.5932897511,8265079.127407737,241.96112060546875,81.35132598876953
sample_05,11835,7433,825785.5932897511,8265079.127407737,151.48208618164062,84.80411529541016
sample_05,11835,7434,825795.5932897511,8265079.127407737,31.254871368408203,100.54854583740234
sample_05,11835,7435,825805.5932897511,8265079.127407737,167.3574981689453,84.90937805175781
sample_05,11835,7436,825815.5932897511,8265079.127407737,335.2144470214844,69.0952377319336
sample_05,11835,7437,825825.5932897511,8265079.127407737,265.4786682128906,39.33119201660156
sample_05,11835,7438,825835.5932897511,8265079.127407737,266.9299011230469,24.7252254486084
sample_05,11835,7439,825845.5932897511,8265079.127407737,263.4593811035156,54.40329360961914
sample_05,11835,7440,825855.5932897511,8265079.127407737,126.60192108154297,111.41705322265625
sample_05,11835,7441,825865.5932897511,8265079.127407737,119.01679229736328,76.2442855834961
sample_05,11835,7442,825875.5932897511,8265079.127407737,167.82200622558594,32.088260650634766
sample_05,11835,7443,825885.5932897511,8265079.127407737,112.3252944946289,264.2198791503906
sample_05,11835,7444,825895.5932897511,8265079.127407737,74.90719604492188,267.6831970214844
sample_05,11835,7445,825905.5932897511,8265079.127407737,58.2290153503418,54.65110778808594
sample_05,11835,7446,825915.5932897511,8265079.127407737,115.20458984375,34.5497932434082
sample_05,11835,7447,825925.5932897511,8265079.127407737,117.9306640625,48.30683517456055
sample_05,11835,7448,825935.5932897511,8265079.127407737,51.0731315612793,44.2317008972168
sample_05,11835,7449,825945.5932897511,8265079.127407737,74.28252410888672,70.86981964111328
sample_05,11835,7450,825955.5932897511,8265079.127407737,119.91243743896484,114.5984878540039
sample_05,11835,7451,825965.5932897511,8265079.127407737,55.850914001464844,65.0743637084961
sample_05,11836,7432,825775.5932897511,8265069.127407737,167.94842529296875,36.833335876464844
sample_05,11836,7433,825785.5932897511,8265069.127407737,88.40824890136719,44.57568359375
sample_05,11836,7434,825795.5932897511,8265069.127407737,31.46061897277832,71.52953338623047
sample_05,11836,7435,825805.5932897511,8265069.127407737,163.53384399414062,53.8549690246582
sample_05,11836,7436,825815.5932897511,8265069.127407737,255.31793212890625,80.47872161865234
sample_05,11836,7437,825825.5932897511,8265069.127407737,249.31553649902344,128.0295867919922
sample_05,11836,7438,825835.5932897511,8265069.127407737,267.7439270019531,48.449745178222656
sample_05,11836,7439,825845.5932897511,8265069.127407737,256.3222961425781,49.65758514404297
sample_05,11836,7440,825855.5932897511,8265069.127407737,117.46636199951172,167.00637817382812
sample_05,11836,7441,825865.5932897511,8265069.127407737,122.8060302734375,115.37783813476562
sample_05,11836,7442,825875.5932897511,8265069.127407737,168.81463623046875,51.12607955932617
sample_05,11836,7443,825885.5932897511,8265069.127407737,114.11079406738281,142.3779296875
sample_05,11836,7444,825895.5932897511,8265069.127407737,81.40435028076172,223.4747772216797
sample_05,11836,7445,825905.5932897511,8265069.127407737,81.57368469238281,149.72764587402344
sample_05,11836,7446,825915.5932897511,8265069.127407737,186.7062225341797,36.335418701171875
sample_05,11836,7447,825925.5932897511,8265069.127407737,187.06625366210938,25.046110153198242
sample_05,11836,7448,825935.5932897511,8265069.127407737,102.65653228759766,52.93478775024414
sample_05,11836,7449,825945.5932897511,8265069.127407737,57.69438552856445,44.010581970214844
sample_05,11836,7450,825955.5932897511,8265069.127407737,46.669498443603516,51.92203140258789
sample_05,11836,7451,825965.5932897511,8265069.127407737,19.251008987426758,34.7483024597168
sample_05,11837,7432,825775.5932897511,8265059.127407737,57.058223724365234,45.56747055053711
sample_05,11837,7433,825785.5932897511,8265059.127407737,51.50126266479492,40.82072067260742
sample_05,11837,7434,825795.5932897511,8265059.127407737,102.25408172607422,45.008392333984375
sample_05,11837,7435,825805.5932897511,8265059.127407737,173.79762268066406,36.887367248535156
sample_05,11837,7436,825815.5932897511,8265059.127407737,219.57522583007812,112.70970916748047
sample_05,11837,7437,825825.5932897511,8265059.127407737,232.26992797851562,172.3950653076172
sample_05,11837,7438,825835.5932897511,8265059.127407737,217.48606872558594,57.471702575683594
sample_05,11837,7439,825845.5932897511,8265059.127407737,247.53236389160156,60.030582427978516
sample_05,11837,7440,825855.5932897511,8265059.127407737,245.50035095214844,133.33706665039062
sample_05,11837,7441,825865.5932897511,8265059.127407737,191.85586547851562,55.202171325683594
sample_05,11837,7442,825875.5932897511,8265059.127407737,183.1021728515625,23.62287139892578
sample_05,11837,7443,825885.5932897511,8265059.127407737,157.1805419921875,41.81182861328125
sample_05,11837,7444,825895.5932897511,8265059.127407737,114.35877227783203,224.20765686035156
sample_05,11837,7445,825905.5932897511,8265059.127407737,102.99175262451172,298.5650939941406
sample_05,11837,7446,825915.5932897511,8265059.127407737,195.14366149902344,81.13092803955078
sample_05,11837,7447,825925.5932897511,8265059.127407737,319.2908630371094,47.223148345947266
sample_05,11837,7448,825935.5932897511,8265059.127407737,300.3536071777344,49.70105743408203
sample_05,11837,7449,825945.5932897511,8265059.127407737,137.92657470703125,35.66628646850586
sample_05,11837,7450,825955.5932897511,8265059.127407737,45.88275146484375,50.84364700317383
sample_05,11837,7451,825965.5932897511,8265059.127407737,80.01158905029297,84.84685516357422
sample_05,11838,7432,825775.5932897511,8265049.127407737,45.14372253417969,102.15850067138672
sample_05,11838,7433,825785.5932897511,8265049.127407737,27.689380645751953,57.5302734375
sample_05,11838,7434,825795.5932897511,8265049.127407737,175.68243408203125,39.63236618041992
sample_05,11838,7435,825805.5932897511,8265049.127407737,366.57659912109375,31.639707565307617
sample_05,11838,7436,825815.5932897511,8265049.127407737,220.40538024902344,111.60653686523438
sample_05,11838,7437,825825.5932897511,8265049.127407737,170.23377990722656,153.3048553466797
sample_05,11838,7438,825835.5932897511,8265049.127407737,98.91839599609375,53.76233673095703
sample_05,11838,7439,825845.5932897511,8265049.127407737,129.19776916503906,88.42887115478516
sample_05,11838,7440,825855.5932897511,8265049.127407737,217.3748779296875,114.58984375
sample_05,11838,7441,825865.5932897511,8265049.127407737,317.9051208496094,50.343505859375
sample_05,11838,7442,825875.5932897511,8265049.127407737,232.37120056152344,16.622739791870117
sample_05,11838,7443,825885.5932897511,8265049.127407737,233.5091552734375,22.234867095947266
sample_05,11838,7444,825895.5932897511,8265049.127407737,242.0646514892578,98.28118133544922
sample_05,11838,7445,825905.5932897511,8265049.127407737,200.67739868164062,138.02606201171875
sample_05,11838,7446,825915.5932897511,8265049.127407737,203.9471893310547,79.18321990966797
sample_05,11838,7447,825925.5932897511,8265049.127407737,356.5566101074219,44.80657196044922
sample_05,11838,7448,825935.5932897511,8265049.127407737,420.3798522949219,48.60881042480469
sample_05,11838,7449,825945.5932897511,8265049.127407737,340.69549560546875,73.42916107177734
sample_05,11838,7450,825955.5932897511,8265049.127407737,130.8008575439453,49.76189041137695
sample_05,11838,7451,825965.5932897511,8265049.127407737,214.2604217529297,53.586082458496094
sample_05,11839,7432,825775.5932897511,8265039.127407737,249.02218627929688,76.29633331298828
sample_05,11839,7433,825785.5932897511,8265039.127407737,153.00962829589844,78.65779113769531
sample_05,11839,7434,825795.5932897511,8265039.127407737,305.58416748046875,53.37923812866211
sample_05,11839,7435,825805.5932897511,8265039.127407737,482.6333923339844,38.416053771972656
sample_05,11839,7436,825815.5932897511,8265039.127407737,169.5694580078125,16.79917335510254
sample_05,11839,7437,825825.5932897511,8265039.127407737,103.96952819824219,46.895320892333984
sample_05,11839,7438,825835.5932897511,8265039.127407737,114.88011169433594,45.48857879638672
sample_05,11839,7439,825845.5932897511,8265039.127407737,128.152099609375,77.64816284179688
sample_05,11839,7440,825855.5932897511,8265039.127407737,229.53271484375,94.89804077148438
sample_05,11839,7441,825865.5932897511,8265039.127407737,502.9918212890625,82.57408142089844
sample_05,11839,7442,825875.5932897511,8265039.127407737,211.3726043701172,42.150352478027344
sample_05,11839,7443,825885.5932897511,8265039.127407737,97.99036407470703,85.77615356445312
sample_05,11839,7444,825895.5932897511,8265039.127407737,166.19537353515625,193.96192932128906
sample_05,11839,7445,825905.5932897511,8265039.127407737,222.5754852294922,106.35260772705078
sample_05,11839,7446,825915.5932897511,8265039.127407737,207.66787719726562,64.00980377197266
sample_05,11839,7447,825925.5932897511,8265039.127407737,196.64329528808594,19.79201889038086
sample_05,11839,7448,825935.5932897511,8265039.127407737,218.74673461914062,27.250314712524414
sample_05,11839,7449,825945.5932897511,8265039.127407737,215.86915588378906,54.55025100708008
sample_05,11839,7450,825955.5932897511,8265039.127407737,161.5714569091797,71.68299102783203
sample_05,11839,7451,825965.5932897511,8265039.127407737,322.9263916015625,121.49307250976562
sample_05,11840,7432,825775.5932897511,8265029.127407737,239.2633819580078,76.71806335449219
sample_05,11840,7433,825785.5932897511,8265029.127407737,233.66712951660156,109.0784683227539
sample_05,11840,7434,825795.5932897511,8265029.127407737,321.02294921875,78.21782684326172
sample_05,11840,7435,825805.5932897511,8265029.127407737,304.26995849609375,112.04181671142578
sample_05,11840,7436,825815.5932897511,8265029.127407737,128.08383178710938,183.6310577392578
sample_05,11840,7437,825825.5932897511,8265029.127407737,198.6310272216797,75.23417663574219
sample_05,11840,7438,825835.5932897511,8265029.127407737,204.24269104003906,39.13032913208008
sample_05,11840,7439,825845.5932897511,8265029.127407737,177.65658569335938,45.77381896972656
sample_05,11840,7440,825855.5932897511,8265029.127407737,112.25872039794922,44.90171813964844
sample_05,11840,7441,825865.5932897511,8265029.127407737,122.54985809326172,48.235191345214844
sample_05,11840,7442,825875.5932897511,8265029.127407737,74.85834503173828,34.81596374511719
sample_05,11840,7443,825885.5932897511,8265029.127407737,56.93136215209961,110.2844009399414
sample_05,11840,7444,825895.5932897511,8265029.127407737,106.58914184570312,216.47967529296875
sample_05,11840,7445,825905.5932897511,8265029.127407737,254.58506774902344,74.78145599365234
sample_05,11840,7446,825915.5932897511,8265029.127407737,249.3790740966797,24.293277740478516
sample_05,11840,7447,825925.5932897511,8265029.127407737,166.48069763183594,33.35329055786133
sample_05,11840,7448,825935.5932897511,8265029.127407737,224.3365020751953,60.61500930786133
sample_05,11840,7449,825945.5932897511,8265029.127407737,335.83154296875,87.6257553100586
sample_05,11840,7450,825955.5932897511,8265029.127407737,403.3309631347656,124.4892349243164
sample_05,11840,7451,825965.5932897511,8265029.127407737,266.2501525878906,321.367431640625
sample_05,11841,7432,825775.5932897511,8265019.127407737,59.287071228027344,79.1784896850586
sample_05,11841,7433,825785.5932897511,8265019.127407737,90.8945541381836,97.31792449951172
sample_05,11841,7434,825795.5932897511,8265019.127407737,264.357666015625,99.99068450927734
sample_05,11841,7435,825805.5932897511,8265019.127407737,232.77499389648438,198.82359313964844
sample_05,11841,7436,825815.5932897511,8265019.127407737,165.57583618164062,279.53216552734375
sample_05,11841,7437,825825.5932897511,8265019.127407737,312.2940368652344,101.42774963378906
sample_05,11841,7438,825835.5932897511,8265019.127407737,280.9712219238281,38.4180793762207
sample_05,11841,7439,825845.5932897511,8265019.127407737,119.53438568115234,62.915069580078125
sample_05,11841,7440,825855.5932897511,8265019.127407737,168.37396240234375,35.0131721496582
sample_05,11841,7441,825865.5932897511,8265019.127407737,142.91915893554688,34.73226547241211
sample_05,11841,7442,825875.5932897511,8265019.127407737,108.67607879638672,41.659000396728516
sample_05,11841,7443,825885.5932897511,8265019.127407737,87.92340087890625,69.17106628417969
sample_05,11841,7444,825895.5932897511,8265019.127407737,92.2698974609375,78.6776123046875
sample_05,11841,7445,825905.5932897511,8265019.127407737,179.66055297851562,15.969161987304688
sample_05,11841,7446,825915.5932897511,8265019.127407737,155.42681884765625,20.910778045654297
sample_05,11841,7447,825925.5932897511,8265019.127407737,134.5478057861328,45.21854019165039
sample_05,11841,7448,825935.5932897511,8265019.127407737,230.1788330078125,85.4334487915039
sample_05,11841,7449,825945.5932897511,8265019.127407737,669.1942138671875,131.49632263183594
sample_05,11841,7450,825955.5932897511,8265019.127407737,911.69189453125,173.45187377929688
sample_05,11841,7451,825965.5932897511,8265019.127407737,352.42547607421875,253.1463623046875
sample_05,11842,7432,825775.5932897511,8265009.127407737,117.59943389892578,83.61238861083984
sample_05,11842,7433,825785.5932897511,8265009.127407737,130.99136352539062,109.41230773925781
sample_05,11842,7434,825795.5932897511,8265009.127407737,218.5060272216797,135.38836669921875
sample_05,11842,7435,825805.5932897511,8265009.127407737,168.00851440429688,227.14471435546875
sample_05,11842,7436,825815.5932897511,8265009.127407737,154.4165802001953,287.2223205566406
sample_05,11842,7437,825825.5932897511,8265009.127407737,206.3571319580078,146.96229553222656
sample_05,11842,7438,825835.5932897511,8265009.127407737,164.45619201660156,72.01879119873047
sample_05,11842,7439,825845.5932897511,8265009.127407737,108.41567993164062,52.725955963134766
sample_05,11842,7440,825855.5932897511,8265009.127407737,176.108154296875,45.2569694519043
sample_05,11842,7441,825865.5932897511,8265009.127407737,256.4779357910156,41.540313720703125
sample_05,11842,7442,825875.5932897511,8265009.127407737,256.7729187011719,57.52553176879883
sample_05,11842,7443,825885.5932897511,8265009.127407737,252.74221801757812,47.69644546508789
sample_05,11842,7444,825895.5932897511,8265009.127407737,156.66705322265625,48.84062576293945
sample_05,11842,7445,825905.5932897511,8265009.127407737,96.15814208984375,34.0556526184082
sample_05,11842,7446,825915.5932897511,8265009.127407737,114.80618286132812,58.39426040649414
sample_05,11842,7447,825925.5932897511,8265009.127407737,79.96588897705078,69.56531524658203
sample_05,11842,7448,825935.5932897511,8265009.127407737,87.18719482421875,54.15740203857422
sample_05,11842,7449,825945.5932897511,8265009.127407737,496.67462158203125,71.2450180053711
sample_05,11842,7450,825955.5932897511,8265009.127407737,605.0263061523438,95.23873138427734
sample_05,11842,7451,825965.5932897511,8265009.127407737,204.0540313720703,127.90193176269531
sample_05,11843,7432,825775.5932897511,8264999.127407737,111.09996795654297,50.947975158691406
sample_05,11843,7433,825785.5932897511,8264999.127407737,125.11898803710938,96.63330078125
sample_05,11843,7434,825795.5932897511,8264999.127407737,110.5418472290039,133.90867614746094
sample_05,11843,7435,825805.5932897511,8264999.127407737,57.81369400024414,83.06971740722656
sample_05,11843,7436,825815.5932897511,8264999.127407737,123.22393035888672,127.04151153564453
sample_05,11843,7437,825825.5932897511,8264999.127407737,196.6429443359375,131.36073303222656
sample_05,11843,7438,825835.5932897511,8264999.127407737,154.1413116455078,68.39187622070312
sample_05,11843,7439,825845.5932897511,8264999.127407737,93.93818664550781,62.58271026611328
sample_05,11843,7440,825855.5932897511,8264999.127407737,39.474552154541016,99.68336486816406
sample_05,11843,7441,825865.5932897511,8264999.127407737,293.02191162109375,48.63819885253906
sample_05,11843,7442,825875.5932897511,8264999.127407737,338.0244445800781,34.7255973815918
sample_05,11843,7443,825885.5932897511,8264999.127407737,266.5940246582031,33.93385696411133
sample_05,11843,7444,825895.5932897511,8264999.127407737,124.97151947021484,37.99628829956055
sample_05,11843,7445,825905.5932897511,8264999.127407737,61.50262451171875,82.11823272705078
sample_05,11843,7446,825915.5932897511,8264999.127407737,191.9700469970703,164.10108947753906
sample_05,11843,7447,825925.5932897511,8264999.127407737,100.58051300048828,314.4752197265625
sample_05,11843,7448,825935.5932897511,8264999.127407737,61.73595428466797,333.7642822265625
sample_05,11843,7449,825945.5932897511,8264999.127407737,265.4629211425781,142.521728515625
sample_05,11843,7450,825955.5932897511,8264999.127407737,295.05181884765625,57.37477111816406
sample_05,11843,7451,825965.5932897511,8264999.127407737,130.48541259765625,12.297052383422852
sample_05,11844,7432,825775.5932897511,8264989.127407737,69.28096008300781,1.8507862091064453
sample_05,11844,7433,825785.5932897511,8264989.127407737,80.83718872070312,13.492928504943848
sample_05,11844,7434,825795.5932897511,8264989.127407737,144.42337036132812,42.98443603515625
sample_05,11844,7435,825805.5932897511,8264989.127407737,190.2810516357422,39.93306350708008
sample_05,11844,7436,825815.5932897511,8264989.127407737,214.6015167236328,65.25235748291016
sample_05,11844,7437,825825.5932897511,8264989.127407737,223.1640167236328,93.0921859741211
sample_05,11844,7438,825835.5932897511,8264989.127407737,197.4439697265625,61.65166091918945
sample_05,11844,7439,825845.5932897511,8264989.127407737,149.5032196044922,88.5206069946289
sample_05,11844,7440,825855.5932897511,8264989.127407737,118.29039764404297,108.45964813232422
sample_05,11844,7441,825865.5932897511,8264989.127407737,243.9938201904297,64.66123962402344
sample_05,11844,7442,825875.5932897511,8264989.127407737,256.2027587890625,34.59745407104492
sample_05,11844,7443,825885.5932897511,8264989.127407737,179.20022583007812,26.60298728942871
sample_05,11844,7444,825895.5932897511,8264989.127407737,61.36663818359375,11.571176528930664
sample_05,11844,7445,825905.5932897511,8264989.127407737,32.47226333618164,84.91253662109375
sample_05,11844,7446,825915.5932897511,8264989.127407737,99.74679565429688,197.71499633789062
sample_05,11844,7447,825925.5932897511,8264989.127407737,78.0551528930664,321.6475524902344
sample_05,11844,7448,825935.5932897511,8264989.127407737,32.701351165771484,355.0587158203125
sample_05,11844,7449,825945.5932897511,8264989.127407737,18.410289764404297,186.218017578125
sample_05,11844,7450,825955.5932897511,8264989.127407737,129.6494903564453,112.57313537597656
sample_05,11844,7451,825965.5932897511,8264989.127407737,176.03443908691406,50.72112274169922
sample_05,11845,7432,825775.5932897511,8264979.127407737,160.14199829101562,2.9441494941711426
sample_05,11845,7433,825785.5932897511,8264979.127407737,80.70045471191406,6.036426544189453
sample_05,11845,7434,825795.5932897511,8264979.127407737,138.19871520996094,26.274152755737305
sample_05,11845,7435,825805.5932897511,8264979.127407737,249.74131774902344,43.17359161376953
sample_05,11845,7436,825815.5932897511,8264979.127407737,296.4344177246094,25.82594871520996
sample_05,11845,7437,825825.5932897511,8264979.127407737,208.22451782226562,45.10611343383789
sample_05,11845,7438,825835.5932897511,8264979.127407737,86.88977813720703,68.7557601928711
sample_05,11845,7439,825845.5932897511,8264979.127407737,199.6155548095703,60.50513458251953
sample_05,11845,7440,825855.5932897511,8264979.127407737,166.2233123779297,69.27078247070312
sample_05,11845,7441,825865.5932897511,8264979.127407737,116.50716400146484,64.62138366699219
sample_05,11845,7442,825875.5932897511,8264979.127407737,106.95259094238281,37.84474563598633
sample_05,11845,7443,825885.5932897511,8264979.127407737,164.0134735107422,18.739290237426758
sample_05,11845,7444,825895.5932897511,8264979.127407737,251.5700225830078,31.735828399658203
sample_05,11845,7445,825905.5932897511,8264979.127407737,191.91995239257812,63.31863784790039
sample_05,11845,7446,825915.5932897511,8264979.127407737,139.00601196289062,131.97500610351562
sample_05,11845,7447,825925.5932897511,8264979.127407737,116.69114685058594,169.72561645507812
sample_05,11845,7448,825935.5932897511,8264979.127407737,77.62531280517578,155.0404815673828
sample_05,11845,7449,825945.5932897511,8264979.127407737,43.76467514038086,121.94355010986328
sample_05,11845,7450,825955.5932897511,8264979.127407737,63.40963363647461,95.73038482666016
sample_05,11845,7451,825965.5932897511,8264979.127407737,112.9027099609375,72.69156646728516
sample_05,11846,7432,825775.5932897511,8264969.127407737,168.8998260498047,79.3295669555664
sample_05,11846,7433,825785.5932897511,8264969.127407737,40.43037796020508,25.117830276489258
sample_05,11846,7434,825795.5932897511,8264969.127407737,70.9130859375,59.382633209228516
sample_05,11846,7435,825805.5932897511,8264969.127407737,96.30133819580078,50.880531311035156
sample_05,11846,7436,825815.5932897511,8264969.127407737,131.60104370117188,41.13715744018555
sample_05,11846,7437,825825.5932897511,8264969.127407737,294.6982727050781,49.28227233886719
sample_05,11846,7438,825835.5932897511,8264969.127407737,290.6617736816406,53.4309196472168
sample_05,11846,7439,825845.5932897511,8264969.127407737,294.0331115722656,19.35869026184082
sample_05,11846,7440,825855.5932897511,8264969.127407737,168.1516571044922,15.884696960449219
sample_05,11846,7441,825865.5932897511,8264969.127407737,28.53974723815918,31.521806716918945
sample_05,11846,7442,825875.5932897511,8264969.127407737,67.93081665039062,87.26016235351562
sample_05,11846,7443,825885.5932897511,8264969.127407737,211.09190368652344,70.37617492675781
sample_05,11846,7444,825895.5932897511,8264969.127407737,368.86041259765625,51.63007736206055
sample_05,11846,7445,825905.5932897511,8264969.127407737,283.3240661621094,26.889307022094727
sample_05,11846,7446,825915.5932897511,8264969.127407737,264.737060546875,26.002151489257812
sample_05,11846,7447,825925.5932897511,8264969.127407737,197.3515625,83.01898956298828
sample_05,11846,7448,825935.5932897511,8264969.127407737,171.30224609375,66.56251525878906
sample_05,11846,7449,825945.5932897511,8264969.127407737,104.51307678222656,58.69258499145508
sample_05,11846,7450,825955.5932897511,8264969.127407737,23.26169776916504,63.06837844848633
sample_05,11846,7451,825965.5932897511,8264969.127407737,38.266292572021484,77.06642150878906
sample_06,12688,8423,835685.5932897511,8256549.127407737,410.83953857421875,288.53582763671875
sample_06,12688,8424,835695.5932897511,8256549.127407737,319.105712890625,106.35979461669922
sample_06,12688,8425,835705.5932897511,8256549.127407737,238.90200805664062,65.91222381591797
sample_06,12688,8426,835715.5932897511,8256549.127407737,304.3018493652344,32.705108642578125
sample_06,12688,8427,835725.5932897511,8256549.127407737,565.5468139648438,46.269065856933594
sample_06,12688,8428,835735.5932897511,8256549.127407737,574.6105346679688,81.74520874023438
sample_06,12688,8429,835745.5932897511,8256549.127407737,268.9802551269531,115.87225341796875
sample_06,12688,8430,835755.5932897511,8256549.127407737,522.650634765625,90.92707824707031
sample_06,12688,8431,835765.5932897511,8256549.127407737,425.3950500488281,128.53944396972656
sample_06,12688,8432,835775.5932897511,8256549.127407737,151.19229125976562,275.9386901855469
sample_06,12688,8433,835785.5932897511,8256549.127407737,75.51749420166016,194.1786346435547
sample_06,12688,8434,835795.5932897511,8256549.127407737,117.48373413085938,60.10347366333008
sample_06,12688,8435,835805.5932897511,8256549.127407737,257.7684631347656,121.16527557373047
sample_06,12688,8436,835815.5932897511,8256549.127407737,328.96173095703125,158.8355712890625
sample_06,12688,8437,835825.5932897511,8256549.127407737,355.3753967285156,94.69537353515625
sample_06,12688,8438,835835.5932897511,8256549.127407737,337.60076904296875,40.53789138793945
sample_06,12688,8439,835845.5932897511,8256549.127407737,373.331298828125,71.08999633789062
sample_06,12688,8440,835855.5932897511,8256549.127407737,361.89617919921875,130.79251098632812
sample_06,12688,8441,835865.5932897511,8256549.127407737,423.75006103515625,74.78604888916016
sample_06,12688,8442,835875.5932897511,8256549.127407737,485.4964599609375,73.4104995727539
sample_06,12689,8423,835685.5932897511,8256539.127407737,649.7772827148438,246.98558044433594
sample_06,12689,8424,835695.5932897511,8256539.127407737,564.9388427734375,20.031476974487305
sample_06,12689,8425,835705.5932897511,8256539.127407737,203.2434539794922,85.6528091430664
sample_06,12689,8426,835715.5932897511,8256539.127407737,63.07267761230469,91.91371154785156
sample_06,12689,8427,835725.5932897511,8256539.127407737,227.23622131347656,100.08511352539062
sample_06,12689,8428,835735.5932897511,8256539.127407737,383.92352294921875,127.3458023071289
sample_06,12689,8429,835745.5932897511,8256539.127407737,429.0686950683594,144.7826385498047
sample_06,12689,8430,835755.5932897511,8256539.127407737,780.7094116210938,99.49473571777344
sample_06,12689,8431,835765.5932897511,8256539.127407737,700.6365356445312,101.70276641845703
sample_06,12689,8432,835775.5932897511,8256539.127407737,115.81635284423828,150.4788818359375
sample_06,12689,8433,835785.5932897511,8256539.127407737,230.7151641845703,105.1556396484375
sample_06,12689,8434,835795.5932897511,8256539.127407737,223.0352783203125,84.6651382446289
sample_06,12689,8435,835805.5932897511,8256539.127407737,234.119873046875,108.99871826171875
sample_06,12689,8436,835815.5932897511,8256539.127407737,315.5246276855469,174.13214111328125
sample_06,12689,8437,835825.5932897511,8256539.127407737,397.1297302246094,192.64749145507812
sample_06,12689,8438,835835.5932897511,8256539.127407737,309.1034851074219,81.38510131835938
sample_06,12689,8439,835845.5932897511,8256539.127407737,240.26219177246094,157.2868194580078
sample_06,12689,8440,835855.5932897511,8256539.127407737,311.5232238769531,222.7514190673828
sample_06,12689,8441,835865.5932897511,8256539.127407737,627.1433715820312,107.54882049560547
sample_06,12689,8442,835875.5932897511,8256539.127407737,431.123779296875,57.15548324584961
sample_06,12690,8423,835685.5932897511,8256529.127407737,809.9520874023438,156.84083557128906
sample_06,12690,8424,835695.5932897511,8256529.127407737,789.9971923828125,88.71534729003906
sample_06,12690,8425,835705.5932897511,8256529.127407737,281.06243896484375,347.95025634765625
sample_06,12690,8426,835715.5932897511,8256529.127407737,138.69589233398438,261.53826904296875
sample_06,12690,8427,835725.5932897511,8256529.127407737,181.12442016601562,112.36349487304688
sample_06,12690,8428,835735.5932897511,8256529.127407737,371.5063171386719,176.76165771484375
sample_06,12690,8429,835745.5932897511,8256529.127407737,351.1233825683594,151.8169403076172
sample_06,12690,8430,835755.5932897511,8256529.127407737,135.3303985595703,80.45014190673828
sample_06,12690,8431,835765.5932897511,8256529.127407737,336.19549560546875,56.93135070800781
sample_06,12690,8432,835775.5932897511,8256529.127407737,283.56817626953125,87.63239288330078
sample_06,12690,8433,835785.5932897511,8256529.127407737,284.65045166015625,138.75157165527344
sample_06,12690,8434,835795.5932897511,8256529.127407737,286.4808044433594,159.7354736328125
sample_06,12690,8435,835805.5932897511,8256529.127407737,182.1277618408203,201.7523651123047
sample_06,12690,8436,835815.5932897511,8256529.127407737,123.62796783447266,243.92977905273438
sample_06,12690,8437,835825.5932897511,8256529.127407737,171.88546752929688,173.72256469726562
sample_06,12690,8438,835835.5932897511,8256529.127407737,209.77491760253906,37.65769958496094
sample_06,12690,8439,835845.5932897511,8256529.127407737,133.04229736328125,174.1934356689453
sample_06,12690,8440,835855.5932897511,8256529.127407737,294.6717834472656,234.26751708984375
sample_06,12690,8441,835865.5932897511,8256529.127407737,1007.5534057617188,94.03689575195312
sample_06,12690,8442,835875.5932897511,8256529.127407737,535.4796752929688,53.811256408691406
sample_06,12691,8423,835685.5932897511,8256519.127407737,413.7292175292969,54.42848587036133
sample_06,12691,8424,835695.5932897511,8256519.127407737,322.8081970214844,98.29415893554688
sample_06,12691,8425,835705.5932897511,8256519.127407737,170.53805541992188,294.82476806640625
sample_06,12691,8426,835715.5932897511,8256519.127407737,254.0054473876953,214.11207580566406
sample_06,12691,8427,835725.5932897511,8256519.127407737,322.51220703125,135.03976440429688
sample_06,12691,8428,835735.5932897511,8256519.127407737,413.1383972167969,262.7092590332031
sample_06,12691,8429,835745.5932897511,8256519.127407737,279.3163146972656,188.51199340820312
sample_06,12691,8430,835755.5932897511,8256519.127407737,73.4964599609375,81.35784149169922
sample_06,12691,8431,835765.5932897511,8256519.127407737,218.06747436523438,53.81081008911133
sample_06,12691,8432,835775.5932897511,8256519.127407737,306.8962707519531,115.13683319091797
sample_06,12691,8433,835785.5932897511,8256519.127407737,154.6561279296875,277.0827331542969
sample_06,12691,8434,835795.5932897511,8256519.127407737,249.9418182373047,281.49969482421875
sample_06,12691,8435,835805.5932897511,8256519.127407737,219.00489807128906,229.70733642578125
sample_06,12691,8436,835815.5932897511,8256519.127407737,54.950042724609375,159.47860717773438
sample_06,12691,8437,835825.5932897511,8256519.127407737,291.3981018066406,92.75938415527344
sample_06,12691,8438,835835.5932897511,8256519.127407737,312.9255676269531,19.994930267333984
sample_06,12691,8439,835845.5932897511,8256519.127407737,175.73097229003906,63.391170501708984
sample_06,12691,8440,835855.5932897511,8256519.127407737,203.1678009033203,125.5382080078125
sample_06,12691,8441,835865.5932897511,8256519.127407737,417.9425354003906,121.6738510131836
sample_06,12691,8442,835875.5932897511,8256519.127407737,246.12501525878906,81.48695373535156
sample_06,12692,8423,835685.5932897511,8256509.127407737,268.6723327636719,108.26158142089844
sample_06,12692,8424,835695.5932897511,8256509.127407737,174.96658325195312,99.5462417602539
sample_06,12692,8425,835705.5932897511,8256509.127407737,164.1022491455078,79.19612884521484
sample_06,12692,8426,835715.5932897511,8256509.127407737,400.4888610839844,31.616416931152344
sample_06,12692,8427,835725.5932897511,8256509.127407737,428.09063720703125,244.59860229492188
sample_06,12692,8428,835735.5932897511,8256509.127407737,380.8363037109375,558.665771484375
sample_06,12692,8429,835745.5932897511,8256509.127407737,205.21543884277344,247.9547576904297
sample_06,12692,8430,835755.5932897511,8256509.127407737,107.3718032836914,94.14537811279297
sample_06,12692,8431,835765.5932897511,8256509.127407737,101.40567016601562,90.00602722167969
sample_06,12692,8432,835775.5932897511,8256509.127407737,323.0868835449219,150.28073120117188
sample_06,12692,8433,835785.5932897511,8256509.127407737,565.3231201171875,238.88418579101562
sample_06,12692,8434,835795.5932897511,8256509.127407737,830.0028076171875,295.5152587890625
sample_06,12692,8435,835805.5932897511,8256509.127407737,503.1603698730469,196.9248504638672
sample_06,12692,8436,835815.5932897511,8256509.127407737,157.5876922607422,41.94858932495117
sample_06,12692,8437,835825.5932897511,8256509.127407737,829.3162231445312,21.360971450805664
sample_06,12692,8438,835835.5932897511,8256509.127407737,720.8743286132812,48.247501373291016
sample_06,12692,8439,835845.5932897511,8256509.127407737,111.08750915527344,117.7329330444336
sample_06,12692,8440,835855.5932897511,8256509.127407737,126.15177154541016,236.80274963378906
sample_06,12692,8441,835865.5932897511,8256509.127407737,109.2468490600586,232.88650512695312
sample_06,12692,8442,835875.5932897511,8256509.127407737,44.79792785644531,118.68355560302734
sample_06,12693,8423,835685.5932897511,8256499.127407737,348.0694274902344,161.5977020263672
sample_06,12693,8424,835695.5932897511,8256499.127407737,266.0933837890625,181.9512481689453
sample_06,12693,8425,835705.5932897511,8256499.127407737,165.28781127929688,137.27658081054688
sample_06,12693,8426,835715.5932897511,8256499.127407737,208.23532104492188,31.922115325927734
sample_06,12693,8427,835725.5932897511,8256499.127407737,303.65814208984375,196.85720825195312
sample_06,12693,8428,835735.5932897511,8256499.127407737,306.4120788574219,429.38397216796875
sample_06,12693,8429,835745.5932897511,8256499.127407737,177.19740295410156,205.0386962890625
sample_06,12693,8430,835755.5932897511,8256499.127407737,210.49571228027344,102.75867462158203
sample_06,12693,8431,835765.5932897511,8256499.127407737,330.2213134765625,98.98126983642578
sample_06,12693,8432,835775.5932897511,8256499.127407737,307.9239807128906,109.3232421875
sample_06,12693,8433,835785.5932897511,8256499.127407737,609.9139404296875,184.5161895751953
sample_06,12693,8434,835795.5932897511,8256499.127407737,1166.7021484375,286.99920654296875
sample_06,12693,8435,835805.5932897511,8256499.127407737,777.8864135742188,156.67076110839844
sample_06,12693,8436,835815.5932897511,8256499.127407737,589.6669921875,46.331424713134766
sample_06,12693,8437,835825.5932897511,8256499.127407737,1366.3878173828125,51.041568756103516
sample_06,12693,8438,835835.5932897511,8256499.127407737,772.2518920898438,88.72852325439453
sample_06,12693,8439,835845.5932897511,8256499.127407737,32.73291778564453,171.71041870117188
sample_06,12693,8440,835855.5932897511,8256499.127407737,119.0188217163086,366.8426818847656
sample_06,12693,8441,835865.5932897511,8256499.127407737,111.49434661865234,340.46539306640625
sample_06,12693,8442,835875.5932897511,8256499.127407737,33.05536651611328,126.92979431152344
sample_06,12694,8423,835685.5932897511,8256489.127407737,545.5813598632812,147.64981079101562
sample_06,12694,8424,835695.5932897511,8256489.127407737,1004.4564819335938,127.79900360107422
sample_06,12694,8425,835705.5932897511,8256489.127407737,647.6371459960938,89.05579376220703
sample_06,12694,8426,835715.5932897511,8256489.127407737,170.1394805908203,18.864112854003906
sample_06,12694,8427,835725.5932897511,8256489.127407737,212.65261840820312,48.4720458984375
sample_06,12694,8428,835735.5932897511,8256489.127407737,326.01531982421875,29.357084274291992
sample_06,12694,8429,835745.5932897511,8256489.127407737,351.4527282714844,36.44743728637695
sample_06,12694,8430,835755.5932897511,8256489.127407737,228.0183868408203,55.20329666137695
sample_06,12694,8431,835765.5932897511,8256489.127407737,230.13284301757812,86.40150451660156
sample_06,12694,8432,835775.5932897511,8256489.127407737,215.8390350341797,105.75554656982422
sample_06,12694,8433,835785.5932897511,8256489.127407737,396.7706604003906,154.50633239746094
sample_06,12694,8434,835795.5932897511,8256489.127407737,763.5673217773438,225.6663055419922
sample_06,12694,8435,835805.5932897511,8256489.127407737,819.3223876953125,130.7252197265625
sample_06,12694,8436,835815.5932897511,8256489.127407737,714.31787109375,82.29003143310547
sample_06,12694,8437,835825.5932897511,8256489.127407737,1013.9161376953125,84.81241607666016
sample_06,12694,8438,835835.5932897511,8256489.127407737,476.82794189453125,111.27743530273438
sample_06,12694,8439,835845.5932897511,8256489.127407737,36.28998565673828,182.1734619140625
sample_06,12694,8440,835855.5932897511,8256489.127407737,77.76496887207031,329.465087890625
sample_06,12694,8441,835865.5932897511,8256489.127407737,132.26113891601562,249.04930114746094
sample_06,12694,8442,835875.5932897511,8256489.127407737,262.1993408203125,124.55618286132812
sample_06,12695,8423,835685.5932897511,8256479.127407737,536.2568359375,132.8678436279297
sample_06,12695,8424,835695.5932897511,8256479.127407737,1368.3232421875,108.3082504272461
sample_06,12695,8425,835705.5932897511,8256479.127407737,820.0740966796875,52.042701721191406
sample_06,12695,8426,835715.5932897511,8256479.127407737,285.9101257324219,54.62784194946289
sample_06,12695,8427,835725.5932897511,8256479.127407737,169.54937744140625,158.94374084472656
sample_06,12695,8428,835735.5932897511,8256479.127407737,527.3280029296875,174.72792053222656
sample_06,12695,8429,835745.5932897511,8256479.127407737,733.016357421875,147.3941650390625
sample_06,12695,8430,835755.5932897511,8256479.127407737,215.69505310058594,94.63655090332031
sample_06,12695,8431,835765.5932897511,8256479.127407737,114.7069091796875,114.99267578125
sample_06,12695,8432,835775.5932897511,8256479.127407737,248.41372680664062,217.04421997070312
sample_06,12695,8433,835785.5932897511,8256479.127407737,198.8262939453125,210.31961059570312
sample_06,12695,8434,835795.5932897511,8256479.127407737,376.7685241699219,205.2063446044922
sample_06,12695,8435,835805.5932897511,8256479.127407737,669.3335571289062,145.59803771972656
sample_06,12695,8436,835815.5932897511,8256479.127407737,465.7291259765625,117.41027069091797
sample_06,12695,8437,835825.5932897511,8256479.127407737,143.8976287841797,111.27855682373047
sample_06,12695,8438,835835.5932897511,8256479.127407737,84.8449935913086,110.28076171875
sample_06,12695,8439,835845.5932897511,8256479.127407737,214.26026916503906,102.08524322509766
sample_06,12695,8440,835855.5932897511,8256479.127407737,351.0615234375,136.21290588378906
sample_06,12695,8441,835865.5932897511,8256479.127407737,243.63343811035156,126.17515563964844
sample_06,12695,8442,835875.5932897511,8256479.127407737,333.5190124511719,99.27722930908203
sample_06,12696,8423,835685.5932897511,8256469.127407737,511.3751525878906,119.00650787353516
sample_06,12696,8424,835695.5932897511,8256469.127407737,1092.1077880859375,111.28619384765625
sample_06,12696,8425,835705.5932897511,8256469.127407737,463.5560302734375,41.64524459838867
sample_06,12696,8426,835715.5932897511,8256469.127407737,307.2072448730469,60.1347770690918
sample_06,12696,8427,835725.5932897511,8256469.127407737,439.0892333984375,162.40536499023438
sample_06,12696,8428,835735.5932897511,8256469.127407737,627.1744384765625,231.4524688720703
sample_06,12696,8429,835745.5932897511,8256469.127407737,731.5225219726562,243.85568237304688
sample_06,12696,8430,835755.5932897511,8256469.127407737,147.05206298828125,186.84339904785156
sample_06,12696,8431,835765.5932897511,8256469.127407737,68.57848358154297,141.93276977539062
sample_06,12696,8432,835775.5932897511,8256469.127407737,154.84866333007812,136.92654418945312
sample_06,12696,8433,835785.5932897511,8256469.127407737,189.62127685546875,133.20314025878906
sample_06,12696,8434,835795.5932897511,8256469.127407737,222.76087951660156,167.31248474121094
sample_06,12696,8435,835805.5932897511,8256469.127407737,378.6922302246094,178.08506774902344
sample_06,12696,8436,835815.5932897511,8256469.127407737,334.1435241699219,142.816650390625
sample_06,12696,8437,835825.5932897511,8256469.127407737,221.3722381591797,144.71212768554688
sample_06,12696,8438,835835.5932897511,8256469.127407737,130.9665069580078,169.04415893554688
sample_06,12696,8439,835845.5932897511,8256469.127407737,309.006103515625,74.96408081054688
sample_06,12696,8440,835855.5932897511,8256469.127407737,417.80621337890625,23.516080856323242
sample_06,12696,8441,835865.5932897511,8256469.127407737,268.2487487792969,32.3411979675293
sample_06,12696,8442,835875.5932897511,8256469.127407737,542.2383422851562,34.079830169677734
sample_06,12697,8423,835685.5932897511,8256459.127407737,367.13421630859375,73.10453033447266
sample_06,12697,8424,835695.5932897511,8256459.127407737,555.1072998046875,45.90032958984375
sample_06,12697,8425,835705.5932897511,8256459.127407737,459.228271484375,23.859130859375
sample_06,12697,8426,835715.5932897511,8256459.127407737,516.982177734375,62.0002555847168
sample_06,12697,8427,835725.5932897511,8256459.127407737,636.5928344726562,127.5088119506836
sample_06,12697,8428,835735.5932897511,8256459.127407737,366.1209411621094,209.9451141357422
sample_06,12697,8429,835745.5932897511,8256459.127407737,275.2176818847656,221.2925262451172
sample_06,12697,8430,835755.5932897511,8256459.127407737,172.1116943359375,176.20083618164062
sample_06,12697,8431,835765.5932897511,8256459.127407737,197.28390502929688,180.8589630126953
sample_06,12697,8432,835775.5932897511,8256459.127407737,270.87335205078125,124.6719970703125
sample_06,12697,8433,835785.5932897511,8256459.127407737,381.2663879394531,47.03794479370117
sample_06,12697,8434,835795.5932897511,8256459.127407737,187.81317138671875,131.03411865234375
sample_06,12697,8435,835805.5932897511,8256459.127407737,164.38909912109375,212.67832946777344
sample_06,12697,8436,835815.5932897511,8256459.127407737,262.8810729980469,250.30078125
sample_06,12697,8437,835825.5932897511,8256459.127407737,223.34356689453125,239.23143005371094
sample_06,12697,8438,835835.5932897511,8256459.127407737,178.2017364501953,212.25979614257812
sample_06,12697,8439,835845.5932897511,8256459.127407737,272.2063293457031,78.08695983886719
sample_06,12697,8440,835855.5932897511,8256459.127407737,217.49501037597656,57.9944953918457
sample_06,12697,8441,835865.5932897511,8256459.127407737,60.4998664855957,88.53028106689453
sample_06,12697,8442,835875.5932897511,8256459.127407737,348.4799499511719,37.033878326416016
sample_06,12698,8423,835685.5932897511,8256449.127407737,264.31585693359375,161.23570251464844
sample_06,12698,8424,835695.5932897511,8256449.127407737,336.2950134277344,80.48678588867188
sample_06,12698,8425,835705.5932897511,8256449.127407737,452.58612060546875,22.417966842651367
sample_06,12698,8426,835715.5932897511,8256449.127407737,603.5524291992188,54.325096130371094
sample_06,12698,8427,835725.5932897511,8256449.127407737,681.3392333984375,65.15974426269531
sample_06,12698,8428,835735.5932897511,8256449.127407737,588.5729370117188,74.42697143554688
sample_06,12698,8429,835745.5932897511,8256449.127407737,496.82293701171875,93.94034576416016
sample_06,12698,8430,835755.5932897511,8256449.127407737,404.95758056640625,137.9916534423828
sample_06,12698,8431,835765.5932897511,8256449.127407737,356.6656494140625,231.95106506347656
sample_06,12698,8432,835775.5932897511,8256449.127407737,498.1632080078125,152.84500122070312
sample_06,12698,8433,835785.5932897511,8256449.127407737,593.8888549804688,85.25118255615234
sample_06,12698,8434,835795.5932897511,8256449.127407737,257.1380310058594,245.54641723632812
sample_06,12698,8435,835805.5932897511,8256449.127407737,326.0645446777344,315.9662780761719
sample_06,12698,8436,835815.5932897511,8256449.127407737,529.960693359375,353.81256103515625
sample_06,12698,8437,835825.5932897511,8256449.127407737,259.3548583984375,284.8289489746094
sample_06,12698,8438,835835.5932897511,8256449.127407737,156.95777893066406,222.48597717285156
sample_06,12698,8439,835845.5932897511,8256449.127407737,162.87982177734375,55.385738372802734
sample_06,12698,8440,835855.5932897511,8256449.127407737,179.9045867919922,50.1651611328125
sample_06,12698,8441,835865.5932897511,8256449.127407737,160.65481567382812,66.30779266357422
sample_06,12698,8442,835875.5932897511,8256449.127407737,267.4266662597656,28.890899658203125
sample_06,12699,8423,835685.5932897511,8256439.127407737,269.0987548828125,235.0322723388672
sample_06,12699,8424,835695.5932897511,8256439.127407737,225.1456756591797,122.43963623046875
sample_06,12699,8425,835705.5932897511,8256439.127407737,95.03970336914062,16.149974822998047
sample_06,12699,8426,835715.5932897511,8256439.127407737,271.5364990234375,29.138755798339844
sample_06,12699,8427,835725.5932897511,8256439.127407737,527.0933227539062,39.65329360961914
sample_06,12699,8428,835735.5932897511,8256439.127407737,666.7662963867188,35.427215576171875
sample_06,12699,8429,835745.5932897511,8256439.127407737,563.995361328125,38.38656234741211
sample_06,12699,8430,835755.5932897511,8256439.127407737,531.6064453125,115.99478149414062
sample_06,12699,8431,835765.5932897511,8256439.127407737,424.8060607910156,279.1528625488281
sample_06,12699,8432,835775.5932897511,8256439.127407737,473.4781799316406,109.83757019042969
sample_06,12699,8433,835785.5932897511,8256439.127407737,497.75238037109375,65.92263793945312
sample_06,12699,8434,835795.5932897511,8256439.127407737,324.6861267089844,213.7765350341797
sample_06,12699,8435,835805.5932897511,8256439.127407737,694.8709106445312,319.2012939453125
sample_06,12699,8436,835815.5932897511,8256439.127407737,883.69580078125,339.9394226074219
sample_06,12699,8437,835825.5932897511,8256439.127407737,351.3702392578125,156.39306640625
sample_06,12699,8438,835835.5932897511,8256439.127407737,215.3249969482422,108.18948364257812
sample_06,12699,8439,835845.5932897511,8256439.127407737,200.5430145263672,60.28302764892578
sample_06,12699,8440,835855.5932897511,8256439.127407737,176.99447631835938,43.77123260498047
sample_06,12699,8441,835865.5932897511,8256439.127407737,314.0450744628906,44.30807113647461
sample_06,12699,8442,835875.5932897511,8256439.127407737,427.70556640625,34.48712158203125
sample_06,12700,8423,835685.5932897511,8256429.127407737,368.58099365234375,265.24005126953125
sample_06,12700,8424,835695.5932897511,8256429.127407737,618.137939453125,177.59141540527344
sample_06,12700,8425,835705.5932897511,8256429.127407737,507.81072998046875,82.96376037597656
sample_06,12700,8426,835715.5932897511,8256429.127407737,307.906494140625,23.90099334716797
sample_06,12700,8427,835725.5932897511,8256429.127407737,594.0034790039062,28.914798736572266
sample_06,12700,8428,835735.5932897511,8256429.127407737,592.21533203125,57.17150115966797
sample_06,12700,8429,835745.5932897511,8256429.127407737,202.61785888671875,103.22898864746094
sample_06,12700,8430,835755.5932897511,8256429.127407737,177.8319549560547,161.62454223632812
sample_06,12700,8431,835765.5932897511,8256429.127407737,220.47750854492188,210.5023651123047
sample_06,12700,8432,835775.5932897511,8256429.127407737,368.99578857421875,92.34697723388672
sample_06,12700,8433,835785.5932897511,8256429.127407737,464.04608154296875,34.30923080444336
sample_06,12700,8434,835795.5932897511,8256429.127407737,544.84375,50.421932220458984
sample_06,12700,8435,835805.5932897511,8256429.127407737,1128.154296875,137.66485595703125
sample_06,12700,8436,835815.5932897511,8256429.127407737,1118.250732421875,205.4011993408203
sample_06,12700,8437,835825.5932897511,8256429.127407737,579.5098876953125,166.96466064453125
sample_06,12700,8438,835835.5932897511,8256429.127407737,377.4902038574219,95.45466613769531
sample_06,12700,8439,835845.5932897511,8256429.127407737,272.6395263671875,69.94207763671875
sample_06,12700,8440,835855.5932897511,8256429.127407737,109.06327056884766,39.934024810791016
sample_06,12700,8441,835865.5932897511,8256429.127407737,480.11285400390625,63.164432525634766
sample_06,12700,8442,835875.5932897511,8256429.127407737,737.2802734375,80.30704498291016
sample_06,12701,8423,835685.5932897511,8256419.127407737,603.7254028320312,141.9095458984375
sample_06,12701,8424,835695.5932897511,8256419.127407737,504.2579040527344,101.59464263916016
sample_06,12701,8425,835705.5932897511,8256419.127407737,564.1621704101562,69.57275390625
sample_06,12701,8426,835715.5932897511,8256419.127407737,544.7619018554688,27.281911849975586
sample_06,12701,8427,835725.5932897511,8256419.127407737,848.97900390625,8.399319648742676
sample_06,12701,8428,835735.5932897511,8256419.127407737,656.5891723632812,32.953460693359375
sample_06,12701,8429,835745.5932897511,8256419.127407737,238.45887756347656,77.08670043945312
sample_06,12701,8430,835755.5932897511,8256419.127407737,110.2776107788086,114.58155822753906
sample_06,12701,8431,835765.5932897511,8256419.127407737,117.5666275024414,148.93768310546875
sample_06,12701,8432,835775.5932897511,8256419.127407737,280.8968811035156,122.79191589355469
sample_06,12701,8433,835785.5932897511,8256419.127407737,505.27557373046875,48.52332305908203
sample_06,12701,8434,835795.5932897511,8256419.127407737,582.2974243164062,22.134654998779297
sample_06,12701,8435,835805.5932897511,8256419.127407737,701.1835327148438,62.67446517944336
sample_06,12701,8436,835815.5932897511,8256419.127407737,769.3120727539062,152.65447998046875
sample_06,12701,8437,835825.5932897511,8256419.127407737,641.7180786132812,204.9836883544922
sample_06,12701,8438,835835.5932897511,8256419.127407737,497.12921142578125,92.24653625488281
sample_06,12701,8439,835845.5932897511,8256419.127407737,446.171875,63.49231719970703
sample_06,12701,8440,835855.5932897511,8256419.127407737,436.5292053222656,84.02538299560547
sample_06,12701,8441,835865.5932897511,8256419.127407737,733.0346069335938,135.36058044433594
sample_06,12701,8442,835875.5932897511,8256419.127407737,727.1826171875,116.50711822509766
sample_06,12702,8423,835685.5932897511,8256409.127407737,450.8312072753906,60.803367614746094
sample_06,12702,8424,835695.5932897511,8256409.127407737,192.83958435058594,32.62086868286133
sample_06,12702,8425,835705.5932897511,8256409.127407737,515.3101806640625,42.413352966308594
sample_06,12702,8426,835715.5932897511,8256409.127407737,783.6934814453125,64.00291442871094
sample_06,12702,8427,835725.5932897511,8256409.127407737,1004.2064819335938,104.29216003417969
sample_06,12702,8428,835735.5932897511,8256409.127407737,892.8294067382812,52.675437927246094
sample_06,12702,8429,835745.5932897511,8256409.127407737,616.4780883789062,40.49443054199219
sample_06,12702,8430,835755.5932897511,8256409.127407737,331.1835021972656,43.7793083190918
sample_06,12702,8431,835765.5932897511,8256409.127407737,79.6033706665039,105.81486511230469
sample_06,12702,8432,835775.5932897511,8256409.127407737,224.1555633544922,150.6366424560547
sample_06,12702,8433,835785.5932897511,8256409.127407737,749.844970703125,61.406009674072266
sample_06,12702,8434,835795.5932897511,8256409.127407737,623.3048095703125,85.47518157958984
sample_06,12702,8435,835805.5932897511,8256409.127407737,230.53456115722656,128.1794891357422
sample_06,12702,8436,835815.5932897511,8256409.127407737,280.8351745605469,161.58082580566406
sample_06,12702,8437,835825.5932897511,8256409.127407737,350.0070495605469,175.9943084716797
sample_06,12702,8438,835835.5932897511,8256409.127407737,374.12188720703125,110.22584533691406
sample_06,12702,8439,835845.5932897511,8256409.127407737,492.4541931152344,81.46086120605469
sample_06,12702,8440,835855.5932897511,8256409.127407737,606.2814331054688,104.12024688720703
sample_06,12702,8441,835865.5932897511,8256409.127407737,767.3602294921875,185.78025817871094
sample_06,12702,8442,835875.5932897511,8256409.127407737,530.92333984375,130.2923126220703
sample_07,12969,8684,838295.5932897511,8253739.127407737,325.4034118652344,67.98399353027344
sample_07,12969,8685,838305.5932897511,8253739.127407737,345.53143310546875,92.17622375488281
sample_07,12969,8686,838315.5932897511,8253739.127407737,292.45941162109375,93.58490753173828
sample_07,12969,8687,838325.5932897511,8253739.127407737,815.2562866210938,104.77742004394531
sample_07,12969,8688,838335.5932897511,8253739.127407737,934.2346801757812,138.30467224121094
sample_07,12969,8689,838345.5932897511,8253739.127407737,475.77899169921875,104.77509307861328
sample_07,12969,8690,838355.5932897511,8253739.127407737,707.8702392578125,151.22499084472656
sample_07,12969,8691,838365.5932897511,8253739.127407737,754.1080322265625,109.52043914794922
sample_07,12969,8692,838375.5932897511,8253739.127407737,383.6415710449219,90.11317443847656
sample_07,12969,8693,838385.5932897511,8253739.127407737,673.2840576171875,166.7923126220703
sample_07,12969,8694,838395.5932897511,8253739.127407737,1321.0635986328125,256.6318054199219
sample_07,12969,8695,838405.5932897511,8253739.127407737,678.0433349609375,161.07666015625
sample_07,12969,8696,838415.5932897511,8253739.127407737,274.30078125,176.2633819580078
sample_07,12969,8697,838425.5932897511,8253739.127407737,234.08570861816406,403.6615905761719
sample_07,12969,8698,838435.5932897511,8253739.127407737,601.2139282226562,268.501220703125
sample_07,12969,8699,838445.5932897511,8253739.127407737,856.8737182617188,72.00950622558594
sample_07,12969,8700,838455.5932897511,8253739.127407737,202.0669708251953,138.84022521972656
sample_07,12969,8701,838465.5932897511,8253739.127407737,83.03276824951172,149.2379608154297
sample_07,12969,8702,838475.5932897511,8253739.127407737,156.24639892578125,76.92515563964844
sample_07,12969,8703,838485.5932897511,8253739.127407737,318.069580078125,96.1605224609375
sample_07,12970,8684,838295.5932897511,8253729.127407737,485.4497985839844,90.84654235839844
sample_07,12970,8685,838305.5932897511,8253729.127407737,738.1581420898438,300.9375
sample_07,12970,8686,838315.5932897511,8253729.127407737,726.2109375,414.5019836425781
sample_07,12970,8687,838325.5932897511,8253729.127407737,515.076171875,210.7477569580078
sample_07,12970,8688,838335.5932897511,8253729.127407737,684.462890625,110.11868286132812
sample_07,12970,8689,838345.5932897511,8253729.127407737,571.9292602539062,21.420372009277344
sample_07,12970,8690,838355.5932897511,8253729.127407737,909.0540161132812,184.11900329589844
sample_07,12970,8691,838365.5932897511,8253729.127407737,996.3921508789062,301.1630859375
sample_07,12970,8692,838375.5932897511,8253729.127407737,224.71226501464844,235.08169555664062
sample_07,12970,8693,838385.5932897511,8253729.127407737,350.19744873046875,168.0351104736328
sample_07,12970,8694,838395.5932897511,8253729.127407737,709.1389770507812,189.6253204345703
sample_07,12970,8695,838405.5932897511,8253729.127407737,663.1287841796875,203.55201721191406
sample_07,12970,8696,838415.5932897511,8253729.127407737,613.2279052734375,168.9471435546875
sample_07,12970,8697,838425.5932897511,8253729.127407737,857.5543823242188,151.9349822998047
sample_07,12970,8698,838435.5932897511,8253729.127407737,797.1983032226562,81.72516632080078
sample_07,12970,8699,838445.5932897511,8253729.127407737,640.864501953125,36.1659049987793
sample_07,12970,8700,838455.5932897511,8253729.127407737,128.9467315673828,54.9184684753418
sample_07,12970,8701,838465.5932897511,8253729.127407737,369.45538330078125,34.37316131591797
sample_07,12970,8702,838475.5932897511,8253729.127407737,367.4818420410156,16.833663940429688
sample_07,12970,8703,838485.5932897511,8253729.127407737,394.2291259765625,54.62138366699219
sample_07,12971,8684,838295.5932897511,8253719.127407737,237.3677520751953,54.58218765258789
sample_07,12971,8685,838305.5932897511,8253719.127407737,390.1210632324219,266.1990051269531
sample_07,12971,8686,838315.5932897511,8253719.127407737,405.888916015625,369.3795166015625
sample_07,12971,8687,838325.5932897511,8253719.127407737,135.4796600341797,251.40403747558594
sample_07,12971,8688,838335.5932897511,8253719.127407737,657.23095703125,122.64889526367188
sample_07,12971,8689,838345.5932897511,8253719.127407737,983.1399536132812,53.01480484008789
sample_07,12971,8690,838355.5932897511,8253719.127407737,557.6469116210938,104.30530548095703
sample_07,12971,8691,838365.5932897511,8253719.127407737,510.0829162597656,157.2081756591797
sample_07,12971,8692,838375.5932897511,8253719.127407737,276.2749938964844,178.24618530273438
sample_07,12971,8693,838385.5932897511,8253719.127407737,177.26480102539062,130.49172973632812
sample_07,12971,8694,838395.5932897511,8253719.127407737,431.33319091796875,97.88479614257812
sample_07,12971,8695,838405.5932897511,8253719.127407737,1145.5323486328125,175.98971557617188
sample_07,12971,8696,838415.5932897511,8253719.127407737,563.9088134765625,117.79486846923828
sample_07,12971,8697,838425.5932897511,8253719.127407737,491.765380859375,87.2874984741211
sample_07,12971,8698,838435.5932897511,8253719.127407737,793.4735107421875,70.33128356933594
sample_07,12971,8699,838445.5932897511,8253719.127407737,527.9159545898438,51.40199661254883
sample_07,12971,8700,838455.5932897511,8253719.127407737,349.8404846191406,55.13813781738281
sample_07,12971,8701,838465.5932897511,8253719.127407737,1163.2591552734375,59.060508728027344
sample_07,12971,8702,838475.5932897511,8253719.127407737,931.2858276367188,38.279945373535156
sample_07,12971,8703,838485.5932897511,8253719.127407737,383.4654846191406,26.208911895751953
sample_07,12972,8684,838295.5932897511,8253709.127407737,423.30511474609375,107.80726623535156
sample_07,12972,8685,838305.5932897511,8253709.127407737,301.4494323730469,253.9866943359375
sample_07,12972,8686,838315.5932897511,8253709.127407737,214.64581298828125,379.79290771484375
sample_07,12972,8687,838325.5932897511,8253709.127407737,134.4813232421875,366.7448425292969
sample_07,12972,8688,838335.5932897511,8253709.127407737,763.5343017578125,175.61660766601562
sample_07,12972,8689,838345.5932897511,8253709.127407737,950.7574462890625,83.43299865722656
sample_07,12972,8690,838355.5932897511,8253709.127407737,621.5914916992188,65.17808532714844
sample_07,12972,8691,838365.5932897511,8253709.127407737,385.4901428222656,91.05545806884766
sample_07,12972,8692,838375.5932897511,8253709.127407737,347.280517578125,118.292236328125
sample_07,12972,8693,838385.5932897511,8253709.127407737,293.472412109375,181.4728546142578
sample_07,12972,8694,838395.5932897511,8253709.127407737,279.8451843261719,112.15274047851562
sample_07,12972,8695,838405.5932897511,8253709.127407737,557.8710327148438,109.31363677978516
sample_07,12972,8696,838415.5932897511,8253709.127407737,733.3176879882812,236.60479736328125
sample_07,12972,8697,838425.5932897511,8253709.127407737,563.8876953125,194.08937072753906
sample_07,12972,8698,838435.5932897511,8253709.127407737,793.4284057617188,159.49453735351562
sample_07,12972,8699,838445.5932897511,8253709.127407737,527.8538818359375,112.67219543457031
sample_07,12972,8700,838455.5932897511,8253709.127407737,392.2852783203125,70.10832977294922
sample_07,12972,8701,838465.5932897511,8253709.127407737,813.1762084960938,33.8260383605957
sample_07,12972,8702,838475.5932897511,8253709.127407737,1211.337158203125,21.917177200317383
sample_07,12972,8703,838485.5932897511,8253709.127407737,868.228271484375,5.224508285522461
sample_07,12973,8684,838295.5932897511,8253699.127407737,428.21258544921875,151.73098754882812
sample_07,12973,8685,838305.5932897511,8253699.127407737,284.04119873046875,277.2244567871094
sample_07,12973,8686,838315.5932897511,8253699.127407737,375.6011657714844,578.8146362304688
sample_07,12973,8687,838325.5932897511,8253699.127407737,367.9443359375,563.8955688476562
sample_07,12973,8688,838335.5932897511,8253699.127407737,533.0027465820312,175.96804809570312
sample_07,12973,8689,838345.5932897511,8253699.127407737,671.398681640625,75.18528747558594
sample_07,12973,8690,838355.5932897511,8253699.127407737,674.1517333984375,52.07042694091797
sample_07,12973,8691,838365.5932897511,8253699.127407737,276.5832214355469,94.78822326660156
sample_07,12973,8692,838375.5932897511,8253699.127407737,80.21421813964844,97.00032043457031
sample_07,12973,8693,838385.5932897511,8253699.127407737,134.87684631347656,103.22306823730469
sample_07,12973,8694,838395.5932897511,8253699.127407737,286.9725646972656,97.98369598388672
sample_07,12973,8695,838405.5932897511,8253699.127407737,518.5162353515625,169.05714416503906
sample_07,12973,8696,838415.5932897511,8253699.127407737,1175.143798828125,436.8171081542969
sample_07,12973,8697,838425.5932897511,8253699.127407737,693.35205078125,377.42718505859375
sample_07,12973,8698,838435.5932897511,8253699.127407737,275.1183166503906,209.9495391845703
sample_07,12973,8699,838445.5932897511,8253699.127407737,509.822998046875,83.1946029663086
sample_07,12973,8700,838455.5932897511,8253699.127407737,409.9221496582031,55.551029205322266
sample_07,12973,8701,838465.5932897511,8253699.127407737,456.29296875,31.01280403137207
sample_07,12973,8702,838475.5932897511,8253699.127407737,1727.49755859375,12.965839385986328
sample_07,12973,8703,838485.5932897511,8253699.127407737,2152.760986328125,7.7666401863098145
sample_07,12974,8684,838295.5932897511,8253689.127407737,169.17584228515625,233.804443359375
sample_07,12974,8685,838305.5932897511,8253689.127407737,134.5806427001953,397.04022216796875
sample_07,12974,8686,838315.5932897511,8253689.127407737,427.39422607421875,406.84423828125
sample_07,12974,8687,838325.5932897511,8253689.127407737,453.9517517089844,345.4344177246094
sample_07,12974,8688,838335.5932897511,8253689.127407737,323.2699890136719,74.79324340820312
sample_07,12974,8689,838345.5932897511,8253689.127407737,297.1609802246094,51.33147430419922
sample_07,12974,8690,838355.5932897511,8253689.127407737,595.5526123046875,66.21971130371094
sample_07,12974,8691,838365.5932897511,8253689.127407737,970.0011596679688,129.8246612548828
sample_07,12974,8692,838375.5932897511,8253689.127407737,405.7248840332031,133.68807983398438
sample_07,12974,8693,838385.5932897511,8253689.127407737,126.84488677978516,109.19717407226562
sample_07,12974,8694,838395.5932897511,8253689.127407737,352.2048645019531,104.60596466064453
sample_07,12974,8695,838405.5932897511,8253689.127407737,523.9813842773438,207.9399871826172
sample_07,12974,8696,838415.5932897511,8253689.127407737,635.3167724609375,337.5988464355469
sample_07,12974,8697,838425.5932897511,8253689.127407737,433.8707275390625,246.25254821777344
sample_07,12974,8698,838435.5932897511,8253689.127407737,284.0007019042969,279.8360290527344
sample_07,12974,8699,838445.5932897511,8253689.127407737,489.6061096191406,289.36761474609375
sample_07,12974,8700,838455.5932897511,8253689.127407737,331.6863708496094,129.46194458007812
sample_07,12974,8701,838465.5932897511,8253689.127407737,330.3726501464844,76.66397094726562
sample_07,12974,8702,838475.5932897511,8253689.127407737,1015.1683349609375,30.00939178466797
sample_07,12974,8703,838485.5932897511,8253689.127407737,1967.431396484375,17.92078971862793
sample_07,12975,8684,838295.5932897511,8253679.127407737,173.77099609375,278.8961181640625
sample_07,12975,8685,838305.5932897511,8253679.127407737,207.74127197265625,309.6004638671875
sample_07,12975,8686,838315.5932897511,8253679.127407737,392.8022766113281,152.89617919921875
sample_07,12975,8687,838325.5932897511,8253679.127407737,530.5794677734375,87.24761199951172
sample_07,12975,8688,838335.5932897511,8253679.127407737,537.8367919921875,20.020875930786133
sample_07,12975,8689,838345.5932897511,8253679.127407737,465.3021240234375,15.973091125488281
sample_07,12975,8690,838355.5932897511,8253679.127407737,910.716064453125,57.66377639770508
sample_07,12975,8691,838365.5932897511,8253679.127407737,1380.3406982421875,126.33394622802734
sample_07,12975,8692,838375.5932897511,8253679.127407737,497.4874267578125,173.79522705078125
sample_07,12975,8693,838385.5932897511,8253679.127407737,92.8719711303711,131.6271514892578
sample_07,12975,8694,838395.5932897511,8253679.127407737,89.19754791259766,32.264713287353516
sample_07,12975,8695,838405.5932897511,8253679.127407737,458.89251708984375,74.63166046142578
sample_07,12975,8696,838415.5932897511,8253679.127407737,700.9185180664062,146.4144744873047
sample_07,12975,8697,838425.5932897511,8253679.127407737,742.50244140625,151.89718627929688
sample_07,12975,8698,838435.5932897511,8253679.127407737,391.1009216308594,400.0802307128906
sample_07,12975,8699,838445.5932897511,8253679.127407737,173.70770263671875,710.3912353515625
sample_07,12975,8700,838455.5932897511,8253679.127407737,97.4452133178711,317.13348388671875
sample_07,12975,8701,838465.5932897511,8253679.127407737,213.9998321533203,120.4485092163086
sample_07,12975,8702,838475.5932897511,8253679.127407737,561.0777587890625,35.546138763427734
sample_07,12975,8703,838485.5932897511,8253679.127407737,1558.1419677734375,57.64446258544922
sample_07,12976,8684,838295.5932897511,8253669.127407737,205.34364318847656,281.9700622558594
sample_07,12976,8685,838305.5932897511,8253669.127407737,196.58624267578125,193.4043731689453
sample_07,12976,8686,838315.5932897511,8253669.127407737,127.01886749267578,30.82305335998535
sample_07,12976,8687,838325.5932897511,8253669.127407737,429.49017333984375,71.79646301269531
sample_07,12976,8688,838335.5932897511,8253669.127407737,443.2613220214844,57.408756256103516
sample_07,12976,8689,838345.5932897511,8253669.127407737,328.3869323730469,29.82259178161621
sample_07,12976,8690,838355.5932897511,8253669.127407737,869.4531860351562,47.54340744018555
sample_07,12976,8691,838365.5932897511,8253669.127407737,1151.1695556640625,105.2100830078125
sample_07,12976,8692,838375.5932897511,8253669.127407737,326.3173828125,185.33790588378906
sample_07,12976,8693,838385.5932897511,8253669.127407737,221.6435089111328,109.92398071289062
sample_07,12976,8694,838395.5932897511,8253669.127407737,314.650146484375,23.76704216003418
sample_07,12976,8695,838405.5932897511,8253669.127407737,543.7987670898438,42.11653137207031
sample_07,12976,8696,838415.5932897511,8253669.127407737,979.0569458007812,69.51364135742188
sample_07,12976,8697,838425.5932897511,8253669.127407737,1415.7305908203125,127.61971282958984
sample_07,12976,8698,838435.5932897511,8253669.127407737,582.6309814453125,195.64808654785156
sample_07,12976,8699,838445.5932897511,8253669.127407737,197.69114685058594,272.886474609375
sample_07,12976,8700,838455.5932897511,8253669.127407737,182.9350128173828,148.69395446777344
sample_07,12976,8701,838465.5932897511,8253669.127407737,150.59420776367188,149.43585205078125
sample_07,12976,8702,838475.5932897511,8253669.127407737,214.51878356933594,117.91752624511719
sample_07,12976,8703,838485.5932897511,8253669.127407737,175.005859375,149.2874298095703
sample_07,12977,8684,838295.5932897511,8253659.127407737,129.6846466064453,253.45703125
sample_07,12977,8685,838305.5932897511,8253659.127407737,152.16941833496094,143.60577392578125
sample_07,12977,8686,838315.5932897511,8253659.127407737,287.2302551269531,62.25859451293945
sample_07,12977,8687,838325.5932897511,8253659.127407737,608.4374389648438,87.80069732666016
sample_07,12977,8688,838335.5932897511,8253659.127407737,393.8463134765625,72.22162628173828
sample_07,12977,8689,838345.5932897511,8253659.127407737,137.1114044189453,52.912498474121094
sample_07,12977,8690,838355.5932897511,8253659.127407737,160.11642456054688,28.568195343017578
sample_07,12977,8691,838365.5932897511,8253659.127407737,391.97430419921875,89.30502319335938
sample_07,12977,8692,838375.5932897511,8253659.127407737,283.29150390625,181.37623596191406
sample_07,12977,8693,838385.5932897511,8253659.127407737,250.45179748535156,75.39826202392578
sample_07,12977,8694,838395.5932897511,8253659.127407737,350.5106201171875,59.61088943481445
sample_07,12977,8695,838405.5932897511,8253659.127407737,523.7971801757812,121.09610748291016
sample_07,12977,8696,838415.5932897511,8253659.127407737,1169.622314453125,114.09505462646484
sample_07,12977,8697,838425.5932897511,8253659.127407737,1383.4027099609375,123.71939849853516
sample_07,12977,8698,838435.5932897511,8253659.127407737,546.7119140625,122.29644775390625
sample_07,12977,8699,838445.5932897511,8253659.127407737,303.1899719238281,109.76368713378906
sample_07,12977,8700,838455.5932897511,8253659.127407737,326.7387390136719,78.0016098022461
sample_07,12977,8701,838465.5932897511,8253659.127407737,127.29978942871094,241.83724975585938
sample_07,12977,8702,838475.5932897511,8253659.127407737,180.50621032714844,293.9815979003906
sample_07,12977,8703,838485.5932897511,8253659.127407737,402.6396179199219,257.3166198730469
sample_07,12978,8684,838295.5932897511,8253649.127407737,413.748291015625,147.47134399414062
sample_07,12978,8685,838305.5932897511,8253649.127407737,169.3565216064453,225.96031188964844
sample_07,12978,8686,838315.5932897511,8253649.127407737,361.3231201171875,141.77561950683594
sample_07,12978,8687,838325.5932897511,8253649.127407737,765.0134887695312,80.01813507080078
sample_07,12978,8688,838335.5932897511,8253649.127407737,457.5706787109375,59.426963806152344
sample_07,12978,8689,838345.5932897511,8253649.127407737,159.54759216308594,85.59930419921875
sample_07,12978,8690,838355.5932897511,8253649.127407737,81.77842712402344,147.4637908935547
sample_07,12978,8691,838365.5932897511,8253649.127407737,687.792724609375,238.2816162109375
sample_07,12978,8692,838375.5932897511,8253649.127407737,751.807373046875,233.28746032714844
sample_07,12978,8693,838385.5932897511,8253649.127407737,170.8017578125,53.445796966552734
sample_07,12978,8694,838395.5932897511,8253649.127407737,60.96604537963867,151.53550720214844
sample_07,12978,8695,838405.5932897511,8253649.127407737,176.39974975585938,275.28240966796875
sample_07,12978,8696,838415.5932897511,8253649.127407737,700.4288330078125,111.1537857055664
sample_07,12978,8697,838425.5932897511,8253649.127407737,813.4811401367188,65.99919128417969
sample_07,12978,8698,838435.5932897511,8253649.127407737,316.75177001953125,68.04218292236328
sample_07,12978,8699,838445.5932897511,8253649.127407737,360.6012268066406,113.37503814697266
sample_07,12978,8700,838455.5932897511,8253649.127407737,436.7980041503906,143.6361541748047
sample_07,12978,8701,838465.5932897511,8253649.127407737,432.0075988769531,233.4341278076172
sample_07,12978,8702,838475.5932897511,8253649.127407737,283.4316101074219,206.20016479492188
sample_07,12978,8703,838485.5932897511,8253649.127407737,365.1055908203125,166.3178253173828
sample_07,12979,8684,838295.5932897511,8253639.127407737,760.4368286132812,120.25119018554688
sample_07,12979,8685,838305.5932897511,8253639.127407737,155.3964080810547,295.2006530761719
sample_07,12979,8686,838315.5932897511,8253639.127407737,321.7936706542969,183.59521484375
sample_07,12979,8687,838325.5932897511,8253639.127407737,798.3689575195312,33.133392333984375
sample_07,12979,8688,838335.5932897511,8253639.127407737,1293.7318115234375,45.62723159790039
sample_07,12979,8689,838345.5932897511,8253639.127407737,733.8108520507812,143.36915588378906
sample_07,12979,8690,838355.5932897511,8253639.127407737,295.4433898925781,258.63653564453125
sample_07,12979,8691,838365.5932897511,8253639.127407737,1442.1619873046875,360.135986328125
sample_07,12979,8692,838375.5932897511,8253639.127407737,1319.70703125,335.3116455078125
sample_07,12979,8693,838385.5932897511,8253639.127407737,80.0801773071289,46.25862121582031
sample_07,12979,8694,838395.5932897511,8253639.127407737,327.01275634765625,87.72150421142578
sample_07,12979,8695,838405.5932897511,8253639.127407737,434.7781677246094,148.0479736328125
sample_07,12979,8696,838415.5932897511,8253639.127407737,489.4136657714844,49.41374206542969
sample_07,12979,8697,838425.5932897511,8253639.127407737,271.54705810546875,33.25388717651367
sample_07,12979,8698,838435.5932897511,8253639.127407737,19.350692749023438,43.99413299560547
sample_07,12979,8699,838445.5932897511,8253639.127407737,98.36258697509766,179.61361694335938
sample_07,12979,8700,838455.5932897511,8253639.127407737,533.6762084960938,182.33517456054688
sample_07,12979,8701,838465.5932897511,8253639.127407737,963.5590209960938,166.97166442871094
sample_07,12979,8702,838475.5932897511,8253639.127407737,415.730712890625,98.41544342041016
sample_07,12979,8703,838485.5932897511,8253639.127407737,198.37730407714844,32.42818069458008
sample_07,12980,8684,838295.5932897511,8253629.127407737,983.0841064453125,68.21293640136719
sample_07,12980,8685,838305.5932897511,8253629.127407737,233.18408203125,95.09544372558594
sample_07,12980,8686,838315.5932897511,8253629.127407737,255.9713134765625,124.58195495605469
sample_07,12980,8687,838325.5932897511,8253629.127407737,680.4236450195312,81.35377502441406
sample_07,12980,8688,838335.5932897511,8253629.127407737,1479.7508544921875,55.5998420715332
sample_07,12980,8689,838345.5932897511,8253629.127407737,860.7921142578125,222.33230590820312
sample_07,12980,8690,838355.5932897511,8253629.127407737,757.6228637695312,255.4642333984375
sample_07,12980,8691,838365.5932897511,8253629.127407737,1891.09521484375,144.44879150390625
sample_07,12980,8692,838375.5932897511,8253629.127407737,1300.544677734375,125.31689453125
sample_07,12980,8693,838385.5932897511,8253629.127407737,416.4465026855469,45.84330368041992
sample_07,12980,8694,838395.5932897511,8253629.127407737,671.59423828125,25.851917266845703
sample_07,12980,8695,838405.5932897511,8253629.127407737,715.7691650390625,28.064090728759766
sample_07,12980,8696,838415.5932897511,8253629.127407737,690.7702026367188,49.387454986572266
sample_07,12980,8697,838425.5932897511,8253629.127407737,406.8011474609375,187.9932098388672
sample_07,12980,8698,838435.5932897511,8253629.127407737,195.5892333984375,195.95030212402344
sample_07,12980,8699,838445.5932897511,8253629.127407737,118.02955627441406,173.58575439453125
sample_07,12980,8700,838455.5932897511,8253629.127407737,674.2758178710938,130.43051147460938
sample_07,12980,8701,838465.5932897511,8253629.127407737,1247.72900390625,89.56000518798828
sample_07,12980,8702,838475.5932897511,8253629.127407737,831.7327270507812,115.9113540649414
sample_07,12980,8703,838485.5932897511,8253629.127407737,426.4216003417969,67.47437286376953
sample_07,12981,8684,838295.5932897511,8253619.127407737,690.861083984375,98.44640350341797
sample_07,12981,8685,838305.5932897511,8253619.127407737,264.98785400390625,70.54801940917969
sample_07,12981,8686,838315.5932897511,8253619.127407737,429.39617919921875,119.12626647949219
sample_07,12981,8687,838325.5932897511,8253619.127407737,514.9862060546875,98.85989379882812
sample_07,12981,8688,838335.5932897511,8253619.127407737,733.771240234375,111.77263641357422
sample_07,12981,8689,838345.5932897511,8253619.127407737,338.92889404296875,337.5245361328125
sample_07,12981,8690,838355.5932897511,8253619.127407737,573.068115234375,253.86276245117188
sample_07,12981,8691,838365.5932897511,8253619.127407737,1402.99365234375,36.07253646850586
sample_07,12981,8692,838375.5932897511,8253619.127407737,995.7694702148438,88.48160552978516
sample_07,12981,8693,838385.5932897511,8253619.127407737,670.9325561523438,68.18624114990234
sample_07,12981,8694,838395.5932897511,8253619.127407737,824.0704956054688,17.573963165283203
sample_07,12981,8695,838405.5932897511,8253619.127407737,486.3831787109375,13.859461784362793
sample_07,12981,8696,838415.5932897511,8253619.127407737,277.53594970703125,36.64466857910156
sample_07,12981,8697,838425.5932897511,8253619.127407737,304.30950927734375,139.9016571044922
sample_07,12981,8698,838435.5932897511,8253619.127407737,259.6602478027344,162.65615844726562
sample_07,12981,8699,838445.5932897511,8253619.127407737,231.7469482421875,81.39642333984375
sample_07,12981,8700,838455.5932897511,8253619.127407737,452.9981384277344,36.0432014465332
sample_07,12981,8701,838465.5932897511,8253619.127407737,820.8638305664062,92.43924713134766
sample_07,12981,8702,838475.5932897511,8253619.127407737,962.199951171875,197.70465087890625
sample_07,12981,8703,838485.5932897511,8253619.127407737,464.9227294921875,81.83937072753906
sample_07,12982,8684,838295.5932897511,8253609.127407737,267.4217834472656,119.85130310058594
sample_07,12982,8685,838305.5932897511,8253609.127407737,357.2834777832031,66.6130142211914
sample_07,12982,8686,838315.5932897511,8253609.127407737,779.3696899414062,105.74168395996094
sample_07,12982,8687,838325.5932897511,8253609.127407737,321.93719482421875,75.21124267578125
sample_07,12982,8688,838335.5932897511,8253609.127407737,205.9348907470703,163.74630737304688
sample_07,12982,8689,838345.5932897511,8253609.127407737,156.6226043701172,396.940673828125
sample_07,12982,8690,838355.5932897511,8253609.127407737,663.1693725585938,211.10018920898438
sample_07,12982,8691,838365.5932897511,8253609.127407737,908.292724609375,50.165950775146484
sample_07,12982,8692,838375.5932897511,8253609.127407737,634.5,153.24794006347656
sample_07,12982,8693,838385.5932897511,8253609.127407737,444.05462646484375,107.36444854736328
sample_07,12982,8694,838395.5932897511,8253609.127407737,357.0060729980469,17.63379669189453
sample_07,12982,8695,838405.5932897511,8253609.127407737,451.5476379394531,15.543272972106934
sample_07,12982,8696,838415.5932897511,8253609.127407737,367.85260009765625,19.97209358215332
sample_07,12982,8697,838425.5932897511,8253609.127407737,345.11639404296875,28.29509735107422
sample_07,12982,8698,838435.5932897511,8253609.127407737,227.7215576171875,69.40744018554688
sample_07,12982,8699,838445.5932897511,8253609.127407737,234.93592834472656,79.07244110107422
sample_07,12982,8700,838455.5932897511,8253609.127407737,362.39007568359375,32.79684829711914
sample_07,12982,8701,838465.5932897511,8253609.127407737,1092.8663330078125,116.44763946533203
sample_07,12982,8702,838475.5932897511,8253609.127407737,1451.0579833984375,203.3909912109375
sample_07,12982,8703,838485.5932897511,8253609.127407737,622.197509765625,65.97887420654297
sample_07,12983,8684,838295.5932897511,8253599.127407737,228.926025390625,78.03125762939453
sample_07,12983,8685,838305.5932897511,8253599.127407737,385.3470764160156,69.56873321533203
sample_07,12983,8686,838315.5932897511,8253599.127407737,864.9757690429688,87.43917083740234
sample_07,12983,8687,838325.5932897511,8253599.127407737,1147.16943359375,44.54056167602539
sample_07,12983,8688,838335.5932897511,8253599.127407737,812.6753540039062,126.26221466064453
sample_07,12983,8689,838345.5932897511,8253599.127407737,545.4672241210938,286.6436462402344
sample_07,12983,8690,838355.5932897511,8253599.127407737,1051.357177734375,153.7017059326172
sample_07,12983,8691,838365.5932897511,8253599.127407737,945.3344116210938,96.50444793701172
sample_07,12983,8692,838375.5932897511,8253599.127407737,203.83775329589844,167.6214141845703
sample_07,12983,8693,838385.5932897511,8253599.127407737,156.40467834472656,151.3382110595703
sample_07,12983,8694,838395.5932897511,8253599.127407737,212.96392822265625,81.49527740478516
sample_07,12983,8695,838405.5932897511,8253599.127407737,572.775390625,24.14226531982422
sample_07,12983,8696,838415.5932897511,8253599.127407737,718.7164306640625,36.77684020996094
sample_07,12983,8697,838425.5932897511,8253599.127407737,639.2032470703125,65.8177261352539
sample_07,12983,8698,838435.5932897511,8253599.127407737,344.98382568359375,147.99752807617188
sample_07,12983,8699,838445.5932897511,8253599.127407737,424.8877258300781,115.03202056884766
sample_07,12983,8700,838455.5932897511,8253599.127407737,605.1463623046875,36.03825759887695
sample_07,12983,8701,838465.5932897511,8253599.127407737,1628.334228515625,113.21458435058594
sample_07,12983,8702,838475.5932897511,8253599.127407737,2205.8623046875,136.35345458984375
sample_07,12983,8703,838485.5932897511,8253599.127407737,1430.160400390625,20.921907424926758
sample_08,12864,8895,840405.5932897511,8254789.127407737,45.25240707397461,69.46163940429688
sample_08,12864,8896,840415.5932897511,8254789.127407737,88.45899963378906,100.42938232421875
sample_08,12864,8897,840425.5932897511,8254789.127407737,129.76220703125,93.53985595703125
sample_08,12864,8898,840435.5932897511,8254789.127407737,76.99421691894531,67.86322021484375
sample_08,12864,8899,840445.5932897511,8254789.127407737,484.1770324707031,61.47491455078125
sample_08,12864,8900,840455.5932897511,8254789.127407737,558.5921020507812,56.45420455932617
sample_08,12864,8901,840465.5932897511,8254789.127407737,146.31304931640625,118.11162567138672
sample_08,12864,8902,840475.5932897511,8254789.127407737,173.51248168945312,78.94908142089844
sample_08,12864,8903,840485.5932897511,8254789.127407737,311.2313537597656,29.07585334777832
sample_08,12864,8904,840495.5932897511,8254789.127407737,211.24278259277344,132.24676513671875
sample_08,12864,8905,840505.5932897511,8254789.127407737,178.49612426757812,215.01788330078125
sample_08,12864,8906,840515.5932897511,8254789.127407737,356.99981689453125,306.232421875
sample_08,12864,8907,840525.5932897511,8254789.127407737,250.10910034179688,188.29132080078125
sample_08,12864,8908,840535.5932897511,8254789.127407737,116.49121856689453,128.49264526367188
sample_08,12864,8909,840545.5932897511,8254789.127407737,150.07449340820312,324.79327392578125
sample_08,12864,8910,840555.5932897511,8254789.127407737,163.62513732910156,239.79946899414062
sample_08,12864,8911,840565.5932897511,8254789.127407737,251.05160522460938,208.39317321777344
sample_08,12864,8912,840575.5932897511,8254789.127407737,306.5445556640625,140.79681396484375
sample_08,12864,8913,840585.5932897511,8254789.127407737,245.21067810058594,63.15528869628906
sample_08,12864,8914,840595.5932897511,8254789.127407737,47.741294860839844,27.662656784057617
sample_08,12865,8895,840405.5932897511,8254779.127407737,77.16781616210938,212.4046173095703
sample_08,12865,8896,840415.5932897511,8254779.127407737,100.57964324951172,270.97314453125
sample_08,12865,8897,840425.5932897511,8254779.127407737,257.5596618652344,253.66879272460938
sample_08,12865,8898,840435.5932897511,8254779.127407737,370.3626403808594,182.73582458496094
sample_08,12865,8899,840445.5932897511,8254779.127407737,792.9856567382812,100.46391296386719
sample_08,12865,8900,840455.5932897511,8254779.127407737,816.4841918945312,110.77120208740234
sample_08,12865,8901,840465.5932897511,8254779.127407737,94.34205627441406,168.3262481689453
sample_08,12865,8902,840475.5932897511,8254779.127407737,104.36722564697266,86.50489044189453
sample_08,12865,8903,840485.5932897511,8254779.127407737,172.4930419921875,97.44844055175781
sample_08,12865,8904,840495.5932897511,8254779.127407737,180.70030212402344,235.0086669921875
sample_08,12865,8905,840505.5932897511,8254779.127407737,216.16986083984375,128.12747192382812
sample_08,12865,8906,840515.5932897511,8254779.127407737,89.64517211914062,60.55623245239258
sample_08,12865,8907,840525.5932897511,8254779.127407737,140.37103271484375,107.57783508300781
sample_08,12865,8908,840535.5932897511,8254779.127407737,244.2841339111328,179.9553985595703
sample_08,12865,8909,840545.5932897511,8254779.127407737,364.8033142089844,368.8518371582031
sample_08,12865,8910,840555.5932897511,8254779.127407737,181.22323608398438,187.55616760253906
sample_08,12865,8911,840565.5932897511,8254779.127407737,77.8498764038086,77.02469635009766
sample_08,12865,8912,840575.5932897511,8254779.127407737,88.94697570800781,125.3814926147461
sample_08,12865,8913,840585.5932897511,8254779.127407737,183.5714111328125,100.90235900878906
sample_08,12865,8914,840595.5932897511,8254779.127407737,162.93858337402344,65.11678314208984
sample_08,12866,8895,840405.5932897511,8254769.127407737,259.572265625,160.19320678710938
sample_08,12866,8896,840415.5932897511,8254769.127407737,91.72410583496094,309.24127197265625
sample_08,12866,8897,840425.5932897511,8254769.127407737,455.3877258300781,354.8694152832031
sample_08,12866,8898,840435.5932897511,8254769.127407737,595.3447875976562,326.2646484375
sample_08,12866,8899,840445.5932897511,8254769.127407737,407.29205322265625,159.07864379882812
sample_08,12866,8900,840455.5932897511,8254769.127407737,310.93988037109375,119.21928405761719
sample_08,12866,8901,840465.5932897511,8254769.127407737,78.85260772705078,139.36289978027344
sample_08,12866,8902,840475.5932897511,8254769.127407737,96.81462860107422,136.1932830810547
sample_08,12866,8903,840485.5932897511,8254769.127407737,91.4518814086914,242.3065185546875
sample_08,12866,8904,840495.5932897511,8254769.127407737,64.26868438720703,512.638671875
sample_08,12866,8905,840505.5932897511,8254769.127407737,527.2687377929688,188.59336853027344
sample_08,12866,8906,840515.5932897511,8254769.127407737,534.3759765625,48.975502014160156
sample_08,12866,8907,840525.5932897511,8254769.127407737,241.57382202148438,96.53863525390625
sample_08,12866,8908,840535.5932897511,8254769.127407737,292.3389587402344,163.72654724121094
sample_08,12866,8909,840545.5932897511,8254769.127407737,459.6575927734375,209.08786010742188
sample_08,12866,8910,840555.5932897511,8254769.127407737,346.5936279296875,79.89578247070312
sample_08,12866,8911,840565.5932897511,8254769.127407737,201.77365112304688,41.30562973022461
sample_08,12866,8912,840575.5932897511,8254769.127407737,154.38479614257812,68.51579284667969
sample_08,12866,8913,840585.5932897511,8254769.127407737,392.7967834472656,103.08006286621094
sample_08,12866,8914,840595.5932897511,8254769.127407737,387.625244140625,96.77796173095703
sample_08,12867,8895,840405.5932897511,8254759.127407737,278.03057861328125,137.03811645507812
sample_08,12867,8896,840415.5932897511,8254759.127407737,141.96737670898438,259.7375793457031
sample_08,12867,8897,840425.5932897511,8254759.127407737,532.1993408203125,301.0006103515625
sample_08,12867,8898,840435.5932897511,8254759.127407737,460.7256164550781,243.37550354003906
sample_08,12867,8899,840445.5932897511,8254759.127407737,161.8766326904297,117.61631774902344
sample_08,12867,8900,840455.5932897511,8254759.127407737,183.35707092285156,101.18521881103516
sample_08,12867,8901,840465.5932897511,8254759.127407737,141.68190002441406,138.18826293945312
sample_08,12867,8902,840475.5932897511,8254759.127407737,159.09384155273438,244.6887969970703
sample_08,12867,8903,840485.5932897511,8254759.127407737,216.21694946289062,306.71343994140625
sample_08,12867,8904,840495.5932897511,8254759.127407737,389.3625793457031,330.2330627441406
sample_08,12867,8905,840505.5932897511,8254759.127407737,954.5480346679688,106.9913558959961
sample_08,12867,8906,840515.5932897511,8254759.127407737,701.593017578125,60.65827941894531
sample_08,12867,8907,840525.5932897511,8254759.127407737,220.5943145751953,102.63423919677734
sample_08,12867,8908,840535.5932897511,8254759.127407737,96.33139038085938,116.34880828857422
sample_08,12867,8909,840545.5932897511,8254759.127407737,222.0407257080078,146.99949645996094
sample_08,12867,8910,840555.5932897511,8254759.127407737,441.38739013671875,127.34820556640625
sample_08,12867,8911,840565.5932897511,8254759.127407737,242.91641235351562,78.40536499023438
sample_08,12867,8912,840575.5932897511,8254759.127407737,221.01795959472656,58.75977325439453
sample_08,12867,8913,840585.5932897511,8254759.127407737,604.8062744140625,97.9731674194336
sample_08,12867,8914,840595.5932897511,8254759.127407737,715.7930908203125,117.251220703125
sample_08,12868,8895,840405.5932897511,8254749.127407737,214.93453979492188,130.91624450683594
sample_08,12868,8896,840415.5932897511,8254749.127407737,119.76030731201172,223.8772430419922
sample_08,12868,8897,840425.5932897511,8254749.127407737,224.60824584960938,317.12420654296875
sample_08,12868,8898,840435.5932897511,8254749.127407737,310.5034484863281,180.4154815673828
sample_08,12868,8899,840445.5932897511,8254749.127407737,205.98741149902344,82.2637710571289
sample_08,12868,8900,840455.5932897511,8254749.127407737,234.29833984375,81.93623352050781
sample_08,12868,8901,840465.5932897511,8254749.127407737,193.25790405273438,130.16575622558594
sample_08,12868,8902,840475.5932897511,8254749.127407737,117.78766632080078,204.7828826904297
sample_08,12868,8903,840485.5932897511,8254749.127407737,270.3746032714844,165.49134826660156
sample_08,12868,8904,840495.5932897511,8254749.127407737,516.8111572265625,145.39797973632812
sample_08,12868,8905,840505.5932897511,8254749.127407737,1064.6124267578125,43.268043518066406
sample_08,12868,8906,840515.5932897511,8254749.127407737,592.3521118164062,119.45562744140625
sample_08,12868,8907,840525.5932897511,8254749.127407737,91.78237915039062,128.30087280273438
sample_08,12868,8908,840535.5932897511,8254749.127407737,42.78187561035156,112.46808624267578
sample_08,12868,8909,840545.5932897511,8254749.127407737,129.044921875,125.88499450683594
sample_08,12868,8910,840555.5932897511,8254749.127407737,313.2213134765625,140.3256378173828
sample_08,12868,8911,840565.5932897511,8254749.127407737,166.2047119140625,100.74832916259766
sample_08,12868,8912,840575.5932897511,8254749.127407737,95.45598602294922,64.2546157836914
sample_08,12868,8913,840585.5932897511,8254749.127407737,237.43748474121094,34.33845901489258
sample_08,12868,8914,840595.5932897511,8254749.127407737,298.6310119628906,139.0941162109375
sample_08,12869,8895,840405.5932897511,8254739.127407737,510.19219970703125,107.77741241455078
sample_08,12869,8896,840415.5932897511,8254739.127407737,261.5641784667969,151.45388793945312
sample_08,12869,8897,840425.5932897511,8254739.127407737,38.92207717895508,214.95468139648438
sample_08,12869,8898,840435.5932897511,8254739.127407737,295.30224609375,93.69039916992188
sample_08,12869,8899,840445.5932897511,8254739.127407737,351.4571838378906,47.606719970703125
sample_08,12869,8900,840455.5932897511,8254739.127407737,123.1596450805664,102.83879852294922
sample_08,12869,8901,840465.5932897511,8254739.127407737,110.04878234863281,109.99325561523438
sample_08,12869,8902,840475.5932897511,8254739.127407737,151.74501037597656,111.40604400634766
sample_08,12869,8903,840485.5932897511,8254739.127407737,340.9479064941406,32.19350051879883
sample_08,12869,8904,840495.5932897511,8254739.127407737,345.22125244140625,27.726547241210938
sample_08,12869,8905,840505.5932897511,8254739.127407737,378.9622497558594,110.83847045898438
sample_08,12869,8906,840515.5932897511,8254739.127407737,274.26092529296875,432.7660217285156
sample_08,12869,8907,840525.5932897511,8254739.127407737,128.57582092285156,322.0499572753906
sample_08,12869,8908,840535.5932897511,8254739.127407737,73.16984558105469,77.02841186523438
sample_08,12869,8909,840545.5932897511,8254739.127407737,71.31112670898438,138.13189697265625
sample_08,12869,8910,840555.5932897511,8254739.127407737,39.58012771606445,105.98574829101562
sample_08,12869,8911,840565.5932897511,8254739.127407737,59.70676803588867,48.07490921020508
sample_08,12869,8912,840575.5932897511,8254739.127407737,141.92372131347656,39.914527893066406
sample_08,12869,8913,840585.5932897511,8254739.127407737,183.70758056640625,41.2015495300293
sample_08,12869,8914,840595.5932897511,8254739.127407737,108.94270324707031,127.71520233154297
sample_08,12870,8895,840405.5932897511,8254729.127407737,520.0638427734375,169.43075561523438
sample_08,12870,8896,840415.5932897511,8254729.127407737,331.7088928222656,79.55522918701172
sample_08,12870,8897,840425.5932897511,8254729.127407737,46.74341583251953,29.337114334106445
sample_08,12870,8898,840435.5932897511,8254729.127407737,76.98383331298828,23.862403869628906
sample_08,12870,8899,840445.5932897511,8254729.127407737,102.70982360839844,51.76592254638672
sample_08,12870,8900,840455.5932897511,8254729.127407737,73.30522155761719,88.47747802734375
sample_08,12870,8901,840465.5932897511,8254729.127407737,167.4374237060547,65.35717010498047
sample_08,12870,8902,840475.5932897511,8254729.127407737,242.946533203125,51.319007873535156
sample_08,12870,8903,840485.5932897511,8254729.127407737,408.6195983886719,20.694740295410156
sample_08,12870,8904,840495.5932897511,8254729.127407737,211.2168426513672,68.1523666381836
sample_08,12870,8905,840505.5932897511,8254729.127407737,137.55699157714844,191.38328552246094
sample_08,12870,8906,840515.5932897511,8254729.127407737,127.59090423583984,494.6793212890625
sample_08,12870,8907,840525.5932897511,8254729.127407737,205.9828338623047,324.22772216796875
sample_08,12870,8908,840535.5932897511,8254729.127407737,205.97108459472656,91.01426696777344
sample_08,12870,8909,840545.5932897511,8254729.127407737,239.89622497558594,258.74273681640625
sample_08,12870,8910,840555.5932897511,8254729.127407737,147.5682830810547,195.90052795410156
sample_08,12870,8911,840565.5932897511,8254729.127407737,52.87224578857422,65.61174774169922
sample_08,12870,8912,840575.5932897511,8254729.127407737,170.61839294433594,45.88616943359375
sample_08,12870,8913,840585.5932897511,8254729.127407737,186.2887725830078,33.25837326049805
sample_08,12870,8914,840595.5932897511,8254729.127407737,89.36642456054688,24.18938636779785
sample_08,12871,8895,840405.5932897511,8254719.127407737,194.85902404785156,255.77432250976562
sample_08,12871,8896,840415.5932897511,8254719.127407737,406.7604064941406,120.46231842041016
sample_08,12871,8897,840425.5932897511,8254719.127407737,358.8609619140625,73.92915344238281
sample_08,12871,8898,840435.5932897511,8254719.127407737,243.40243530273438,74.67667388916016
sample_08,12871,8899,840445.5932897511,8254719.127407737,73.06421661376953,175.58741760253906
sample_08,12871,8900,840455.5932897511,8254719.127407737,119.70921325683594,121.40337371826172
sample_08,12871,8901,840465.5932897511,8254719.127407737,401.55560302734375,21.24159812927246
sample_08,12871,8902,840475.5932897511,8254719.127407737,388.6356201171875,54.33050537109375
sample_08,12871,8903,840485.5932897511,8254719.127407737,338.1394348144531,95.05937194824219
sample_08,12871,8904,840495.5932897511,8254719.127407737,130.08258056640625,169.5701446533203
sample_08,12871,8905,840505.5932897511,8254719.127407737,46.15916061401367,211.38079833984375
sample_08,12871,8906,840515.5932897511,8254719.127407737,60.286781311035156,306.9551086425781
sample_08,12871,8907,840525.5932897511,8254719.127407737,394.84600830078125,220.69752502441406
sample_08,12871,8908,840535.5932897511,8254719.127407737,506.2139587402344,127.96756744384766
sample_08,12871,8909,840545.5932897511,8254719.127407737,492.807373046875,159.63551330566406
sample_08,12871,8910,840555.5932897511,8254719.127407737,250.9169464111328,121.42849731445312
sample_08,12871,8911,840565.5932897511,8254719.127407737,97.18948364257812,63.0347900390625
sample_08,12871,8912,840575.5932897511,8254719.127407737,163.72410583496094,50.6545524597168
sample_08,12871,8913,840585.5932897511,8254719.127407737,114.64466094970703,27.01213836669922
sample_08,12871,8914,840595.5932897511,8254719.127407737,27.67778968811035,15.666411399841309
sample_08,12872,8895,840405.5932897511,8254709.127407737,211.29983520507812,223.96237182617188
sample_08,12872,8896,840415.5932897511,8254709.127407737,504.7028503417969,227.41336059570312
sample_08,12872,8897,840425.5932897511,8254709.127407737,546.0675659179688,206.44622802734375
sample_08,12872,8898,840435.5932897511,8254709.127407737,419.7695007324219,232.88385009765625
sample_08,12872,8899,840445.5932897511,8254709.127407737,103.92556762695312,438.6529846191406
sample_08,12872,8900,840455.5932897511,8254709.127407737,70.0607681274414,264.9625244140625
sample_08,12872,8901,840465.5932897511,8254709.127407737,192.46929931640625,12.606201171875
sample_08,12872,8902,840475.5932897511,8254709.127407737,226.16053771972656,64.62374877929688
sample_08,12872,8903,840485.5932897511,8254709.127407737,217.5608673095703,136.30606079101562
sample_08,12872,8904,840495.5932897511,8254709.127407737,107.30512237548828,252.7267303466797
sample_08,12872,8905,840505.5932897511,8254709.127407737,55.05919647216797,177.43919372558594
sample_08,12872,8906,840515.5932897511,8254709.127407737,69.71337890625,155.91912841796875
sample_08,12872,8907,840525.5932897511,8254709.127407737,242.51376342773438,198.35720825195312
sample_08,12872,8908,840535.5932897511,8254709.127407737,358.834716796875,127.17176818847656
sample_08,12872,8909,840545.5932897511,8254709.127407737,446.2378234863281,54.399009704589844
sample_08,12872,8910,840555.5932897511,8254709.127407737,345.83184814453125,28.101943969726562
sample_08,12872,8911,840565.5932897511,8254709.127407737,146.44338989257812,13.418950080871582
sample_08,12872,8912,840575.5932897511,8254709.127407737,87.40827178955078,23.16234016418457
sample_08,12872,8913,840585.5932897511,8254709.127407737,60.84947204589844,92.98597717285156
sample_08,12872,8914,840595.5932897511,8254709.127407737,29.01682472229004,91.89262390136719
sample_08,12873,8895,840405.5932897511,8254699.127407737,248.95225524902344,166.99267578125
sample_08,12873,8896,840415.5932897511,8254699.127407737,495.6614990234375,279.0974426269531
sample_08,12873,8897,840425.5932897511,8254699.127407737,647.5396118164062,356.19183349609375
sample_08,12873,8898,840435.5932897511,8254699.127407737,468.1357421875,372.93798828125
sample_08,12873,8899,840445.5932897511,8254699.127407737,35.673675537109375,408.60595703125
sample_08,12873,8900,840455.5932897511,8254699.127407737,86.60298156738281,198.46446228027344
sample_08,12873,8901,840465.5932897511,8254699.127407737,109.8131332397461,52.34274673461914
sample_08,12873,8902,840475.5932897511,8254699.127407737,74.01419830322266,101.3731460571289
sample_08,12873,8903,840485.5932897511,8254699.127407737,112.31124877929688,110.41255187988281
sample_08,12873,8904,840495.5932897511,8254699.127407737,178.7067413330078,153.14236450195312
sample_08,12873,8905,840505.5932897511,8254699.127407737,248.89019775390625,156.13734436035156
sample_08,12873,8906,840515.5932897511,8254699.127407737,255.8392333984375,216.6085968017578
sample_08,12873,8907,840525.5932897511,8254699.127407737,251.11883544921875,310.0045166015625
sample_08,12873,8908,840535.5932897511,8254699.127407737,120.96185302734375,129.7567901611328
sample_08,12873,8909,840545.5932897511,8254699.127407737,236.4959259033203,63.682647705078125
sample_08,12873,8910,840555.5932897511,8254699.127407737,569.1943969726562,68.55332946777344
sample_08,12873,8911,840565.5932897511,8254699.127407737,302.1830749511719,36.98936462402344
sample_08,12873,8912,840575.5932897511,8254699.127407737,121.56852722167969,39.254703521728516
sample_08,12873,8913,840585.5932897511,8254699.127407737,211.7200164794922,146.89236450195312
sample_08,12873,8914,840595.5932897511,8254699.127407737,116.72425079345703,162.90003967285156
sample_08,12874,8895,840405.5932897511,8254689.127407737,248.27915954589844,98.15302276611328
sample_08,12874,8896,840415.5932897511,8254689.127407737,335.2644958496094,155.78636169433594
sample_08,12874,8897,840425.5932897511,8254689.127407737,486.3359069824219,269.6695251464844
sample_08,12874,8898,840435.5932897511,8254689.127407737,291.10736083984375,256.6225280761719
sample_08,12874,8899,840445.5932897511,8254689.127407737,59.852783203125,227.99923706054688
sample_08,12874,8900,840455.5932897511,8254689.127407737,206.78028869628906,118.01445770263672
sample_08,12874,8901,840465.5932897511,8254689.127407737,156.64553833007812,123.24254608154297
sample_08,12874,8902,840475.5932897511,8254689.127407737,80.95134735107422,204.48074340820312
sample_08,12874,8903,840485.5932897511,8254689.127407737,82.99638366699219,122.39013671875
sample_08,12874,8904,840495.5932897511,8254689.127407737,149.8066864013672,99.8697509765625
sample_08,12874,8905,840505.5932897511,8254689.127407737,290.63800048828125,122.093017578125
sample_08,12874,8906,840515.5932897511,8254689.127407737,388.88287353515625,271.9612121582031
sample_08,12874,8907,840525.5932897511,8254689.127407737,417.862548828125,391.5126953125
sample_08,12874,8908,840535.5932897511,8254689.127407737,189.1151885986328,109.51944732666016
sample_08,12874,8909,840545.5932897511,8254689.127407737,216.64320373535156,50.335933685302734
sample_08,12874,8910,840555.5932897511,8254689.127407737,443.14276123046875,82.5167465209961
sample_08,12874,8911,840565.5932897511,8254689.127407737,307.6797790527344,64.31259155273438
sample_08,12874,8912,840575.5932897511,8254689.127407737,317.3228454589844,54.75735855102539
sample_08,12874,8913,840585.5932897511,8254689.127407737,693.2373657226562,101.17539978027344
sample_08,12874,8914,840595.5932897511,8254689.127407737,314.28118896484375,76.08982849121094
sample_08,12875,8895,840405.5932897511,8254679.127407737,320.0574645996094,223.71157836914062
sample_08,12875,8896,840415.5932897511,8254679.127407737,622.20166015625,220.99562072753906
sample_08,12875,8897,840425.5932897511,8254679.127407737,890.5009765625,199.57568359375
sample_08,12875,8898,840435.5932897511,8254679.127407737,279.22430419921875,156.67538452148438
sample_08,12875,8899,840445.5932897511,8254679.127407737,164.883544921875,89.23814392089844
sample_08,12875,8900,840455.5932897511,8254679.127407737,495.37164306640625,52.37754821777344
sample_08,12875,8901,840465.5932897511,8254679.127407737,287.5072937011719,166.5189666748047
sample_08,12875,8902,840475.5932897511,8254679.127407737,105.50328826904297,224.90687561035156
sample_08,12875,8903,840485.5932897511,8254679.127407737,52.62068176269531,111.27143859863281
sample_08,12875,8904,840495.5932897511,8254679.127407737,91.04118347167969,67.71456909179688
sample_08,12875,8905,840505.5932897511,8254679.127407737,167.82862854003906,52.35747146606445
sample_08,12875,8906,840515.5932897511,8254679.127407737,226.66033935546875,82.12796020507812
sample_08,12875,8907,840525.5932897511,8254679.127407737,250.7432403564453,173.48081970214844
sample_08,12875,8908,840535.5932897511,8254679.127407737,169.49562072753906,152.0769805908203
sample_08,12875,8909,840545.5932897511,8254679.127407737,147.02569580078125,78.77567291259766
sample_08,12875,8910,840555.5932897511,8254679.127407737,199.85696411132812,82.44129943847656
sample_08,12875,8911,840565.5932897511,8254679.127407737,336.0518493652344,118.82363891601562
sample_08,12875,8912,840575.5932897511,8254679.127407737,425.73455810546875,87.17805480957031
sample_08,12875,8913,840585.5932897511,8254679.127407737,538.3252563476562,76.8465805053711
sample_08,12875,8914,840595.5932897511,8254679.127407737,239.7465362548828,104.40049743652344
sample_08,12876,8895,840405.5932897511,8254669.127407737,203.2404327392578,146.94964599609375
sample_08,12876,8896,840415.5932897511,8254669.127407737,833.9868774414062,166.714599609375
sample_08,12876,8897,840425.5932897511,8254669.127407737,1123.3033447265625,140.50267028808594
sample_08,12876,8898,840435.5932897511,8254669.127407737,304.77496337890625,175.4721221923828
sample_08,12876,8899,840445.5932897511,8254669.127407737,108.92755126953125,115.7484130859375
sample_08,12876,8900,840455.5932897511,8254669.127407737,283.6407165527344,55.244354248046875
sample_08,12876,8901,840465.5932897511,8254669.127407737,370.6200256347656,140.78041076660156
sample_08,12876,8902,840475.5932897511,8254669.127407737,223.0855712890625,166.50518798828125
sample_08,12876,8903,840485.5932897511,8254669.127407737,47.919105529785156,83.317626953125
sample_08,12876,8904,840495.5932897511,8254669.127407737,66.35281372070312,79.31651306152344
sample_08,12876,8905,840505.5932897511,8254669.127407737,162.28549194335938,88.18130493164062
sample_08,12876,8906,840515.5932897511,8254669.127407737,280.9496154785156,117.68169403076172
sample_08,12876,8907,840525.5932897511,8254669.127407737,232.32394409179688,204.26580810546875
sample_08,12876,8908,840535.5932897511,8254669.127407737,170.0553436279297,265.80889892578125
sample_08,12876,8909,840545.5932897511,8254669.127407737,90.25936126708984,91.72610473632812
sample_08,12876,8910,840555.5932897511,8254669.127407737,80.6332778930664,71.26441955566406
sample_08,12876,8911,840565.5932897511,8254669.127407737,160.5433807373047,141.1994171142578
sample_08,12876,8912,840575.5932897511,8254669.127407737,268.361083984375,98.83141326904297
sample_08,12876,8913,840585.5932897511,8254669.127407737,320.19757080078125,113.0474853515625
sample_08,12876,8914,840595.5932897511,8254669.127407737,176.56137084960938,211.59881591796875
sample_08,12877,8895,840405.5932897511,8254659.127407737,181.64991760253906,17.661775588989258
sample_08,12877,8896,840415.5932897511,8254659.127407737,774.4610595703125,85.75160217285156
sample_08,12877,8897,840425.5932897511,8254659.127407737,748.1647338867188,114.4748764038086
sample_08,12877,8898,840435.5932897511,8254659.127407737,63.955440521240234,119.7957534790039
sample_08,12877,8899,840445.5932897511,8254659.127407737,137.42904663085938,75.43489074707031
sample_08,12877,8900,840455.5932897511,8254659.127407737,261.49896240234375,41.94237518310547
sample_08,12877,8901,840465.5932897511,8254659.127407737,543.570556640625,56.52888488769531
sample_08,12877,8902,840475.5932897511,8254659.127407737,449.2882385253906,38.528663635253906
sample_08,12877,8903,840485.5932897511,8254659.127407737,190.07000732421875,18.56957244873047
sample_08,12877,8904,840495.5932897511,8254659.127407737,93.63985443115234,33.74509048461914
sample_08,12877,8905,840505.5932897511,8254659.127407737,135.5339813232422,76.32402801513672
sample_08,12877,8906,840515.5932897511,8254659.127407737,288.8904724121094,149.02117919921875
sample_08,12877,8907,840525.5932897511,8254659.127407737,233.34835815429688,296.43865966796875
sample_08,12877,8908,840535.5932897511,8254659.127407737,178.73251342773438,316.97705078125
sample_08,12877,8909,840545.5932897511,8254659.127407737,169.87335205078125,119.91896057128906
sample_08,12877,8910,840555.5932897511,8254659.127407737,157.96229553222656,114.55645751953125
sample_08,12877,8911,840565.5932897511,8254659.127407737,143.16439819335938,138.43666076660156
sample_08,12877,8912,840575.5932897511,8254659.127407737,129.9805145263672,92.05671691894531
sample_08,12877,8913,840585.5932897511,8254659.127407737,203.59559631347656,179.90988159179688
sample_08,12877,8914,840595.5932897511,8254659.127407737,276.68701171875,310.24169921875
sample_08,12878,8895,840405.5932897511,8254649.127407737,288.4974060058594,70.1634521484375
sample_08,12878,8896,840415.5932897511,8254649.127407737,569.6248779296875,159.6688232421875
sample_08,12878,8897,840425.5932897511,8254649.127407737,419.8813171386719,141.25283813476562
sample_08,12878,8898,840435.5932897511,8254649.127407737,92.14006042480469,100.32173156738281
sample_08,12878,8899,840445.5932897511,8254649.127407737,204.13011169433594,49.20060348510742
sample_08,12878,8900,840455.5932897511,8254649.127407737,338.4546813964844,18.107175827026367
sample_08,12878,8901,840465.5932897511,8254649.127407737,431.95574951171875,23.318763732910156
sample_08,12878,8902,840475.5932897511,8254649.127407737,257.3230895996094,98.92109680175781
sample_08,12878,8903,840485.5932897511,8254649.127407737,185.48193359375,126.42108917236328
sample_08,12878,8904,840495.5932897511,8254649.127407737,175.20579528808594,121.35688781738281
sample_08,12878,8905,840505.5932897511,8254649.127407737,79.18083190917969,104.7674789428711
sample_08,12878,8906,840515.5932897511,8254649.127407737,84.4239730834961,67.8763427734375
sample_08,12878,8907,840525.5932897511,8254649.127407737,145.4104461669922,135.9184112548828
sample_08,12878,8908,840535.5932897511,8254649.127407737,276.32379150390625,142.54367065429688
sample_08,12878,8909,840545.5932897511,8254649.127407737,368.9773254394531,72.98526763916016
sample_08,12878,8910,840555.5932897511,8254649.127407737,235.09512329101562,120.38984680175781
sample_08,12878,8911,840565.5932897511,8254649.127407737,210.90647888183594,107.72120666503906
sample_08,12878,8912,840575.5932897511,8254649.127407737,149.40524291992188,28.48305892944336
sample_08,12878,8913,840585.5932897511,8254649.127407737,248.18133544921875,91.48043823242188
sample_08,12878,8914,840595.5932897511,8254649.127407737,313.1624755859375,224.01829528808594
sample_09,13079,8936,840815.5932897511,8252639.127407737,439.0662536621094,133.3088836669922
sample_09,13079,8937,840825.5932897511,8252639.127407737,543.5737915039062,100.3677978515625
sample_09,13079,8938,840835.5932897511,8252639.127407737,747.5953369140625,35.443538665771484
sample_09,13079,8939,840845.5932897511,8252639.127407737,659.660888671875,136.34365844726562
sample_09,13079,8940,840855.5932897511,8252639.127407737,662.8695678710938,237.19435119628906
sample_09,13079,8941,840865.5932897511,8252639.127407737,1201.33447265625,230.63121032714844
sample_09,13079,8942,840875.5932897511,8252639.127407737,1251.665283203125,143.24818420410156
sample_09,13079,8943,840885.5932897511,8252639.127407737,732.4784545898438,28.180322647094727
sample_09,13079,8944,840895.5932897511,8252639.127407737,937.7589721679688,50.035465240478516
sample_09,13079,8945,840905.5932897511,8252639.127407737,928.18798828125,80.00916290283203
sample_09,13079,8946,840915.5932897511,8252639.127407737,373.0889892578125,72.57815551757812
sample_09,13079,8947,840925.5932897511,8252639.127407737,248.60800170898438,80.29330444335938
sample_09,13079,8948,840935.5932897511,8252639.127407737,256.01800537109375,91.71420288085938
sample_09,13079,8949,840945.5932897511,8252639.127407737,339.6860656738281,119.76333618164062
sample_09,13079,8950,840955.5932897511,8252639.127407737,769.33837890625,180.4617462158203
sample_09,13079,8951,840965.5932897511,8252639.127407737,1095.4208984375,212.25701904296875
sample_09,13079,8952,840975.5932897511,8252639.127407737,1221.8330078125,113.58786010742188
sample_09,13079,8953,840985.5932897511,8252639.127407737,900.354248046875,50.768394470214844
sample_09,13079,8954,840995.5932897511,8252639.127407737,158.20016479492188,58.73329544067383
sample_09,13079,8955,841005.5932897511,8252639.127407737,193.6474609375,139.32455444335938
sample_09,13080,8936,840815.5932897511,8252629.127407737,948.3372802734375,185.23492431640625
sample_09,13080,8937,840825.5932897511,8252629.127407737,879.7758178710938,132.81178283691406
sample_09,13080,8938,840835.5932897511,8252629.127407737,728.53515625,63.65874099731445
sample_09,13080,8939,840845.5932897511,8252629.127407737,568.034423828125,64.99470520019531
sample_09,13080,8940,840855.5932897511,8252629.127407737,410.288818359375,89.67373657226562
sample_09,13080,8941,840865.5932897511,8252629.127407737,373.3847961425781,114.03968811035156
sample_09,13080,8942,840875.5932897511,8252629.127407737,1465.078369140625,65.02333068847656
sample_09,13080,8943,840885.5932897511,8252629.127407737,1498.1219482421875,49.13928985595703
sample_09,13080,8944,840895.5932897511,8252629.127407737,922.0371704101562,84.6693344116211
sample_09,13080,8945,840905.5932897511,8252629.127407737,895.9544067382812,52.840145111083984
sample_09,13080,8946,840915.5932897511,8252629.127407737,449.0334167480469,32.08213806152344
sample_09,13080,8947,840925.5932897511,8252629.127407737,176.67189025878906,62.06566619873047
sample_09,13080,8948,840935.5932897511,8252629.127407737,363.4109191894531,81.50492858886719
sample_09,13080,8949,840945.5932897511,8252629.127407737,654.567626953125,106.6983413696289
sample_09,13080,8950,840955.5932897511,8252629.127407737,1064.758056640625,188.78504943847656
sample_09,13080,8951,840965.5932897511,8252629.127407737,1434.9315185546875,266.5079650878906
sample_09,13080,8952,840975.5932897511,8252629.127407737,1447.1429443359375,250.7832489013672
sample_09,13080,8953,840985.5932897511,8252629.127407737,805.8328247070312,131.9629364013672
sample_09,13080,8954,840995.5932897511,8252629.127407737,222.1451416015625,68.10359191894531
sample_09,13080,8955,841005.5932897511,8252629.127407737,123.51700592041016,85.75867462158203
sample_09,13081,8936,840815.5932897511,8252619.127407737,1119.1905517578125,282.2741394042969
sample_09,13081,8937,840825.5932897511,8252619.127407737,888.0568237304688,149.0421142578125
sample_09,13081,8938,840835.5932897511,8252619.127407737,739.2302856445312,92.97409057617188
sample_09,13081,8939,840845.5932897511,8252619.127407737,636.0303344726562,49.611480712890625
sample_09,13081,8940,840855.5932897511,8252619.127407737,406.292724609375,78.10736846923828
sample_09,13081,8941,840865.5932897511,8252619.127407737,436.2025451660156,96.27094268798828
sample_09,13081,8942,840875.5932897511,8252619.127407737,1409.9713134765625,54.37166976928711
sample_09,13081,8943,840885.5932897511,8252619.127407737,1620.7191162109375,87.62749481201172
sample_09,13081,8944,840895.5932897511,8252619.127407737,1062.538818359375,206.73809814453125
sample_09,13081,8945,840905.5932897511,8252619.127407737,2164.5234375,175.6809539794922
sample_09,13081,8946,840915.5932897511,8252619.127407737,1674.5230712890625,132.1614532470703
sample_09,13081,8947,840925.5932897511,8252619.127407737,240.88917541503906,118.10079956054688
sample_09,13081,8948,840935.5932897511,8252619.127407737,651.0032348632812,87.63053894042969
sample_09,13081,8949,840945.5932897511,8252619.127407737,915.4542846679688,84.17036437988281
sample_09,13081,8950,840955.5932897511,8252619.127407737,714.853759765625,81.962158203125
sample_09,13081,8951,840965.5932897511,8252619.127407737,718.21337890625,191.51927185058594
sample_09,13081,8952,840975.5932897511,8252619.127407737,726.477783203125,281.4912109375
sample_09,13081,8953,840985.5932897511,8252619.127407737,566.6853637695312,150.48361206054688
sample_09,13081,8954,840995.5932897511,8252619.127407737,258.2077331542969,76.00823211669922
sample_09,13081,8955,841005.5932897511,8252619.127407737,30.510452270507812,60.10757064819336
sample_09,13082,8936,840815.5932897511,8252609.127407737,765.0595092773438,262.2720031738281
sample_09,13082,8937,840825.5932897511,8252609.127407737,567.2552490234375,79.60022735595703
sample_09,13082,8938,840835.5932897511,8252609.127407737,465.0269775390625,32.82623291015625
sample_09,13082,8939,840845.5932897511,8252609.127407737,416.6175231933594,46.37539291381836
sample_09,13082,8940,840855.5932897511,8252609.127407737,277.3023986816406,93.4399185180664
sample_09,13082,8941,840865.5932897511,8252609.127407737,339.9751281738281,93.87781524658203
sample_09,13082,8942,840875.5932897511,8252609.127407737,778.304443359375,64.7253646850586
sample_09,13082,8943,840885.5932897511,8252609.127407737,1253.6688232421875,42.063026428222656
sample_09,13082,8944,840895.5932897511,8252609.127407737,1494.69091796875,78.8563003540039
sample_09,13082,8945,840905.5932897511,8252609.127407737,2100.798828125,149.8881378173828
sample_09,13082,8946,840915.5932897511,8252609.127407737,1514.76611328125,145.21133422851562
sample_09,13082,8947,840925.5932897511,8252609.127407737,306.6339111328125,133.234130859375
sample_09,13082,8948,840935.5932897511,8252609.127407737,1052.6246337890625,102.86009216308594
sample_09,13082,8949,840945.5932897511,8252609.127407737,1051.3851318359375,158.02874755859375
sample_09,13082,8950,840955.5932897511,8252609.127407737,379.6436767578125,270.3540344238281
sample_09,13082,8951,840965.5932897511,8252609.127407737,380.10052490234375,182.58078002929688
sample_09,13082,8952,840975.5932897511,8252609.127407737,402.8751525878906,173.86827087402344
sample_09,13082,8953,840985.5932897511,8252609.127407737,487.77557373046875,114.9988784790039
sample_09,13082,8954,840995.5932897511,8252609.127407737,274.91485595703125,81.94100952148438
sample_09,13082,8955,841005.5932897511,8252609.127407737,132.9539031982422,73.31685638427734
sample_09,13083,8936,840815.5932897511,8252599.127407737,231.73330688476562,61.508785247802734
sample_09,13083,8937,840825.5932897511,8252599.127407737,293.8479309082031,21.819143295288086
sample_09,13083,8938,840835.5932897511,8252599.127407737,250.91819763183594,30.620588302612305
sample_09,13083,8939,840845.5932897511,8252599.127407737,237.66969299316406,59.36647033691406
sample_09,13083,8940,840855.5932897511,8252599.127407737,195.61117553710938,112.25996398925781
sample_09,13083,8941,840865.5932897511,8252599.127407737,72.23790740966797,72.94213104248047
sample_09,13083,8942,840875.5932897511,8252599.127407737,193.190673828125,19.36712646484375
sample_09,13083,8943,840885.5932897511,8252599.127407737,544.4832153320312,32.90974807739258
sample_09,13083,8944,840895.5932897511,8252599.127407737,941.6266479492188,64.52978515625
sample_09,13083,8945,840905.5932897511,8252599.127407737,1361.9603271484375,137.3475799560547
sample_09,13083,8946,840915.5932897511,8252599.127407737,988.1675415039062,110.53102111816406
sample_09,13083,8947,840925.5932897511,8252599.127407737,587.345458984375,109.5757064819336
sample_09,13083,8948,840935.5932897511,8252599.127407737,730.4742431640625,163.78787231445312
sample_09,13083,8949,840945.5932897511,8252599.127407737,633.1530151367188,317.9753112792969
sample_09,13083,8950,840955.5932897511,8252599.127407737,284.6964416503906,399.8659973144531
sample_09,13083,8951,840965.5932897511,8252599.127407737,269.6274719238281,121.32630920410156
sample_09,13083,8952,840975.5932897511,8252599.127407737,353.6523132324219,21.757205963134766
sample_09,13083,8953,840985.5932897511,8252599.127407737,478.3913269042969,16.607282638549805
sample_09,13083,8954,840995.5932897511,8252599.127407737,189.63467407226562,43.34916687011719
sample_09,13083,8955,841005.5932897511,8252599.127407737,256.5267028808594,158.66839599609375
sample_09,13084,8936,840815.5932897511,8252589.127407737,211.41952514648438,115.11053466796875
sample_09,13084,8937,840825.5932897511,8252589.127407737,239.47377014160156,68.65577697753906
sample_09,13084,8938,840835.5932897511,8252589.127407737,102.06842803955078,47.38003158569336
sample_09,13084,8939,840845.5932897511,8252589.127407737,202.756103515625,61.75166702270508
sample_09,13084,8940,840855.5932897511,8252589.127407737,377.9929504394531,100.82706451416016
sample_09,13084,8941,840865.5932897511,8252589.127407737,268.8773193359375,74.81975555419922
sample_09,13084,8942,840875.5932897511,8252589.127407737,155.16688537597656,59.91468811035156
sample_09,13084,8943,840885.5932897511,8252589.127407737,118.46788787841797,82.15425109863281
sample_09,13084,8944,840895.5932897511,8252589.127407737,240.6704864501953,106.07341766357422
sample_09,13084,8945,840905.5932897511,8252589.127407737,319.3685302734375,109.68777465820312
sample_09,13084,8946,840915.5932897511,8252589.127407737,390.03948974609375,125.4732894897461
sample_09,13084,8947,840925.5932897511,8252589.127407737,353.4704284667969,157.55325317382812
sample_09,13084,8948,840935.5932897511,8252589.127407737,367.91668701171875,219.75201416015625
sample_09,13084,8949,840945.5932897511,8252589.127407737,431.6141357421875,399.42584228515625
sample_09,13084,8950,840955.5932897511,8252589.127407737,368.4153747558594,416.32305908203125
sample_09,13084,8951,840965.5932897511,8252589.127407737,291.2671813964844,89.54557037353516
sample_09,13084,8952,840975.5932897511,8252589.127407737,450.9209899902344,137.06617736816406
sample_09,13084,8953,840985.5932897511,8252589.127407737,496.0356140136719,163.2907257080078
sample_09,13084,8954,840995.5932897511,8252589.127407737,174.70863342285156,93.486328125
sample_09,13084,8955,841005.5932897511,8252589.127407737,395.6359558105469,267.99029541015625
sample_09,13085,8936,840815.5932897511,8252579.127407737,290.98419189453125,148.24832153320312
sample_09,13085,8937,840825.5932897511,8252579.127407737,261.306884765625,118.51029205322266
sample_09,13085,8938,840835.5932897511,8252579.127407737,55.359718322753906,68.91421508789062
sample_09,13085,8939,840845.5932897511,8252579.127407737,542.2640380859375,45.85358428955078
sample_09,13085,8940,840855.5932897511,8252579.127407737,767.4813842773438,54.95881652832031
sample_09,13085,8941,840865.5932897511,8252579.127407737,367.02142333984375,77.33985900878906
sample_09,13085,8942,840875.5932897511,8252579.127407737,192.23593139648438,111.58348846435547
sample_09,13085,8943,840885.5932897511,8252579.127407737,54.5517463684082,179.47265625
sample_09,13085,8944,840895.5932897511,8252579.127407737,343.4693298339844,262.96771240234375
sample_09,13085,8945,840905.5932897511,8252579.127407737,392.3046569824219,277.7867736816406
sample_09,13085,8946,840915.5932897511,8252579.127407737,267.561279296875,248.7234344482422
sample_09,13085,8947,840925.5932897511,8252579.127407737,176.1028289794922,203.55926513671875
sample_09,13085,8948,840935.5932897511,8252579.127407737,191.3524169921875,221.61300659179688
sample_09,13085,8949,840945.5932897511,8252579.127407737,456.0820617675781,286.626708984375
sample_09,13085,8950,840955.5932897511,8252579.127407737,368.2738037109375,281.6618957519531
sample_09,13085,8951,840965.5932897511,8252579.127407737,263.4358215332031,160.09234619140625
sample_09,13085,8952,840975.5932897511,8252579.127407737,694.3080444335938,198.5028839111328
sample_09,13085,8953,840985.5932897511,8252579.127407737,586.1705322265625,231.4768524169922
sample_09,13085,8954,840995.5932897511,8252579.127407737,180.93873596191406,161.0990447998047
sample_09,13085,8955,841005.5932897511,8252579.127407737,1013.6715698242188,208.8451690673828
sample_09,13086,8936,840815.5932897511,8252569.127407737,383.794189453125,58.047584533691406
sample_09,13086,8937,840825.5932897511,8252569.127407737,258.9775085449219,35.36351776123047
sample_09,13086,8938,840835.5932897511,8252569.127407737,69.41128540039062,26.887237548828125
sample_09,13086,8939,840845.5932897511,8252569.127407737,697.0006713867188,25.825918197631836
sample_09,13086,8940,840855.5932897511,8252569.127407737,806.5275268554688,59.47564697265625
sample_09,13086,8941,840865.5932897511,8252569.127407737,211.88763427734375,97.93924713134766
sample_09,13086,8942,840875.5932897511,8252569.127407737,91.26951599121094,93.29859161376953
sample_09,13086,8943,840885.5932897511,8252569.127407737,118.31596374511719,168.45770263671875
sample_09,13086,8944,840895.5932897511,8252569.127407737,405.56817626953125,337.47552490234375
sample_09,13086,8945,840905.5932897511,8252569.127407737,515.0562744140625,351.4557800292969
sample_09,13086,8946,840915.5932897511,8252569.127407737,370.8641357421875,324.2303466796875
sample_09,13086,8947,840925.5932897511,8252569.127407737,88.24551391601562,199.22311401367188
sample_09,13086,8948,840935.5932897511,8252569.127407737,58.839778900146484,136.90330505371094
sample_09,13086,8949,840945.5932897511,8252569.127407737,185.27505493164062,151.06002807617188
sample_09,13086,8950,840955.5932897511,8252569.127407737,308.00323486328125,199.49127197265625
sample_09,13086,8951,840965.5932897511,8252569.127407737,456.86944580078125,201.4066925048828
sample_09,13086,8952,840975.5932897511,8252569.127407737,1031.4365234375,162.64048767089844
sample_09,13086,8953,840985.5932897511,8252569.127407737,655.8701782226562,205.79371643066406
sample_09,13086,8954,840995.5932897511,8252569.127407737,119.9045181274414,233.11947631835938
sample_09,13086,8955,841005.5932897511,8252569.127407737,597.344482421875,201.1953582763672
sample_09,13087,8936,840815.5932897511,8252559.127407737,508.5971374511719,217.845703125
sample_09,13087,8937,840825.5932897511,8252559.127407737,577.3507690429688,73.91190338134766
sample_09,13087,8938,840835.5932897511,8252559.127407737,458.62457275390625,24.823434829711914
sample_09,13087,8939,840845.5932897511,8252559.127407737,617.2256469726562,46.92301559448242
sample_09,13087,8940,840855.5932897511,8252559.127407737,458.6889343261719,181.80313110351562
sample_09,13087,8941,840865.5932897511,8252559.127407737,132.705322265625,303.25067138671875
sample_09,13087,8942,840875.5932897511,8252559.127407737,90.2136001586914,253.3159637451172
sample_09,13087,8943,840885.5932897511,8252559.127407737,145.14346313476562,244.2026824951172
sample_09,13087,8944,840895.5932897511,8252559.127407737,363.6351318359375,352.4646911621094
sample_09,13087,8945,840905.5932897511,8252559.127407737,840.1277465820312,307.4959716796875
sample_09,13087,8946,840915.5932897511,8252559.127407737,773.559814453125,218.47885131835938
sample_09,13087,8947,840925.5932897511,8252559.127407737,267.7329406738281,92.40916442871094
sample_09,13087,8948,840935.5932897511,8252559.127407737,91.99687194824219,62.03860092163086
sample_09,13087,8949,840945.5932897511,8252559.127407737,92.26790618896484,79.41493225097656
sample_09,13087,8950,840955.5932897511,8252559.127407737,388.07440185546875,181.64163208007812
sample_09,13087,8951,840965.5932897511,8252559.127407737,635.01513671875,176.55633544921875
sample_09,13087,8952,840975.5932897511,8252559.127407737,931.0301513671875,160.19656372070312
sample_09,13087,8953,840985.5932897511,8252559.127407737,562.8649291992188,160.7292938232422
sample_09,13087,8954,840995.5932897511,8252559.127407737,232.40243530273438,185.38742065429688
sample_09,13087,8955,841005.5932897511,8252559.127407737,187.9083709716797,177.34918212890625
sample_09,13088,8936,840815.5932897511,8252549.127407737,798.6207275390625,256.7792053222656
sample_09,13088,8937,840825.5932897511,8252549.127407737,1157.3934326171875,94.82756042480469
sample_09,13088,8938,840835.5932897511,8252549.127407737,1093.80029296875,104.22700500488281
sample_09,13088,8939,840845.5932897511,8252549.127407737,714.92333984375,214.60671997070312
sample_09,13088,8940,840855.5932897511,8252549.127407737,325.4090576171875,166.56809997558594
sample_09,13088,8941,840865.5932897511,8252549.127407737,101.7047348022461,265.9905090332031
sample_09,13088,8942,840875.5932897511,8252549.127407737,97.31875610351562,373.5478210449219
sample_09,13088,8943,840885.5932897511,8252549.127407737,90.10875701904297,278.3609313964844
sample_09,13088,8944,840895.5932897511,8252549.127407737,384.5845642089844,192.1639862060547
sample_09,13088,8945,840905.5932897511,8252549.127407737,1491.9024658203125,158.35939025878906
sample_09,13088,8946,840915.5932897511,8252549.127407737,1070.8348388671875,110.43612670898438
sample_09,13088,8947,840925.5932897511,8252549.127407737,162.5291748046875,30.340574264526367
sample_09,13088,8948,840935.5932897511,8252549.127407737,176.16917419433594,22.929473876953125
sample_09,13088,8949,840945.5932897511,8252549.127407737,219.8717498779297,115.48877716064453
sample_09,13088,8950,840955.5932897511,8252549.127407737,533.1890258789062,329.0994873046875
sample_09,13088,8951,840965.5932897511,8252549.127407737,432.1375427246094,250.2755584716797
sample_09,13088,8952,840975.5932897511,8252549.127407737,422.1092224121094,187.4819793701172
sample_09,13088,8953,840985.5932897511,8252549.127407737,369.63519287109375,183.7626953125
sample_09,13088,8954,840995.5932897511,8252549.127407737,324.72369384765625,170.4252471923828
sample_09,13088,8955,841005.5932897511,8252549.127407737,275.0890808105469,168.93966674804688
sample_09,13089,8936,840815.5932897511,8252539.127407737,1130.7762451171875,122.0969467163086
sample_09,13089,8937,840825.5932897511,8252539.127407737,1206.486572265625,34.746177673339844
sample_09,13089,8938,840835.5932897511,8252539.127407737,829.67578125,140.0980682373047
sample_09,13089,8939,840845.5932897511,8252539.127407737,460.68829345703125,222.17782592773438
sample_09,13089,8940,840855.5932897511,8252539.127407737,220.079345703125,86.27227020263672
sample_09,13089,8941,840865.5932897511,8252539.127407737,88.19084930419922,168.61512756347656
sample_09,13089,8942,840875.5932897511,8252539.127407737,79.29647827148438,403.8721923828125
sample_09,13089,8943,840885.5932897511,8252539.127407737,100.1443862915039,229.6584014892578
sample_09,13089,8944,840895.5932897511,8252539.127407737,398.8393859863281,126.39329528808594
sample_09,13089,8945,840905.5932897511,8252539.127407737,1321.8558349609375,79.12259674072266
sample_09,13089,8946,840915.5932897511,8252539.127407737,795.8465576171875,50.55630874633789
sample_09,13089,8947,840925.5932897511,8252539.127407737,108.4342269897461,31.1448917388916
sample_09,13089,8948,840935.5932897511,8252539.127407737,388.8349914550781,34.53559494018555
sample_09,13089,8949,840945.5932897511,8252539.127407737,318.78582763671875,81.09245300292969
sample_09,13089,8950,840955.5932897511,8252539.127407737,298.81646728515625,201.11595153808594
sample_09,13089,8951,840965.5932897511,8252539.127407737,186.38511657714844,197.0272674560547
sample_09,13089,8952,840975.5932897511,8252539.127407737,61.253021240234375,223.40826416015625
sample_09,13089,8953,840985.5932897511,8252539.127407737,23.395986557006836,333.77276611328125
sample_09,13089,8954,840995.5932897511,8252539.127407737,139.70472717285156,335.8463134765625
sample_09,13089,8955,841005.5932897511,8252539.127407737,344.8811340332031,274.369140625
sample_09,13090,8936,840815.5932897511,8252529.127407737,793.437255859375,72.77776336669922
sample_09,13090,8937,840825.5932897511,8252529.127407737,1051.751708984375,47.096656799316406
sample_09,13090,8938,840835.5932897511,8252529.127407737,563.8834838867188,122.52176666259766
sample_09,13090,8939,840845.5932897511,8252529.127407737,337.52001953125,160.8828582763672
sample_09,13090,8940,840855.5932897511,8252529.127407737,232.34085083007812,74.52867126464844
sample_09,13090,8941,840865.5932897511,8252529.127407737,167.34335327148438,69.08161163330078
sample_09,13090,8942,840875.5932897511,8252529.127407737,141.13882446289062,168.0335235595703
sample_09,13090,8943,840885.5932897511,8252529.127407737,161.79640197753906,210.86294555664062
sample_09,13090,8944,840895.5932897511,8252529.127407737,248.5257110595703,118.57864379882812
sample_09,13090,8945,840905.5932897511,8252529.127407737,353.8531494140625,48.238983154296875
sample_09,13090,8946,840915.5932897511,8252529.127407737,201.5433807373047,30.881093978881836
sample_09,13090,8947,840925.5932897511,8252529.127407737,272.3166809082031,22.757413864135742
sample_09,13090,8948,840935.5932897511,8252529.127407737,617.7383422851562,26.117387771606445
sample_09,13090,8949,840945.5932897511,8252529.127407737,307.3147277832031,62.462982177734375
sample_09,13090,8950,840955.5932897511,8252529.127407737,109.50027465820312,83.60791015625
sample_09,13090,8951,840965.5932897511,8252529.127407737,131.7779083251953,112.50629425048828
sample_09,13090,8952,840975.5932897511,8252529.127407737,84.61732482910156,165.4788818359375
sample_09,13090,8953,840985.5932897511,8252529.127407737,130.23165893554688,222.27761840820312
sample_09,13090,8954,840995.5932897511,8252529.127407737,548.1599731445312,213.19964599609375
sample_09,13090,8955,841005.5932897511,8252529.127407737,731.9761962890625,226.02203369140625
sample_09,13091,8936,840815.5932897511,8252519.127407737,544.5996704101562,107.47245788574219
sample_09,13091,8937,840825.5932897511,8252519.127407737,747.2057495117188,89.95304870605469
sample_09,13091,8938,840835.5932897511,8252519.127407737,408.96405029296875,24.8461856842041
sample_09,13091,8939,840845.5932897511,8252519.127407737,717.6617431640625,52.27229309082031
sample_09,13091,8940,840855.5932897511,8252519.127407737,910.1845703125,58.716407775878906
sample_09,13091,8941,840865.5932897511,8252519.127407737,332.7010498046875,24.3524112701416
sample_09,13091,8942,840875.5932897511,8252519.127407737,225.8880157470703,97.82293701171875
sample_09,13091,8943,840885.5932897511,8252519.127407737,285.61334228515625,278.497314453125
sample_09,13091,8944,840895.5932897511,8252519.127407737,283.8770446777344,135.56631469726562
sample_09,13091,8945,840905.5932897511,8252519.127407737,266.31378173828125,32.44305419921875
sample_09,13091,8946,840915.5932897511,8252519.127407737,105.16425323486328,22.925752639770508
sample_09,13091,8947,840925.5932897511,8252519.127407737,272.58258056640625,59.07655715942383
sample_09,13091,8948,840935.5932897511,8252519.127407737,516.4029541015625,73.96357727050781
sample_09,13091,8949,840945.5932897511,8252519.127407737,268.4603271484375,103.63590240478516
sample_09,13091,8950,840955.5932897511,8252519.127407737,177.71192932128906,129.62844848632812
sample_09,13091,8951,840965.5932897511,8252519.127407737,224.87059020996094,135.47483825683594
sample_09,13091,8952,840975.5932897511,8252519.127407737,272.7517395019531,128.97247314453125
sample_09,13091,8953,840985.5932897511,8252519.127407737,462.60675048828125,151.67604064941406
sample_09,13091,8954,840995.5932897511,8252519.127407737,1049.9947509765625,114.89887237548828
sample_09,13091,8955,841005.5932897511,8252519.127407737,1119.0562744140625,165.26390075683594
sample_09,13092,8936,840815.5932897511,8252509.127407737,286.9410400390625,189.32437133789062
sample_09,13092,8937,840825.5932897511,8252509.127407737,389.3908996582031,216.8138427734375
sample_09,13092,8938,840835.5932897511,8252509.127407737,323.63458251953125,198.42877197265625
sample_09,13092,8939,840845.5932897511,8252509.127407737,807.2620849609375,86.35189819335938
sample_09,13092,8940,840855.5932897511,8252509.127407737,936.138671875,56.61215591430664
sample_09,13092,8941,840865.5932897511,8252509.127407737,318.3937683105469,45.63953399658203
sample_09,13092,8942,840875.5932897511,8252509.127407737,379.6612243652344,105.27545928955078
sample_09,13092,8943,840885.5932897511,8252509.127407737,533.4880981445312,192.42593383789062
sample_09,13092,8944,840895.5932897511,8252509.127407737,495.55218505859375,121.10736083984375
sample_09,13092,8945,840905.5932897511,8252509.127407737,346.9205017089844,56.585914611816406
sample_09,13092,8946,840915.5932897511,8252509.127407737,138.9989013671875,29.563261032104492
sample_09,13092,8947,840925.5932897511,8252509.127407737,141.65711975097656,126.00689697265625
sample_09,13092,8948,840935.5932897511,8252509.127407737,170.52249145507812,164.00160217285156
sample_09,13092,8949,840945.5932897511,8252509.127407737,125.12733459472656,108.40837097167969
sample_09,13092,8950,840955.5932897511,8252509.127407737,126.72684478759766,174.81544494628906
sample_09,13092,8951,840965.5932897511,8252509.127407737,225.81138610839844,182.76809692382812
sample_09,13092,8952,840975.5932897511,8252509.127407737,446.8327331542969,95.17823028564453
sample_09,13092,8953,840985.5932897511,8252509.127407737,682.1002197265625,195.71914672851562
sample_09,13092,8954,840995.5932897511,8252509.127407737,932.7959594726562,331.9180603027344
sample_09,13092,8955,841005.5932897511,8252509.127407737,644.3155517578125,171.10313415527344
sample_09,13093,8936,840815.5932897511,8252499.127407737,416.2521667480469,138.597900390625
sample_09,13093,8937,840825.5932897511,8252499.127407737,313.73345947265625,294.74517822265625
sample_09,13093,8938,840835.5932897511,8252499.127407737,315.4201354980469,342.1230163574219
sample_09,13093,8939,840845.5932897511,8252499.127407737,675.713134765625,154.76016235351562
sample_09,13093,8940,840855.5932897511,8252499.127407737,641.2003784179688,94.75970458984375
sample_09,13093,8941,840865.5932897511,8252499.127407737,335.67498779296875,137.36563110351562
sample_09,13093,8942,840875.5932897511,8252499.127407737,536.4617919921875,105.98178100585938
sample_09,13093,8943,840885.5932897511,8252499.127407737,628.822509765625,144.83184814453125
sample_09,13093,8944,840895.5932897511,8252499.127407737,601.1898803710938,168.4540557861328
sample_09,13093,8945,840905.5932897511,8252499.127407737,436.1077880859375,87.05675506591797
sample_09,13093,8946,840915.5932897511,8252499.127407737,270.86749267578125,48.60160446166992
sample_09,13093,8947,840925.5932897511,8252499.127407737,136.22787475585938,94.77705383300781
sample_09,13093,8948,840935.5932897511,8252499.127407737,198.57363891601562,111.30018615722656
sample_09,13093,8949,840945.5932897511,8252499.127407737,232.04063415527344,102.20587158203125
sample_09,13093,8950,840955.5932897511,8252499.127407737,95.3285140991211,206.8909149169922
sample_09,13093,8951,840965.5932897511,8252499.127407737,184.27850341796875,203.50003051757812
sample_09,13093,8952,840975.5932897511,8252499.127407737,487.4268798828125,59.41763687133789
sample_09,13093,8953,840985.5932897511,8252499.127407737,646.9790649414062,147.0763397216797
sample_09,13093,8954,840995.5932897511,8252499.127407737,690.7059326171875,222.80897521972656
sample_09,13093,8955,841005.5932897511,8252499.127407737,381.13555908203125,130.07530212402344
sample_10,13079,8667,838125.5932897511,8252639.127407737,1853.4310302734375,137.56680297851562
sample_10,13079,8668,838135.5932897511,8252639.127407737,417.50738525390625,248.41868591308594
sample_10,13079,8669,838145.5932897511,8252639.127407737,168.62477111816406,204.90023803710938
sample_10,13079,8670,838155.5932897511,8252639.127407737,49.705322265625,139.81390380859375
sample_10,13079,8671,838165.5932897511,8252639.127407737,120.69144439697266,46.8961067199707
sample_10,13079,8672,838175.5932897511,8252639.127407737,111.3623046875,46.603824615478516
sample_10,13079,8673,838185.5932897511,8252639.127407737,98.96411895751953,143.03253173828125
sample_10,13079,8674,838195.5932897511,8252639.127407737,226.2589874267578,439.72052001953125
sample_10,13079,8675,838205.5932897511,8252639.127407737,311.8351135253906,336.3895263671875
sample_10,13079,8676,838215.5932897511,8252639.127407737,316.88775634765625,140.23353576660156
sample_10,13079,8677,838225.5932897511,8252639.127407737,281.267578125,261.05340576171875
sample_10,13079,8678,838235.5932897511,8252639.127407737,268.30194091796875,249.30274963378906
sample_10,13079,8679,838245.5932897511,8252639.127407737,291.3846740722656,225.13670349121094
sample_10,13079,8680,838255.5932897511,8252639.127407737,429.8734130859375,98.7531967163086
sample_10,13079,8681,838265.5932897511,8252639.127407737,476.41131591796875,49.32676315307617
sample_10,13079,8682,838275.5932897511,8252639.127407737,627.439453125,49.8427734375
sample_10,13079,8683,838285.5932897511,8252639.127407737,445.9048767089844,23.57248878479004
sample_10,13079,8684,838295.5932897511,8252639.127407737,72.50753784179688,16.94016456604004
sample_10,13079,8685,838305.5932897511,8252639.127407737,74.5338363647461,44.0263671875
sample_10,13079,8686,838315.5932897511,8252639.127407737,105.15408325195312,43.08816146850586
sample_10,13080,8667,838125.5932897511,8252629.127407737,436.2464294433594,148.25233459472656
sample_10,13080,8668,838135.5932897511,8252629.127407737,143.73863220214844,200.381103515625
sample_10,13080,8669,838145.5932897511,8252629.127407737,165.991455078125,198.00161743164062
sample_10,13080,8670,838155.5932897511,8252629.127407737,87.24905395507812,195.8475341796875
sample_10,13080,8671,838165.5932897511,8252629.127407737,67.04942321777344,117.02617645263672
sample_10,13080,8672,838175.5932897511,8252629.127407737,98.18607330322266,20.32490348815918
sample_10,13080,8673,838185.5932897511,8252629.127407737,92.79061126708984,173.98605346679688
sample_10,13080,8674,838195.5932897511,8252629.127407737,141.57879638671875,498.0613098144531
sample_10,13080,8675,838205.5932897511,8252629.127407737,212.592529296875,245.02801513671875
sample_10,13080,8676,838215.5932897511,8252629.127407737,318.2430114746094,97.07440948486328
sample_10,13080,8677,838225.5932897511,8252629.127407737,373.84283447265625,297.75189208984375
sample_10,13080,8678,838235.5932897511,8252629.127407737,281.5066223144531,320.91021728515625
sample_10,13080,8679,838245.5932897511,8252629.127407737,198.9224395751953,215.053466796875
sample_10,13080,8680,838255.5932897511,8252629.127407737,265.3890686035156,125.30316925048828
sample_10,13080,8681,838265.5932897511,8252629.127407737,354.5653076171875,78.15348052978516
sample_10,13080,8682,838275.5932897511,8252629.127407737,404.2512512207031,83.7518081665039
sample_10,13080,8683,838285.5932897511,8252629.127407737,201.2014617919922,33.41214370727539
sample_10,13080,8684,838295.5932897511,8252629.127407737,60.855987548828125,39.730491638183594
sample_10,13080,8685,838305.5932897511,8252629.127407737,32.04818344116211,94.80552673339844
sample_10,13080,8686,838315.5932897511,8252629.127407737,103.06346130371094,87.49727630615234
sample_10,13081,8667,838125.5932897511,8252619.127407737,104.22853088378906,82.34880828857422
sample_10,13081,8668,838135.5932897511,8252619.127407737,231.05567932128906,113.99210357666016
sample_10,13081,8669,838145.5932897511,8252619.127407737,475.59466552734375,144.82723999023438
sample_10,13081,8670,838155.5932897511,8252619.127407737,172.69850158691406,338.05029296875
sample_10,13081,8671,838165.5932897511,8252619.127407737,129.21841430664062,348.2768859863281
sample_10,13081,8672,838175.5932897511,8252619.127407737,328.169677734375,115.57083892822266
sample_10,13081,8673,838185.5932897511,8252619.127407737,371.9884948730469,168.9696807861328
sample_10,13081,8674,838195.5932897511,8252619.127407737,310.22979736328125,321.37213134765625
sample_10,13081,8675,838205.5932897511,8252619.127407737,129.36013793945312,142.54714965820312
sample_10,13081,8676,838215.5932897511,8252619.127407737,187.4204864501953,48.12174987792969
sample_10,13081,8677,838225.5932897511,8252619.127407737,387.5802917480469,80.77740478515625
sample_10,13081,8678,838235.5932897511,8252619.127407737,389.8028259277344,101.2816162109375
sample_10,13081,8679,838245.5932897511,8252619.127407737,292.48773193359375,120.27642822265625
sample_10,13081,8680,838255.5932897511,8252619.127407737,178.60760498046875,139.97854614257812
sample_10,13081,8681,838265.5932897511,8252619.127407737,296.40911865234375,127.83460235595703
sample_10,13081,8682,838275.5932897511,8252619.127407737,270.8386535644531,117.89801788330078
sample_10,13081,8683,838285.5932897511,8252619.127407737,87.31940460205078,34.09256362915039
sample_10,13081,8684,838295.5932897511,8252619.127407737,51.77650833129883,103.66566467285156
sample_10,13081,8685,838305.5932897511,8252619.127407737,67.99373626708984,199.66050720214844
sample_10,13081,8686,838315.5932897511,8252619.127407737,145.0336151123047,131.5839385986328
sample_10,13082,8667,838125.5932897511,8252609.127407737,27.556045532226562,82.49107360839844
sample_10,13082,8668,838135.5932897511,8252609.127407737,543.9703369140625,40.63652038574219
sample_10,13082,8669,838145.5932897511,8252609.127407737,953.252685546875,78.41681671142578
sample_10,13082,8670,838155.5932897511,8252609.127407737,319.93499755859375,368.56927490234375
sample_10,13082,8671,838165.5932897511,8252609.127407737,239.51658630371094,397.6007080078125
sample_10,13082,8672,838175.5932897511,8252609.127407737,472.5144958496094,232.62757873535156
sample_10,13082,8673,838185.5932897511,8252609.127407737,740.9179077148438,276.76031494140625
sample_10,13082,8674,838195.5932897511,8252609.127407737,595.4144897460938,160.64065551757812
sample_10,13082,8675,838205.5932897511,8252609.127407737,188.86329650878906,57.392555236816406
sample_10,13082,8676,838215.5932897511,8252609.127407737,115.6692886352539,147.47482299804688
sample_10,13082,8677,838225.5932897511,8252609.127407737,296.11865234375,199.22500610351562
sample_10,13082,8678,838235.5932897511,8252609.127407737,684.9825439453125,167.6168212890625
sample_10,13082,8679,838245.5932897511,8252609.127407737,454.5086975097656,109.5768051147461
sample_10,13082,8680,838255.5932897511,8252609.127407737,193.62332153320312,139.53549194335938
sample_10,13082,8681,838265.5932897511,8252609.127407737,578.1953735351562,85.37843322753906
sample_10,13082,8682,838275.5932897511,8252609.127407737,501.1668701171875,56.46887969970703
sample_10,13082,8683,838285.5932897511,8252609.127407737,111.35712432861328,22.45862579345703
sample_10,13082,8684,838295.5932897511,8252609.127407737,84.4314956665039,147.50209045410156
sample_10,13082,8685,838305.5932897511,8252609.127407737,130.98117065429688,239.98883056640625
sample_10,13082,8686,838315.5932897511,8252609.127407737,190.71560668945312,133.14694213867188
sample_10,13083,8667,838125.5932897511,8252599.127407737,39.071895599365234,174.1141815185547
sample_10,13083,8668,838135.5932897511,8252599.127407737,746.9226684570312,92.77267456054688
sample_10,13083,8669,838145.5932897511,8252599.127407737,882.9409790039062,110.46199035644531
sample_10,13083,8670,838155.5932897511,8252599.127407737,288.30859375,295.5979309082031
sample_10,13083,8671,838165.5932897511,8252599.127407737,260.3248291015625,351.7736511230469
sample_10,13083,8672,838175.5932897511,8252599.127407737,558.8358764648438,428.52001953125
sample_10,13083,8673,838185.5932897511,8252599.127407737,1237.3831787109375,746.6854858398438
sample_10,13083,8674,838195.5932897511,8252599.127407737,844.1368408203125,429.7659912109375
sample_10,13083,8675,838205.5932897511,8252599.127407737,215.72596740722656,61.191566467285156
sample_10,13083,8676,838215.5932897511,8252599.127407737,139.94720458984375,167.29537963867188
sample_10,13083,8677,838225.5932897511,8252599.127407737,422.1068115234375,296.54583740234375
sample_10,13083,8678,838235.5932897511,8252599.127407737,1183.37158203125,401.0535888671875
sample_10,13083,8679,838245.5932897511,8252599.127407737,638.152587890625,167.98703002929688
sample_10,13083,8680,838255.5932897511,8252599.127407737,293.6181945800781,37.67946243286133
sample_10,13083,8681,838265.5932897511,8252599.127407737,588.7324829101562,36.29240036010742
sample_10,13083,8682,838275.5932897511,8252599.127407737,439.2308349609375,27.06745719909668
sample_10,13083,8683,838285.5932897511,8252599.127407737,141.5833740234375,34.790103912353516
sample_10,13083,8684,838295.5932897511,8252599.127407737,112.20318603515625,118.29952239990234
sample_10,13083,8685,838305.5932897511,8252599.127407737,149.25051879882812,188.64422607421875
sample_10,13083,8686,838315.5932897511,8252599.127407737,244.88026428222656,192.2381591796875
sample_10,13084,8667,838125.5932897511,8252589.127407737,271.4595947265625,160.8927459716797
sample_10,13084,8668,838135.5932897511,8252589.127407737,691.9243774414062,119.35123443603516
sample_10,13084,8669,838145.5932897511,8252589.127407737,820.0094604492188,127.00273895263672
sample_10,13084,8670,838155.5932897511,8252589.127407737,443.7173156738281,164.49417114257812
sample_10,13084,8671,838165.5932897511,8252589.127407737,108.9470443725586,182.467041015625
sample_10,13084,8672,838175.5932897511,8252589.127407737,285.3351135253906,220.86119079589844
sample_10,13084,8673,838185.5932897511,8252589.127407737,792.8990478515625,342.1002502441406
sample_10,13084,8674,838195.5932897511,8252589.127407737,529.17041015625,268.0998229980469
sample_10,13084,8675,838205.5932897511,8252589.127407737,231.57090759277344,90.7977294921875
sample_10,13084,8676,838215.5932897511,8252589.127407737,248.36903381347656,94.72644805908203
sample_10,13084,8677,838225.5932897511,8252589.127407737,532.8815307617188,216.54568481445312
sample_10,13084,8678,838235.5932897511,8252589.127407737,842.9398193359375,327.06781005859375
sample_10,13084,8679,838245.5932897511,8252589.127407737,341.8974304199219,230.1882781982422
sample_10,13084,8680,838255.5932897511,8252589.127407737,220.99676513671875,94.27265930175781
sample_10,13084,8681,838265.5932897511,8252589.127407737,427.04937744140625,25.797229766845703
sample_10,13084,8682,838275.5932897511,8252589.127407737,248.6153564453125,13.592860221862793
sample_10,13084,8683,838285.5932897511,8252589.127407737,186.58154296875,29.93512535095215
sample_10,13084,8684,838295.5932897511,8252589.127407737,341.54766845703125,96.27674102783203
sample_10,13084,8685,838305.5932897511,8252589.127407737,234.3961944580078,339.1345520019531
sample_10,13084,8686,838315.5932897511,8252589.127407737,208.21873474121094,385.58026123046875
sample_10,13085,8667,838125.5932897511,8252579.127407737,309.5570373535156,138.9827117919922
sample_10,13085,8668,838135.5932897511,8252579.127407737,520.1920166015625,164.87367248535156
sample_10,13085,8669,838145.5932897511,8252579.127407737,1023.9566650390625,181.54457092285156
sample_10,13085,8670,838155.5932897511,8252579.127407737,1003.53564453125,170.27749633789062
sample_10,13085,8671,838165.5932897511,8252579.127407737,271.9631652832031,127.83153533935547
sample_10,13085,8672,838175.5932897511,8252579.127407737,226.5498809814453,105.23509979248047
sample_10,13085,8673,838185.5932897511,8252579.127407737,361.75421142578125,76.74750518798828
sample_10,13085,8674,838195.5932897511,8252579.127407737,203.81210327148438,130.46067810058594
sample_10,13085,8675,838205.5932897511,8252579.127407737,183.8578643798828,111.49317932128906
sample_10,13085,8676,838215.5932897511,8252579.127407737,263.6328125,24.54364776611328
sample_10,13085,8677,838225.5932897511,8252579.127407737,336.0375061035156,270.2409362792969
sample_10,13085,8678,838235.5932897511,8252579.127407737,470.5036926269531,340.0725402832031
sample_10,13085,8679,838245.5932897511,8252579.127407737,282.279541015625,272.9720153808594
sample_10,13085,8680,838255.5932897511,8252579.127407737,118.60015106201172,173.19854736328125
sample_10,13085,8681,838265.5932897511,8252579.127407737,171.45030212402344,42.924461364746094
sample_10,13085,8682,838275.5932897511,8252579.127407737,216.11949157714844,43.42976379394531
sample_10,13085,8683,838285.5932897511,8252579.127407737,350.50537109375,46.872093200683594
sample_10,13085,8684,838295.5932897511,8252579.127407737,529.8466796875,99.29804992675781
sample_10,13085,8685,838305.5932897511,8252579.127407737,253.82034301757812,513.6289672851562
sample_10,13085,8686,838315.5932897511,8252579.127407737,161.1594696044922,574.82080078125
sample_10,13086,8667,838125.5932897511,8252569.127407737,342.1948547363281,145.7584991455078
sample_10,13086,8668,838135.5932897511,8252569.127407737,560.7645263671875,260.9324951171875
sample_10,13086,8669,838145.5932897511,8252569.127407737,810.4619140625,326.93023681640625
sample_10,13086,8670,838155.5932897511,8252569.127407737,698.5333862304688,237.71315002441406
sample_10,13086,8671,838165.5932897511,8252569.127407737,176.9289093017578,94.90264892578125
sample_10,13086,8672,838175.5932897511,8252569.127407737,185.9794921875,70.15473175048828
sample_10,13086,8673,838185.5932897511,8252569.127407737,184.07461547851562,56.15516662597656
sample_10,13086,8674,838195.5932897511,8252569.127407737,101.41421508789062,44.04493713378906
sample_10,13086,8675,838205.5932897511,8252569.127407737,450.9393310546875,77.7849349975586
sample_10,13086,8676,838215.5932897511,8252569.127407737,542.6183471679688,138.57000732421875
sample_10,13086,8677,838225.5932897511,8252569.127407737,172.98194885253906,402.2509765625
sample_10,13086,8678,838235.5932897511,8252569.127407737,391.5251770019531,337.8414001464844
sample_10,13086,8679,838245.5932897511,8252569.127407737,727.5103149414062,164.0565643310547
sample_10,13086,8680,838255.5932897511,8252569.127407737,253.83493041992188,211.48399353027344
sample_10,13086,8681,838265.5932897511,8252569.127407737,223.1305389404297,149.75384521484375
sample_10,13086,8682,838275.5932897511,8252569.127407737,417.7705078125,74.51475524902344
sample_10,13086,8683,838285.5932897511,8252569.127407737,437.2369079589844,54.5653190612793
sample_10,13086,8684,838295.5932897511,8252569.127407737,519.468994140625,129.8519744873047
sample_10,13086,8685,838305.5932897511,8252569.127407737,282.5475158691406,430.07879638671875
sample_10,13086,8686,838315.5932897511,8252569.127407737,159.07069396972656,411.07830810546875
sample_10,13087,8667,838125.5932897511,8252559.127407737,536.3809814453125,146.82647705078125
sample_10,13087,8668,838135.5932897511,8252559.127407737,558.4998168945312,187.06031799316406
sample_10,13087,8669,838145.5932897511,8252559.127407737,487.178466796875,345.0012512207031
sample_10,13087,8670,838155.5932897511,8252559.127407737,382.9232482910156,271.7295227050781
sample_10,13087,8671,838165.5932897511,8252559.127407737,159.44505310058594,110.30315399169922
sample_10,13087,8672,838175.5932897511,8252559.127407737,93.49995422363281,36.31782913208008
sample_10,13087,8673,838185.5932897511,8252559.127407737,253.20753479003906,53.03862380981445
sample_10,13087,8674,838195.5932897511,8252559.127407737,367.9136962890625,77.9626693725586
sample_10,13087,8675,838205.5932897511,8252559.127407737,536.6114501953125,142.98553466796875
sample_10,13087,8676,838215.5932897511,8252559.127407737,574.78369140625,264.48760986328125
sample_10,13087,8677,838225.5932897511,8252559.127407737,61.594905853271484,559.2939453125
sample_10,13087,8678,838235.5932897511,8252559.127407737,458.0768127441406,335.301513671875
sample_10,13087,8679,838245.5932897511,8252559.127407737,735.6919555664062,161.92364501953125
sample_10,13087,8680,838255.5932897511,8252559.127407737,516.3003540039062,176.59759521484375
sample_10,13087,8681,838265.5932897511,8252559.127407737,409.189208984375,148.71759033203125
sample_10,13087,8682,838275.5932897511,8252559.127407737,540.4393920898438,81.0621337890625
sample_10,13087,8683,838285.5932897511,8252559.127407737,241.79946899414062,62.10240173339844
sample_10,13087,8684,838295.5932897511,8252559.127407737,268.24688720703125,135.666015625
sample_10,13087,8685,838305.5932897511,8252559.127407737,354.40948486328125,324.38909912109375
sample_10,13087,8686,838315.5932897511,8252559.127407737,265.7239990234375,320.367919921875
sample_10,13088,8667,838125.5932897511,8252549.127407737,486.8115234375,151.53457641601562
sample_10,13088,8668,838135.5932897511,8252549.127407737,397.580810546875,151.1175537109375
sample_10,13088,8669,838145.5932897511,8252549.127407737,155.46034240722656,267.3828125
sample_10,13088,8670,838155.5932897511,8252549.127407737,294.85626220703125,323.6531982421875
sample_10,13088,8671,838165.5932897511,8252549.127407737,230.72633361816406,209.97547912597656
sample_10,13088,8672,838175.5932897511,8252549.127407737,67.5485610961914,38.027015686035156
sample_10,13088,8673,838185.5932897511,8252549.127407737,394.3175964355469,136.8103485107422
sample_10,13088,8674,838195.5932897511,8252549.127407737,496.206787109375,184.0460662841797
sample_10,13088,8675,838205.5932897511,8252549.127407737,153.5880889892578,248.4103546142578
sample_10,13088,8676,838215.5932897511,8252549.127407737,213.6795654296875,212.15673828125
sample_10,13088,8677,838225.5932897511,8252549.127407737,247.52853393554688,235.81234741210938
sample_10,13088,8678,838235.5932897511,8252549.127407737,534.8510131835938,222.53990173339844
sample_10,13088,8679,838245.5932897511,8252549.127407737,757.6320190429688,155.80226135253906
sample_10,13088,8680,838255.5932897511,8252549.127407737,867.784912109375,100.76139831542969
sample_10,13088,8681,838265.5932897511,8252549.127407737,428.9162902832031,75.16102600097656
sample_10,13088,8682,838275.5932897511,8252549.127407737,286.96807861328125,76.77070617675781
sample_10,13088,8683,838285.5932897511,8252549.127407737,328.46783447265625,85.39395141601562
sample_10,13088,8684,838295.5932897511,8252549.127407737,262.1722106933594,127.11426544189453
sample_10,13088,8685,838305.5932897511,8252549.127407737,326.5505676269531,197.82106018066406
sample_10,13088,8686,838315.5932897511,8252549.127407737,396.323486328125,257.46527099609375
sample_10,13089,8667,838125.5932897511,8252539.127407737,297.2314147949219,176.16038513183594
sample_10,13089,8668,838135.5932897511,8252539.127407737,237.1968536376953,145.84249877929688
sample_10,13089,8669,838145.5932897511,8252539.127407737,329.40814208984375,156.27125549316406
sample_10,13089,8670,838155.5932897511,8252539.127407737,709.2267456054688,223.4565887451172
sample_10,13089,8671,838165.5932897511,8252539.127407737,419.48443603515625,154.8350372314453
sample_10,13089,8672,838175.5932897511,8252539.127407737,160.4112091064453,75.4031753540039
sample_10,13089,8673,838185.5932897511,8252539.127407737,488.9952087402344,281.6556396484375
sample_10,13089,8674,838195.5932897511,8252539.127407737,437.10015869140625,241.11790466308594
sample_10,13089,8675,838205.5932897511,8252539.127407737,57.23178482055664,107.94482421875
sample_10,13089,8676,838215.5932897511,8252539.127407737,212.62298583984375,142.44638061523438
sample_10,13089,8677,838225.5932897511,8252539.127407737,311.5838928222656,157.99778747558594
sample_10,13089,8678,838235.5932897511,8252539.127407737,444.1324768066406,213.35153198242188
sample_10,13089,8679,838245.5932897511,8252539.127407737,686.4004516601562,182.60646057128906
sample_10,13089,8680,838255.5932897511,8252539.127407737,706.4170532226562,153.19850158691406
sample_10,13089,8681,838265.5932897511,8252539.127407737,280.9411926269531,146.69309997558594
sample_10,13089,8682,838275.5932897511,8252539.127407737,405.2537536621094,172.53265380859375
sample_10,13089,8683,838285.5932897511,8252539.127407737,634.6920166015625,187.08021545410156
sample_10,13089,8684,838295.5932897511,8252539.127407737,241.57089233398438,131.195068359375
sample_10,13089,8685,838305.5932897511,8252539.127407737,66.74561309814453,96.10421752929688
sample_10,13089,8686,838315.5932897511,8252539.127407737,115.587646484375,106.16450500488281
sample_10,13090,8667,838125.5932897511,8252529.127407737,117.35871124267578,68.85428619384766
sample_10,13090,8668,838135.5932897511,8252529.127407737,91.57524871826172,92.27986145019531
sample_10,13090,8669,838145.5932897511,8252529.127407737,485.4328918457031,112.98146057128906
sample_10,13090,8670,838155.5932897511,8252529.127407737,1094.6038818359375,144.9758758544922
sample_10,13090,8671,838165.5932897511,8252529.127407737,567.9302368164062,83.07909393310547
sample_10,13090,8672,838175.5932897511,8252529.127407737,229.60220336914062,115.98098754882812
sample_10,13090,8673,838185.5932897511,8252529.127407737,278.7953186035156,313.2135314941406
sample_10,13090,8674,838195.5932897511,8252529.127407737,254.0817108154297,237.80393981933594
sample_10,13090,8675,838205.5932897511,8252529.127407737,137.0586700439453,140.59249877929688
sample_10,13090,8676,838215.5932897511,8252529.127407737,223.46145629882812,200.8612060546875
sample_10,13090,8677,838225.5932897511,8252529.127407737,189.55960083007812,240.36865234375
sample_10,13090,8678,838235.5932897511,8252529.127407737,108.25570678710938,302.8885192871094
sample_10,13090,8679,838245.5932897511,8252529.127407737,520.0723266601562,247.6542205810547
sample_10,13090,8680,838255.5932897511,8252529.127407737,540.129638671875,209.26458740234375
sample_10,13090,8681,838265.5932897511,8252529.127407737,191.1680908203125,195.6145782470703
sample_10,13090,8682,838275.5932897511,8252529.127407737,579.65185546875,254.41856384277344
sample_10,13090,8683,838285.5932897511,8252529.127407737,849.8612060546875,311.7779235839844
sample_10,13090,8684,838295.5932897511,8252529.127407737,292.7781677246094,202.08413696289062
sample_10,13090,8685,838305.5932897511,8252529.127407737,120.72469329833984,103.14025115966797
sample_10,13090,8686,838315.5932897511,8252529.127407737,160.28109741210938,37.65793991088867
sample_10,13091,8667,838125.5932897511,8252519.127407737,246.78753662109375,103.28738403320312
sample_10,13091,8668,838135.5932897511,8252519.127407737,167.95675659179688,104.05715942382812
sample_10,13091,8669,838145.5932897511,8252519.127407737,624.1246948242188,105.73216247558594
sample_10,13091,8670,838155.5932897511,8252519.127407737,1058.0595703125,120.64014434814453
sample_10,13091,8671,838165.5932897511,8252519.127407737,584.709716796875,111.04954528808594
sample_10,13091,8672,838175.5932897511,8252519.127407737,430.0881652832031,179.34027099609375
sample_10,13091,8673,838185.5932897511,8252519.127407737,384.8173522949219,293.9476013183594
sample_10,13091,8674,838195.5932897511,8252519.127407737,285.40966796875,197.21902465820312
sample_10,13091,8675,838205.5932897511,8252519.127407737,188.133544921875,248.54986572265625
sample_10,13091,8676,838215.5932897511,8252519.127407737,107.04208374023438,379.2732238769531
sample_10,13091,8677,838225.5932897511,8252519.127407737,184.4194793701172,285.5997314453125
sample_10,13091,8678,838235.5932897511,8252519.127407737,373.6724853515625,238.8956756591797
sample_10,13091,8679,838245.5932897511,8252519.127407737,840.1119995117188,206.12396240234375
sample_10,13091,8680,838255.5932897511,8252519.127407737,531.8927001953125,191.6100311279297
sample_10,13091,8681,838265.5932897511,8252519.127407737,229.49423217773438,187.1941680908203
sample_10,13091,8682,838275.5932897511,8252519.127407737,341.9587707519531,149.04100036621094
sample_10,13091,8683,838285.5932897511,8252519.127407737,406.1591796875,143.0779571533203
sample_10,13091,8684,838295.5932897511,8252519.127407737,206.79388427734375,117.88021087646484
sample_10,13091,8685,838305.5932897511,8252519.127407737,158.7129669189453,74.34696197509766
sample_10,13091,8686,838315.5932897511,8252519.127407737,351.3737487792969,30.681917190551758
sample_10,13092,8667,838125.5932897511,8252509.127407737,390.6089782714844,143.35662841796875
sample_10,13092,8668,838135.5932897511,8252509.127407737,458.50238037109375,145.18089294433594
sample_10,13092,8669,838145.5932897511,8252509.127407737,598.8123779296875,109.29895782470703
sample_10,13092,8670,838155.5932897511,8252509.127407737,850.9700317382812,108.47139739990234
sample_10,13092,8671,838165.5932897511,8252509.127407737,852.3912963867188,123.61294555664062
sample_10,13092,8672,838175.5932897511,8252509.127407737,549.0394287109375,177.12640380859375
sample_10,13092,8673,838185.5932897511,8252509.127407737,505.95294189453125,194.73086547851562
sample_10,13092,8674,838195.5932897511,8252509.127407737,438.9303283691406,49.64520263671875
sample_10,13092,8675,838205.5932897511,8252509.127407737,206.7487335205078,202.46490478515625
sample_10,13092,8676,838215.5932897511,8252509.127407737,57.157745361328125,354.375
sample_10,13092,8677,838225.5932897511,8252509.127407737,169.19187927246094,231.89303588867188
sample_10,13092,8678,838235.5932897511,8252509.127407737,575.6871948242188,238.48846435546875
sample_10,13092,8679,838245.5932897511,8252509.127407737,1320.561279296875,186.60987854003906
sample_10,13092,8680,838255.5932897511,8252509.127407737,600.05322265625,54.61063766479492
sample_10,13092,8681,838265.5932897511,8252509.127407737,228.070068359375,72.2063980102539
sample_10,13092,8682,838275.5932897511,8252509.127407737,365.2468566894531,113.58523559570312
sample_10,13092,8683,838285.5932897511,8252509.127407737,263.1123962402344,88.19841003417969
sample_10,13092,8684,838295.5932897511,8252509.127407737,191.1919708251953,63.62611389160156
sample_10,13092,8685,838305.5932897511,8252509.127407737,179.00234985351562,62.255836486816406
sample_10,13092,8686,838315.5932897511,8252509.127407737,239.99977111816406,74.87865447998047
sample_10,13093,8667,838125.5932897511,8252499.127407737,377.8253173828125,119.30606079101562
sample_10,13093,8668,838135.5932897511,8252499.127407737,487.57086181640625,131.50253295898438
sample_10,13093,8669,838145.5932897511,8252499.127407737,411.0751037597656,158.62850952148438
sample_10,13093,8670,838155.5932897511,8252499.127407737,743.0545043945312,111.73165893554688
sample_10,13093,8671,838165.5932897511,8252499.127407737,989.3531494140625,100.5035171508789
sample_10,13093,8672,838175.5932897511,8252499.127407737,332.30169677734375,103.99227905273438
sample_10,13093,8673,838185.5932897511,8252499.127407737,266.3921203613281,100.97773742675781
sample_10,13093,8674,838195.5932897511,8252499.127407737,472.88360595703125,52.10562515258789
sample_10,13093,8675,838205.5932897511,8252499.127407737,182.9557647705078,142.27059936523438
sample_10,13093,8676,838215.5932897511,8252499.127407737,73.70059967041016,226.9415283203125
sample_10,13093,8677,838225.5932897511,8252499.127407737,156.73033142089844,155.02723693847656
sample_10,13093,8678,838235.5932897511,8252499.127407737,318.6992492675781,491.27880859375
sample_10,13093,8679,838245.5932897511,8252499.127407737,562.0914306640625,576.3164672851562
sample_10,13093,8680,838255.5932897511,8252499.127407737,266.62017822265625,138.2717742919922
sample_10,13093,8681,838265.5932897511,8252499.127407737,341.19061279296875,70.54402160644531
sample_10,13093,8682,838275.5932897511,8252499.127407737,540.2054443359375,129.45704650878906
sample_10,13093,8683,838285.5932897511,8252499.127407737,245.17999267578125,94.46280670166016
sample_10,13093,8684,838295.5932897511,8252499.127407737,119.52811431884766,86.12525939941406
sample_10,13093,8685,838305.5932897511,8252499.127407737,160.90890502929688,91.13057708740234
sample_10,13093,8686,838315.5932897511,8252499.127407737,151.40658569335938,79.83901977539062
sample_11,13585,8667,838125.5932897511,8247579.127407737,97.12913513183594,46.319854736328125
sample_11,13585,8668,838135.5932897511,8247579.127407737,223.53468322753906,31.848434448242188
sample_11,13585,8669,838145.5932897511,8247579.127407737,184.09884643554688,307.859375
sample_11,13585,8670,838155.5932897511,8247579.127407737,194.2723846435547,390.0102233886719
sample_11,13585,8671,838165.5932897511,8247579.127407737,314.63653564453125,98.74510192871094
sample_11,13585,8672,838175.5932897511,8247579.127407737,213.3586883544922,58.8386344909668
sample_11,13585,8673,838185.5932897511,8247579.127407737,74.35216522216797,85.0594711303711
sample_11,13585,8674,838195.5932897511,8247579.127407737,146.38095092773438,104.33744812011719
sample_11,13585,8675,838205.5932897511,8247579.127407737,181.2956085205078,153.62550354003906
sample_11,13585,8676,838215.5932897511,8247579.127407737,90.56669616699219,222.39523315429688
sample_11,13585,8677,838225.5932897511,8247579.127407737,280.8841247558594,245.3750762939453
sample_11,13585,8678,838235.5932897511,8247579.127407737,374.34881591796875,234.8214569091797
sample_11,13585,8679,838245.5932897511,8247579.127407737,283.4547119140625,122.84117889404297
sample_11,13585,8680,838255.5932897511,8247579.127407737,126.8140640258789,90.58053588867188
sample_11,13585,8681,838265.5932897511,8247579.127407737,91.90416717529297,86.89616394042969
sample_11,13585,8682,838275.5932897511,8247579.127407737,218.85418701171875,174.81082153320312
sample_11,13585,8683,838285.5932897511,8247579.127407737,280.6325988769531,143.1147003173828
sample_11,13585,8684,838295.5932897511,8247579.127407737,275.9997253417969,37.276573181152344
sample_11,13585,8685,838305.5932897511,8247579.127407737,251.30516052246094,85.85218811035156
sample_11,13585,8686,838315.5932897511,8247579.127407737,251.00454711914062,123.13017272949219
sample_11,13586,8667,838125.5932897511,8247569.127407737,240.40724182128906,70.45155334472656
sample_11,13586,8668,838135.5932897511,8247569.127407737,383.129638671875,117.66593170166016
sample_11,13586,8669,838145.5932897511,8247569.127407737,246.2811279296875,472.8114929199219
sample_11,13586,8670,838155.5932897511,8247569.127407737,198.17686462402344,506.88629150390625
sample_11,13586,8671,838165.5932897511,8247569.127407737,214.92941284179688,272.3836364746094
sample_11,13586,8672,838175.5932897511,8247569.127407737,124.08169555664062,127.17033386230469
sample_11,13586,8673,838185.5932897511,8247569.127407737,57.448665618896484,78.66476440429688
sample_11,13586,8674,838195.5932897511,8247569.127407737,47.82697296142578,78.874755859375
sample_11,13586,8675,838205.5932897511,8247569.127407737,110.23005676269531,117.12229919433594
sample_11,13586,8676,838215.5932897511,8247569.127407737,171.59864807128906,160.64508056640625
sample_11,13586,8677,838225.5932897511,8247569.127407737,178.0790252685547,173.0572052001953
sample_11,13586,8678,838235.5932897511,8247569.127407737,298.004638671875,145.1405487060547
sample_11,13586,8679,838245.5932897511,8247569.127407737,375.3050537109375,69.60152435302734
sample_11,13586,8680,838255.5932897511,8247569.127407737,151.94419860839844,63.29633331298828
sample_11,13586,8681,838265.5932897511,8247569.127407737,134.67718505859375,90.86849212646484
sample_11,13586,8682,838275.5932897511,8247569.127407737,361.3808288574219,148.63356018066406
sample_11,13586,8683,838285.5932897511,8247569.127407737,442.0791015625,103.93660736083984
sample_11,13586,8684,838295.5932897511,8247569.127407737,409.1192932128906,56.58098602294922
sample_11,13586,8685,838305.5932897511,8247569.127407737,215.07461547851562,86.00845336914062
sample_11,13586,8686,838315.5932897511,8247569.127407737,119.75049591064453,138.91197204589844
sample_11,13587,8667,838125.5932897511,8247559.127407737,447.0646667480469,126.02023315429688
sample_11,13587,8668,838135.5932897511,8247559.127407737,536.3978881835938,157.068603515625
sample_11,13587,8669,838145.5932897511,8247559.127407737,227.21432495117188,299.8330383300781
sample_11,13587,8670,838155.5932897511,8247559.127407737,158.53309631347656,353.2933349609375
sample_11,13587,8671,838165.5932897511,8247559.127407737,127.10857391357422,295.25439453125
sample_11,13587,8672,838175.5932897511,8247559.127407737,89.6538314819336,136.1205596923828
sample_11,13587,8673,838185.5932897511,8247559.127407737,154.39337158203125,60.63942337036133
sample_11,13587,8674,838195.5932897511,8247559.127407737,223.0464630126953,59.87093734741211
sample_11,13587,8675,838205.5932897511,8247559.127407737,134.34439086914062,136.37777709960938
sample_11,13587,8676,838215.5932897511,8247559.127407737,124.22805786132812,148.843505859375
sample_11,13587,8677,838225.5932897511,8247559.127407737,88.7455062866211,119.29877471923828
sample_11,13587,8678,838235.5932897511,8247559.127407737,205.87130737304688,114.3265609741211
sample_11,13587,8679,838245.5932897511,8247559.127407737,288.5226745605469,76.01982879638672
sample_11,13587,8680,838255.5932897511,8247559.127407737,159.71707153320312,32.972686767578125
sample_11,13587,8681,838265.5932897511,8247559.127407737,153.04983520507812,60.459861755371094
sample_11,13587,8682,838275.5932897511,8247559.127407737,329.8363037109375,101.84352111816406
sample_11,13587,8683,838285.5932897511,8247559.127407737,652.299072265625,75.57495880126953
sample_11,13587,8684,838295.5932897511,8247559.127407737,470.67401123046875,82.8468017578125
sample_11,13587,8685,838305.5932897511,8247559.127407737,108.00623321533203,120.67766571044922
sample_11,13587,8686,838315.5932897511,8247559.127407737,97.94966888427734,84.30376434326172
sample_11,13588,8667,838125.5932897511,8247549.127407737,273.0417175292969,183.1355743408203
sample_11,13588,8668,838135.5932897511,8247549.127407737,328.0970153808594,158.84100341796875
sample_11,13588,8669,838145.5932897511,8247549.127407737,200.64837646484375,176.1097412109375
sample_11,13588,8670,838155.5932897511,8247549.127407737,123.86572265625,210.96115112304688
sample_11,13588,8671,838165.5932897511,8247549.127407737,95.12188720703125,210.86480712890625
sample_11,13588,8672,838175.5932897511,8247549.127407737,78.82545471191406,123.44886016845703
sample_11,13588,8673,838185.5932897511,8247549.127407737,148.9251708984375,87.0737533569336
sample_11,13588,8674,838195.5932897511,8247549.127407737,201.21463012695312,87.93016052246094
sample_11,13588,8675,838205.5932897511,8247549.127407737,133.68582153320312,154.33505249023438
sample_11,13588,8676,838215.5932897511,8247549.127407737,103.62932586669922,135.35906982421875
sample_11,13588,8677,838225.5932897511,8247549.127407737,152.50547790527344,102.9528579711914
sample_11,13588,8678,838235.5932897511,8247549.127407737,227.93531799316406,156.36978149414062
sample_11,13588,8679,838245.5932897511,8247549.127407737,248.5425262451172,114.63603973388672
sample_11,13588,8680,838255.5932897511,8247549.127407737,186.11460876464844,27.81775665283203
sample_11,13588,8681,838265.5932897511,8247549.127407737,177.0706787109375,58.168357849121094
sample_11,13588,8682,838275.5932897511,8247549.127407737,363.5389404296875,74.83401489257812
sample_11,13588,8683,838285.5932897511,8247549.127407737,1057.371337890625,38.58192825317383
sample_11,13588,8684,838295.5932897511,8247549.127407737,582.542236328125,54.124507904052734
sample_11,13588,8685,838305.5932897511,8247549.127407737,78.70481872558594,92.22913360595703
sample_11,13588,8686,838315.5932897511,8247549.127407737,88.73741149902344,117.12712097167969
sample_11,13589,8667,838125.5932897511,8247539.127407737,129.7315216064453,152.17613220214844
sample_11,13589,8668,838135.5932897511,8247539.127407737,207.76011657714844,128.7696075439453
sample_11,13589,8669,838145.5932897511,8247539.127407737,228.22750854492188,118.51847839355469
sample_11,13589,8670,838155.5932897511,8247539.127407737,88.22750854492188,106.56089782714844
sample_11,13589,8671,838165.5932897511,8247539.127407737,105.84432220458984,133.0091094970703
sample_11,13589,8672,838175.5932897511,8247539.127407737,139.1751251220703,134.74900817871094
sample_11,13589,8673,838185.5932897511,8247539.127407737,174.54864501953125,135.4806365966797
sample_11,13589,8674,838195.5932897511,8247539.127407737,193.42552185058594,119.92727661132812
sample_11,13589,8675,838205.5932897511,8247539.127407737,197.89202880859375,145.47511291503906
sample_11,13589,8676,838215.5932897511,8247539.127407737,82.20181274414062,93.49771118164062
sample_11,13589,8677,838225.5932897511,8247539.127407737,84.35708618164062,83.20906066894531
sample_11,13589,8678,838235.5932897511,8247539.127407737,193.20843505859375,143.91806030273438
sample_11,13589,8679,838245.5932897511,8247539.127407737,320.73028564453125,120.63737487792969
sample_11,13589,8680,838255.5932897511,8247539.127407737,319.6156005859375,66.2491226196289
sample_11,13589,8681,838265.5932897511,8247539.127407737,332.6051940917969,94.8759994506836
sample_11,13589,8682,838275.5932897511,8247539.127407737,366.6476745605469,174.2527313232422
sample_11,13589,8683,838285.5932897511,8247539.127407737,586.895751953125,229.05935668945312
sample_11,13589,8684,838295.5932897511,8247539.127407737,312.2508544921875,194.459716796875
sample_11,13589,8685,838305.5932897511,8247539.127407737,68.52338409423828,162.55276489257812
sample_11,13589,8686,838315.5932897511,8247539.127407737,64.87194061279297,224.54205322265625
sample_11,13590,8667,838125.5932897511,8247529.127407737,70.52591705322266,185.67335510253906
sample_11,13590,8668,838135.5932897511,8247529.127407737,172.68995666503906,65.78471374511719
sample_11,13590,8669,838145.5932897511,8247529.127407737,428.3374328613281,86.08629608154297
sample_11,13590,8670,838155.5932897511,8247529.127407737,608.562255859375,115.74713134765625
sample_11,13590,8671,838165.5932897511,8247529.127407737,276.3459777832031,91.2964096069336
sample_11,13590,8672,838175.5932897511,8247529.127407737,183.94203186035156,119.06169128417969
sample_11,13590,8673,838185.5932897511,8247529.127407737,216.5249786376953,190.05776977539062
sample_11,13590,8674,838195.5932897511,8247529.127407737,224.99554443359375,132.92117309570312
sample_11,13590,8675,838205.5932897511,8247529.127407737,195.52914428710938,82.51509094238281
sample_11,13590,8676,838215.5932897511,8247529.127407737,76.13517761230469,83.2691421508789
sample_11,13590,8677,838225.5932897511,8247529.127407737,59.19651412963867,73.82778930664062
sample_11,13590,8678,838235.5932897511,8247529.127407737,157.06838989257812,96.91202545166016
sample_11,13590,8679,838245.5932897511,8247529.127407737,557.4052734375,127.68560028076172
sample_11,13590,8680,838255.5932897511,8247529.127407737,539.0379028320312,115.49481964111328
sample_11,13590,8681,838265.5932897511,8247529.127407737,249.36798095703125,96.07036590576172
sample_11,13590,8682,838275.5932897511,8247529.127407737,235.33560180664062,216.38572692871094
sample_11,13590,8683,838285.5932897511,8247529.127407737,211.90455627441406,317.6751403808594
sample_11,13590,8684,838295.5932897511,8247529.127407737,122.09899139404297,341.3700866699219
sample_11,13590,8685,838305.5932897511,8247529.127407737,48.9705810546875,220.50621032714844
sample_11,13590,8686,838315.5932897511,8247529.127407737,44.043087005615234,82.46129608154297
sample_11,13591,8667,838125.5932897511,8247519.127407737,124.83451843261719,465.81646728515625
sample_11,13591,8668,838135.5932897511,8247519.127407737,103.87358093261719,140.05873107910156
sample_11,13591,8669,838145.5932897511,8247519.127407737,329.84661865234375,250.49754333496094
sample_11,13591,8670,838155.5932897511,8247519.127407737,576.3827514648438,259.2030029296875
sample_11,13591,8671,838165.5932897511,8247519.127407737,295.8741760253906,65.7050552368164
sample_11,13591,8672,838175.5932897511,8247519.127407737,184.9244842529297,15.146944999694824
sample_11,13591,8673,838185.5932897511,8247519.127407737,218.9108428955078,55.4448356628418
sample_11,13591,8674,838195.5932897511,8247519.127407737,403.409912109375,97.43062591552734
sample_11,13591,8675,838205.5932897511,8247519.127407737,317.2690734863281,98.82627868652344
sample_11,13591,8676,838215.5932897511,8247519.127407737,93.27371978759766,110.54776763916016
sample_11,13591,8677,838225.5932897511,8247519.127407737,30.920629501342773,60.59148025512695
sample_11,13591,8678,838235.5932897511,8247519.127407737,133.87525939941406,33.89149856567383
sample_11,13591,8679,838245.5932897511,8247519.127407737,527.6826171875,70.27596282958984
sample_11,13591,8680,838255.5932897511,8247519.127407737,413.5277404785156,70.3434066772461
sample_11,13591,8681,838265.5932897511,8247519.127407737,132.6574249267578,75.04031372070312
sample_11,13591,8682,838275.5932897511,8247519.127407737,142.9061737060547,208.68612670898438
sample_11,13591,8683,838285.5932897511,8247519.127407737,158.45570373535156,264.7037048339844
sample_11,13591,8684,838295.5932897511,8247519.127407737,139.74913024902344,250.27572631835938
sample_11,13591,8685,838305.5932897511,8247519.127407737,121.55265045166016,242.30587768554688
sample_11,13591,8686,838315.5932897511,8247519.127407737,111.36624145507812,157.12692260742188
sample_11,13592,8667,838125.5932897511,8247509.127407737,161.6603240966797,466.1859436035156
sample_11,13592,8668,838135.5932897511,8247509.127407737,190.86814880371094,196.56349182128906
sample_11,13592,8669,838145.5932897511,8247509.127407737,160.25071716308594,491.8435363769531
sample_11,13592,8670,838155.5932897511,8247509.127407737,28.556732177734375,503.2226257324219
sample_11,13592,8671,838165.5932897511,8247509.127407737,57.54533767700195,150.38687133789062
sample_11,13592,8672,838175.5932897511,8247509.127407737,125.40174102783203,91.024169921875
sample_11,13592,8673,838185.5932897511,8247509.127407737,224.24331665039062,74.09748077392578
sample_11,13592,8674,838195.5932897511,8247509.127407737,464.66595458984375,110.2824478149414
sample_11,13592,8675,838205.5932897511,8247509.127407737,393.04443359375,133.10855102539062
sample_11,13592,8676,838215.5932897511,8247509.127407737,111.32058715820312,143.98220825195312
sample_11,13592,8677,838225.5932897511,8247509.127407737,34.741851806640625,113.83511352539062
sample_11,13592,8678,838235.5932897511,8247509.127407737,125.56637573242188,154.70838928222656
sample_11,13592,8679,838245.5932897511,8247509.127407737,405.9981384277344,211.3177947998047
sample_11,13592,8680,838255.5932897511,8247509.127407737,296.3048400878906,66.94801330566406
sample_11,13592,8681,838265.5932897511,8247509.127407737,106.39396667480469,48.08346176147461
sample_11,13592,8682,838275.5932897511,8247509.127407737,80.75435638427734,155.81680297851562
sample_11,13592,8683,838285.5932897511,8247509.127407737,240.88784790039062,180.11521911621094
sample_11,13592,8684,838295.5932897511,8247509.127407737,299.708984375,178.4082489013672
sample_11,13592,8685,838305.5932897511,8247509.127407737,164.39474487304688,212.55174255371094
sample_11,13592,8686,838315.5932897511,8247509.127407737,100.81844329833984,195.20626831054688
sample_11,13593,8667,838125.5932897511,8247499.127407737,291.2475280761719,358.0902099609375
sample_11,13593,8668,838135.5932897511,8247499.127407737,526.6890869140625,293.24468994140625
sample_11,13593,8669,838145.5932897511,8247499.127407737,721.1026611328125,497.4448547363281
sample_11,13593,8670,838155.5932897511,8247499.127407737,357.6285400390625,390.4010009765625
sample_11,13593,8671,838165.5932897511,8247499.127407737,61.79281997680664,180.12353515625
sample_11,13593,8672,838175.5932897511,8247499.127407737,112.46489715576172,150.3777313232422
sample_11,13593,8673,838185.5932897511,8247499.127407737,160.8647918701172,117.94283294677734
sample_11,13593,8674,838195.5932897511,8247499.127407737,181.37022399902344,110.60813903808594
sample_11,13593,8675,838205.5932897511,8247499.127407737,281.6760559082031,100.94135284423828
sample_11,13593,8676,838215.5932897511,8247499.127407737,234.16358947753906,204.64666748046875
sample_11,13593,8677,838225.5932897511,8247499.127407737,138.6019287109375,362.4081726074219
sample_11,13593,8678,838235.5932897511,8247499.127407737,119.35784912109375,317.3371887207031
sample_11,13593,8679,838245.5932897511,8247499.127407737,211.7044219970703,345.64288330078125
sample_11,13593,8680,838255.5932897511,8247499.127407737,379.1122131347656,115.50182342529297
sample_11,13593,8681,838265.5932897511,8247499.127407737,270.8935852050781,43.692813873291016
sample_11,13593,8682,838275.5932897511,8247499.127407737,119.63019561767578,93.6064224243164
sample_11,13593,8683,838285.5932897511,8247499.127407737,246.82557678222656,140.4156494140625
sample_11,13593,8684,838295.5932897511,8247499.127407737,304.8273620605469,128.65640258789062
sample_11,13593,8685,838305.5932897511,8247499.127407737,105.54214477539062,74.7194595336914
sample_11,13593,8686,838315.5932897511,8247499.127407737,90.98384857177734,113.6613998413086
sample_11,13594,8667,838125.5932897511,8247489.127407737,308.4226989746094,141.74940490722656
sample_11,13594,8668,838135.5932897511,8247489.127407737,294.7309875488281,184.86636352539062
sample_11,13594,8669,838145.5932897511,8247489.127407737,471.228759765625,357.27069091796875
sample_11,13594,8670,838155.5932897511,8247489.127407737,391.6913146972656,282.199462890625
sample_11,13594,8671,838165.5932897511,8247489.127407737,187.05950927734375,207.08216857910156
sample_11,13594,8672,838175.5932897511,8247489.127407737,132.9049530029297,185.14710998535156
sample_11,13594,8673,838185.5932897511,8247489.127407737,215.45310974121094,91.67185974121094
sample_11,13594,8674,838195.5932897511,8247489.127407737,261.4109802246094,48.213165283203125
sample_11,13594,8675,838205.5932897511,8247489.127407737,248.70321655273438,87.79660034179688
sample_11,13594,8676,838215.5932897511,8247489.127407737,334.3122863769531,288.3647155761719
sample_11,13594,8677,838225.5932897511,8247489.127407737,326.1359558105469,619.5824584960938
sample_11,13594,8678,838235.5932897511,8247489.127407737,146.21310424804688,299.7682189941406
sample_11,13594,8679,838245.5932897511,8247489.127407737,205.43820190429688,132.6581268310547
sample_11,13594,8680,838255.5932897511,8247489.127407737,418.475830078125,58.281654357910156
sample_11,13594,8681,838265.5932897511,8247489.127407737,263.7946472167969,61.553436279296875
sample_11,13594,8682,838275.5932897511,8247489.127407737,126.1440200805664,82.34586334228516
sample_11,13594,8683,838285.5932897511,8247489.127407737,105.13899993896484,151.8099365234375
sample_11,13594,8684,838295.5932897511,8247489.127407737,156.41224670410156,160.43707275390625
sample_11,13594,8685,838305.5932897511,8247489.127407737,166.68243408203125,131.0838623046875
sample_11,13594,8686,838315.5932897511,8247489.127407737,126.91554260253906,161.49830627441406
sample_11,13595,8667,838125.5932897511,8247479.127407737,369.3267822265625,84.91435241699219
sample_11,13595,8668,838135.5932897511,8247479.127407737,324.0705261230469,124.83602905273438
sample_11,13595,8669,838145.5932897511,8247479.127407737,289.1154479980469,191.68833923339844
sample_11,13595,8670,838155.5932897511,8247479.127407737,484.4738464355469,204.04232788085938
sample_11,13595,8671,838165.5932897511,8247479.127407737,497.58184814453125,229.73114013671875
sample_11,13595,8672,838175.5932897511,8247479.127407737,390.4554138183594,235.95314025878906
sample_11,13595,8673,838185.5932897511,8247479.127407737,301.45184326171875,77.62886047363281
sample_11,13595,8674,838195.5932897511,8247479.127407737,254.05902099609375,44.20921325683594
sample_11,13595,8675,838205.5932897511,8247479.127407737,174.24742126464844,114.61646270751953
sample_11,13595,8676,838215.5932897511,8247479.127407737,478.55657958984375,211.64486694335938
sample_11,13595,8677,838225.5932897511,8247479.127407737,525.621826171875,321.7676696777344
sample_11,13595,8678,838235.5932897511,8247479.127407737,146.19061279296875,210.02200317382812
sample_11,13595,8679,838245.5932897511,8247479.127407737,192.62384033203125,117.83997344970703
sample_11,13595,8680,838255.5932897511,8247479.127407737,350.53619384765625,77.49932098388672
sample_11,13595,8681,838265.5932897511,8247479.127407737,184.861572265625,107.75140380859375
sample_11,13595,8682,838275.5932897511,8247479.127407737,97.703125,121.0857925415039
sample_11,13595,8683,838285.5932897511,8247479.127407737,106.97279357910156,133.8821258544922
sample_11,13595,8684,838295.5932897511,8247479.127407737,252.0519561767578,138.54489135742188
sample_11,13595,8685,838305.5932897511,8247479.127407737,261.6791076660156,134.70562744140625
sample_11,13595,8686,838315.5932897511,8247479.127407737,137.12161254882812,158.58901977539062
sample_11,13596,8667,838125.5932897511,8247469.127407737,541.578369140625,84.98058319091797
sample_11,13596,8668,838135.5932897511,8247469.127407737,561.0901489257812,99.05690002441406
sample_11,13596,8669,838145.5932897511,8247469.127407737,530.3235473632812,130.7685089111328
sample_11,13596,8670,838155.5932897511,8247469.127407737,480.04248046875,195.0094451904297
sample_11,13596,8671,838165.5932897511,8247469.127407737,447.73358154296875,190.08749389648438
sample_11,13596,8672,838175.5932897511,8247469.127407737,426.8212585449219,171.55906677246094
sample_11,13596,8673,838185.5932897511,8247469.127407737,355.64190673828125,51.497989654541016
sample_11,13596,8674,838195.5932897511,8247469.127407737,220.71484375,77.71347045898438
sample_11,13596,8675,838205.5932897511,8247469.127407737,157.84446716308594,143.72254943847656
sample_11,13596,8676,838215.5932897511,8247469.127407737,298.2205505371094,105.57704162597656
sample_11,13596,8677,838225.5932897511,8247469.127407737,314.4989318847656,194.17953491210938
sample_11,13596,8678,838235.5932897511,8247469.127407737,76.61766815185547,259.0657653808594
sample_11,13596,8679,838245.5932897511,8247469.127407737,213.96543884277344,147.6309814453125
sample_11,13596,8680,838255.5932897511,8247469.127407737,220.7051544189453,119.02359008789062
sample_11,13596,8681,838265.5932897511,8247469.127407737,156.501220703125,135.58221435546875
sample_11,13596,8682,838275.5932897511,8247469.127407737,145.3106231689453,163.5749053955078
sample_11,13596,8683,838285.5932897511,8247469.127407737,163.2501983642578,158.28176879882812
sample_11,13596,8684,838295.5932897511,8247469.127407737,282.1928405761719,106.57460021972656
sample_11,13596,8685,838305.5932897511,8247469.127407737,280.7856140136719,93.55572509765625
sample_11,13596,8686,838315.5932897511,8247469.127407737,102.43038177490234,17.965482711791992
sample_11,13597,8667,838125.5932897511,8247459.127407737,601.8722534179688,91.78903198242188
sample_11,13597,8668,838135.5932897511,8247459.127407737,491.9616394042969,177.22000122070312
sample_11,13597,8669,838145.5932897511,8247459.127407737,342.6038818359375,145.19589233398438
sample_11,13597,8670,838155.5932897511,8247459.127407737,277.9090270996094,145.50682067871094
sample_11,13597,8671,838165.5932897511,8247459.127407737,401.57794189453125,167.12185668945312
sample_11,13597,8672,838175.5932897511,8247459.127407737,452.5240478515625,100.77847290039062
sample_11,13597,8673,838185.5932897511,8247459.127407737,542.6129760742188,40.0141716003418
sample_11,13597,8674,838195.5932897511,8247459.127407737,354.21917724609375,54.49943923950195
sample_11,13597,8675,838205.5932897511,8247459.127407737,262.6343688964844,78.68502044677734
sample_11,13597,8676,838215.5932897511,8247459.127407737,274.1796875,43.86289596557617
sample_11,13597,8677,838225.5932897511,8247459.127407737,183.6117706298828,164.62643432617188
sample_11,13597,8678,838235.5932897511,8247459.127407737,188.7104034423828,313.73974609375
sample_11,13597,8679,838245.5932897511,8247459.127407737,467.3551940917969,113.11719512939453
sample_11,13597,8680,838255.5932897511,8247459.127407737,374.7018127441406,53.27582931518555
sample_11,13597,8681,838265.5932897511,8247459.127407737,173.86004638671875,73.19916534423828
sample_11,13597,8682,838275.5932897511,8247459.127407737,181.52735900878906,132.4757537841797
sample_11,13597,8683,838285.5932897511,8247459.127407737,171.99420166015625,142.5508575439453
sample_11,13597,8684,838295.5932897511,8247459.127407737,82.00162506103516,28.88607406616211
sample_11,13597,8685,838305.5932897511,8247459.127407737,141.0261688232422,232.85670471191406
sample_11,13597,8686,838315.5932897511,8247459.127407737,133.072509765625,264.3854675292969
sample_11,13598,8667,838125.5932897511,8247449.127407737,315.89935302734375,89.08885192871094
sample_11,13598,8668,838135.5932897511,8247449.127407737,264.2834167480469,205.98313903808594
sample_11,13598,8669,838145.5932897511,8247449.127407737,130.7770233154297,149.62210083007812
sample_11,13598,8670,838155.5932897511,8247449.127407737,174.88949584960938,143.14537048339844
sample_11,13598,8671,838165.5932897511,8247449.127407737,591.5352783203125,283.2176513671875
sample_11,13598,8672,838175.5932897511,8247449.127407737,708.0200805664062,158.87049865722656
sample_11,13598,8673,838185.5932897511,8247449.127407737,676.5726318359375,54.53767776489258
sample_11,13598,8674,838195.5932897511,8247449.127407737,369.17987060546875,51.16458511352539
sample_11,13598,8675,838205.5932897511,8247449.127407737,327.9365539550781,52.523197174072266
sample_11,13598,8676,838215.5932897511,8247449.127407737,390.669921875,74.12469482421875
sample_11,13598,8677,838225.5932897511,8247449.127407737,236.9764404296875,59.61411666870117
sample_11,13598,8678,838235.5932897511,8247449.127407737,201.64646911621094,97.14569854736328
sample_11,13598,8679,838245.5932897511,8247449.127407737,372.2484130859375,58.92938995361328
sample_11,13598,8680,838255.5932897511,8247449.127407737,297.11181640625,38.35641860961914
sample_11,13598,8681,838265.5932897511,8247449.127407737,193.7432403564453,18.543415069580078
sample_11,13598,8682,838275.5932897511,8247449.127407737,197.6684112548828,4.414792060852051
sample_11,13598,8683,838285.5932897511,8247449.127407737,279.10205078125,63.64664077758789
sample_11,13598,8684,838295.5932897511,8247449.127407737,300.4724426269531,96.26451873779297
sample_11,13598,8685,838305.5932897511,8247449.127407737,129.4833221435547,258.4447021484375
sample_11,13598,8686,838315.5932897511,8247449.127407737,99.83464813232422,267.88323974609375
sample_11,13599,8667,838125.5932897511,8247439.127407737,165.63714599609375,220.81503295898438
sample_11,13599,8668,838135.5932897511,8247439.127407737,99.21961212158203,261.0559387207031
sample_11,13599,8669,838145.5932897511,8247439.127407737,57.65481185913086,218.25953674316406
sample_11,13599,8670,838155.5932897511,8247439.127407737,177.81378173828125,210.7198486328125
sample_11,13599,8671,838165.5932897511,8247439.127407737,434.78692626953125,236.99459838867188
sample_11,13599,8672,838175.5932897511,8247439.127407737,603.644287109375,126.68865203857422
sample_11,13599,8673,838185.5932897511,8247439.127407737,561.719482421875,62.32074737548828
sample_11,13599,8674,838195.5932897511,8247439.127407737,241.44015502929688,69.4759521484375
sample_11,13599,8675,838205.5932897511,8247439.127407737,250.6185302734375,40.88235855102539
sample_11,13599,8676,838215.5932897511,8247439.127407737,272.67559814453125,49.25651168823242
sample_11,13599,8677,838225.5932897511,8247439.127407737,208.95668029785156,92.1744155883789
sample_11,13599,8678,838235.5932897511,8247439.127407737,151.53607177734375,158.3687744140625
sample_11,13599,8679,838245.5932897511,8247439.127407737,148.0096435546875,170.1272735595703
sample_11,13599,8680,838255.5932897511,8247439.127407737,137.33056640625,96.3265151977539
sample_11,13599,8681,838265.5932897511,8247439.127407737,242.77076721191406,68.42559814453125
sample_11,13599,8682,838275.5932897511,8247439.127407737,396.9073791503906,47.507259368896484
sample_11,13599,8683,838285.5932897511,8247439.127407737,291.3702087402344,53.442481994628906
sample_11,13599,8684,838295.5932897511,8247439.127407737,242.11012268066406,94.74199676513672
sample_11,13599,8685,838305.5932897511,8247439.127407737,54.46831512451172,156.49795532226562
sample_11,13599,8686,838315.5932897511,8247439.127407737,23.478036880493164,127.80479431152344
sample_12,12423,4767,799125.5932897511,8259199.127407737,346.50299072265625,177.59967041015625
sample_12,12423,4768,799135.5932897511,8259199.127407737,311.45458984375,107.16065216064453
sample_12,12423,4769,799145.5932897511,8259199.127407737,340.7868957519531,21.43001365661621
sample_12,12423,4770,799155.5932897511,8259199.127407737,271.47003173828125,23.360246658325195
sample_12,12423,4771,799165.5932897511,8259199.127407737,309.6177062988281,24.819673538208008
sample_12,12423,4772,799175.5932897511,8259199.127407737,347.0563659667969,26.719791412353516
sample_12,12423,4773,799185.5932897511,8259199.127407737,749.525634765625,89.21365356445312
sample_12,12423,4774,799195.5932897511,8259199.127407737,760.9903564453125,133.57244873046875
sample_12,12423,4775,799205.5932897511,8259199.127407737,329.1488037109375,73.80988311767578
sample_12,12423,4776,799215.5932897511,8259199.127407737,182.5771026611328,40.29865264892578
sample_12,12423,4777,799225.5932897511,8259199.127407737,237.539794921875,29.776426315307617
sample_12,12423,4778,799235.5932897511,8259199.127407737,527.5073852539062,44.35702896118164
sample_12,12423,4779,799245.5932897511,8259199.127407737,343.54412841796875,75.62419891357422
sample_12,12423,4780,799255.5932897511,8259199.127407737,231.69342041015625,131.18496704101562
sample_12,12423,4781,799265.5932897511,8259199.127407737,154.3647918701172,122.00404357910156
sample_12,12423,4782,799275.5932897511,8259199.127407737,342.3446960449219,115.23432922363281
sample_12,12423,4783,799285.5932897511,8259199.127407737,353.22174072265625,121.6390609741211
sample_12,12423,4784,799295.5932897511,8259199.127407737,324.6671447753906,34.24751281738281
sample_12,12423,4785,799305.5932897511,8259199.127407737,279.1295471191406,73.80104064941406
sample_12,12423,4786,799315.5932897511,8259199.127407737,221.9409637451172,80.26863861083984
sample_12,12424,4767,799125.5932897511,8259189.127407737,281.0686340332031,101.55359649658203
sample_12,12424,4768,799135.5932897511,8259189.127407737,405.2662658691406,49.322059631347656
sample_12,12424,4769,799145.5932897511,8259189.127407737,474.7655334472656,8.07433795928955
sample_12,12424,4770,799155.5932897511,8259189.127407737,264.54937744140625,14.517971992492676
sample_12,12424,4771,799165.5932897511,8259189.127407737,320.24871826171875,11.949589729309082
sample_12,12424,4772,799175.5932897511,8259189.127407737,504.4180908203125,7.2960968017578125
sample_12,12424,4773,799185.5932897511,8259189.127407737,1013.7537231445312,33.50929641723633
sample_12,12424,4774,799195.5932897511,8259189.127407737,880.5111694335938,158.573486328125
sample_12,12424,4775,799205.5932897511,8259189.127407737,481.0773010253906,185.13230895996094
sample_12,12424,4776,799215.5932897511,8259189.127407737,203.8961944580078,57.889617919921875
sample_12,12424,4777,799225.5932897511,8259189.127407737,172.383544921875,20.73305892944336
sample_12,12424,4778,799235.5932897511,8259189.127407737,321.93267822265625,22.201784133911133
sample_12,12424,4779,799245.5932897511,8259189.127407737,479.8174133300781,49.76277160644531
sample_12,12424,4780,799255.5932897511,8259189.127407737,276.8839416503906,102.66748809814453
sample_12,12424,4781,799265.5932897511,8259189.127407737,207.6518096923828,138.16744995117188
sample_12,12424,4782,799275.5932897511,8259189.127407737,687.201904296875,48.010337829589844
sample_12,12424,4783,799285.5932897511,8259189.127407737,634.6565551757812,57.12114715576172
sample_12,12424,4784,799295.5932897511,8259189.127407737,387.635986328125,74.88456726074219
sample_12,12424,4785,799305.5932897511,8259189.127407737,302.63836669921875,53.574825286865234
sample_12,12424,4786,799315.5932897511,8259189.127407737,238.4279022216797,91.0241470336914
sample_12,12425,4767,799125.5932897511,8259179.127407737,591.5493774414062,34.44142532348633
sample_12,12425,4768,799135.5932897511,8259179.127407737,491.2094421386719,28.321575164794922
sample_12,12425,4769,799145.5932897511,8259179.127407737,392.42779541015625,17.526859283447266
sample_12,12425,4770,799155.5932897511,8259179.127407737,44.27591323852539,23.487693786621094
sample_12,12425,4771,799165.5932897511,8259179.127407737,218.99908447265625,150.47357177734375
sample_12,12425,4772,799175.5932897511,8259179.127407737,460.50933837890625,119.1602783203125
sample_12,12425,4773,799185.5932897511,8259179.127407737,909.6246948242188,6.239348411560059
sample_12,12425,4774,799195.5932897511,8259179.127407737,830.2672729492188,242.53353881835938
sample_12,12425,4775,799205.5932897511,8259179.127407737,577.4732666015625,346.1978759765625
sample_12,12425,4776,799215.5932897511,8259179.127407737,143.16021728515625,86.27073669433594
sample_12,12425,4777,799225.5932897511,8259179.127407737,186.040283203125,32.86085510253906
sample_12,12425,4778,799235.5932897511,8259179.127407737,607.0359497070312,38.13557434082031
sample_12,12425,4779,799245.5932897511,8259179.127407737,1218.88134765625,77.01001739501953
sample_12,12425,4780,799255.5932897511,8259179.127407737,426.5354919433594,109.72511291503906
sample_12,12425,4781,799265.5932897511,8259179.127407737,236.33116149902344,127.21257781982422
sample_12,12425,4782,799275.5932897511,8259179.127407737,668.9746704101562,58.244728088378906
sample_12,12425,4783,799285.5932897511,8259179.127407737,821.8603515625,91.66859436035156
sample_12,12425,4784,799295.5932897511,8259179.127407737,606.9219360351562,85.92554473876953
sample_12,12425,4785,799305.5932897511,8259179.127407737,288.0127868652344,15.354103088378906
sample_12,12425,4786,799315.5932897511,8259179.127407737,427.3880920410156,125.72882080078125
sample_12,12426,4767,799125.5932897511,8259169.127407737,893.3507080078125,30.884132385253906
sample_12,12426,4768,799135.5932897511,8259169.127407737,352.5373229980469,72.23413848876953
sample_12,12426,4769,799145.5932897511,8259169.127407737,231.1644287109375,101.30126190185547
sample_12,12426,4770,799155.5932897511,8259169.127407737,170.96975708007812,143.2274627685547
sample_12,12426,4771,799165.5932897511,8259169.127407737,318.68316650390625,284.6872863769531
sample_12,12426,4772,799175.5932897511,8259169.127407737,309.2701721191406,176.47401428222656
sample_12,12426,4773,799185.5932897511,8259169.127407737,336.2838439941406,13.133060455322266
sample_12,12426,4774,799195.5932897511,8259169.127407737,349.39691162109375,79.4408187866211
sample_12,12426,4775,799205.5932897511,8259169.127407737,260.68072509765625,162.1145477294922
sample_12,12426,4776,799215.5932897511,8259169.127407737,107.35160827636719,122.62004089355469
sample_12,12426,4777,799225.5932897511,8259169.127407737,192.7814483642578,50.5984001159668
sample_12,12426,4778,799235.5932897511,8259169.127407737,1126.2764892578125,75.81275939941406
sample_12,12426,4779,799245.5932897511,8259169.127407737,2164.242919921875,144.4079132080078
sample_12,12426,4780,799255.5932897511,8259169.127407737,628.4103393554688,88.3038101196289
sample_12,12426,4781,799265.5932897511,8259169.127407737,232.64651489257812,96.389404296875
sample_12,12426,4782,799275.5932897511,8259169.127407737,421.4436950683594,96.16737365722656
sample_12,12426,4783,799285.5932897511,8259169.127407737,760.4598388671875,120.42023468017578
sample_12,12426,4784,799295.5932897511,8259169.127407737,641.3300170898438,76.79187774658203
sample_12,12426,4785,799305.5932897511,8259169.127407737,209.47726440429688,8.771146774291992
sample_12,12426,4786,799315.5932897511,8259169.127407737,502.73895263671875,64.82137298583984
sample_12,12427,4767,799125.5932897511,8259159.127407737,1056.7080078125,46.686031341552734
sample_12,12427,4768,799135.5932897511,8259159.127407737,651.0947265625,85.0836410522461
sample_12,12427,4769,799145.5932897511,8259159.127407737,352.3851013183594,118.34988403320312
sample_12,12427,4770,799155.5932897511,8259159.127407737,301.6556396484375,187.64480590820312
sample_12,12427,4771,799165.5932897511,8259159.127407737,492.428466796875,327.5692138671875
sample_12,12427,4772,799175.5932897511,8259159.127407737,249.16358947753906,141.77159118652344
sample_12,12427,4773,799185.5932897511,8259159.127407737,381.5201416015625,51.030452728271484
sample_12,12427,4774,799195.5932897511,8259159.127407737,753.6768188476562,112.09033966064453
sample_12,12427,4775,799205.5932897511,8259159.127407737,271.2919616699219,127.18724060058594
sample_12,12427,4776,799215.5932897511,8259159.127407737,97.52912902832031,130.87246704101562
sample_12,12427,4777,799225.5932897511,8259159.127407737,176.41261291503906,67.31842803955078
sample_12,12427,4778,799235.5932897511,8259159.127407737,897.1673583984375,59.93840789794922
sample_12,12427,4779,799245.5932897511,8259159.127407737,1156.0172119140625,75.86925506591797
sample_12,12427,4780,799255.5932897511,8259159.127407737,273.84490966796875,64.58563995361328
sample_12,12427,4781,799265.5932897511,8259159.127407737,137.1859130859375,105.40177917480469
sample_12,12427,4782,799275.5932897511,8259159.127407737,103.26769256591797,134.7457733154297
sample_12,12427,4783,799285.5932897511,8259159.127407737,93.2580337524414,121.76254272460938
sample_12,12427,4784,799295.5932897511,8259159.127407737,212.51412963867188,56.49140167236328
sample_12,12427,4785,799305.5932897511,8259159.127407737,227.41021728515625,22.787839889526367
sample_12,12427,4786,799315.5932897511,8259159.127407737,438.5146789550781,48.7895393371582
sample_12,12428,4767,799125.5932897511,8259149.127407737,773.1686401367188,46.57929611206055
sample_12,12428,4768,799135.5932897511,8259149.127407737,591.2946166992188,59.48090744018555
sample_12,12428,4769,799145.5932897511,8259149.127407737,375.2923889160156,77.79985046386719
sample_12,12428,4770,799155.5932897511,8259149.127407737,222.71343994140625,65.06397247314453
sample_12,12428,4771,799165.5932897511,8259149.127407737,231.26165771484375,89.63526153564453
sample_12,12428,4772,799175.5932897511,8259149.127407737,323.13116455078125,67.76359558105469
sample_12,12428,4773,799185.5932897511,8259149.127407737,589.8907470703125,86.03413391113281
sample_12,12428,4774,799195.5932897511,8259149.127407737,918.974365234375,141.3438262939453
sample_12,12428,4775,799205.5932897511,8259149.127407737,277.556396484375,100.8816909790039
sample_12,12428,4776,799215.5932897511,8259149.127407737,76.42501831054688,67.24105072021484
sample_12,12428,4777,799225.5932897511,8259149.127407737,183.3613739013672,40.861759185791016
sample_12,12428,4778,799235.5932897511,8259149.127407737,667.5460815429688,64.54329681396484
sample_12,12428,4779,799245.5932897511,8259149.127407737,638.3367309570312,70.34203338623047
sample_12,12428,4780,799255.5932897511,8259149.127407737,221.75816345214844,80.56983184814453
sample_12,12428,4781,799265.5932897511,8259149.127407737,100.60941314697266,131.3438720703125
sample_12,12428,4782,799275.5932897511,8259149.127407737,183.8206787109375,206.9786376953125
sample_12,12428,4783,799285.5932897511,8259149.127407737,276.479736328125,236.2060089111328
sample_12,12428,4784,799295.5932897511,8259149.127407737,276.0597229003906,133.4470977783203
sample_12,12428,4785,799305.5932897511,8259149.127407737,247.97317504882812,61.224098205566406
sample_12,12428,4786,799315.5932897511,8259149.127407737,291.68768310546875,94.17781829833984
sample_12,12429,4767,799125.5932897511,8259139.127407737,297.0773010253906,24.25752067565918
sample_12,12429,4768,799135.5932897511,8259139.127407737,53.57468795776367,5.603804588317871
sample_12,12429,4769,799145.5932897511,8259139.127407737,79.63725280761719,28.777667999267578
sample_12,12429,4770,799155.5932897511,8259139.127407737,408.68292236328125,67.86903381347656
sample_12,12429,4771,799165.5932897511,8259139.127407737,478.7406005859375,75.0936508178711
sample_12,12429,4772,799175.5932897511,8259139.127407737,532.3253784179688,83.67007446289062
sample_12,12429,4773,799185.5932897511,8259139.127407737,609.7586669921875,125.94934844970703
sample_12,12429,4774,799195.5932897511,8259139.127407737,514.2171020507812,81.68054962158203
sample_12,12429,4775,799205.5932897511,8259139.127407737,45.314579010009766,32.666873931884766
sample_12,12429,4776,799215.5932897511,8259139.127407737,56.75932312011719,27.345788955688477
sample_12,12429,4777,799225.5932897511,8259139.127407737,192.17422485351562,67.96546936035156
sample_12,12429,4778,799235.5932897511,8259139.127407737,481.0938720703125,139.5443115234375
sample_12,12429,4779,799245.5932897511,8259139.127407737,538.3790893554688,105.00555419921875
sample_12,12429,4780,799255.5932897511,8259139.127407737,481.33734130859375,89.01478576660156
sample_12,12429,4781,799265.5932897511,8259139.127407737,368.4124755859375,87.12445831298828
sample_12,12429,4782,799275.5932897511,8259139.127407737,257.7059631347656,157.59234619140625
sample_12,12429,4783,799285.5932897511,8259139.127407737,302.0884094238281,224.6644744873047
sample_12,12429,4784,799295.5932897511,8259139.127407737,386.5825500488281,211.24449157714844
sample_12,12429,4785,799305.5932897511,8259139.127407737,284.79547119140625,82.28369140625
sample_12,12429,4786,799315.5932897511,8259139.127407737,241.45123291015625,55.73297119140625
sample_12,12430,4767,799125.5932897511,8259129.127407737,159.60804748535156,13.131423950195312
sample_12,12430,4768,799135.5932897511,8259129.127407737,128.0056610107422,22.83877944946289
sample_12,12430,4769,799145.5932897511,8259129.127407737,181.95150756835938,47.03111267089844
sample_12,12430,4770,799155.5932897511,8259129.127407737,506.0887451171875,89.7398681640625
sample_12,12430,4771,799165.5932897511,8259129.127407737,631.0341186523438,124.26215362548828
sample_12,12430,4772,799175.5932897511,8259129.127407737,585.2772216796875,183.25697326660156
sample_12,12430,4773,799185.5932897511,8259129.127407737,456.1525573730469,377.4206237792969
sample_12,12430,4774,799195.5932897511,8259129.127407737,300.9043273925781,256.15704345703125
sample_12,12430,4775,799205.5932897511,8259129.127407737,88.84976196289062,84.12490844726562
sample_12,12430,4776,799215.5932897511,8259129.127407737,145.317626953125,25.30196189880371
sample_12,12430,4777,799225.5932897511,8259129.127407737,225.85565185546875,139.383544921875
sample_12,12430,4778,799235.5932897511,8259129.127407737,420.1493835449219,285.4134521484375
sample_12,12430,4779,799245.5932897511,8259129.127407737,558.3305053710938,179.9420928955078
sample_12,12430,4780,799255.5932897511,8259129.127407737,520.811767578125,96.12991333007812
sample_12,12430,4781,799265.5932897511,8259129.127407737,414.2513122558594,51.37360382080078
sample_12,12430,4782,799275.5932897511,8259129.127407737,189.46548461914062,88.38524627685547
sample_12,12430,4783,799285.5932897511,8259129.127407737,202.963623046875,151.7991180419922
sample_12,12430,4784,799295.5932897511,8259129.127407737,294.02264404296875,208.27000427246094
sample_12,12430,4785,799305.5932897511,8259129.127407737,169.7293701171875,95.65310668945312
sample_12,12430,4786,799315.5932897511,8259129.127407737,133.2052001953125,52.073516845703125
sample_12,12431,4767,799125.5932897511,8259119.127407737,121.03091430664062,22.4261417388916
sample_12,12431,4768,799135.5932897511,8259119.127407737,185.42274475097656,40.778785705566406
sample_12,12431,4769,799145.5932897511,8259119.127407737,206.6317596435547,71.7147445678711
sample_12,12431,4770,799155.5932897511,8259119.127407737,181.07565307617188,81.18155670166016
sample_12,12431,4771,799165.5932897511,8259119.127407737,202.61228942871094,140.0319366455078
sample_12,12431,4772,799175.5932897511,8259119.127407737,224.7938232421875,265.2027587890625
sample_12,12431,4773,799185.5932897511,8259119.127407737,211.05038452148438,493.6065673828125
sample_12,12431,4774,799195.5932897511,8259119.127407737,296.1064147949219,280.4231262207031
sample_12,12431,4775,799205.5932897511,8259119.127407737,279.2087097167969,133.74673461914062
sample_12,12431,4776,799215.5932897511,8259119.127407737,407.8042297363281,29.279075622558594
sample_12,12431,4777,799225.5932897511,8259119.127407737,281.02215576171875,73.1850357055664
sample_12,12431,4778,799235.5932897511,8259119.127407737,270.8455810546875,136.598388671875
sample_12,12431,4779,799245.5932897511,8259119.127407737,368.2206115722656,125.71601104736328
sample_12,12431,4780,799255.5932897511,8259119.127407737,414.7727355957031,66.09418487548828
sample_12,12431,4781,799265.5932897511,8259119.127407737,303.702880859375,43.10844421386719
sample_12,12431,4782,799275.5932897511,8259119.127407737,71.97625732421875,105.88533782958984
sample_12,12431,4783,799285.5932897511,8259119.127407737,154.23358154296875,133.08157348632812
sample_12,12431,4784,799295.5932897511,8259119.127407737,207.75247192382812,161.3998260498047
sample_12,12431,4785,799305.5932897511,8259119.127407737,134.03094482421875,129.21600341796875
sample_12,12431,4786,799315.5932897511,8259119.127407737,80.98075103759766,52.42753219604492
sample_12,12432,4767,799125.5932897511,8259109.127407737,181.1625518798828,45.5335693359375
sample_12,12432,4768,799135.5932897511,8259109.127407737,191.21434020996094,58.52215576171875
sample_12,12432,4769,799145.5932897511,8259109.127407737,151.6001434326172,115.7994613647461
sample_12,12432,4770,799155.5932897511,8259109.127407737,160.4025115966797,167.4555206298828
sample_12,12432,4771,799165.5932897511,8259109.127407737,354.2322082519531,158.44203186035156
sample_12,12432,4772,799175.5932897511,8259109.127407737,206.0336151123047,273.75335693359375
sample_12,12432,4773,799185.5932897511,8259109.127407737,142.3791046142578,389.0461120605469
sample_12,12432,4774,799195.5932897511,8259109.127407737,549.1211547851562,137.998046875
sample_12,12432,4775,799205.5932897511,8259109.127407737,467.7322998046875,106.83153533935547
sample_12,12432,4776,799215.5932897511,8259109.127407737,366.8060302734375,117.80620574951172
sample_12,12432,4777,799225.5932897511,8259109.127407737,422.88983154296875,88.08446502685547
sample_12,12432,4778,799235.5932897511,8259109.127407737,235.2052459716797,74.57518768310547
sample_12,12432,4779,799245.5932897511,8259109.127407737,110.69408416748047,59.14234161376953
sample_12,12432,4780,799255.5932897511,8259109.127407737,245.9127655029297,23.288211822509766
sample_12,12432,4781,799265.5932897511,8259109.127407737,176.00421142578125,24.669565200805664
sample_12,12432,4782,799275.5932897511,8259109.127407737,28.838659286499023,64.82559967041016
sample_12,12432,4783,799285.5932897511,8259109.127407737,108.65206909179688,126.7572021484375
sample_12,12432,4784,799295.5932897511,8259109.127407737,179.26820373535156,143.89590454101562
sample_12,12432,4785,799305.5932897511,8259109.127407737,202.4680633544922,161.8527374267578
sample_12,12432,4786,799315.5932897511,8259109.127407737,212.49859619140625,49.57680892944336
sample_12,12433,4767,799125.5932897511,8259099.127407737,247.39491271972656,109.21366882324219
sample_12,12433,4768,799135.5932897511,8259099.127407737,95.51168060302734,251.32150268554688
sample_12,12433,4769,799145.5932897511,8259099.127407737,164.94276428222656,228.07504272460938
sample_12,12433,4770,799155.5932897511,8259099.127407737,367.84832763671875,237.1823272705078
sample_12,12433,4771,799165.5932897511,8259099.127407737,764.7816772460938,207.88583374023438
sample_12,12433,4772,799175.5932897511,8259099.127407737,373.05865478515625,197.3517608642578
sample_12,12433,4773,799185.5932897511,8259099.127407737,134.90728759765625,205.66229248046875
sample_12,12433,4774,799195.5932897511,8259099.127407737,209.53892517089844,80.90068054199219
sample_12,12433,4775,799205.5932897511,8259099.127407737,254.27854919433594,141.28746032714844
sample_12,12433,4776,799215.5932897511,8259099.127407737,390.7963562011719,155.16600036621094
sample_12,12433,4777,799225.5932897511,8259099.127407737,702.5765380859375,112.38597106933594
sample_12,12433,4778,799235.5932897511,8259099.127407737,353.82598876953125,122.82231140136719
sample_12,12433,4779,799245.5932897511,8259099.127407737,232.38125610351562,99.20043182373047
sample_12,12433,4780,799255.5932897511,8259099.127407737,414.9705505371094,61.159481048583984
sample_12,12433,4781,799265.5932897511,8259099.127407737,304.0211486816406,53.801475524902344
sample_12,12433,4782,799275.5932897511,8259099.127407737,181.8314666748047,69.37415313720703
sample_12,12433,4783,799285.5932897511,8259099.127407737,139.79763793945312,148.96778869628906
sample_12,12433,4784,799295.5932897511,8259099.127407737,206.34947204589844,102.0340347290039
sample_12,12433,4785,799305.5932897511,8259099.127407737,256.6305236816406,74.16572570800781
sample_12,12433,4786,799315.5932897511,8259099.127407737,229.4766387939453,42.10865783691406
sample_12,12434,4767,799125.5932897511,8259089.127407737,373.7287902832031,134.1896514892578
sample_12,12434,4768,799135.5932897511,8259089.127407737,95.40042877197266,265.9220886230469
sample_12,12434,4769,799145.5932897511,8259089.127407737,211.50778198242188,219.2230987548828
sample_12,12434,4770,799155.5932897511,8259089.127407737,608.7217407226562,318.4407653808594
sample_12,12434,4771,799165.5932897511,8259089.127407737,954.710205078125,347.2979431152344
sample_12,12434,4772,799175.5932897511,8259089.127407737,457.5529479980469,142.77255249023438
sample_12,12434,4773,799185.5932897511,8259089.127407737,461.7888488769531,124.15238189697266
sample_12,12434,4774,799195.5932897511,8259089.127407737,423.8028869628906,116.68238830566406
sample_12,12434,4775,799205.5932897511,8259089.127407737,186.73890686035156,159.23789978027344
sample_12,12434,4776,799215.5932897511,8259089.127407737,458.4188537597656,123.45791625976562
sample_12,12434,4777,799225.5932897511,8259089.127407737,743.0147094726562,119.76361083984375
sample_12,12434,4778,799235.5932897511,8259089.127407737,225.12820434570312,401.539306640625
sample_12,12434,4779,799245.5932897511,8259089.127407737,265.23590087890625,268.44622802734375
sample_12,12434,4780,799255.5932897511,8259089.127407737,488.47601318359375,106.19963073730469
sample_12,12434,4781,799265.5932897511,8259089.127407737,510.2506103515625,108.40930938720703
sample_12,12434,4782,799275.5932897511,8259089.127407737,570.7926025390625,85.85617065429688
sample_12,12434,4783,799285.5932897511,8259089.127407737,489.4927062988281,79.23239135742188
sample_12,12434,4784,799295.5932897511,8259089.127407737,239.13137817382812,61.83841323852539
sample_12,12434,4785,799305.5932897511,8259089.127407737,178.9786376953125,51.510658264160156
sample_12,12434,4786,799315.5932897511,8259089.127407737,210.3720245361328,52.59303283691406
sample_12,12435,4767,799125.5932897511,8259079.127407737,304.36883544921875,119.28520965576172
sample_12,12435,4768,799135.5932897511,8259079.127407737,111.09412384033203,151.73516845703125
sample_12,12435,4769,799145.5932897511,8259079.127407737,161.0648193359375,38.9895133972168
sample_12,12435,4770,799155.5932897511,8259079.127407737,249.97506713867188,224.38177490234375
sample_12,12435,4771,799165.5932897511,8259079.127407737,389.33203125,266.8498840332031
sample_12,12435,4772,799175.5932897511,8259079.127407737,276.8287658691406,105.58492279052734
sample_12,12435,4773,799185.5932897511,8259079.127407737,712.9890747070312,119.85603332519531
sample_12,12435,4774,799195.5932897511,8259079.127407737,875.6600952148438,132.03445434570312
sample_12,12435,4775,799205.5932897511,8259079.127407737,324.1144104003906,101.73641204833984
sample_12,12435,4776,799215.5932897511,8259079.127407737,287.7215881347656,59.169349670410156
sample_12,12435,4777,799225.5932897511,8259079.127407737,425.4179992675781,198.97109985351562
sample_12,12435,4778,799235.5932897511,8259079.127407737,293.4319152832031,600.9588623046875
sample_12,12435,4779,799245.5932897511,8259079.127407737,319.1551513671875,316.99658203125
sample_12,12435,4780,799255.5932897511,8259079.127407737,439.1188659667969,144.40966796875
sample_12,12435,4781,799265.5932897511,8259079.127407737,449.5920104980469,146.0996856689453
sample_12,12435,4782,799275.5932897511,8259079.127407737,804.9489135742188,67.30191802978516
sample_12,12435,4783,799285.5932897511,8259079.127407737,835.9166870117188,82.6093978881836
sample_12,12435,4784,799295.5932897511,8259079.127407737,467.15789794921875,147.24659729003906
sample_12,12435,4785,799305.5932897511,8259079.127407737,139.17306518554688,66.14845275878906
sample_12,12435,4786,799315.5932897511,8259079.127407737,63.573734283447266,42.17165756225586
sample_12,12436,4767,799125.5932897511,8259069.127407737,113.60564422607422,39.10795211791992
sample_12,12436,4768,799135.5932897511,8259069.127407737,83.40441131591797,73.2992172241211
sample_12,12436,4769,799145.5932897511,8259069.127407737,153.32876586914062,73.59566497802734
sample_12,12436,4770,799155.5932897511,8259069.127407737,206.8492431640625,135.96426391601562
sample_12,12436,4771,799165.5932897511,8259069.127407737,187.90281677246094,169.55055236816406
sample_12,12436,4772,799175.5932897511,8259069.127407737,169.71949768066406,148.60459899902344
sample_12,12436,4773,799185.5932897511,8259069.127407737,325.8132019042969,126.73139953613281
sample_12,12436,4774,799195.5932897511,8259069.127407737,719.0533447265625,93.21768951416016
sample_12,12436,4775,799205.5932897511,8259069.127407737,715.1956787109375,56.83327865600586
sample_12,12436,4776,799215.5932897511,8259069.127407737,229.98570251464844,23.422029495239258
sample_12,12436,4777,799225.5932897511,8259069.127407737,342.7105712890625,212.0736083984375
sample_12,12436,4778,799235.5932897511,8259069.127407737,620.6292114257812,478.1966247558594
sample_12,12436,4779,799245.5932897511,8259069.127407737,371.73370361328125,156.01280212402344
sample_12,12436,4780,799255.5932897511,8259069.127407737,393.89141845703125,120.58444213867188
sample_12,12436,4781,799265.5932897511,8259069.127407737,477.83990478515625,162.87789916992188
sample_12,12436,4782,799275.5932897511,8259069.127407737,726.0360717773438,42.02193832397461
sample_12,12436,4783,799285.5932897511,8259069.127407737,1042.3612060546875,141.67242431640625
sample_12,12436,4784,799295.5932897511,8259069.127407737,1008.3743286132812,330.2678527832031
sample_12,12436,4785,799305.5932897511,8259069.127407737,309.305908203125,107.31240844726562
sample_12,12436,4786,799315.5932897511,8259069.127407737,573.0755004882812,39.498531341552734
sample_12,12437,4767,799125.5932897511,8259059.127407737,208.21868896484375,22.950870513916016
sample_12,12437,4768,799135.5932897511,8259059.127407737,219.53306579589844,117.21990203857422
sample_12,12437,4769,799145.5932897511,8259059.127407737,262.2134704589844,127.19231414794922
sample_12,12437,4770,799155.5932897511,8259059.127407737,390.46856689453125,55.705604553222656
sample_12,12437,4771,799165.5932897511,8259059.127407737,444.5736389160156,46.13126754760742
sample_12,12437,4772,799175.5932897511,8259059.127407737,313.56982421875,88.30451965332031
sample_12,12437,4773,799185.5932897511,8259059.127407737,156.7455291748047,110.82305908203125
sample_12,12437,4774,799195.5932897511,8259059.127407737,710.1802978515625,60.4657096862793
sample_12,12437,4775,799205.5932897511,8259059.127407737,782.3318481445312,36.816131591796875
sample_12,12437,4776,799215.5932897511,8259059.127407737,185.29608154296875,17.06845474243164
sample_12,12437,4777,799225.5932897511,8259059.127407737,321.9693603515625,46.90760040283203
sample_12,12437,4778,799235.5932897511,8259059.127407737,362.4897766113281,137.31813049316406
sample_12,12437,4779,799245.5932897511,8259059.127407737,155.3738250732422,64.22378540039062
sample_12,12437,4780,799255.5932897511,8259059.127407737,367.8337097167969,95.7988510131836
sample_12,12437,4781,799265.5932897511,8259059.127407737,403.5597229003906,136.13638305664062
sample_12,12437,4782,799275.5932897511,8259059.127407737,155.475830078125,31.610841751098633
sample_12,12437,4783,799285.5932897511,8259059.127407737,742.8272705078125,65.9549789428711
sample_12,12437,4784,799295.5932897511,8259059.127407737,836.6307373046875,138.83872985839844
sample_12,12437,4785,799305.5932897511,8259059.127407737,258.1641540527344,88.60655212402344
sample_12,12437,4786,799315.5932897511,8259059.127407737,853.5413208007812,56.316688537597656
sample_13,12651,4790,799355.5932897511,8256919.127407737,656.0785522460938,105.51009368896484
sample_13,12651,4791,799365.5932897511,8256919.127407737,324.8172912597656,78.36275482177734
sample_13,12651,4792,799375.5932897511,8256919.127407737,103.3764877319336,93.96833801269531
sample_13,12651,4793,799385.5932897511,8256919.127407737,237.626220703125,112.00764465332031
sample_13,12651,4794,799395.5932897511,8256919.127407737,774.3900756835938,203.8445587158203
sample_13,12651,4795,799405.5932897511,8256919.127407737,968.2218017578125,262.58642578125
sample_13,12651,4796,799415.5932897511,8256919.127407737,716.89208984375,430.59490966796875
sample_13,12651,4797,799425.5932897511,8256919.127407737,324.532958984375,183.20980834960938
sample_13,12651,4798,799435.5932897511,8256919.127407737,160.44590759277344,54.12870788574219
sample_13,12651,4799,799445.5932897511,8256919.127407737,203.810302734375,103.85675048828125
sample_13,12651,4800,799455.5932897511,8256919.127407737,173.5802001953125,168.4169921875
sample_13,12651,4801,799465.5932897511,8256919.127407737,203.04855346679688,182.19293212890625
sample_13,12651,4802,799475.5932897511,8256919.127407737,442.8473815917969,50.30233383178711
sample_13,12651,4803,799485.5932897511,8256919.127407737,405.5697021484375,76.87792205810547
sample_13,12651,4804,799495.5932897511,8256919.127407737,688.3585205078125,103.68048095703125
sample_13,12651,4805,799505.5932897511,8256919.127407737,1453.945068359375,131.361328125
sample_13,12651,4806,799515.5932897511,8256919.127407737,907.0885009765625,154.8966827392578
sample_13,12651,4807,799525.5932897511,8256919.127407737,553.6494140625,126.88687133789062
sample_13,12651,4808,799535.5932897511,8256919.127407737,571.166259765625,125.0069808959961
sample_13,12651,4809,799545.5932897511,8256919.127407737,326.5719909667969,170.26425170898438
sample_13,12652,4790,799355.5932897511,8256909.127407737,546.9195556640625,100.79973602294922
sample_13,12652,4791,799365.5932897511,8256909.127407737,219.3053436279297,93.09432983398438
sample_13,12652,4792,799375.5932897511,8256909.127407737,139.71817016601562,118.05628204345703
sample_13,12652,4793,799385.5932897511,8256909.127407737,234.4381866455078,188.8436737060547
sample_13,12652,4794,799395.5932897511,8256909.127407737,782.3803100585938,424.0680847167969
sample_13,12652,4795,799405.5932897511,8256909.127407737,724.2388305664062,461.0908203125
sample_13,12652,4796,799415.5932897511,8256909.127407737,350.36199951171875,380.23590087890625
sample_13,12652,4797,799425.5932897511,8256909.127407737,151.5838165283203,128.29769897460938
sample_13,12652,4798,799435.5932897511,8256909.127407737,204.81997680664062,109.23638916015625
sample_13,12652,4799,799445.5932897511,8256909.127407737,366.7712097167969,197.99417114257812
sample_13,12652,4800,799455.5932897511,8256909.127407737,438.5247802734375,213.8361053466797
sample_13,12652,4801,799465.5932897511,8256909.127407737,559.2857055664062,174.10275268554688
sample_13,12652,4802,799475.5932897511,8256909.127407737,677.7279052734375,77.07637023925781
sample_13,12652,4803,799485.5932897511,8256909.127407737,376.98870849609375,53.271766662597656
sample_13,12652,4804,799495.5932897511,8256909.127407737,1042.9149169921875,46.86973571777344
sample_13,12652,4805,799505.5932897511,8256909.127407737,2152.248291015625,21.251779556274414
sample_13,12652,4806,799515.5932897511,8256909.127407737,1234.2152099609375,140.83876037597656
sample_13,12652,4807,799525.5932897511,8256909.127407737,703.4664916992188,177.1497039794922
sample_13,12652,4808,799535.5932897511,8256909.127407737,627.4346313476562,177.7537841796875
sample_13,12652,4809,799545.5932897511,8256909.127407737,627.6985473632812,284.5081481933594
sample_13,12653,4790,799355.5932897511,8256899.127407737,649.765380859375,112.95247650146484
sample_13,12653,4791,799365.5932897511,8256899.127407737,329.17987060546875,107.15511322021484
sample_13,12653,4792,799375.5932897511,8256899.127407737,308.883544921875,154.39332580566406
sample_13,12653,4793,799385.5932897511,8256899.127407737,433.16925048828125,183.5244140625
sample_13,12653,4794,799395.5932897511,8256899.127407737,646.634033203125,230.08534240722656
sample_13,12653,4795,799405.5932897511,8256899.127407737,836.968994140625,273.8371276855469
sample_13,12653,4796,799415.5932897511,8256899.127407737,540.3159790039062,226.8339385986328
sample_13,12653,4797,799425.5932897511,8256899.127407737,75.76663970947266,52.829994201660156
sample_13,12653,4798,799435.5932897511,8256899.127407737,308.76898193359375,168.65298461914062
sample_13,12653,4799,799445.5932897511,8256899.127407737,565.6096801757812,201.82159423828125
sample_13,12653,4800,799455.5932897511,8256899.127407737,637.2557983398438,85.26891326904297
sample_13,12653,4801,799465.5932897511,8256899.127407737,590.0245361328125,112.46363067626953
sample_13,12653,4802,799475.5932897511,8256899.127407737,515.0316772460938,101.80450439453125
sample_13,12653,4803,799485.5932897511,8256899.127407737,156.0742950439453,46.695255279541016
sample_13,12653,4804,799495.5932897511,8256899.127407737,861.8109741210938,39.14507293701172
sample_13,12653,4805,799505.5932897511,8256899.127407737,1344.509521484375,56.69222640991211
sample_13,12653,4806,799515.5932897511,8256899.127407737,694.4882202148438,86.39254760742188
sample_13,12653,4807,799525.5932897511,8256899.127407737,504.80072021484375,135.58164978027344
sample_13,12653,4808,799535.5932897511,8256899.127407737,644.4910888671875,197.81642150878906
sample_13,12653,4809,799545.5932897511,8256899.127407737,1079.6571044921875,350.521484375
sample_13,12654,4790,799355.5932897511,8256889.127407737,778.8836059570312,119.99208068847656
sample_13,12654,4791,799365.5932897511,8256889.127407737,627.3805541992188,90.50934600830078
sample_13,12654,4792,799375.5932897511,8256889.127407737,336.4580383300781,118.03080749511719
sample_13,12654,4793,799385.5932897511,8256889.127407737,476.25140380859375,112.78828430175781
sample_13,12654,4794,799395.5932897511,8256889.127407737,701.1719970703125,97.47433471679688
sample_13,12654,4795,799405.5932897511,8256889.127407737,971.1063232421875,125.90193939208984
sample_13,12654,4796,799415.5932897511,8256889.127407737,775.4762573242188,97.04737854003906
sample_13,12654,4797,799425.5932897511,8256889.127407737,92.85415649414062,41.68157196044922
sample_13,12654,4798,799435.5932897511,8256889.127407737,139.98678588867188,191.94876098632812
sample_13,12654,4799,799445.5932897511,8256889.127407737,468.6022644042969,186.64065551757812
sample_13,12654,4800,799455.5932897511,8256889.127407737,720.0146484375,71.80731201171875
sample_13,12654,4801,799465.5932897511,8256889.127407737,427.97991943359375,89.77310943603516
sample_13,12654,4802,799475.5932897511,8256889.127407737,221.62937927246094,151.89939880371094
sample_13,12654,4803,799485.5932897511,8256889.127407737,49.51252365112305,159.90296936035156
sample_13,12654,4804,799495.5932897511,8256889.127407737,399.6783752441406,64.3637924194336
sample_13,12654,4805,799505.5932897511,8256889.127407737,666.5081176757812,49.87435531616211
sample_13,12654,4806,799515.5932897511,8256889.127407737,483.42059326171875,54.407955169677734
sample_13,12654,4807,799525.5932897511,8256889.127407737,244.49267578125,82.34178924560547
sample_13,12654,4808,799535.5932897511,8256889.127407737,679.3161010742188,106.56443786621094
sample_13,12654,4809,799545.5932897511,8256889.127407737,1338.529052734375,145.3438720703125
sample_13,12655,4790,799355.5932897511,8256879.127407737,506.3305969238281,103.31853485107422
sample_13,12655,4791,799365.5932897511,8256879.127407737,275.91851806640625,40.30925369262695
sample_13,12655,4792,799375.5932897511,8256879.127407737,138.74057006835938,66.12883758544922
sample_13,12655,4793,799385.5932897511,8256879.127407737,425.7031555175781,107.35445404052734
sample_13,12655,4794,799395.5932897511,8256879.127407737,632.8849487304688,81.6726303100586
sample_13,12655,4795,799405.5932897511,8256879.127407737,533.9224243164062,64.26195526123047
sample_13,12655,4796,799415.5932897511,8256879.127407737,649.1639404296875,88.37149047851562
sample_13,12655,4797,799425.5932897511,8256879.127407737,406.756591796875,94.29877471923828
sample_13,12655,4798,799435.5932897511,8256879.127407737,84.6957015991211,162.42007446289062
sample_13,12655,4799,799445.5932897511,8256879.127407737,408.6351013183594,161.75975036621094
sample_13,12655,4800,799455.5932897511,8256879.127407737,610.2128295898438,123.8561782836914
sample_13,12655,4801,799465.5932897511,8256879.127407737,218.4224090576172,59.44635009765625
sample_13,12655,4802,799475.5932897511,8256879.127407737,105.73707580566406,192.7023162841797
sample_13,12655,4803,799485.5932897511,8256879.127407737,50.45260238647461,204.84425354003906
sample_13,12655,4804,799495.5932897511,8256879.127407737,113.73158264160156,40.868141174316406
sample_13,12655,4805,799505.5932897511,8256879.127407737,498.0589294433594,42.231719970703125
sample_13,12655,4806,799515.5932897511,8256879.127407737,517.0365600585938,62.842281341552734
sample_13,12655,4807,799525.5932897511,8256879.127407737,130.97396850585938,43.334678649902344
sample_13,12655,4808,799535.5932897511,8256879.127407737,397.2986755371094,165.9689178466797
sample_13,12655,4809,799545.5932897511,8256879.127407737,696.9329223632812,170.09848022460938
sample_13,12656,4790,799355.5932897511,8256869.127407737,190.55455017089844,54.04030990600586
sample_13,12656,4791,799365.5932897511,8256869.127407737,91.75830841064453,35.54159927368164
sample_13,12656,4792,799375.5932897511,8256869.127407737,29.578397750854492,64.82892608642578
sample_13,12656,4793,799385.5932897511,8256869.127407737,149.87228393554688,230.97669982910156
sample_13,12656,4794,799395.5932897511,8256869.127407737,204.72518920898438,231.64170837402344
sample_13,12656,4795,799405.5932897511,8256869.127407737,219.842529296875,165.4542999267578
sample_13,12656,4796,799415.5932897511,8256869.127407737,580.2843017578125,116.23592376708984
sample_13,12656,4797,799425.5932897511,8256869.127407737,494.203857421875,95.27754211425781
sample_13,12656,4798,799435.5932897511,8256869.127407737,139.94052124023438,83.02699279785156
sample_13,12656,4799,799445.5932897511,8256869.127407737,236.1234130859375,86.18110656738281
sample_13,12656,4800,799455.5932897511,8256869.127407737,331.4771423339844,81.8864517211914
sample_13,12656,4801,799465.5932897511,8256869.127407737,221.92185974121094,64.97846984863281
sample_13,12656,4802,799475.5932897511,8256869.127407737,116.73910522460938,166.20469665527344
sample_13,12656,4803,799485.5932897511,8256869.127407737,65.65996551513672,152.7779083251953
sample_13,12656,4804,799495.5932897511,8256869.127407737,162.5982208251953,9.647063255310059
sample_13,12656,4805,799505.5932897511,8256869.127407737,973.9537963867188,11.51313304901123
sample_13,12656,4806,799515.5932897511,8256869.127407737,921.7918701171875,117.29342651367188
sample_13,12656,4807,799525.5932897511,8256869.127407737,428.3463134765625,206.88363647460938
sample_13,12656,4808,799535.5932897511,8256869.127407737,273.89862060546875,235.15509033203125
sample_13,12656,4809,799545.5932897511,8256869.127407737,240.31578063964844,186.4508056640625
sample_13,12657,4790,799355.5932897511,8256859.127407737,75.63736724853516,61.3146858215332
sample_13,12657,4791,799365.5932897511,8256859.127407737,56.93079376220703,80.65380096435547
sample_13,12657,4792,799375.5932897511,8256859.127407737,46.372276306152344,113.3117904663086
sample_13,12657,4793,799385.5932897511,8256859.127407737,73.81989288330078,167.66392517089844
sample_13,12657,4794,799395.5932897511,8256859.127407737,54.04195785522461,158.7942657470703
sample_13,12657,4795,799405.5932897511,8256859.127407737,222.5885772705078,142.35601806640625
sample_13,12657,4796,799415.5932897511,8256859.127407737,643.6005859375,105.07005310058594
sample_13,12657,4797,799425.5932897511,8256859.127407737,500.73260498046875,75.7984619140625
sample_13,12657,4798,799435.5932897511,8256859.127407737,326.2697448730469,72.31758880615234
sample_13,12657,4799,799445.5932897511,8256859.127407737,207.1881561279297,97.75909423828125
sample_13,12657,4800,799455.5932897511,8256859.127407737,230.60804748535156,70.77665710449219
sample_13,12657,4801,799465.5932897511,8256859.127407737,240.1342315673828,55.897254943847656
sample_13,12657,4802,799475.5932897511,8256859.127407737,172.16946411132812,57.8142204284668
sample_13,12657,4803,799485.5932897511,8256859.127407737,63.642967224121094,42.93388748168945
sample_13,12657,4804,799495.5932897511,8256859.127407737,202.6918182373047,76.62911987304688
sample_13,12657,4805,799505.5932897511,8256859.127407737,827.0367431640625,188.67185974121094
sample_13,12657,4806,799515.5932897511,8256859.127407737,896.5341796875,190.70928955078125
sample_13,12657,4807,799525.5932897511,8256859.127407737,634.139404296875,247.50331115722656
sample_13,12657,4808,799535.5932897511,8256859.127407737,274.9345397949219,194.49725341796875
sample_13,12657,4809,799545.5932897511,8256859.127407737,213.25779724121094,101.03688049316406
sample_13,12658,4790,799355.5932897511,8256849.127407737,113.48192596435547,136.6116485595703
sample_13,12658,4791,799365.5932897511,8256849.127407737,55.806331634521484,72.80423736572266
sample_13,12658,4792,799375.5932897511,8256849.127407737,264.9468688964844,96.80715942382812
sample_13,12658,4793,799385.5932897511,8256849.127407737,373.0008544921875,120.38783264160156
sample_13,12658,4794,799395.5932897511,8256849.127407737,154.16561889648438,65.30835723876953
sample_13,12658,4795,799405.5932897511,8256849.127407737,518.3707885742188,53.61924743652344
sample_13,12658,4796,799415.5932897511,8256849.127407737,1085.9664306640625,69.8917007446289
sample_13,12658,4797,799425.5932897511,8256849.127407737,822.00146484375,59.58171463012695
sample_13,12658,4798,799435.5932897511,8256849.127407737,437.0165710449219,62.25752639770508
sample_13,12658,4799,799445.5932897511,8256849.127407737,136.10000610351562,81.42903137207031
sample_13,12658,4800,799455.5932897511,8256849.127407737,220.47244262695312,51.93156051635742
sample_13,12658,4801,799465.5932897511,8256849.127407737,230.8241424560547,37.51136779785156
sample_13,12658,4802,799475.5932897511,8256849.127407737,262.18438720703125,41.949562072753906
sample_13,12658,4803,799485.5932897511,8256849.127407737,212.342529296875,70.88426971435547
sample_13,12658,4804,799495.5932897511,8256849.127407737,257.40411376953125,138.16717529296875
sample_13,12658,4805,799505.5932897511,8256849.127407737,510.1832275390625,269.2039489746094
sample_13,12658,4806,799515.5932897511,8256849.127407737,741.6637573242188,141.80430603027344
sample_13,12658,4807,799525.5932897511,8256849.127407737,562.1983032226562,102.42328643798828
sample_13,12658,4808,799535.5932897511,8256849.127407737,147.04434204101562,135.2532196044922
sample_13,12658,4809,799545.5932897511,8256849.127407737,147.52967834472656,54.72618865966797
sample_13,12659,4790,799355.5932897511,8256839.127407737,94.2498779296875,83.58067321777344
sample_13,12659,4791,799365.5932897511,8256839.127407737,27.514909744262695,57.9028434753418
sample_13,12659,4792,799375.5932897511,8256839.127407737,444.22674560546875,166.74514770507812
sample_13,12659,4793,799385.5932897511,8256839.127407737,770.63232421875,143.64935302734375
sample_13,12659,4794,799395.5932897511,8256839.127407737,494.5793762207031,61.963863372802734
sample_13,12659,4795,799405.5932897511,8256839.127407737,473.99481201171875,56.991634368896484
sample_13,12659,4796,799415.5932897511,8256839.127407737,640.6005249023438,58.479820251464844
sample_13,12659,4797,799425.5932897511,8256839.127407737,639.7604370117188,52.86281967163086
sample_13,12659,4798,799435.5932897511,8256839.127407737,455.027587890625,74.4846420288086
sample_13,12659,4799,799445.5932897511,8256839.127407737,189.7748260498047,38.9049072265625
sample_13,12659,4800,799455.5932897511,8256839.127407737,446.18218994140625,19.59941864013672
sample_13,12659,4801,799465.5932897511,8256839.127407737,344.8270263671875,60.7311897277832
sample_13,12659,4802,799475.5932897511,8256839.127407737,320.9053955078125,77.43902587890625
sample_13,12659,4803,799485.5932897511,8256839.127407737,375.76824951171875,92.75836944580078
sample_13,12659,4804,799495.5932897511,8256839.127407737,241.0406951904297,132.3542022705078
sample_13,12659,4805,799505.5932897511,8256839.127407737,256.23565673828125,148.67474365234375
sample_13,12659,4806,799515.5932897511,8256839.127407737,506.1780090332031,147.4879913330078
sample_13,12659,4807,799525.5932897511,8256839.127407737,421.84393310546875,87.84258270263672
sample_13,12659,4808,799535.5932897511,8256839.127407737,213.37974548339844,61.67251205444336
sample_13,12659,4809,799545.5932897511,8256839.127407737,127.00006866455078,18.82761001586914
sample_13,12660,4790,799355.5932897511,8256829.127407737,275.96978759765625,60.15419387817383
sample_13,12660,4791,799365.5932897511,8256829.127407737,100.798095703125,115.02224731445312
sample_13,12660,4792,799375.5932897511,8256829.127407737,92.02748107910156,423.962158203125
sample_13,12660,4793,799385.5932897511,8256829.127407737,315.82159423828125,311.5282897949219
sample_13,12660,4794,799395.5932897511,8256829.127407737,387.2247009277344,101.85839080810547
sample_13,12660,4795,799405.5932897511,8256829.127407737,288.9843444824219,57.94943618774414
sample_13,12660,4796,799415.5932897511,8256829.127407737,232.87295532226562,61.39341735839844
sample_13,12660,4797,799425.5932897511,8256829.127407737,247.78610229492188,79.19563293457031
sample_13,12660,4798,799435.5932897511,8256829.127407737,742.8373413085938,206.98069763183594
sample_13,12660,4799,799445.5932897511,8256829.127407737,588.0675659179688,137.53269958496094
sample_13,12660,4800,799455.5932897511,8256829.127407737,397.3063049316406,30.81690788269043
sample_13,12660,4801,799465.5932897511,8256829.127407737,282.06646728515625,80.42611694335938
sample_13,12660,4802,799475.5932897511,8256829.127407737,341.0247497558594,85.2325210571289
sample_13,12660,4803,799485.5932897511,8256829.127407737,484.7384948730469,70.28548431396484
sample_13,12660,4804,799495.5932897511,8256829.127407737,170.9501953125,166.9314422607422
sample_13,12660,4805,799505.5932897511,8256829.127407737,139.4065704345703,237.73020935058594
sample_13,12660,4806,799515.5932897511,8256829.127407737,286.6489562988281,255.45021057128906
sample_13,12660,4807,799525.5932897511,8256829.127407737,333.4918212890625,78.42033386230469
sample_13,12660,4808,799535.5932897511,8256829.127407737,329.4613342285156,16.83624839782715
sample_13,12660,4809,799545.5932897511,8256829.127407737,206.31736755371094,4.19163703918457
sample_13,12661,4790,799355.5932897511,8256819.127407737,763.34033203125,41.00039291381836
sample_13,12661,4791,799365.5932897511,8256819.127407737,511.4128112792969,120.66641235351562
sample_13,12661,4792,799375.5932897511,8256819.127407737,144.68002319335938,406.8948059082031
sample_13,12661,4793,799385.5932897511,8256819.127407737,166.9639892578125,238.11184692382812
sample_13,12661,4794,799395.5932897511,8256819.127407737,218.7794952392578,87.01773834228516
sample_13,12661,4795,799405.5932897511,8256819.127407737,157.3755645751953,38.51808547973633
sample_13,12661,4796,799415.5932897511,8256819.127407737,214.4813690185547,99.83152770996094
sample_13,12661,4797,799425.5932897511,8256819.127407737,436.9858703613281,187.00103759765625
sample_13,12661,4798,799435.5932897511,8256819.127407737,966.837646484375,324.97027587890625
sample_13,12661,4799,799445.5932897511,8256819.127407737,679.562744140625,157.35015869140625
sample_13,12661,4800,799455.5932897511,8256819.127407737,341.5658874511719,42.91704559326172
sample_13,12661,4801,799465.5932897511,8256819.127407737,156.36444091796875,68.59605407714844
sample_13,12661,4802,799475.5932897511,8256819.127407737,204.88571166992188,49.38807678222656
sample_13,12661,4803,799485.5932897511,8256819.127407737,289.9036865234375,45.509708404541016
sample_13,12661,4804,799495.5932897511,8256819.127407737,196.4985809326172,108.43537902832031
sample_13,12661,4805,799505.5932897511,8256819.127407737,153.39834594726562,237.97491455078125
sample_13,12661,4806,799515.5932897511,8256819.127407737,192.21896362304688,275.6888732910156
sample_13,12661,4807,799525.5932897511,8256819.127407737,227.76229858398438,71.15538787841797
sample_13,12661,4808,799535.5932897511,8256819.127407737,616.4144287109375,63.95968246459961
sample_13,12661,4809,799545.5932897511,8256819.127407737,746.072021484375,60.986820220947266
sample_13,12662,4790,799355.5932897511,8256809.127407737,865.5821533203125,152.503662109375
sample_13,12662,4791,799365.5932897511,8256809.127407737,596.9827880859375,157.0412139892578
sample_13,12662,4792,799375.5932897511,8256809.127407737,201.88156127929688,232.85304260253906
sample_13,12662,4793,799385.5932897511,8256809.127407737,81.77130889892578,115.40862274169922
sample_13,12662,4794,799395.5932897511,8256809.127407737,40.32500076293945,21.207475662231445
sample_13,12662,4795,799405.5932897511,8256809.127407737,54.082027435302734,40.10324478149414
sample_13,12662,4796,799415.5932897511,8256809.127407737,188.8810577392578,186.7698974609375
sample_13,12662,4797,799425.5932897511,8256809.127407737,398.2752685546875,228.47509765625
sample_13,12662,4798,799435.5932897511,8256809.127407737,821.1267700195312,278.16668701171875
sample_13,12662,4799,799445.5932897511,8256809.127407737,840.1898803710938,117.12763977050781
sample_13,12662,4800,799455.5932897511,8256809.127407737,535.86083984375,32.3569221496582
sample_13,12662,4801,799465.5932897511,8256809.127407737,426.1830749511719,31.537899017333984
sample_13,12662,4802,799475.5932897511,8256809.127407737,487.67144775390625,34.281829833984375
sample_13,12662,4803,799485.5932897511,8256809.127407737,367.8757019042969,25.46040153503418
sample_13,12662,4804,799495.5932897511,8256809.127407737,282.623779296875,32.65814208984375
sample_13,12662,4805,799505.5932897511,8256809.127407737,290.18994140625,128.10984802246094
sample_13,12662,4806,799515.5932897511,8256809.127407737,486.04290771484375,161.3790740966797
sample_13,12662,4807,799525.5932897511,8256809.127407737,721.6743774414062,91.73297119140625
sample_13,12662,4808,799535.5932897511,8256809.127407737,817.2890625,98.86170959472656
sample_13,12662,4809,799545.5932897511,8256809.127407737,835.2631225585938,71.9030990600586
sample_13,12663,4790,799355.5932897511,8256799.127407737,649.242919921875,167.22628784179688
sample_13,12663,4791,799365.5932897511,8256799.127407737,545.5054931640625,93.778564453125
sample_13,12663,4792,799375.5932897511,8256799.127407737,278.7493591308594,70.00477600097656
sample_13,12663,4793,799385.5932897511,8256799.127407737,43.959320068359375,187.3012237548828
sample_13,12663,4794,799395.5932897511,8256799.127407737,309.27581787109375,141.21701049804688
sample_13,12663,4795,799405.5932897511,8256799.127407737,363.9405822753906,166.64035034179688
sample_13,12663,4796,799415.5932897511,8256799.127407737,300.8118591308594,316.37353515625
sample_13,12663,4797,799425.5932897511,8256799.127407737,160.98736572265625,177.15673828125
sample_13,12663,4798,799435.5932897511,8256799.127407737,747.6163940429688,69.92840576171875
sample_13,12663,4799,799445.5932897511,8256799.127407737,2042.532958984375,28.971147537231445
sample_13,12663,4800,799455.5932897511,8256799.127407737,1145.21826171875,27.615476608276367
sample_13,12663,4801,799465.5932897511,8256799.127407737,652.7907104492188,31.132678985595703
sample_13,12663,4802,799475.5932897511,8256799.127407737,771.7615356445312,40.8126220703125
sample_13,12663,4803,799485.5932897511,8256799.127407737,439.5812072753906,21.131319046020508
sample_13,12663,4804,799495.5932897511,8256799.127407737,254.28919982910156,10.273650169372559
sample_13,12663,4805,799505.5932897511,8256799.127407737,383.84051513671875,46.217628479003906
sample_13,12663,4806,799515.5932897511,8256799.127407737,657.806884765625,94.99842834472656
sample_13,12663,4807,799525.5932897511,8256799.127407737,829.9942626953125,100.39067840576172
sample_13,12663,4808,799535.5932897511,8256799.127407737,713.0401000976562,88.6340560913086
sample_13,12663,4809,799545.5932897511,8256799.127407737,704.3010864257812,64.68140411376953
sample_13,12664,4790,799355.5932897511,8256789.127407737,198.24293518066406,25.21320915222168
sample_13,12664,4791,799365.5932897511,8256789.127407737,429.8799743652344,34.508384704589844
sample_13,12664,4792,799375.5932897511,8256789.127407737,330.5909118652344,202.92633056640625
sample_13,12664,4793,799385.5932897511,8256789.127407737,210.93597412109375,358.30889892578125
sample_13,12664,4794,799395.5932897511,8256789.127407737,692.34228515625,209.41175842285156
sample_13,12664,4795,799405.5932897511,8256789.127407737,653.4609375,291.1914978027344
sample_13,12664,4796,799415.5932897511,8256789.127407737,458.7776184082031,401.784423828125
sample_13,12664,4797,799425.5932897511,8256789.127407737,163.70301818847656,181.7266387939453
sample_13,12664,4798,799435.5932897511,8256789.127407737,786.1058349609375,94.30477905273438
sample_13,12664,4799,799445.5932897511,8256789.127407737,1886.0638427734375,63.69660186767578
sample_13,12664,4800,799455.5932897511,8256789.127407737,1090.6953125,50.30113220214844
sample_13,12664,4801,799465.5932897511,8256789.127407737,735.0541381835938,46.903533935546875
sample_13,12664,4802,799475.5932897511,8256789.127407737,786.9237670898438,51.68587112426758
sample_13,12664,4803,799485.5932897511,8256789.127407737,330.40203857421875,32.9368782043457
sample_13,12664,4804,799495.5932897511,8256789.127407737,185.5562286376953,46.65399169921875
sample_13,12664,4805,799505.5932897511,8256789.127407737,322.7522888183594,61.56913757324219
sample_13,12664,4806,799515.5932897511,8256789.127407737,712.3382568359375,70.02850341796875
sample_13,12664,4807,799525.5932897511,8256789.127407737,675.7913208007812,61.56235885620117
sample_13,12664,4808,799535.5932897511,8256789.127407737,454.6845397949219,19.816543579101562
sample_13,12664,4809,799545.5932897511,8256789.127407737,759.7456665039062,45.883567810058594
sample_13,12665,4790,799355.5932897511,8256779.127407737,194.2999725341797,105.8667984008789
sample_13,12665,4791,799365.5932897511,8256779.127407737,503.31817626953125,132.9422149658203
sample_13,12665,4792,799375.5932897511,8256779.127407737,465.2460021972656,275.370361328125
sample_13,12665,4793,799385.5932897511,8256779.127407737,498.7933044433594,359.1136779785156
sample_13,12665,4794,799395.5932897511,8256779.127407737,1025.7503662109375,167.03651428222656
sample_13,12665,4795,799405.5932897511,8256779.127407737,568.6530151367188,344.2102966308594
sample_13,12665,4796,799415.5932897511,8256779.127407737,286.7427978515625,363.8509826660156
sample_13,12665,4797,799425.5932897511,8256779.127407737,247.15863037109375,111.47015380859375
sample_13,12665,4798,799435.5932897511,8256779.127407737,640.210693359375,89.82081604003906
sample_13,12665,4799,799445.5932897511,8256779.127407737,1023.7122192382812,96.55778503417969
sample_13,12665,4800,799455.5932897511,8256779.127407737,718.010986328125,84.23182678222656
sample_13,12665,4801,799465.5932897511,8256779.127407737,454.9482116699219,47.8885383605957
sample_13,12665,4802,799475.5932897511,8256779.127407737,366.06524658203125,30.93525505065918
sample_13,12665,4803,799485.5932897511,8256779.127407737,230.15496826171875,24.942638397216797
sample_13,12665,4804,799495.5932897511,8256779.127407737,140.54666137695312,68.83243560791016
sample_13,12665,4805,799505.5932897511,8256779.127407737,263.25238037109375,98.73299407958984
sample_13,12665,4806,799515.5932897511,8256779.127407737,767.7775268554688,37.966278076171875
sample_13,12665,4807,799525.5932897511,8256779.127407737,746.8465576171875,34.49755096435547
sample_13,12665,4808,799535.5932897511,8256779.127407737,872.2750854492188,43.87931823730469
sample_13,12665,4809,799545.5932897511,8256779.127407737,1427.467041015625,86.8634033203125
sample_14,12645,4952,800975.5932897511,8256979.127407737,427.7379150390625,132.04043579101562
sample_14,12645,4953,800985.5932897511,8256979.127407737,320.6199035644531,242.86544799804688
sample_14,12645,4954,800995.5932897511,8256979.127407737,611.8387451171875,160.79273986816406
sample_14,12645,4955,801005.5932897511,8256979.127407737,491.6743469238281,73.75379180908203
sample_14,12645,4956,801015.5932897511,8256979.127407737,111.29898834228516,19.488540649414062
sample_14,12645,4957,801025.5932897511,8256979.127407737,179.74591064453125,36.38014602661133
sample_14,12645,4958,801035.5932897511,8256979.127407737,127.23916625976562,76.12258911132812
sample_14,12645,4959,801045.5932897511,8256979.127407737,108.27879333496094,114.10488891601562
sample_14,12645,4960,801055.5932897511,8256979.127407737,210.08334350585938,161.09384155273438
sample_14,12645,4961,801065.5932897511,8256979.127407737,214.02508544921875,136.38458251953125
sample_14,12645,4962,801075.5932897511,8256979.127407737,162.33424377441406,37.879791259765625
sample_14,12645,4963,801085.5932897511,8256979.127407737,134.95729064941406,79.83352661132812
sample_14,12645,4964,801095.5932897511,8256979.127407737,498.37249755859375,123.35272216796875
sample_14,12645,4965,801105.5932897511,8256979.127407737,921.5511474609375,136.5977325439453
sample_14,12645,4966,801115.5932897511,8256979.127407737,518.1959838867188,194.02389526367188
sample_14,12645,4967,801125.5932897511,8256979.127407737,344.2727355957031,168.803466796875
sample_14,12645,4968,801135.5932897511,8256979.127407737,109.77277374267578,34.34931182861328
sample_14,12645,4969,801145.5932897511,8256979.127407737,102.57379913330078,53.24319076538086
sample_14,12645,4970,801155.5932897511,8256979.127407737,186.66493225097656,52.09251403808594
sample_14,12645,4971,801165.5932897511,8256979.127407737,339.2060546875,51.32405090332031
sample_14,12646,4952,800975.5932897511,8256969.127407737,318.9967346191406,29.310110092163086
sample_14,12646,4953,800985.5932897511,8256969.127407737,328.0683898925781,42.63099670410156
sample_14,12646,4954,800995.5932897511,8256969.127407737,599.3544311523438,87.59601593017578
sample_14,12646,4955,801005.5932897511,8256969.127407737,439.78411865234375,123.93502044677734
sample_14,12646,4956,801015.5932897511,8256969.127407737,212.83599853515625,95.8176498413086
sample_14,12646,4957,801025.5932897511,8256969.127407737,226.67127990722656,30.966739654541016
sample_14,12646,4958,801035.5932897511,8256969.127407737,186.1331787109375,86.11023712158203
sample_14,12646,4959,801045.5932897511,8256969.127407737,137.1180419921875,137.8673553466797
sample_14,12646,4960,801055.5932897511,8256969.127407737,309.866455078125,102.026123046875
sample_14,12646,4961,801065.5932897511,8256969.127407737,212.44635009765625,243.59706115722656
sample_14,12646,4962,801075.5932897511,8256969.127407737,151.83201599121094,228.22630310058594
sample_14,12646,4963,801085.5932897511,8256969.127407737,175.38868713378906,70.74144744873047
sample_14,12646,4964,801095.5932897511,8256969.127407737,874.157958984375,66.09198760986328
sample_14,12646,4965,801105.5932897511,8256969.127407737,1464.4832763671875,122.87765502929688
sample_14,12646,4966,801115.5932897511,8256969.127407737,356.8026428222656,178.9950714111328
sample_14,12646,4967,801125.5932897511,8256969.127407737,290.22906494140625,128.8175048828125
sample_14,12646,4968,801135.5932897511,8256969.127407737,259.5390319824219,54.033294677734375
sample_14,12646,4969,801145.5932897511,8256969.127407737,80.9188232421875,69.13739776611328
sample_14,12646,4970,801155.5932897511,8256969.127407737,160.25872802734375,85.63614654541016
sample_14,12646,4971,801165.5932897511,8256969.127407737,279.75775146484375,83.7265625
sample_14,12647,4952,800975.5932897511,8256959.127407737,304.5644226074219,20.420812606811523
sample_14,12647,4953,800985.5932897511,8256959.127407737,442.7201843261719,24.88458824157715
sample_14,12647,4954,800995.5932897511,8256959.127407737,569.5103149414062,43.026580810546875
sample_14,12647,4955,801005.5932897511,8256959.127407737,355.76361083984375,131.24264526367188
sample_14,12647,4956,801015.5932897511,8256959.127407737,224.8351593017578,110.69044494628906
sample_14,12647,4957,801025.5932897511,8256959.127407737,146.56857299804688,3.9137072563171387
sample_14,12647,4958,801035.5932897511,8256959.127407737,254.82296752929688,41.29128646850586
sample_14,12647,4959,801045.5932897511,8256959.127407737,248.07994079589844,57.56429672241211
sample_14,12647,4960,801055.5932897511,8256959.127407737,266.9751892089844,50.240962982177734
sample_14,12647,4961,801065.5932897511,8256959.127407737,135.23963928222656,335.56048583984375
sample_14,12647,4962,801075.5932897511,8256959.127407737,183.3736114501953,357.5389099121094
sample_14,12647,4963,801085.5932897511,8256959.127407737,364.24505615234375,123.49516296386719
sample_14,12647,4964,801095.5932897511,8256959.127407737,418.3909912109375,60.42732238769531
sample_14,12647,4965,801105.5932897511,8256959.127407737,542.1043090820312,60.261695861816406
sample_14,12647,4966,801115.5932897511,8256959.127407737,128.0782928466797,103.47030639648438
sample_14,12647,4967,801125.5932897511,8256959.127407737,490.13037109375,133.29336547851562
sample_14,12647,4968,801135.5932897511,8256959.127407737,412.9527587890625,75.07587432861328
sample_14,12647,4969,801145.5932897511,8256959.127407737,25.497392654418945,5.447194576263428
sample_14,12647,4970,801155.5932897511,8256959.127407737,161.74339294433594,21.112049102783203
sample_14,12647,4971,801165.5932897511,8256959.127407737,239.03407287597656,87.02850341796875
sample_14,12648,4952,800975.5932897511,8256949.127407737,641.7366943359375,18.287757873535156
sample_14,12648,4953,800985.5932897511,8256949.127407737,560.9834594726562,12.621622085571289
sample_14,12648,4954,800995.5932897511,8256949.127407737,478.9688415527344,22.087345123291016
sample_14,12648,4955,801005.5932897511,8256949.127407737,238.73941040039062,88.69974517822266
sample_14,12648,4956,801015.5932897511,8256949.127407737,113.56391143798828,53.474815368652344
sample_14,12648,4957,801025.5932897511,8256949.127407737,125.81598663330078,41.40665054321289
sample_14,12648,4958,801035.5932897511,8256949.127407737,283.4464416503906,136.94004821777344
sample_14,12648,4959,801045.5932897511,8256949.127407737,210.5915985107422,76.15223693847656
sample_14,12648,4960,801055.5932897511,8256949.127407737,128.09799194335938,73.27851867675781
sample_14,12648,4961,801065.5932897511,8256949.127407737,52.60961151123047,287.4720764160156
sample_14,12648,4962,801075.5932897511,8256949.127407737,268.4179382324219,212.73147583007812
sample_14,12648,4963,801085.5932897511,8256949.127407737,395.66851806640625,69.1404037475586
sample_14,12648,4964,801095.5932897511,8256949.127407737,189.77500915527344,31.721580505371094
sample_14,12648,4965,801105.5932897511,8256949.127407737,185.0046844482422,38.3443489074707
sample_14,12648,4966,801115.5932897511,8256949.127407737,322.66314697265625,73.20829772949219
sample_14,12648,4967,801125.5932897511,8256949.127407737,893.4256591796875,224.72230529785156
sample_14,12648,4968,801135.5932897511,8256949.127407737,536.95947265625,187.28639221191406
sample_14,12648,4969,801145.5932897511,8256949.127407737,142.572021484375,98.62113189697266
sample_14,12648,4970,801155.5932897511,8256949.127407737,260.5816345214844,31.485031127929688
sample_14,12648,4971,801165.5932897511,8256949.127407737,232.16580200195312,154.21363830566406
sample_14,12649,4952,800975.5932897511,8256939.127407737,590.7123413085938,36.86110305786133
sample_14,12649,4953,800985.5932897511,8256939.127407737,585.7839965820312,18.655378341674805
sample_14,12649,4954,800995.5932897511,8256939.127407737,494.44927978515625,15.397233963012695
sample_14,12649,4955,801005.5932897511,8256939.127407737,406.5513610839844,32.75608444213867
sample_14,12649,4956,801015.5932897511,8256939.127407737,129.3368377685547,18.968780517578125
sample_14,12649,4957,801025.5932897511,8256939.127407737,172.2633056640625,80.88990783691406
sample_14,12649,4958,801035.5932897511,8256939.127407737,344.60662841796875,214.41384887695312
sample_14,12649,4959,801045.5932897511,8256939.127407737,111.70659637451172,124.08231353759766
sample_14,12649,4960,801055.5932897511,8256939.127407737,23.246070861816406,69.36522674560547
sample_14,12649,4961,801065.5932897511,8256939.127407737,36.801334381103516,112.77457427978516
sample_14,12649,4962,801075.5932897511,8256939.127407737,397.8612976074219,81.96241760253906
sample_14,12649,4963,801085.5932897511,8256939.127407737,383.4388732910156,38.431758880615234
sample_14,12649,4964,801095.5932897511,8256939.127407737,93.772705078125,20.922088623046875
sample_14,12649,4965,801105.5932897511,8256939.127407737,160.04226684570312,86.42118835449219
sample_14,12649,4966,801115.5932897511,8256939.127407737,205.71725463867188,136.26461791992188
sample_14,12649,4967,801125.5932897511,8256939.127407737,384.3499755859375,207.7891387939453
sample_14,12649,4968,801135.5932897511,8256939.127407737,239.15689086914062,141.3243408203125
sample_14,12649,4969,801145.5932897511,8256939.127407737,231.26364135742188,94.81731414794922
sample_14,12649,4970,801155.5932897511,8256939.127407737,431.9504699707031,38.55996322631836
sample_14,12649,4971,801165.5932897511,8256939.127407737,199.37298583984375,251.4200897216797
sample_14,12650,4952,800975.5932897511,8256929.127407737,204.17623901367188,78.52185821533203
sample_14,12650,4953,800985.5932897511,8256929.127407737,635.5718383789062,32.45231628417969
sample_14,12650,4954,800995.5932897511,8256929.127407737,586.0652465820312,43.26654052734375
sample_14,12650,4955,801005.5932897511,8256929.127407737,422.0032958984375,38.79208755493164
sample_14,12650,4956,801015.5932897511,8256929.127407737,97.06111907958984,12.958182334899902
sample_14,12650,4957,801025.5932897511,8256929.127407737,333.2580871582031,89.53315734863281
sample_14,12650,4958,801035.5932897511,8256929.127407737,425.0645446777344,140.8401336669922
sample_14,12650,4959,801045.5932897511,8256929.127407737,168.55299377441406,63.35676956176758
sample_14,12650,4960,801055.5932897511,8256929.127407737,120.66241455078125,59.29853820800781
sample_14,12650,4961,801065.5932897511,8256929.127407737,154.85003662109375,53.46465301513672
sample_14,12650,4962,801075.5932897511,8256929.127407737,411.82080078125,40.13946533203125
sample_14,12650,4963,801085.5932897511,8256929.127407737,313.2996826171875,31.109092712402344
sample_14,12650,4964,801095.5932897511,8256929.127407737,64.1474838256836,31.916393280029297
sample_14,12650,4965,801105.5932897511,8256929.127407737,67.2564697265625,67.1036605834961
sample_14,12650,4966,801115.5932897511,8256929.127407737,85.24630737304688,103.89149475097656
sample_14,12650,4967,801125.5932897511,8256929.127407737,70.55966186523438,121.06159210205078
sample_14,12650,4968,801135.5932897511,8256929.127407737,32.4886360168457,50.188289642333984
sample_14,12650,4969,801145.5932897511,8256929.127407737,340.691650390625,22.044879913330078
sample_14,12650,4970,801155.5932897511,8256929.127407737,601.8502197265625,81.68486022949219
sample_14,12650,4971,801165.5932897511,8256929.127407737,384.3696594238281,345.4699401855469
sample_14,12651,4952,800975.5932897511,8256919.127407737,201.62059020996094,69.66348266601562
sample_14,12651,4953,800985.5932897511,8256919.127407737,386.6506652832031,67.96675109863281
sample_14,12651,4954,800995.5932897511,8256919.127407737,483.24053955078125,79.70016479492188
sample_14,12651,4955,801005.5932897511,8256919.127407737,354.04473876953125,60.485897064208984
sample_14,12651,4956,801015.5932897511,8256919.127407737,136.5467071533203,16.646631240844727
sample_14,12651,4957,801025.5932897511,8256919.127407737,762.0693359375,88.12725067138672
sample_14,12651,4958,801035.5932897511,8256919.127407737,638.5542602539062,131.4965362548828
sample_14,12651,4959,801045.5932897511,8256919.127407737,155.7290496826172,109.38389587402344
sample_14,12651,4960,801055.5932897511,8256919.127407737,236.13055419921875,109.81792449951172
sample_14,12651,4961,801065.5932897511,8256919.127407737,168.21542358398438,92.91222381591797
sample_14,12651,4962,801075.5932897511,8256919.127407737,54.630584716796875,70.91189575195312
sample_14,12651,4963,801085.5932897511,8256919.127407737,109.68359375,74.18572998046875
sample_14,12651,4964,801095.5932897511,8256919.127407737,77.60453796386719,57.183834075927734
sample_14,12651,4965,801105.5932897511,8256919.127407737,53.14862060546875,44.343753814697266
sample_14,12651,4966,801115.5932897511,8256919.127407737,49.495880126953125,62.64418411254883
sample_14,12651,4967,801125.5932897511,8256919.127407737,59.973358154296875,53.17263412475586
sample_14,12651,4968,801135.5932897511,8256919.127407737,50.06615447998047,19.776033401489258
sample_14,12651,4969,801145.5932897511,8256919.127407737,312.0749206542969,35.98710250854492
sample_14,12651,4970,801155.5932897511,8256919.127407737,622.94970703125,97.48747253417969
sample_14,12651,4971,801165.5932897511,8256919.127407737,729.0034790039062,293.239501953125
sample_14,12652,4952,800975.5932897511,8256909.127407737,166.3800048828125,102.22322845458984
sample_14,12652,4953,800985.5932897511,8256909.127407737,148.28836059570312,95.41793823242188
sample_14,12652,4954,800995.5932897511,8256909.127407737,292.9494323730469,103.07307434082031
sample_14,12652,4955,801005.5932897511,8256909.127407737,225.12399291992188,73.79672241210938
sample_14,12652,4956,801015.5932897511,8256909.127407737,355.8744812011719,60.27163314819336
sample_14,12652,4957,801025.5932897511,8256909.127407737,1098.309326171875,108.87281036376953
sample_14,12652,4958,801035.5932897511,8256909.127407737,666.0906372070312,155.65768432617188
sample_14,12652,4959,801045.5932897511,8256909.127407737,212.9923553466797,193.66212463378906
sample_14,12652,4960,801055.5932897511,8256909.127407737,358.9136962890625,206.75210571289062
sample_14,12652,4961,801065.5932897511,8256909.127407737,251.51864624023438,151.43251037597656
sample_14,12652,4962,801075.5932897511,8256909.127407737,123.97271728515625,101.37118530273438
sample_14,12652,4963,801085.5932897511,8256909.127407737,116.02000427246094,79.73241424560547
sample_14,12652,4964,801095.5932897511,8256909.127407737,105.94573211669922,63.03779220581055
sample_14,12652,4965,801105.5932897511,8256909.127407737,92.49271392822266,35.70700454711914
sample_14,12652,4966,801115.5932897511,8256909.127407737,50.770809173583984,55.584991455078125
sample_14,12652,4967,801125.5932897511,8256909.127407737,94.94464874267578,39.40308380126953
sample_14,12652,4968,801135.5932897511,8256909.127407737,134.1948699951172,26.217580795288086
sample_14,12652,4969,801145.5932897511,8256909.127407737,215.61886596679688,60.86049270629883
sample_14,12652,4970,801155.5932897511,8256909.127407737,619.7068481445312,59.65645980834961
sample_14,12652,4971,801165.5932897511,8256909.127407737,1116.0616455078125,43.20476531982422
sample_14,12653,4952,800975.5932897511,8256899.127407737,231.79344177246094,112.2279052734375
sample_14,12653,4953,800985.5932897511,8256899.127407737,226.87588500976562,76.31289672851562
sample_14,12653,4954,800995.5932897511,8256899.127407737,214.41673278808594,91.14305114746094
sample_14,12653,4955,801005.5932897511,8256899.127407737,165.19976806640625,134.9675750732422
sample_14,12653,4956,801015.5932897511,8256899.127407737,426.80487060546875,111.30696868896484
sample_14,12653,4957,801025.5932897511,8256899.127407737,1073.32861328125,112.87890625
sample_14,12653,4958,801035.5932897511,8256899.127407737,600.9990844726562,167.8101348876953
sample_14,12653,4959,801045.5932897511,8256899.127407737,312.96466064453125,182.8787384033203
sample_14,12653,4960,801055.5932897511,8256899.127407737,372.6888427734375,181.97702026367188
sample_14,12653,4961,801065.5932897511,8256899.127407737,226.93441772460938,150.90737915039062
sample_14,12653,4962,801075.5932897511,8256899.127407737,149.20301818847656,136.6105194091797
sample_14,12653,4963,801085.5932897511,8256899.127407737,136.21853637695312,94.03363037109375
sample_14,12653,4964,801095.5932897511,8256899.127407737,113.88301086425781,77.4697494506836
sample_14,12653,4965,801105.5932897511,8256899.127407737,70.62487030029297,56.897098541259766
sample_14,12653,4966,801115.5932897511,8256899.127407737,24.36329460144043,27.51874351501465
sample_14,12653,4967,801125.5932897511,8256899.127407737,198.03167724609375,23.0501708984375
sample_14,12653,4968,801135.5932897511,8256899.127407737,180.81515502929688,35.1718864440918
sample_14,12653,4969,801145.5932897511,8256899.127407737,63.843849182128906,85.27660369873047
sample_14,12653,4970,801155.5932897511,8256899.127407737,162.51571655273438,92.77519226074219
sample_14,12653,4971,801165.5932897511,8256899.127407737,348.9529724121094,62.67810821533203
sample_14,12654,4952,800975.5932897511,8256889.127407737,88.48529815673828,56.96205139160156
sample_14,12654,4953,800985.5932897511,8256889.127407737,252.61517333984375,68.70689392089844
sample_14,12654,4954,800995.5932897511,8256889.127407737,302.4878234863281,108.01119995117188
sample_14,12654,4955,801005.5932897511,8256889.127407737,240.72128295898438,186.20863342285156
sample_14,12654,4956,801015.5932897511,8256889.127407737,202.8629150390625,119.9932861328125
sample_14,12654,4957,801025.5932897511,8256889.127407737,433.2748107910156,63.93959045410156
sample_14,12654,4958,801035.5932897511,8256889.127407737,619.6841430664062,136.71343994140625
sample_14,12654,4959,801045.5932897511,8256889.127407737,371.6291198730469,133.6326446533203
sample_14,12654,4960,801055.5932897511,8256889.127407737,250.33834838867188,127.88442993164062
sample_14,12654,4961,801065.5932897511,8256889.127407737,178.76719665527344,128.2211456298828
sample_14,12654,4962,801075.5932897511,8256889.127407737,84.69285583496094,242.8390655517578
sample_14,12654,4963,801085.5932897511,8256889.127407737,56.64678192138672,250.15985107421875
sample_14,12654,4964,801095.5932897511,8256889.127407737,55.35569381713867,90.58930969238281
sample_14,12654,4965,801105.5932897511,8256889.127407737,50.48749542236328,88.69855499267578
sample_14,12654,4966,801115.5932897511,8256889.127407737,74.52328491210938,67.06796264648438
sample_14,12654,4967,801125.5932897511,8256889.127407737,308.962646484375,32.20682907104492
sample_14,12654,4968,801135.5932897511,8256889.127407737,232.6699676513672,24.1412410736084
sample_14,12654,4969,801145.5932897511,8256889.127407737,63.36867141723633,68.59070587158203
sample_14,12654,4970,801155.5932897511,8256889.127407737,98.09110260009766,161.17318725585938
sample_14,12654,4971,801165.5932897511,8256889.127407737,172.7884521484375,90.43292236328125
sample_14,12655,4952,800975.5932897511,8256879.127407737,82.99683380126953,228.4810791015625
sample_14,12655,4953,800985.5932897511,8256879.127407737,408.3509521484375,112.9666976928711
sample_14,12655,4954,800995.5932897511,8256879.127407737,502.7269287109375,100.98442077636719
sample_14,12655,4955,801005.5932897511,8256879.127407737,501.5740661621094,104.09613800048828
sample_14,12655,4956,801015.5932897511,8256879.127407737,257.7257080078125,67.00390625
sample_14,12655,4957,801025.5932897511,8256879.127407737,366.97564697265625,77.0755844116211
sample_14,12655,4958,801035.5932897511,8256879.127407737,668.8546752929688,134.23147583007812
sample_14,12655,4959,801045.5932897511,8256879.127407737,289.51654052734375,76.76626586914062
sample_14,12655,4960,801055.5932897511,8256879.127407737,157.8695068359375,67.66133117675781
sample_14,12655,4961,801065.5932897511,8256879.127407737,249.7996368408203,84.11104583740234
sample_14,12655,4962,801075.5932897511,8256879.127407737,118.66365051269531,191.41477966308594
sample_14,12655,4963,801085.5932897511,8256879.127407737,99.86461639404297,193.3917999267578
sample_14,12655,4964,801095.5932897511,8256879.127407737,122.0315933227539,60.263160705566406
sample_14,12655,4965,801105.5932897511,8256879.127407737,75.33059692382812,161.61187744140625
sample_14,12655,4966,801115.5932897511,8256879.127407737,49.01152420043945,183.08624267578125
sample_14,12655,4967,801125.5932897511,8256879.127407737,86.28536987304688,106.5915756225586
sample_14,12655,4968,801135.5932897511,8256879.127407737,70.17264556884766,38.447330474853516
sample_14,12655,4969,801145.5932897511,8256879.127407737,44.019229888916016,59.60647201538086
sample_14,12655,4970,801155.5932897511,8256879.127407737,81.01959991455078,179.9315185546875
sample_14,12655,4971,801165.5932897511,8256879.127407737,360.8876647949219,95.90219116210938
sample_14,12656,4952,800975.5932897511,8256869.127407737,213.064453125,405.62933349609375
sample_14,12656,4953,800985.5932897511,8256869.127407737,658.4620361328125,131.32327270507812
sample_14,12656,4954,800995.5932897511,8256869.127407737,404.3932189941406,108.0994644165039
sample_14,12656,4955,801005.5932897511,8256869.127407737,237.5924530029297,109.21058654785156
sample_14,12656,4956,801015.5932897511,8256869.127407737,178.53140258789062,75.20378112792969
sample_14,12656,4957,801025.5932897511,8256869.127407737,333.2186584472656,89.16032409667969
sample_14,12656,4958,801035.5932897511,8256869.127407737,472.233154296875,111.89273834228516
sample_14,12656,4959,801045.5932897511,8256869.127407737,228.09890747070312,32.033477783203125
sample_14,12656,4960,801055.5932897511,8256869.127407737,316.169189453125,103.64921569824219
sample_14,12656,4961,801065.5932897511,8256869.127407737,374.9583740234375,143.51895141601562
sample_14,12656,4962,801075.5932897511,8256869.127407737,193.82666015625,136.2240447998047
sample_14,12656,4963,801085.5932897511,8256869.127407737,208.9943389892578,112.72127532958984
sample_14,12656,4964,801095.5932897511,8256869.127407737,268.80438232421875,100.75712585449219
sample_14,12656,4965,801105.5932897511,8256869.127407737,137.141845703125,193.2287139892578
sample_14,12656,4966,801115.5932897511,8256869.127407737,328.9158630371094,139.89828491210938
sample_14,12656,4967,801125.5932897511,8256869.127407737,377.7736511230469,77.6638412475586
sample_14,12656,4968,801135.5932897511,8256869.127407737,159.218994140625,51.0138053894043
sample_14,12656,4969,801145.5932897511,8256869.127407737,49.81391143798828,30.40379524230957
sample_14,12656,4970,801155.5932897511,8256869.127407737,46.4113655090332,48.81861114501953
sample_14,12656,4971,801165.5932897511,8256869.127407737,200.18563842773438,62.89653778076172
sample_14,12657,4952,800975.5932897511,8256859.127407737,209.4405517578125,297.4404602050781
sample_14,12657,4953,800985.5932897511,8256859.127407737,522.1328125,33.113807678222656
sample_14,12657,4954,800995.5932897511,8256859.127407737,214.795166015625,69.21659088134766
sample_14,12657,4955,801005.5932897511,8256859.127407737,90.39822387695312,99.29450225830078
sample_14,12657,4956,801015.5932897511,8256859.127407737,140.1525421142578,100.33610534667969
sample_14,12657,4957,801025.5932897511,8256859.127407737,208.5802001953125,51.47026062011719
sample_14,12657,4958,801035.5932897511,8256859.127407737,276.6553955078125,68.25315856933594
sample_14,12657,4959,801045.5932897511,8256859.127407737,233.7396697998047,83.45418548583984
sample_14,12657,4960,801055.5932897511,8256859.127407737,369.7979736328125,206.0631561279297
sample_14,12657,4961,801065.5932897511,8256859.127407737,385.5729675292969,187.64505004882812
sample_14,12657,4962,801075.5932897511,8256859.127407737,274.1955261230469,61.681488037109375
sample_14,12657,4963,801085.5932897511,8256859.127407737,249.57598876953125,43.16272735595703
sample_14,12657,4964,801095.5932897511,8256859.127407737,238.5355682373047,104.36981201171875
sample_14,12657,4965,801105.5932897511,8256859.127407737,198.25723266601562,222.27000427246094
sample_14,12657,4966,801115.5932897511,8256859.127407737,646.3468017578125,119.27469635009766
sample_14,12657,4967,801125.5932897511,8256859.127407737,671.9584350585938,70.3867416381836
sample_14,12657,4968,801135.5932897511,8256859.127407737,380.11767578125,112.39261627197266
sample_14,12657,4969,801145.5932897511,8256859.127407737,149.51808166503906,48.003684997558594
sample_14,12657,4970,801155.5932897511,8256859.127407737,113.89239501953125,34.772613525390625
sample_14,12657,4971,801165.5932897511,8256859.127407737,223.73214721679688,55.83841323852539
sample_14,12658,4952,800975.5932897511,8256849.127407737,164.81011962890625,111.78410339355469
sample_14,12658,4953,800985.5932897511,8256849.127407737,329.4140319824219,10.702191352844238
sample_14,12658,4954,800995.5932897511,8256849.127407737,232.61203002929688,16.890798568725586
sample_14,12658,4955,801005.5932897511,8256849.127407737,61.71215057373047,65.2635269165039
sample_14,12658,4956,801015.5932897511,8256849.127407737,85.89910888671875,92.43539428710938
sample_14,12658,4957,801025.5932897511,8256849.127407737,112.07373046875,59.065773010253906
sample_14,12658,4958,801035.5932897511,8256849.127407737,180.81854248046875,84.3997802734375
sample_14,12658,4959,801045.5932897511,8256849.127407737,234.7427978515625,149.97915649414062
sample_14,12658,4960,801055.5932897511,8256849.127407737,283.6392822265625,293.9703674316406
sample_14,12658,4961,801065.5932897511,8256849.127407737,170.04757690429688,246.04031372070312
sample_14,12658,4962,801075.5932897511,8256849.127407737,115.54993438720703,128.62258911132812
sample_14,12658,4963,801085.5932897511,8256849.127407737,253.64468383789062,82.16558074951172
sample_14,12658,4964,801095.5932897511,8256849.127407737,256.0557556152344,103.87342071533203
sample_14,12658,4965,801105.5932897511,8256849.127407737,348.8443603515625,165.69131469726562
sample_14,12658,4966,801115.5932897511,8256849.127407737,848.6263427734375,131.58688354492188
sample_14,12658,4967,801125.5932897511,8256849.127407737,567.3359375,87.87481689453125
sample_14,12658,4968,801135.5932897511,8256849.127407737,167.0810546875,65.52167510986328
sample_14,12658,4969,801145.5932897511,8256849.127407737,93.18325805664062,34.50965881347656
sample_14,12658,4970,801155.5932897511,8256849.127407737,143.4970703125,39.731876373291016
sample_14,12658,4971,801165.5932897511,8256849.127407737,266.8235778808594,63.9792366027832
sample_14,12659,4952,800975.5932897511,8256839.127407737,68.48494720458984,46.897865295410156
sample_14,12659,4953,800985.5932897511,8256839.127407737,431.93975830078125,17.873825073242188
sample_14,12659,4954,800995.5932897511,8256839.127407737,868.6367797851562,10.2929048538208
sample_14,12659,4955,801005.5932897511,8256839.127407737,415.4453125,89.59505462646484
sample_14,12659,4956,801015.5932897511,8256839.127407737,163.69329833984375,92.68762969970703
sample_14,12659,4957,801025.5932897511,8256839.127407737,51.65993881225586,60.76673889160156
sample_14,12659,4958,801035.5932897511,8256839.127407737,115.56141662597656,100.72826385498047
sample_14,12659,4959,801045.5932897511,8256839.127407737,134.3448028564453,105.27495574951172
sample_14,12659,4960,801055.5932897511,8256839.127407737,126.1718521118164,132.2954864501953
sample_14,12659,4961,801065.5932897511,8256839.127407737,154.9459991455078,105.79096221923828
sample_14,12659,4962,801075.5932897511,8256839.127407737,265.9993896484375,103.38801574707031
sample_14,12659,4963,801085.5932897511,8256839.127407737,454.0020446777344,111.81108093261719
sample_14,12659,4964,801095.5932897511,8256839.127407737,271.3454284667969,51.558937072753906
sample_14,12659,4965,801105.5932897511,8256839.127407737,239.5148468017578,31.82698631286621
sample_14,12659,4966,801115.5932897511,8256839.127407737,375.2658386230469,36.09996795654297
sample_14,12659,4967,801125.5932897511,8256839.127407737,302.9193420410156,46.355628967285156
sample_14,12659,4968,801135.5932897511,8256839.127407737,126.74909973144531,66.72998046875
sample_14,12659,4969,801145.5932897511,8256839.127407737,54.89833450317383,73.81034851074219
sample_14,12659,4970,801155.5932897511,8256839.127407737,95.61910247802734,63.649349212646484
sample_14,12659,4971,801165.5932897511,8256839.127407737,110.95635223388672,77.93290710449219
sample_15,12799,4707,798525.5932897511,8255439.127407737,203.2384033203125,48.62468338012695
sample_15,12799,4708,798535.5932897511,8255439.127407737,265.3851623535156,132.89097595214844
sample_15,12799,4709,798545.5932897511,8255439.127407737,325.88848876953125,227.55426025390625
sample_15,12799,4710,798555.5932897511,8255439.127407737,443.8006591796875,148.42678833007812
sample_15,12799,4711,798565.5932897511,8255439.127407737,552.743408203125,68.16073608398438
sample_15,12799,4712,798575.5932897511,8255439.127407737,406.3034973144531,266.3528137207031
sample_15,12799,4713,798585.5932897511,8255439.127407737,449.0255432128906,220.7805938720703
sample_15,12799,4714,798595.5932897511,8255439.127407737,608.9420166015625,105.53726196289062
sample_15,12799,4715,798605.5932897511,8255439.127407737,370.8514709472656,20.38724708557129
sample_15,12799,4716,798615.5932897511,8255439.127407737,995.0343627929688,30.318281173706055
sample_15,12799,4717,798625.5932897511,8255439.127407737,1638.0177001953125,58.080360412597656
sample_15,12799,4718,798635.5932897511,8255439.127407737,1081.7464599609375,62.73005294799805
sample_15,12799,4719,798645.5932897511,8255439.127407737,709.4511108398438,80.8385009765625
sample_15,12799,4720,798655.5932897511,8255439.127407737,508.059814453125,109.05029296875
sample_15,12799,4721,798665.5932897511,8255439.127407737,476.0088806152344,54.36803436279297
sample_15,12799,4722,798675.5932897511,8255439.127407737,411.5465393066406,207.4978790283203
sample_15,12799,4723,798685.5932897511,8255439.127407737,485.05572509765625,349.3543395996094
sample_15,12799,4724,798695.5932897511,8255439.127407737,1303.906494140625,120.81472778320312
sample_15,12799,4725,798705.5932897511,8255439.127407737,759.904541015625,112.16020202636719
sample_15,12799,4726,798715.5932897511,8255439.127407737,152.60153198242188,120.93541717529297
sample_15,12800,4707,798525.5932897511,8255429.127407737,340.9817199707031,48.0534553527832
sample_15,12800,4708,798535.5932897511,8255429.127407737,359.4291687011719,58.55082702636719
sample_15,12800,4709,798545.5932897511,8255429.127407737,381.4659118652344,126.65673828125
sample_15,12800,4710,798555.5932897511,8255429.127407737,292.6918029785156,100.71006774902344
sample_15,12800,4711,798565.5932897511,8255429.127407737,317.2255554199219,127.97926330566406
sample_15,12800,4712,798575.5932897511,8255429.127407737,351.6747131347656,301.4356689453125
sample_15,12800,4713,798585.5932897511,8255429.127407737,393.9015197753906,239.1972198486328
sample_15,12800,4714,798595.5932897511,8255429.127407737,551.9170532226562,155.9111328125
sample_15,12800,4715,798605.5932897511,8255429.127407737,697.7764892578125,11.418187141418457
sample_15,12800,4716,798615.5932897511,8255429.127407737,1440.628173828125,81.89542388916016
sample_15,12800,4717,798625.5932897511,8255429.127407737,1724.5579833984375,96.26432800292969
sample_15,12800,4718,798635.5932897511,8255429.127407737,1297.6566162109375,73.78277587890625
sample_15,12800,4719,798645.5932897511,8255429.127407737,996.2357177734375,88.85936737060547
sample_15,12800,4720,798655.5932897511,8255429.127407737,527.9088134765625,83.32662200927734
sample_15,12800,4721,798665.5932897511,8255429.127407737,276.1092529296875,52.76624298095703
sample_15,12800,4722,798675.5932897511,8255429.127407737,489.111083984375,215.15245056152344
sample_15,12800,4723,798685.5932897511,8255429.127407737,776.0648803710938,275.1453552246094
sample_15,12800,4724,798695.5932897511,8255429.127407737,1652.061279296875,92.19012451171875
sample_15,12800,4725,798705.5932897511,8255429.127407737,916.4818725585938,168.78575134277344
sample_15,12800,4726,798715.5932897511,8255429.127407737,155.5539093017578,201.3703155517578
sample_15,12801,4707,798525.5932897511,8255419.127407737,654.8654174804688,170.2607879638672
sample_15,12801,4708,798535.5932897511,8255419.127407737,424.4581298828125,131.52139282226562
sample_15,12801,4709,798545.5932897511,8255419.127407737,185.0043487548828,97.04705047607422
sample_15,12801,4710,798555.5932897511,8255419.127407737,122.93992614746094,73.43242645263672
sample_15,12801,4711,798565.5932897511,8255419.127407737,164.62969970703125,119.26393127441406
sample_15,12801,4712,798575.5932897511,8255419.127407737,174.1002960205078,172.44068908691406
sample_15,12801,4713,798585.5932897511,8255419.127407737,139.49404907226562,85.47268676757812
sample_15,12801,4714,798595.5932897511,8255419.127407737,537.61279296875,69.75055694580078
sample_15,12801,4715,798605.5932897511,8255419.127407737,890.8035278320312,85.8051986694336
sample_15,12801,4716,798615.5932897511,8255419.127407737,1180.4296875,246.75450134277344
sample_15,12801,4717,798625.5932897511,8255419.127407737,1318.2705078125,158.96102905273438
sample_15,12801,4718,798635.5932897511,8255419.127407737,1359.4630126953125,76.1283187866211
sample_15,12801,4719,798645.5932897511,8255419.127407737,1573.2579345703125,119.21537017822266
sample_15,12801,4720,798655.5932897511,8255419.127407737,810.5272827148438,297.4503479003906
sample_15,12801,4721,798665.5932897511,8255419.127407737,198.1759033203125,362.06878662109375
sample_15,12801,4722,798675.5932897511,8255419.127407737,564.3953247070312,220.33322143554688
sample_15,12801,4723,798685.5932897511,8255419.127407737,675.4627685546875,214.51832580566406
sample_15,12801,4724,798695.5932897511,8255419.127407737,596.3639526367188,196.6602325439453
sample_15,12801,4725,798705.5932897511,8255419.127407737,543.5831909179688,124.75300598144531
sample_15,12801,4726,798715.5932897511,8255419.127407737,473.4779968261719,88.31757354736328
sample_15,12802,4707,798525.5932897511,8255409.127407737,817.9176025390625,70.90193939208984
sample_15,12802,4708,798535.5932897511,8255409.127407737,318.0729064941406,86.24347686767578
sample_15,12802,4709,798545.5932897511,8255409.127407737,64.31110382080078,69.51274108886719
sample_15,12802,4710,798555.5932897511,8255409.127407737,26.874469757080078,41.60348892211914
sample_15,12802,4711,798565.5932897511,8255409.127407737,218.11338806152344,55.090980529785156
sample_15,12802,4712,798575.5932897511,8255409.127407737,208.99722290039062,85.39141845703125
sample_15,12802,4713,798585.5932897511,8255409.127407737,51.64607238769531,72.22628021240234
sample_15,12802,4714,798595.5932897511,8255409.127407737,622.8111572265625,68.58200073242188
sample_15,12802,4715,798605.5932897511,8255409.127407737,727.7605590820312,165.89447021484375
sample_15,12802,4716,798615.5932897511,8255409.127407737,342.510009765625,444.3299865722656
sample_15,12802,4717,798625.5932897511,8255409.127407737,266.2479553222656,237.40565490722656
sample_15,12802,4718,798635.5932897511,8255409.127407737,564.1964111328125,137.2260284423828
sample_15,12802,4719,798645.5932897511,8255409.127407737,1124.061279296875,209.71998596191406
sample_15,12802,4720,798655.5932897511,8255409.127407737,645.2420654296875,370.7022399902344
sample_15,12802,4721,798665.5932897511,8255409.127407737,262.3335876464844,413.55059814453125
sample_15,12802,4722,798675.5932897511,8255409.127407737,519.6292114257812,111.17692565917969
sample_15,12802,4723,798685.5932897511,8255409.127407737,710.682861328125,108.4253921508789
sample_15,12802,4724,798695.5932897511,8255409.127407737,675.4354248046875,151.29898071289062
sample_15,12802,4725,798705.5932897511,8255409.127407737,499.0857849121094,177.69093322753906
sample_15,12802,4726,798715.5932897511,8255409.127407737,716.1232299804688,73.13729095458984
sample_15,12803,4707,798525.5932897511,8255399.127407737,549.0713500976562,66.28157806396484
sample_15,12803,4708,798535.5932897511,8255399.127407737,156.94796752929688,72.09432220458984
sample_15,12803,4709,798545.5932897511,8255399.127407737,27.014678955078125,53.97053909301758
sample_15,12803,4710,798555.5932897511,8255399.127407737,84.2174072265625,34.78379821777344
sample_15,12803,4711,798565.5932897511,8255399.127407737,323.30523681640625,34.180538177490234
sample_15,12803,4712,798575.5932897511,8255399.127407737,197.83163452148438,66.19669342041016
sample_15,12803,4713,798585.5932897511,8255399.127407737,101.19395446777344,91.032470703125
sample_15,12803,4714,798595.5932897511,8255399.127407737,620.2985229492188,86.4843978881836
sample_15,12803,4715,798605.5932897511,8255399.127407737,473.71807861328125,94.98474884033203
sample_15,12803,4716,798615.5932897511,8255399.127407737,71.95633697509766,158.56471252441406
sample_15,12803,4717,798625.5932897511,8255399.127407737,79.0987548828125,85.50981903076172
sample_15,12803,4718,798635.5932897511,8255399.127407737,288.3483581542969,149.51734924316406
sample_15,12803,4719,798645.5932897511,8255399.127407737,634.9181518554688,243.4473114013672
sample_15,12803,4720,798655.5932897511,8255399.127407737,636.562255859375,205.07212829589844
sample_15,12803,4721,798665.5932897511,8255399.127407737,378.7041931152344,133.959228515625
sample_15,12803,4722,798675.5932897511,8255399.127407737,390.3873291015625,57.46672058105469
sample_15,12803,4723,798685.5932897511,8255399.127407737,827.72705078125,179.20294189453125
sample_15,12803,4724,798695.5932897511,8255399.127407737,660.0634765625,196.53085327148438
sample_15,12803,4725,798705.5932897511,8255399.127407737,452.7313232421875,217.54835510253906
sample_15,12803,4726,798715.5932897511,8255399.127407737,800.2826538085938,87.0451431274414
sample_15,12804,4707,798525.5932897511,8255389.127407737,238.8914337158203,134.4576416015625
sample_15,12804,4708,798535.5932897511,8255389.127407737,66.91952514648438,135.8482208251953
sample_15,12804,4709,798545.5932897511,8255389.127407737,53.7320442199707,189.52102661132812
sample_15,12804,4710,798555.5932897511,8255389.127407737,262.36566162109375,126.50556945800781
sample_15,12804,4711,798565.5932897511,8255389.127407737,614.7470092773438,19.85605239868164
sample_15,12804,4712,798575.5932897511,8255389.127407737,206.30833435058594,74.29718780517578
sample_15,12804,4713,798585.5932897511,8255389.127407737,17.84466552734375,103.72996520996094
sample_15,12804,4714,798595.5932897511,8255389.127407737,141.5486297607422,105.66551971435547
sample_15,12804,4715,798605.5932897511,8255389.127407737,173.49046325683594,183.66429138183594
sample_15,12804,4716,798615.5932897511,8255389.127407737,199.9102325439453,165.4801025390625
sample_15,12804,4717,798625.5932897511,8255389.127407737,320.732177734375,69.4686508178711
sample_15,12804,4718,798635.5932897511,8255389.127407737,252.51663208007812,141.42633056640625
sample_15,12804,4719,798645.5932897511,8255389.127407737,653.4052124023438,182.75381469726562
sample_15,12804,4720,798655.5932897511,8255389.127407737,1231.83349609375,107.69196319580078
sample_15,12804,4721,798665.5932897511,8255389.127407737,549.9628295898438,57.729129791259766
sample_15,12804,4722,798675.5932897511,8255389.127407737,344.1806335449219,134.0803680419922
sample_15,12804,4723,798685.5932897511,8255389.127407737,775.1474609375,359.8249816894531
sample_15,12804,4724,798695.5932897511,8255389.127407737,482.28875732421875,227.66078186035156
sample_15,12804,4725,798705.5932897511,8255389.127407737,217.6818389892578,140.1204833984375
sample_15,12804,4726,798715.5932897511,8255389.127407737,349.25537109375,84.84953308105469
sample_15,12805,4707,798525.5932897511,8255379.127407737,185.85829162597656,109.55615234375
sample_15,12805,4708,798535.5932897511,8255379.127407737,121.62821960449219,189.43809509277344
sample_15,12805,4709,798545.5932897511,8255379.127407737,57.72682571411133,363.7015075683594
sample_15,12805,4710,798555.5932897511,8255379.127407737,572.7576293945312,203.1766815185547
sample_15,12805,4711,798565.5932897511,8255379.127407737,868.2938842773438,39.34628677368164
sample_15,12805,4712,798575.5932897511,8255379.127407737,249.5816650390625,94.96627807617188
sample_15,12805,4713,798585.5932897511,8255379.127407737,321.10693359375,88.15081787109375
sample_15,12805,4714,798595.5932897511,8255379.127407737,518.2026977539062,95.77873992919922
sample_15,12805,4715,798605.5932897511,8255379.127407737,652.8638305664062,210.20321655273438
sample_15,12805,4716,798615.5932897511,8255379.127407737,764.0904541015625,244.5710906982422
sample_15,12805,4717,798625.5932897511,8255379.127407737,815.54833984375,168.94781494140625
sample_15,12805,4718,798635.5932897511,8255379.127407737,334.45904541015625,99.10481262207031
sample_15,12805,4719,798645.5932897511,8255379.127407737,697.352783203125,113.58009338378906
sample_15,12805,4720,798655.5932897511,8255379.127407737,1127.5130615234375,94.84588623046875
sample_15,12805,4721,798665.5932897511,8255379.127407737,417.6180725097656,47.712066650390625
sample_15,12805,4722,798675.5932897511,8255379.127407737,175.7748260498047,255.0445098876953
sample_15,12805,4723,798685.5932897511,8255379.127407737,142.65591430664062,524.7230224609375
sample_15,12805,4724,798695.5932897511,8255379.127407737,177.39251708984375,333.3179016113281
sample_15,12805,4725,798705.5932897511,8255379.127407737,116.88907623291016,158.92811584472656
sample_15,12805,4726,798715.5932897511,8255379.127407737,145.78700256347656,71.95096588134766
sample_15,12806,4707,798525.5932897511,8255369.127407737,700.692626953125,125.08111572265625
sample_15,12806,4708,798535.5932897511,8255369.127407737,438.2515869140625,242.8190460205078
sample_15,12806,4709,798545.5932897511,8255369.127407737,46.298667907714844,522.593017578125
sample_15,12806,4710,798555.5932897511,8255369.127407737,1026.8148193359375,257.80072021484375
sample_15,12806,4711,798565.5932897511,8255369.127407737,1058.2332763671875,225.528564453125
sample_15,12806,4712,798575.5932897511,8255369.127407737,234.9564971923828,418.8345947265625
sample_15,12806,4713,798585.5932897511,8255369.127407737,399.4561767578125,144.0224609375
sample_15,12806,4714,798595.5932897511,8255369.127407737,1023.1529541015625,71.3747787475586
sample_15,12806,4715,798605.5932897511,8255369.127407737,1779.748291015625,136.7285919189453
sample_15,12806,4716,798615.5932897511,8255369.127407737,1775.0618896484375,286.1022033691406
sample_15,12806,4717,798625.5932897511,8255369.127407737,1245.271240234375,229.8038787841797
sample_15,12806,4718,798635.5932897511,8255369.127407737,272.1397705078125,38.00948715209961
sample_15,12806,4719,798645.5932897511,8255369.127407737,918.8972778320312,94.27263641357422
sample_15,12806,4720,798655.5932897511,8255369.127407737,887.9779052734375,111.74784088134766
sample_15,12806,4721,798665.5932897511,8255369.127407737,104.4782485961914,64.7856216430664
sample_15,12806,4722,798675.5932897511,8255369.127407737,236.6412353515625,189.556884765625
sample_15,12806,4723,798685.5932897511,8255369.127407737,251.32611083984375,280.01806640625
sample_15,12806,4724,798695.5932897511,8255369.127407737,180.78648376464844,207.68240356445312
sample_15,12806,4725,798705.5932897511,8255369.127407737,88.28973388671875,107.08788299560547
sample_15,12806,4726,798715.5932897511,8255369.127407737,191.45358276367188,90.17789459228516
sample_15,12807,4707,798525.5932897511,8255359.127407737,1528.979248046875,157.1000213623047
sample_15,12807,4708,798535.5932897511,8255359.127407737,973.3582153320312,142.43592834472656
sample_15,12807,4709,798545.5932897511,8255359.127407737,289.5444030761719,173.28086853027344
sample_15,12807,4710,798555.5932897511,8255359.127407737,773.8693237304688,132.24969482421875
sample_15,12807,4711,798565.5932897511,8255359.127407737,751.47998046875,280.3648986816406
sample_15,12807,4712,798575.5932897511,8255359.127407737,333.0766296386719,469.8052062988281
sample_15,12807,4713,798585.5932897511,8255359.127407737,163.36618041992188,155.07777404785156
sample_15,12807,4714,798595.5932897511,8255359.127407737,1056.606689453125,67.67750549316406
sample_15,12807,4715,798605.5932897511,8255359.127407737,1831.40673828125,111.88706970214844
sample_15,12807,4716,798615.5932897511,8255359.127407737,1268.1922607421875,193.5374755859375
sample_15,12807,4717,798625.5932897511,8255359.127407737,902.9465942382812,226.361572265625
sample_15,12807,4718,798635.5932897511,8255359.127407737,464.4551696777344,110.8365478515625
sample_15,12807,4719,798645.5932897511,8255359.127407737,1425.441650390625,103.64791870117188
sample_15,12807,4720,798655.5932897511,8255359.127407737,1152.010009765625,115.31438446044922
sample_15,12807,4721,798665.5932897511,8255359.127407737,432.60015869140625,97.70367431640625
sample_15,12807,4722,798675.5932897511,8255359.127407737,297.41485595703125,101.65414428710938
sample_15,12807,4723,798685.5932897511,8255359.127407737,252.33885192871094,108.01203155517578
sample_15,12807,4724,798695.5932897511,8255359.127407737,199.29483032226562,62.724830627441406
sample_15,12807,4725,798705.5932897511,8255359.127407737,126.44550323486328,57.03002166748047
sample_15,12807,4726,798715.5932897511,8255359.127407737,241.4056854248047,166.7702178955078
sample_15,12808,4707,798525.5932897511,8255349.127407737,1681.6500244140625,140.5479278564453
sample_15,12808,4708,798535.5932897511,8255349.127407737,945.9781494140625,171.3893280029297
sample_15,12808,4709,798545.5932897511,8255349.127407737,409.8663635253906,133.3797149658203
sample_15,12808,4710,798555.5932897511,8255349.127407737,335.33477783203125,91.19369506835938
sample_15,12808,4711,798565.5932897511,8255349.127407737,495.2551574707031,189.4852752685547
sample_15,12808,4712,798575.5932897511,8255349.127407737,570.4833984375,206.617431640625
sample_15,12808,4713,798585.5932897511,8255349.127407737,625.6983032226562,121.7691650390625
sample_15,12808,4714,798595.5932897511,8255349.127407737,806.1888427734375,81.9229507446289
sample_15,12808,4715,798605.5932897511,8255349.127407737,980.7638549804688,73.00437927246094
sample_15,12808,4716,798615.5932897511,8255349.127407737,353.74151611328125,70.97303771972656
sample_15,12808,4717,798625.5932897511,8255349.127407737,461.8811950683594,344.3775634765625
sample_15,12808,4718,798635.5932897511,8255349.127407737,459.4645080566406,391.0280456542969
sample_15,12808,4719,798645.5932897511,8255349.127407737,659.4312744140625,287.8485412597656
sample_15,12808,4720,798655.5932897511,8255349.127407737,855.1958618164062,218.8937530517578
sample_15,12808,4721,798665.5932897511,8255349.127407737,568.9268798828125,187.3997344970703
sample_15,12808,4722,798675.5932897511,8255349.127407737,179.83932495117188,117.20823669433594
sample_15,12808,4723,798685.5932897511,8255349.127407737,128.2834930419922,72.8109130859375
sample_15,12808,4724,798695.5932897511,8255349.127407737,115.82295227050781,91.29985046386719
sample_15,12808,4725,798705.5932897511,8255349.127407737,151.1147918701172,71.37045288085938
sample_15,12808,4726,798715.5932897511,8255349.127407737,269.7856750488281,127.36711883544922
sample_15,12809,4707,798525.5932897511,8255339.127407737,1210.2987060546875,194.49853515625
sample_15,12809,4708,798535.5932897511,8255339.127407737,671.8079223632812,250.34335327148438
sample_15,12809,4709,798545.5932897511,8255339.127407737,386.31317138671875,165.18504333496094
sample_15,12809,4710,798555.5932897511,8255339.127407737,174.17559814453125,128.1141357421875
sample_15,12809,4711,798565.5932897511,8255339.127407737,679.490234375,311.8524475097656
sample_15,12809,4712,798575.5932897511,8255339.127407737,695.4857177734375,216.70587158203125
sample_15,12809,4713,798585.5932897511,8255339.127407737,628.0582275390625,107.88817596435547
sample_15,12809,4714,798595.5932897511,8255339.127407737,342.4380187988281,94.74283599853516
sample_15,12809,4715,798605.5932897511,8255339.127407737,191.2760009765625,57.394527435302734
sample_15,12809,4716,798615.5932897511,8255339.127407737,227.83299255371094,158.22813415527344
sample_15,12809,4717,798625.5932897511,8255339.127407737,508.86456298828125,629.9124755859375
sample_15,12809,4718,798635.5932897511,8255339.127407737,373.2904357910156,493.0090026855469
sample_15,12809,4719,798645.5932897511,8255339.127407737,264.55963134765625,293.28680419921875
sample_15,12809,4720,798655.5932897511,8255339.127407737,724.8478393554688,305.03082275390625
sample_15,12809,4721,798665.5932897511,8255339.127407737,504.6138000488281,418.1395263671875
sample_15,12809,4722,798675.5932897511,8255339.127407737,142.041015625,436.78497314453125
sample_15,12809,4723,798685.5932897511,8255339.127407737,623.4943237304688,127.06905364990234
sample_15,12809,4724,798695.5932897511,8255339.127407737,492.1451110839844,81.74308776855469
sample_15,12809,4725,798705.5932897511,8255339.127407737,300.5348815917969,84.5424575805664
sample_15,12809,4726,798715.5932897511,8255339.127407737,282.5381774902344,35.37657165527344
sample_15,12810,4707,798525.5932897511,8255329.127407737,744.4996337890625,232.8324432373047
sample_15,12810,4708,798535.5932897511,8255329.127407737,121.39997863769531,326.096435546875
sample_15,12810,4709,798545.5932897511,8255329.127407737,453.9315490722656,151.81829833984375
sample_15,12810,4710,798555.5932897511,8255329.127407737,503.0809631347656,204.63955688476562
sample_15,12810,4711,798565.5932897511,8255329.127407737,627.1141357421875,460.3665771484375
sample_15,12810,4712,798575.5932897511,8255329.127407737,543.0341186523438,253.364501953125
sample_15,12810,4713,798585.5932897511,8255329.127407737,470.9976806640625,127.7173080444336
sample_15,12810,4714,798595.5932897511,8255329.127407737,314.9237976074219,159.13511657714844
sample_15,12810,4715,798605.5932897511,8255329.127407737,139.21707153320312,78.09498596191406
sample_15,12810,4716,798615.5932897511,8255329.127407737,167.008544921875,203.7499542236328
sample_15,12810,4717,798625.5932897511,8255329.127407737,428.4018859863281,631.4005126953125
sample_15,12810,4718,798635.5932897511,8255329.127407737,282.4027099609375,378.5669250488281
sample_15,12810,4719,798645.5932897511,8255329.127407737,245.36260986328125,245.24154663085938
sample_15,12810,4720,798655.5932897511,8255329.127407737,563.84130859375,382.11395263671875
sample_15,12810,4721,798665.5932897511,8255329.127407737,368.41796875,644.0227661132812
sample_15,12810,4722,798675.5932897511,8255329.127407737,552.4539184570312,535.3203125
sample_15,12810,4723,798685.5932897511,8255329.127407737,1315.276611328125,54.75599670410156
sample_15,12810,4724,798695.5932897511,8255329.127407737,757.6194458007812,79.62593841552734
sample_15,12810,4725,798705.5932897511,8255329.127407737,424.37567138671875,108.042724609375
sample_15,12810,4726,798715.5932897511,8255329.127407737,231.77468872070312,81.9534912109375
sample_15,12811,4707,798525.5932897511,8255319.127407737,803.6102905273438,148.10855102539062
sample_15,12811,4708,798535.5932897511,8255319.127407737,972.076416015625,155.09640502929688
sample_15,12811,4709,798545.5932897511,8255319.127407737,1140.5758056640625,87.20600128173828
sample_15,12811,4710,798555.5932897511,8255319.127407737,670.2648315429688,244.55709838867188
sample_15,12811,4711,798565.5932897511,8255319.127407737,303.77801513671875,453.97222900390625
sample_15,12811,4712,798575.5932897511,8255319.127407737,231.7460479736328,359.62322998046875
sample_15,12811,4713,798585.5932897511,8255319.127407737,441.3642883300781,238.61944580078125
sample_15,12811,4714,798595.5932897511,8255319.127407737,493.8326416015625,164.71556091308594
sample_15,12811,4715,798605.5932897511,8255319.127407737,135.90330505371094,72.51156616210938
sample_15,12811,4716,798615.5932897511,8255319.127407737,107.04243469238281,181.40428161621094
sample_15,12811,4717,798625.5932897511,8255319.127407737,241.68312072753906,326.272216796875
sample_15,12811,4718,798635.5932897511,8255319.127407737,299.89373779296875,181.28884887695312
sample_15,12811,4719,798645.5932897511,8255319.127407737,364.96527099609375,163.88623046875
sample_15,12811,4720,798655.5932897511,8255319.127407737,542.2522583007812,263.27178955078125
sample_15,12811,4721,798665.5932897511,8255319.127407737,677.393798828125,509.5035400390625
sample_15,12811,4722,798675.5932897511,8255319.127407737,1047.808349609375,384.9353942871094
sample_15,12811,4723,798685.5932897511,8255319.127407737,1586.6102294921875,24.97452735900879
sample_15,12811,4724,798695.5932897511,8255319.127407737,603.156005859375,73.59453582763672
sample_15,12811,4725,798705.5932897511,8255319.127407737,238.80836486816406,96.68879699707031
sample_15,12811,4726,798715.5932897511,8255319.127407737,174.7401580810547,122.5414047241211
sample_15,12812,4707,798525.5932897511,8255309.127407737,1131.8748779296875,174.06982421875
sample_15,12812,4708,798535.5932897511,8255309.127407737,952.4813842773438,86.99874114990234
sample_15,12812,4709,798545.5932897511,8255309.127407737,1349.1220703125,96.60282897949219
sample_15,12812,4710,798555.5932897511,8255309.127407737,594.6847534179688,187.9348602294922
sample_15,12812,4711,798565.5932897511,8255309.127407737,100.84983825683594,268.06329345703125
sample_15,12812,4712,798575.5932897511,8255309.127407737,139.3594970703125,235.4718017578125
sample_15,12812,4713,798585.5932897511,8255309.127407737,286.4920959472656,190.29566955566406
sample_15,12812,4714,798595.5932897511,8255309.127407737,362.84381103515625,126.81436157226562
sample_15,12812,4715,798605.5932897511,8255309.127407737,112.15143585205078,47.8049201965332
sample_15,12812,4716,798615.5932897511,8255309.127407737,60.8061408996582,155.16653442382812
sample_15,12812,4717,798625.5932897511,8255309.127407737,368.2879333496094,185.4554443359375
sample_15,12812,4718,798635.5932897511,8255309.127407737,844.9722290039062,77.73477935791016
sample_15,12812,4719,798645.5932897511,8255309.127407737,461.7862854003906,120.15511322021484
sample_15,12812,4720,798655.5932897511,8255309.127407737,550.384765625,131.3050079345703
sample_15,12812,4721,798665.5932897511,8255309.127407737,1141.06787109375,137.5395965576172
sample_15,12812,4722,798675.5932897511,8255309.127407737,1180.2552490234375,92.0166244506836
sample_15,12812,4723,798685.5932897511,8255309.127407737,1096.4962158203125,34.64814376831055
sample_15,12812,4724,798695.5932897511,8255309.127407737,625.6666870117188,51.98682403564453
sample_15,12812,4725,798705.5932897511,8255309.127407737,264.1082763671875,70.02538299560547
sample_15,12812,4726,798715.5932897511,8255309.127407737,242.7583770751953,160.27699279785156
sample_15,12813,4707,798525.5932897511,8255299.127407737,749.6477661132812,113.95177459716797
sample_15,12813,4708,798535.5932897511,8255299.127407737,328.3578186035156,112.97933197021484
sample_15,12813,4709,798545.5932897511,8255299.127407737,334.7665710449219,186.20249938964844
sample_15,12813,4710,798555.5932897511,8255299.127407737,325.3920593261719,116.5093994140625
sample_15,12813,4711,798565.5932897511,8255299.127407737,397.8679504394531,119.0730209350586
sample_15,12813,4712,798575.5932897511,8255299.127407737,404.94708251953125,119.50653839111328
sample_15,12813,4713,798585.5932897511,8255299.127407737,164.16900634765625,106.51882934570312
sample_15,12813,4714,798595.5932897511,8255299.127407737,158.7238006591797,62.70882797241211
sample_15,12813,4715,798605.5932897511,8255299.127407737,228.81309509277344,24.964292526245117
sample_15,12813,4716,798615.5932897511,8255299.127407737,276.01055908203125,102.4563980102539
sample_15,12813,4717,798625.5932897511,8255299.127407737,520.96923828125,93.0877685546875
sample_15,12813,4718,798635.5932897511,8255299.127407737,832.6198120117188,46.63406753540039
sample_15,12813,4719,798645.5932897511,8255299.127407737,326.5259094238281,105.70995330810547
sample_15,12813,4720,798655.5932897511,8255299.127407737,223.7442169189453,90.54240417480469
sample_15,12813,4721,798665.5932897511,8255299.127407737,433.16632080078125,47.14069747924805
sample_15,12813,4722,798675.5932897511,8255299.127407737,456.90850830078125,34.842350006103516
sample_15,12813,4723,798685.5932897511,8255299.127407737,556.7125244140625,28.42198944091797
sample_15,12813,4724,798695.5932897511,8255299.127407737,562.2779541015625,32.80665588378906
sample_15,12813,4725,798705.5932897511,8255299.127407737,285.0255432128906,40.381805419921875
sample_15,12813,4726,798715.5932897511,8255299.127407737,209.90509033203125,149.6880340576172
sample_16,12891,4627,797725.5932897511,8254519.127407737,139.58290100097656,340.2939453125
sample_16,12891,4628,797735.5932897511,8254519.127407737,56.928382873535156,196.42930603027344
sample_16,12891,4629,797745.5932897511,8254519.127407737,108.25887298583984,193.12789916992188
sample_16,12891,4630,797755.5932897511,8254519.127407737,539.780029296875,83.3428955078125
sample_16,12891,4631,797765.5932897511,8254519.127407737,563.6918334960938,50.941707611083984
sample_16,12891,4632,797775.5932897511,8254519.127407737,477.0095520019531,42.80961608886719
sample_16,12891,4633,797785.5932897511,8254519.127407737,1078.3255615234375,38.58938217163086
sample_16,12891,4634,797795.5932897511,8254519.127407737,1153.64208984375,77.21443176269531
sample_16,12891,4635,797805.5932897511,8254519.127407737,1330.9627685546875,121.29325103759766
sample_16,12891,4636,797815.5932897511,8254519.127407737,530.4775390625,115.57307434082031
sample_16,12891,4637,797825.5932897511,8254519.127407737,53.41023254394531,110.28108215332031
sample_16,12891,4638,797835.5932897511,8254519.127407737,23.332738876342773,15.158973693847656
sample_16,12891,4639,797845.5932897511,8254519.127407737,122.944580078125,52.841304779052734
sample_16,12891,4640,797855.5932897511,8254519.127407737,191.60333251953125,66.9762191772461
sample_16,12891,4641,797865.5932897511,8254519.127407737,58.44982147216797,60.82380676269531
sample_16,12891,4642,797875.5932897511,8254519.127407737,111.03912353515625,179.91064453125
sample_16,12891,4643,797885.5932897511,8254519.127407737,113.69917297363281,193.8786163330078
sample_16,12891,4644,797895.5932897511,8254519.127407737,210.91360473632812,42.10036087036133
sample_16,12891,4645,797905.5932897511,8254519.127407737,139.98011779785156,101.36843872070312
sample_16,12891,4646,797915.5932897511,8254519.127407737,154.2843475341797,159.06141662597656
sample_16,12892,4627,797725.5932897511,8254509.127407737,76.86883544921875,198.0858917236328
sample_16,12892,4628,797735.5932897511,8254509.127407737,171.9901580810547,159.54518127441406
sample_16,12892,4629,797745.5932897511,8254509.127407737,323.4801025390625,165.541748046875
sample_16,12892,4630,797755.5932897511,8254509.127407737,717.509521484375,57.394718170166016
sample_16,12892,4631,797765.5932897511,8254509.127407737,506.3777770996094,25.06244659423828
sample_16,12892,4632,797775.5932897511,8254509.127407737,327.5430603027344,22.43760871887207
sample_16,12892,4633,797785.5932897511,8254509.127407737,1094.6597900390625,30.39945411682129
sample_16,12892,4634,797795.5932897511,8254509.127407737,923.821044921875,84.98563385009766
sample_16,12892,4635,797805.5932897511,8254509.127407737,677.77685546875,145.86526489257812
sample_16,12892,4636,797815.5932897511,8254509.127407737,328.3704833984375,91.1519546508789
sample_16,12892,4637,797825.5932897511,8254509.127407737,110.58861541748047,37.34060287475586
sample_16,12892,4638,797835.5932897511,8254509.127407737,113.90457916259766,35.50568771362305
sample_16,12892,4639,797845.5932897511,8254509.127407737,131.5147705078125,47.78818130493164
sample_16,12892,4640,797855.5932897511,8254509.127407737,119.36434936523438,66.8886489868164
sample_16,12892,4641,797865.5932897511,8254509.127407737,109.1783218383789,102.07593536376953
sample_16,12892,4642,797875.5932897511,8254509.127407737,274.4039306640625,201.77679443359375
sample_16,12892,4643,797885.5932897511,8254509.127407737,204.75698852539062,205.16806030273438
sample_16,12892,4644,797895.5932897511,8254509.127407737,121.3680648803711,146.01234436035156
sample_16,12892,4645,797905.5932897511,8254509.127407737,93.88577270507812,130.29563903808594
sample_16,12892,4646,797915.5932897511,8254509.127407737,172.18701171875,110.27440643310547
sample_16,12893,4627,797725.5932897511,8254499.127407737,18.036542892456055,102.57449340820312
sample_16,12893,4628,797735.5932897511,8254499.127407737,323.067138671875,134.01446533203125
sample_16,12893,4629,797745.5932897511,8254499.127407737,380.380615234375,68.96085357666016
sample_16,12893,4630,797755.5932897511,8254499.127407737,242.46109008789062,11.386280059814453
sample_16,12893,4631,797765.5932897511,8254499.127407737,209.1084442138672,90.03024291992188
sample_16,12893,4632,797775.5932897511,8254499.127407737,315.97210693359375,113.1646499633789
sample_16,12893,4633,797785.5932897511,8254499.127407737,874.3466796875,104.14663696289062
sample_16,12893,4634,797795.5932897511,8254499.127407737,382.5784606933594,82.63701629638672
sample_16,12893,4635,797805.5932897511,8254499.127407737,330.48687744140625,176.50291442871094
sample_16,12893,4636,797815.5932897511,8254499.127407737,737.2987670898438,276.9234619140625
sample_16,12893,4637,797825.5932897511,8254499.127407737,283.142578125,86.47945404052734
sample_16,12893,4638,797835.5932897511,8254499.127407737,192.2667236328125,51.392581939697266
sample_16,12893,4639,797845.5932897511,8254499.127407737,261.0415344238281,84.71170043945312
sample_16,12893,4640,797855.5932897511,8254499.127407737,187.13772583007812,56.87858200073242
sample_16,12893,4641,797865.5932897511,8254499.127407737,253.85311889648438,99.62234497070312
sample_16,12893,4642,797875.5932897511,8254499.127407737,379.5860900878906,186.89125061035156
sample_16,12893,4643,797885.5932897511,8254499.127407737,235.5369110107422,268.0597839355469
sample_16,12893,4644,797895.5932897511,8254499.127407737,124.74091339111328,233.7698974609375
sample_16,12893,4645,797905.5932897511,8254499.127407737,68.2218017578125,157.83615112304688
sample_16,12893,4646,797915.5932897511,8254499.127407737,135.45184326171875,118.96331787109375
sample_16,12894,4627,797725.5932897511,8254489.127407737,70.17302703857422,118.75611877441406
sample_16,12894,4628,797735.5932897511,8254489.127407737,300.32818603515625,295.4538269042969
sample_16,12894,4629,797745.5932897511,8254489.127407737,271.3424377441406,188.43978881835938
sample_16,12894,4630,797755.5932897511,8254489.127407737,151.81069946289062,79.85979461669922
sample_16,12894,4631,797765.5932897511,8254489.127407737,116.31928253173828,110.6039047241211
sample_16,12894,4632,797775.5932897511,8254489.127407737,183.2467498779297,187.94342041015625
sample_16,12894,4633,797785.5932897511,8254489.127407737,235.38064575195312,195.9140625
sample_16,12894,4634,797795.5932897511,8254489.127407737,78.93549346923828,64.28269958496094
sample_16,12894,4635,797805.5932897511,8254489.127407737,245.598876953125,193.32916259765625
sample_16,12894,4636,797815.5932897511,8254489.127407737,479.9864501953125,277.0830993652344
sample_16,12894,4637,797825.5932897511,8254489.127407737,187.27264404296875,57.94631576538086
sample_16,12894,4638,797835.5932897511,8254489.127407737,326.63671875,83.2414321899414
sample_16,12894,4639,797845.5932897511,8254489.127407737,463.2802429199219,159.31956481933594
sample_16,12894,4640,797855.5932897511,8254489.127407737,199.27032470703125,52.76771926879883
sample_16,12894,4641,797865.5932897511,8254489.127407737,173.9479522705078,49.531333923339844
sample_16,12894,4642,797875.5932897511,8254489.127407737,240.6873321533203,132.17823791503906
sample_16,12894,4643,797885.5932897511,8254489.127407737,216.998779296875,314.7510986328125
sample_16,12894,4644,797895.5932897511,8254489.127407737,152.20742797851562,259.95806884765625
sample_16,12894,4645,797905.5932897511,8254489.127407737,107.98059844970703,192.5090789794922
sample_16,12894,4646,797915.5932897511,8254489.127407737,115.9931640625,343.56982421875
sample_16,12895,4627,797725.5932897511,8254479.127407737,58.198936462402344,103.06864166259766
sample_16,12895,4628,797735.5932897511,8254479.127407737,160.66641235351562,219.4532012939453
sample_16,12895,4629,797745.5932897511,8254479.127407737,172.61805725097656,189.54310607910156
sample_16,12895,4630,797755.5932897511,8254479.127407737,124.96510314941406,121.45799255371094
sample_16,12895,4631,797765.5932897511,8254479.127407737,54.47246170043945,61.961280822753906
sample_16,12895,4632,797775.5932897511,8254479.127407737,78.07808685302734,180.3715057373047
sample_16,12895,4633,797785.5932897511,8254479.127407737,148.74301147460938,165.65419006347656
sample_16,12895,4634,797795.5932897511,8254479.127407737,151.54443359375,28.19026756286621
sample_16,12895,4635,797805.5932897511,8254479.127407737,325.4105224609375,182.38906860351562
sample_16,12895,4636,797815.5932897511,8254479.127407737,263.3870544433594,201.3964080810547
sample_16,12895,4637,797825.5932897511,8254479.127407737,47.67894744873047,3.6802968978881836
sample_16,12895,4638,797835.5932897511,8254479.127407737,454.19537353515625,52.76277542114258
sample_16,12895,4639,797845.5932897511,8254479.127407737,446.73065185546875,74.98589324951172
sample_16,12895,4640,797855.5932897511,8254479.127407737,91.52684020996094,23.39858627319336
sample_16,12895,4641,797865.5932897511,8254479.127407737,156.779296875,33.44207763671875
sample_16,12895,4642,797875.5932897511,8254479.127407737,154.65003967285156,105.89317321777344
sample_16,12895,4643,797885.5932897511,8254479.127407737,179.5395050048828,299.57891845703125
sample_16,12895,4644,797895.5932897511,8254479.127407737,86.44965362548828,195.75013732910156
sample_16,12895,4645,797905.5932897511,8254479.127407737,101.32140350341797,207.35409545898438
sample_16,12895,4646,797915.5932897511,8254479.127407737,179.60501098632812,393.4369812011719
sample_16,12896,4627,797725.5932897511,8254469.127407737,59.24523162841797,54.92551803588867
sample_16,12896,4628,797735.5932897511,8254469.127407737,79.3415298461914,108.6734619140625
sample_16,12896,4629,797745.5932897511,8254469.127407737,132.55128479003906,170.48301696777344
sample_16,12896,4630,797755.5932897511,8254469.127407737,99.94342041015625,170.73133850097656
sample_16,12896,4631,797765.5932897511,8254469.127407737,62.93088150024414,131.5267791748047
sample_16,12896,4632,797775.5932897511,8254469.127407737,61.48884963989258,156.61709594726562
sample_16,12896,4633,797785.5932897511,8254469.127407737,111.17640686035156,142.56019592285156
sample_16,12896,4634,797795.5932897511,8254469.127407737,248.40260314941406,91.79037475585938
sample_16,12896,4635,797805.5932897511,8254469.127407737,534.7685546875,135.5485076904297
sample_16,12896,4636,797815.5932897511,8254469.127407737,318.61090087890625,105.65888214111328
sample_16,12896,4637,797825.5932897511,8254469.127407737,88.17939758300781,78.14553833007812
sample_16,12896,4638,797835.5932897511,8254469.127407737,372.24395751953125,166.8272247314453
sample_16,12896,4639,797845.5932897511,8254469.127407737,305.7796936035156,89.12586212158203
sample_16,12896,4640,797855.5932897511,8254469.127407737,110.04492950439453,33.22124481201172
sample_16,12896,4641,797865.5932897511,8254469.127407737,307.77435302734375,89.24237823486328
sample_16,12896,4642,797875.5932897511,8254469.127407737,297.9806213378906,150.96710205078125
sample_16,12896,4643,797885.5932897511,8254469.127407737,232.05760192871094,204.02627563476562
sample_16,12896,4644,797895.5932897511,8254469.127407737,137.62815856933594,105.32930755615234
sample_16,12896,4645,797905.5932897511,8254469.127407737,157.6313934326172,150.94265747070312
sample_16,12896,4646,797915.5932897511,8254469.127407737,264.68695068359375,243.08299255371094
sample_16,12897,4627,797725.5932897511,8254459.127407737,75.79436492919922,13.679781913757324
sample_16,12897,4628,797735.5932897511,8254459.127407737,128.76644897460938,22.688518524169922
sample_16,12897,4629,797745.5932897511,8254459.127407737,205.4801025390625,83.91913604736328
sample_16,12897,4630,797755.5932897511,8254459.127407737,132.24102783203125,296.8857727050781
sample_16,12897,4631,797765.5932897511,8254459.127407737,83.68669128417969,275.6588439941406
sample_16,12897,4632,797775.5932897511,8254459.127407737,61.222190856933594,160.0740203857422
sample_16,12897,4633,797785.5932897511,8254459.127407737,52.946929931640625,178.92652893066406
sample_16,12897,4634,797795.5932897511,8254459.127407737,68.29325866699219,241.91131591796875
sample_16,12897,4635,797805.5932897511,8254459.127407737,216.86595153808594,310.8056335449219
sample_16,12897,4636,797815.5932897511,8254459.127407737,278.4669494628906,147.18106079101562
sample_16,12897,4637,797825.5932897511,8254459.127407737,190.882568359375,121.09854888916016
sample_16,12897,4638,797835.5932897511,8254459.127407737,215.2220001220703,242.6645050048828
sample_16,12897,4639,797845.5932897511,8254459.127407737,201.23318481445312,114.77659606933594
sample_16,12897,4640,797855.5932897511,8254459.127407737,152.38217163085938,24.743846893310547
sample_16,12897,4641,797865.5932897511,8254459.127407737,186.4625701904297,36.15534973144531
sample_16,12897,4642,797875.5932897511,8254459.127407737,241.6614990234375,122.66405487060547
sample_16,12897,4643,797885.5932897511,8254459.127407737,243.1824188232422,129.21282958984375
sample_16,12897,4644,797895.5932897511,8254459.127407737,215.76539611816406,32.82010269165039
sample_16,12897,4645,797905.5932897511,8254459.127407737,195.89649963378906,30.861583709716797
sample_16,12897,4646,797915.5932897511,8254459.127407737,257.9889831542969,84.679443359375
sample_16,12898,4627,797725.5932897511,8254449.127407737,75.52346801757812,24.37940216064453
sample_16,12898,4628,797735.5932897511,8254449.127407737,96.73760986328125,47.80659103393555
sample_16,12898,4629,797745.5932897511,8254449.127407737,129.33497619628906,128.26895141601562
sample_16,12898,4630,797755.5932897511,8254449.127407737,103.62423706054688,363.92486572265625
sample_16,12898,4631,797765.5932897511,8254449.127407737,84.60552978515625,356.24993896484375
sample_16,12898,4632,797775.5932897511,8254449.127407737,92.22325897216797,252.35678100585938
sample_16,12898,4633,797785.5932897511,8254449.127407737,146.7199249267578,231.4664306640625
sample_16,12898,4634,797795.5932897511,8254449.127407737,109.21615600585938,184.27915954589844
sample_16,12898,4635,797805.5932897511,8254449.127407737,133.20387268066406,192.1930389404297
sample_16,12898,4636,797815.5932897511,8254449.127407737,331.3894958496094,141.34439086914062
sample_16,12898,4637,797825.5932897511,8254449.127407737,246.29444885253906,114.91352081298828
sample_16,12898,4638,797835.5932897511,8254449.127407737,132.79623413085938,87.47895812988281
sample_16,12898,4639,797845.5932897511,8254449.127407737,241.46893310546875,60.63671875
sample_16,12898,4640,797855.5932897511,8254449.127407737,154.11260986328125,34.849491119384766
sample_16,12898,4641,797865.5932897511,8254449.127407737,93.4399642944336,41.05952453613281
sample_16,12898,4642,797875.5932897511,8254449.127407737,175.2242431640625,114.34881591796875
sample_16,12898,4643,797885.5932897511,8254449.127407737,222.46658325195312,100.74139404296875
sample_16,12898,4644,797895.5932897511,8254449.127407737,326.20477294921875,70.45165252685547
sample_16,12898,4645,797905.5932897511,8254449.127407737,691.3751220703125,77.52304077148438
sample_16,12898,4646,797915.5932897511,8254449.127407737,519.8074951171875,63.66762924194336
sample_16,12899,4627,797725.5932897511,8254439.127407737,74.90009307861328,20.89576530456543
sample_16,12899,4628,797735.5932897511,8254439.127407737,128.47035217285156,60.326683044433594
sample_16,12899,4629,797745.5932897511,8254439.127407737,119.11261749267578,128.28851318359375
sample_16,12899,4630,797755.5932897511,8254439.127407737,42.292205810546875,224.57034301757812
sample_16,12899,4631,797765.5932897511,8254439.127407737,26.964513778686523,235.44493103027344
sample_16,12899,4632,797775.5932897511,8254439.127407737,41.36732864379883,175.96145629882812
sample_16,12899,4633,797785.5932897511,8254439.127407737,96.02438354492188,120.05261993408203
sample_16,12899,4634,797795.5932897511,8254439.127407737,113.15292358398438,88.25326538085938
sample_16,12899,4635,797805.5932897511,8254439.127407737,143.17298889160156,69.74919128417969
sample_16,12899,4636,797815.5932897511,8254439.127407737,284.9712829589844,158.34376525878906
sample_16,12899,4637,797825.5932897511,8254439.127407737,147.58287048339844,303.9397888183594
sample_16,12899,4638,797835.5932897511,8254439.127407737,95.54769134521484,239.39837646484375
sample_16,12899,4639,797845.5932897511,8254439.127407737,184.49082946777344,75.21533203125
sample_16,12899,4640,797855.5932897511,8254439.127407737,130.80870056152344,42.28205490112305
sample_16,12899,4641,797865.5932897511,8254439.127407737,64.24372863769531,77.41508483886719
sample_16,12899,4642,797875.5932897511,8254439.127407737,106.9818115234375,158.53216552734375
sample_16,12899,4643,797885.5932897511,8254439.127407737,327.1260070800781,87.86231994628906
sample_16,12899,4644,797895.5932897511,8254439.127407737,409.6260681152344,57.44465255737305
sample_16,12899,4645,797905.5932897511,8254439.127407737,645.2371826171875,70.63787078857422
sample_16,12899,4646,797915.5932897511,8254439.127407737,498.3101806640625,73.6603775024414
sample_16,12900,4627,797725.5932897511,8254429.127407737,84.7148208618164,77.55047607421875
sample_16,12900,4628,797735.5932897511,8254429.127407737,246.10719299316406,52.825439453125
sample_16,12900,4629,797745.5932897511,8254429.127407737,377.7708740234375,92.7957992553711
sample_16,12900,4630,797755.5932897511,8254429.127407737,335.5304870605469,142.07366943359375
sample_16,12900,4631,797765.5932897511,8254429.127407737,108.67840576171875,151.163818359375
sample_16,12900,4632,797775.5932897511,8254429.127407737,30.767004013061523,112.60333251953125
sample_16,12900,4633,797785.5932897511,8254429.127407737,31.619983673095703,41.87489318847656
sample_16,12900,4634,797795.5932897511,8254429.127407737,129.6461181640625,93.6212158203125
sample_16,12900,4635,797805.5932897511,8254429.127407737,103.30180358886719,62.17372512817383
sample_16,12900,4636,797815.5932897511,8254429.127407737,98.95003509521484,71.89035034179688
sample_16,12900,4637,797825.5932897511,8254429.127407737,66.43019104003906,211.48419189453125
sample_16,12900,4638,797835.5932897511,8254429.127407737,51.898075103759766,196.15579223632812
sample_16,12900,4639,797845.5932897511,8254429.127407737,77.83209228515625,76.49085235595703
sample_16,12900,4640,797855.5932897511,8254429.127407737,191.7647247314453,20.45261573791504
sample_16,12900,4641,797865.5932897511,8254429.127407737,156.14266967773438,79.77857971191406
sample_16,12900,4642,797875.5932897511,8254429.127407737,176.22308349609375,159.19064331054688
sample_16,12900,4643,797885.5932897511,8254429.127407737,417.38885498046875,148.8883819580078
sample_16,12900,4644,797895.5932897511,8254429.127407737,270.4254150390625,75.63225555419922
sample_16,12900,4645,797905.5932897511,8254429.127407737,65.46627807617188,59.593162536621094
sample_16,12900,4646,797915.5932897511,8254429.127407737,236.5677032470703,175.14625549316406
sample_16,12901,4627,797725.5932897511,8254419.127407737,17.108354568481445,178.36244201660156
sample_16,12901,4628,797735.5932897511,8254419.127407737,91.0530776977539,60.585330963134766
sample_16,12901,4629,797745.5932897511,8254419.127407737,264.6553955078125,57.93355178833008
sample_16,12901,4630,797755.5932897511,8254419.127407737,304.202880859375,75.31387329101562
sample_16,12901,4631,797765.5932897511,8254419.127407737,138.17044067382812,85.87455749511719
sample_16,12901,4632,797775.5932897511,8254419.127407737,56.85588455200195,133.62918090820312
sample_16,12901,4633,797785.5932897511,8254419.127407737,68.75786590576172,95.4708480834961
sample_16,12901,4634,797795.5932897511,8254419.127407737,160.05697631835938,36.161705017089844
sample_16,12901,4635,797805.5932897511,8254419.127407737,76.59331512451172,95.92235565185547
sample_16,12901,4636,797815.5932897511,8254419.127407737,38.908565521240234,74.85599517822266
sample_16,12901,4637,797825.5932897511,8254419.127407737,44.78339385986328,38.98982238769531
sample_16,12901,4638,797835.5932897511,8254419.127407737,44.222293853759766,13.925151824951172
sample_16,12901,4639,797845.5932897511,8254419.127407737,78.69088745117188,25.195188522338867
sample_16,12901,4640,797855.5932897511,8254419.127407737,157.55270385742188,11.974776268005371
sample_16,12901,4641,797865.5932897511,8254419.127407737,138.57186889648438,78.53909301757812
sample_16,12901,4642,797875.5932897511,8254419.127407737,188.97035217285156,148.3200225830078
sample_16,12901,4643,797885.5932897511,8254419.127407737,397.07281494140625,239.99725341796875
sample_16,12901,4644,797895.5932897511,8254419.127407737,181.19073486328125,150.79551696777344
sample_16,12901,4645,797905.5932897511,8254419.127407737,42.080467224121094,123.74260711669922
sample_16,12901,4646,797915.5932897511,8254419.127407737,102.55310821533203,220.65841674804688
sample_16,12902,4627,797725.5932897511,8254409.127407737,155.95391845703125,282.9801025390625
sample_16,12902,4628,797735.5932897511,8254409.127407737,156.33470153808594,130.39068603515625
sample_16,12902,4629,797745.5932897511,8254409.127407737,134.05337524414062,61.00397872924805
sample_16,12902,4630,797755.5932897511,8254409.127407737,173.69871520996094,43.90778732299805
sample_16,12902,4631,797765.5932897511,8254409.127407737,149.27113342285156,70.6820068359375
sample_16,12902,4632,797775.5932897511,8254409.127407737,38.02944564819336,126.60826873779297
sample_16,12902,4633,797785.5932897511,8254409.127407737,197.08056640625,73.24337005615234
sample_16,12902,4634,797795.5932897511,8254409.127407737,261.6477355957031,30.675443649291992
sample_16,12902,4635,797805.5932897511,8254409.127407737,75.07562255859375,151.97984313964844
sample_16,12902,4636,797815.5932897511,8254409.127407737,62.6279296875,189.3020782470703
sample_16,12902,4637,797825.5932897511,8254409.127407737,76.87969970703125,141.83116149902344
sample_16,12902,4638,797835.5932897511,8254409.127407737,72.99514770507812,79.84352111816406
sample_16,12902,4639,797845.5932897511,8254409.127407737,82.16461944580078,53.630760192871094
sample_16,12902,4640,797855.5932897511,8254409.127407737,106.14810943603516,40.91748809814453
sample_16,12902,4641,797865.5932897511,8254409.127407737,106.5076904296875,58.063350677490234
sample_16,12902,4642,797875.5932897511,8254409.127407737,61.994773864746094,41.39970779418945
sample_16,12902,4643,797885.5932897511,8254409.127407737,93.5803451538086,53.443111419677734
sample_16,12902,4644,797895.5932897511,8254409.127407737,82.64781188964844,75.1619873046875
sample_16,12902,4645,797905.5932897511,8254409.127407737,31.625307083129883,97.21012878417969
sample_16,12902,4646,797915.5932897511,8254409.127407737,43.06087112426758,137.79649353027344
sample_16,12903,4627,797725.5932897511,8254399.127407737,262.1488342285156,252.90403747558594
sample_16,12903,4628,797735.5932897511,8254399.127407737,247.5054473876953,192.94190979003906
sample_16,12903,4629,797745.5932897511,8254399.127407737,43.912322998046875,138.6860809326172
sample_16,12903,4630,797755.5932897511,8254399.127407737,145.60745239257812,94.68400573730469
sample_16,12903,4631,797765.5932897511,8254399.127407737,154.48910522460938,77.12932586669922
sample_16,12903,4632,797775.5932897511,8254399.127407737,77.94546508789062,92.34228515625
sample_16,12903,4633,797785.5932897511,8254399.127407737,320.48162841796875,54.97458267211914
sample_16,12903,4634,797795.5932897511,8254399.127407737,345.0888366699219,25.539051055908203
sample_16,12903,4635,797805.5932897511,8254399.127407737,27.042137145996094,63.53108215332031
sample_16,12903,4636,797815.5932897511,8254399.127407737,29.742149353027344,73.4120101928711
sample_16,12903,4637,797825.5932897511,8254399.127407737,44.68434143066406,116.3115005493164
sample_16,12903,4638,797835.5932897511,8254399.127407737,61.45940017700195,145.40289306640625
sample_16,12903,4639,797845.5932897511,8254399.127407737,82.29020690917969,95.68557739257812
sample_16,12903,4640,797855.5932897511,8254399.127407737,90.593994140625,55.34104537963867
sample_16,12903,4641,797865.5932897511,8254399.127407737,119.66834259033203,12.143832206726074
sample_16,12903,4642,797875.5932897511,8254399.127407737,77.03607940673828,227.2011260986328
sample_16,12903,4643,797885.5932897511,8254399.127407737,69.63114166259766,205.16786193847656
sample_16,12903,4644,797895.5932897511,8254399.127407737,103.7811050415039,96.39309692382812
sample_16,12903,4645,797905.5932897511,8254399.127407737,53.86397171020508,35.996299743652344
sample_16,12903,4646,797915.5932897511,8254399.127407737,79.37739562988281,22.0197696685791
sample_16,12904,4627,797725.5932897511,8254389.127407737,274.6222229003906,129.85995483398438
sample_16,12904,4628,797735.5932897511,8254389.127407737,293.0408020019531,94.21056365966797
sample_16,12904,4629,797745.5932897511,8254389.127407737,192.73146057128906,66.00141143798828
sample_16,12904,4630,797755.5932897511,8254389.127407737,121.55931091308594,112.07866668701172
sample_16,12904,4631,797765.5932897511,8254389.127407737,161.49984741210938,67.845703125
sample_16,12904,4632,797775.5932897511,8254389.127407737,174.94061279296875,46.74155807495117
sample_16,12904,4633,797785.5932897511,8254389.127407737,226.78436279296875,76.32450866699219
sample_16,12904,4634,797795.5932897511,8254389.127407737,202.30935668945312,44.15727996826172
sample_16,12904,4635,797805.5932897511,8254389.127407737,94.41048431396484,51.618804931640625
sample_16,12904,4636,797815.5932897511,8254389.127407737,75.39634704589844,112.76268768310547
sample_16,12904,4637,797825.5932897511,8254389.127407737,36.08351135253906,147.1923828125
sample_16,12904,4638,797835.5932897511,8254389.127407737,43.284732818603516,201.38653564453125
sample_16,12904,4639,797845.5932897511,8254389.127407737,114.01091766357422,105.77143096923828
sample_16,12904,4640,797855.5932897511,8254389.127407737,92.26060485839844,50.62617492675781
sample_16,12904,4641,797865.5932897511,8254389.127407737,120.06944274902344,55.20949172973633
sample_16,12904,4642,797875.5932897511,8254389.127407737,227.1215057373047,286.2252197265625
sample_16,12904,4643,797885.5932897511,8254389.127407737,205.16940307617188,287.0846252441406
sample_16,12904,4644,797895.5932897511,8254389.127407737,164.75396728515625,159.21817016601562
sample_16,12904,4645,797905.5932897511,8254389.127407737,136.1457061767578,88.4437026977539
sample_16,12904,4646,797915.5932897511,8254389.127407737,96.17613983154297,111.80091857910156
sample_16,12905,4627,797725.5932897511,8254379.127407737,195.20062255859375,149.94573974609375
sample_16,12905,4628,797735.5932897511,8254379.127407737,249.0259246826172,103.37644958496094
sample_16,12905,4629,797745.5932897511,8254379.127407737,196.59384155273438,73.27864837646484
sample_16,12905,4630,797755.5932897511,8254379.127407737,43.33855438232422,126.39234161376953
sample_16,12905,4631,797765.5932897511,8254379.127407737,175.69334411621094,47.488990783691406
sample_16,12905,4632,797775.5932897511,8254379.127407737,180.9165802001953,58.380393981933594
sample_16,12905,4633,797785.5932897511,8254379.127407737,125.24439239501953,139.19442749023438
sample_16,12905,4634,797795.5932897511,8254379.127407737,245.9618377685547,81.6333999633789
sample_16,12905,4635,797805.5932897511,8254379.127407737,215.04283142089844,101.31377410888672
sample_16,12905,4636,797815.5932897511,8254379.127407737,171.01129150390625,251.20407104492188
sample_16,12905,4637,797825.5932897511,8254379.127407737,70.24803924560547,194.10336303710938
sample_16,12905,4638,797835.5932897511,8254379.127407737,93.3022232055664,196.33200073242188
sample_16,12905,4639,797845.5932897511,8254379.127407737,206.58221435546875,203.8639678955078
sample_16,12905,4640,797855.5932897511,8254379.127407737,86.77902221679688,89.93262481689453
sample_16,12905,4641,797865.5932897511,8254379.127407737,180.5547332763672,60.204071044921875
sample_16,12905,4642,797875.5932897511,8254379.127407737,537.3343505859375,101.84107971191406
sample_16,12905,4643,797885.5932897511,8254379.127407737,528.9214477539062,105.90078735351562
sample_16,12905,4644,797895.5932897511,8254379.127407737,379.915771484375,80.59281158447266
sample_16,12905,4645,797905.5932897511,8254379.127407737,192.42730712890625,48.66596984863281
sample_16,12905,4646,797915.5932897511,8254379.127407737,69.34765625,152.3047332763672
sample_17,12548,4756,799015.5932897511,8257949.127407737,471.5749206542969,30.30833625793457
sample_17,12548,4757,799025.5932897511,8257949.127407737,187.03810119628906,14.341171264648438
sample_17,12548,4758,799035.5932897511,8257949.127407737,84.2974624633789,147.85704040527344
sample_17,12548,4759,799045.5932897511,8257949.127407737,28.718856811523438,214.22006225585938
sample_17,12548,4760,799055.5932897511,8257949.127407737,71.19900512695312,133.10357666015625
sample_17,12548,4761,799065.5932897511,8257949.127407737,113.57977294921875,177.56863403320312
sample_17,12548,4762,799075.5932897511,8257949.127407737,140.0462188720703,194.11041259765625
sample_17,12548,4763,799085.5932897511,8257949.127407737,58.6314697265625,48.680904388427734
sample_17,12548,4764,799095.5932897511,8257949.127407737,330.40484619140625,32.60575866699219
sample_17,12548,4765,799105.5932897511,8257949.127407737,638.9835205078125,45.273921966552734
sample_17,12548,4766,799115.5932897511,8257949.127407737,1091.494140625,39.2851448059082
sample_17,12548,4767,799125.5932897511,8257949.127407737,774.64013671875,42.94098663330078
sample_17,12548,4768,799135.5932897511,8257949.127407737,230.05984497070312,56.17109298706055
sample_17,12548,4769,799145.5932897511,8257949.127407737,369.1445007324219,17.438936233520508
sample_17,12548,4770,799155.5932897511,8257949.127407737,437.9248352050781,35.76610565185547
sample_17,12548,4771,799165.5932897511,8257949.127407737,444.7987060546875,61.292720794677734
sample_17,12548,4772,799175.5932897511,8257949.127407737,187.26394653320312,19.726272583007812
sample_17,12548,4773,799185.5932897511,8257949.127407737,596.93408203125,60.98411560058594
sample_17,12548,4774,799195.5932897511,8257949.127407737,986.1423950195312,142.8604278564453
sample_17,12548,4775,799205.5932897511,8257949.127407737,413.854736328125,210.697509765625
sample_17,12549,4756,799015.5932897511,8257939.127407737,180.8946990966797,137.1191864013672
sample_17,12549,4757,799025.5932897511,8257939.127407737,87.73043823242188,15.910840034484863
sample_17,12549,4758,799035.5932897511,8257939.127407737,79.88252258300781,146.7659149169922
sample_17,12549,4759,799045.5932897511,8257939.127407737,77.6928939819336,165.31451416015625
sample_17,12549,4760,799055.5932897511,8257939.127407737,123.00871276855469,13.839483261108398
sample_17,12549,4761,799065.5932897511,8257939.127407737,107.41939544677734,80.49749755859375
sample_17,12549,4762,799075.5932897511,8257939.127407737,92.32276916503906,126.16138458251953
sample_17,12549,4763,799085.5932897511,8257939.127407737,36.1068115234375,86.48587036132812
sample_17,12549,4764,799095.5932897511,8257939.127407737,276.5289611816406,44.69731903076172
sample_17,12549,4765,799105.5932897511,8257939.127407737,497.0052185058594,30.889310836791992
sample_17,12549,4766,799115.5932897511,8257939.127407737,565.0507202148438,49.6728515625
sample_17,12549,4767,799125.5932897511,8257939.127407737,304.469482421875,23.067468643188477
sample_17,12549,4768,799135.5932897511,8257939.127407737,160.25340270996094,80.42869567871094
sample_17,12549,4769,799145.5932897511,8257939.127407737,307.8781433105469,151.00022888183594
sample_17,12549,4770,799155.5932897511,8257939.127407737,570.0068359375,82.67601776123047
sample_17,12549,4771,799165.5932897511,8257939.127407737,473.80352783203125,43.741249084472656
sample_17,12549,4772,799175.5932897511,8257939.127407737,62.68038558959961,5.382037162780762
sample_17,12549,4773,799185.5932897511,8257939.127407737,389.05828857421875,25.91891860961914
sample_17,12549,4774,799195.5932897511,8257939.127407737,692.0553588867188,71.38252258300781
sample_17,12549,4775,799205.5932897511,8257939.127407737,584.3557739257812,134.09156799316406
sample_17,12550,4756,799015.5932897511,8257929.127407737,70.98090362548828,135.90634155273438
sample_17,12550,4757,799025.5932897511,8257929.127407737,76.57569885253906,62.39846420288086
sample_17,12550,4758,799035.5932897511,8257929.127407737,124.36644744873047,108.70781707763672
sample_17,12550,4759,799045.5932897511,8257929.127407737,134.92202758789062,110.48960876464844
sample_17,12550,4760,799055.5932897511,8257929.127407737,119.88259887695312,85.07421112060547
sample_17,12550,4761,799065.5932897511,8257929.127407737,84.92737579345703,114.0697021484375
sample_17,12550,4762,799075.5932897511,8257929.127407737,94.172119140625,155.14962768554688
sample_17,12550,4763,799085.5932897511,8257929.127407737,95.5041732788086,158.6279296875
sample_17,12550,4764,799095.5932897511,8257929.127407737,74.83572387695312,88.02203369140625
sample_17,12550,4765,799105.5932897511,8257929.127407737,155.84568786621094,36.594356536865234
sample_17,12550,4766,799115.5932897511,8257929.127407737,246.6961669921875,28.574237823486328
sample_17,12550,4767,799125.5932897511,8257929.127407737,144.8479461669922,66.52754974365234
sample_17,12550,4768,799135.5932897511,8257929.127407737,129.21029663085938,127.858154296875
sample_17,12550,4769,799145.5932897511,8257929.127407737,238.69776916503906,225.313232421875
sample_17,12550,4770,799155.5932897511,8257929.127407737,624.9388427734375,149.71067810058594
sample_17,12550,4771,799165.5932897511,8257929.127407737,421.6485595703125,73.14555358886719
sample_17,12550,4772,799175.5932897511,8257929.127407737,99.89582824707031,26.718427658081055
sample_17,12550,4773,799185.5932897511,8257929.127407737,186.7826690673828,17.016080856323242
sample_17,12550,4774,799195.5932897511,8257929.127407737,574.2920532226562,26.158754348754883
sample_17,12550,4775,799205.5932897511,8257929.127407737,887.6813354492188,71.99750518798828
sample_17,12551,4756,799015.5932897511,8257919.127407737,62.681800842285156,134.7744598388672
sample_17,12551,4757,799025.5932897511,8257919.127407737,47.301700592041016,115.23892211914062
sample_17,12551,4758,799035.5932897511,8257919.127407737,74.4505615234375,118.5005111694336
sample_17,12551,4759,799045.5932897511,8257919.127407737,226.5933380126953,170.9442138671875
sample_17,12551,4760,799055.5932897511,8257919.127407737,273.8603210449219,155.47975158691406
sample_17,12551,4761,799065.5932897511,8257919.127407737,223.04180908203125,136.99441528320312
sample_17,12551,4762,799075.5932897511,8257919.127407737,154.92344665527344,197.83749389648438
sample_17,12551,4763,799085.5932897511,8257919.127407737,230.6729278564453,189.4984130859375
sample_17,12551,4764,799095.5932897511,8257919.127407737,310.3311462402344,78.25654602050781
sample_17,12551,4765,799105.5932897511,8257919.127407737,189.7066650390625,75.95680236816406
sample_17,12551,4766,799115.5932897511,8257919.127407737,178.302978515625,65.05750274658203
sample_17,12551,4767,799125.5932897511,8257919.127407737,178.42526245117188,110.30289459228516
sample_17,12551,4768,799135.5932897511,8257919.127407737,152.36001586914062,85.23136138916016
sample_17,12551,4769,799145.5932897511,8257919.127407737,186.7642822265625,73.46155548095703
sample_17,12551,4770,799155.5932897511,8257919.127407737,340.125,62.45280456542969
sample_17,12551,4771,799165.5932897511,8257919.127407737,206.06593322753906,62.849727630615234
sample_17,12551,4772,799175.5932897511,8257919.127407737,63.81684494018555,46.24113464355469
sample_17,12551,4773,799185.5932897511,8257919.127407737,4.032203674316406,27.895769119262695
sample_17,12551,4774,799195.5932897511,8257919.127407737,544.250732421875,47.88486862182617
sample_17,12551,4775,799205.5932897511,8257919.127407737,722.54931640625,87.2862777709961
sample_17,12552,4756,799015.5932897511,8257909.127407737,179.1151580810547,134.76629638671875
sample_17,12552,4757,799025.5932897511,8257909.127407737,103.05712127685547,157.98007202148438
sample_17,12552,4758,799035.5932897511,8257909.127407737,122.94953155517578,179.27870178222656
sample_17,12552,4759,799045.5932897511,8257909.127407737,360.58685302734375,212.03515625
sample_17,12552,4760,799055.5932897511,8257909.127407737,495.48394775390625,169.1609649658203
sample_17,12552,4761,799065.5932897511,8257909.127407737,538.4784545898438,97.91206359863281
sample_17,12552,4762,799075.5932897511,8257909.127407737,241.20889282226562,62.68612289428711
sample_17,12552,4763,799085.5932897511,8257909.127407737,226.35182189941406,160.76425170898438
sample_17,12552,4764,799095.5932897511,8257909.127407737,269.9488830566406,166.19935607910156
sample_17,12552,4765,799105.5932897511,8257909.127407737,164.0088348388672,106.15320587158203
sample_17,12552,4766,799115.5932897511,8257909.127407737,328.7414245605469,71.95989990234375
sample_17,12552,4767,799125.5932897511,8257909.127407737,320.2472839355469,42.09654998779297
sample_17,12552,4768,799135.5932897511,8257909.127407737,213.58302307128906,90.71321105957031
sample_17,12552,4769,799145.5932897511,8257909.127407737,222.09483337402344,68.92562103271484
sample_17,12552,4770,799155.5932897511,8257909.127407737,246.2895050048828,48.63553237915039
sample_17,12552,4771,799165.5932897511,8257909.127407737,198.3427276611328,65.70478057861328
sample_17,12552,4772,799175.5932897511,8257909.127407737,62.02322006225586,72.35901641845703
sample_17,12552,4773,799185.5932897511,8257909.127407737,42.139644622802734,60.085060119628906
sample_17,12552,4774,799195.5932897511,8257909.127407737,318.9487609863281,46.262752532958984
sample_17,12552,4775,799205.5932897511,8257909.127407737,423.9710998535156,64.61399841308594
sample_17,12553,4756,799015.5932897511,8257899.127407737,318.2176818847656,57.55985641479492
sample_17,12553,4757,799025.5932897511,8257899.127407737,156.1702880859375,132.81161499023438
sample_17,12553,4758,799035.5932897511,8257899.127407737,196.28207397460938,172.63372802734375
sample_17,12553,4759,799045.5932897511,8257899.127407737,476.2470703125,154.53558349609375
sample_17,12553,4760,799055.5932897511,8257899.127407737,424.0251159667969,79.15460205078125
sample_17,12553,4761,799065.5932897511,8257899.127407737,398.70068359375,40.98689270019531
sample_17,12553,4762,799075.5932897511,8257899.127407737,271.5523376464844,16.432483673095703
sample_17,12553,4763,799085.5932897511,8257899.127407737,255.9362030029297,154.79476928710938
sample_17,12553,4764,799095.5932897511,8257899.127407737,161.99948120117188,192.8452911376953
sample_17,12553,4765,799105.5932897511,8257899.127407737,43.96964645385742,21.765356063842773
sample_17,12553,4766,799115.5932897511,8257899.127407737,1060.086181640625,55.56049728393555
sample_17,12553,4767,799125.5932897511,8257899.127407737,929.1836547851562,70.48294830322266
sample_17,12553,4768,799135.5932897511,8257899.127407737,195.9296112060547,107.56109619140625
sample_17,12553,4769,799145.5932897511,8257899.127407737,270.83392333984375,72.36783599853516
sample_17,12553,4770,799155.5932897511,8257899.127407737,435.1184997558594,62.78858947753906
sample_17,12553,4771,799165.5932897511,8257899.127407737,640.6952514648438,77.40645599365234
sample_17,12553,4772,799175.5932897511,8257899.127407737,621.6115112304688,125.12196350097656
sample_17,12553,4773,799185.5932897511,8257899.127407737,416.2640380859375,101.18223571777344
sample_17,12553,4774,799195.5932897511,8257899.127407737,208.378173828125,35.92112731933594
sample_17,12553,4775,799205.5932897511,8257899.127407737,339.8370056152344,40.363773345947266
sample_17,12554,4756,799015.5932897511,8257889.127407737,353.1920471191406,43.22134780883789
sample_17,12554,4757,799025.5932897511,8257889.127407737,209.57461547851562,33.508811950683594
sample_17,12554,4758,799035.5932897511,8257889.127407737,174.50160217285156,48.418365478515625
sample_17,12554,4759,799045.5932897511,8257889.127407737,244.9113311767578,59.72903823852539
sample_17,12554,4760,799055.5932897511,8257889.127407737,264.3907165527344,38.46224594116211
sample_17,12554,4761,799065.5932897511,8257889.127407737,341.7950744628906,56.84720993041992
sample_17,12554,4762,799075.5932897511,8257889.127407737,366.8503723144531,61.626251220703125
sample_17,12554,4763,799085.5932897511,8257889.127407737,407.2569580078125,32.43057632446289
sample_17,12554,4764,799095.5932897511,8257889.127407737,220.32249450683594,88.95309448242188
sample_17,12554,4765,799105.5932897511,8257889.127407737,321.9245300292969,85.30589294433594
sample_17,12554,4766,799115.5932897511,8257889.127407737,1427.501953125,97.16136169433594
sample_17,12554,4767,799125.5932897511,8257889.127407737,977.9688720703125,83.61663818359375
sample_17,12554,4768,799135.5932897511,8257889.127407737,189.9005126953125,83.1028060913086
sample_17,12554,4769,799145.5932897511,8257889.127407737,261.5644226074219,55.62409591674805
sample_17,12554,4770,799155.5932897511,8257889.127407737,404.6007385253906,70.98748779296875
sample_17,12554,4771,799165.5932897511,8257889.127407737,707.0859375,89.88384246826172
sample_17,12554,4772,799175.5932897511,8257889.127407737,1187.7396240234375,105.44458770751953
sample_17,12554,4773,799185.5932897511,8257889.127407737,694.4685668945312,87.6414566040039
sample_17,12554,4774,799195.5932897511,8257889.127407737,290.5093688964844,29.032928466796875
sample_17,12554,4775,799205.5932897511,8257889.127407737,608.9556884765625,18.74979591369629
sample_17,12555,4756,799015.5932897511,8257879.127407737,285.7042541503906,158.4705810546875
sample_17,12555,4757,799025.5932897511,8257879.127407737,230.21636962890625,140.69058227539062
sample_17,12555,4758,799035.5932897511,8257879.127407737,196.42044067382812,65.2198257446289
sample_17,12555,4759,799045.5932897511,8257879.127407737,165.57830810546875,41.09926986694336
sample_17,12555,4760,799055.5932897511,8257879.127407737,156.7058868408203,46.021240234375
sample_17,12555,4761,799065.5932897511,8257879.127407737,362.06951904296875,139.8040771484375
sample_17,12555,4762,799075.5932897511,8257879.127407737,317.56756591796875,190.9701690673828
sample_17,12555,4763,799085.5932897511,8257879.127407737,136.6090087890625,193.1597137451172
sample_17,12555,4764,799095.5932897511,8257879.127407737,121.03828430175781,127.97213745117188
sample_17,12555,4765,799105.5932897511,8257879.127407737,382.5530700683594,137.54421997070312
sample_17,12555,4766,799115.5932897511,8257879.127407737,1256.344482421875,159.1597442626953
sample_17,12555,4767,799125.5932897511,8257879.127407737,617.8260498046875,53.307167053222656
sample_17,12555,4768,799135.5932897511,8257879.127407737,277.80279541015625,37.952213287353516
sample_17,12555,4769,799145.5932897511,8257879.127407737,458.56768798828125,57.22064208984375
sample_17,12555,4770,799155.5932897511,8257879.127407737,347.6004943847656,65.15201568603516
sample_17,12555,4771,799165.5932897511,8257879.127407737,694.18310546875,67.29521179199219
sample_17,12555,4772,799175.5932897511,8257879.127407737,1658.1102294921875,21.868762969970703
sample_17,12555,4773,799185.5932897511,8257879.127407737,726.9021606445312,28.63436508178711
sample_17,12555,4774,799195.5932897511,8257879.127407737,221.93399047851562,24.14354133605957
sample_17,12555,4775,799205.5932897511,8257879.127407737,448.34747314453125,8.231579780578613
sample_17,12556,4756,799015.5932897511,8257869.127407737,175.17147827148438,232.49708557128906
sample_17,12556,4757,799025.5932897511,8257869.127407737,224.99273681640625,116.40678405761719
sample_17,12556,4758,799035.5932897511,8257869.127407737,274.2870178222656,64.04684448242188
sample_17,12556,4759,799045.5932897511,8257869.127407737,175.77069091796875,72.77689361572266
sample_17,12556,4760,799055.5932897511,8257869.127407737,167.10935974121094,74.7229232788086
sample_17,12556,4761,799065.5932897511,8257869.127407737,344.29730224609375,131.17071533203125
sample_17,12556,4762,799075.5932897511,8257869.127407737,287.3636169433594,176.6441192626953
sample_17,12556,4763,799085.5932897511,8257869.127407737,114.74480438232422,201.89984130859375
sample_17,12556,4764,799095.5932897511,8257869.127407737,79.0107421875,139.32810974121094
sample_17,12556,4765,799105.5932897511,8257869.127407737,49.27602005004883,194.38485717773438
sample_17,12556,4766,799115.5932897511,8257869.127407737,203.74960327148438,224.22799682617188
sample_17,12556,4767,799125.5932897511,8257869.127407737,151.98709106445312,93.168701171875
sample_17,12556,4768,799135.5932897511,8257869.127407737,319.8460388183594,88.16667175292969
sample_17,12556,4769,799145.5932897511,8257869.127407737,495.3405456542969,97.74064636230469
sample_17,12556,4770,799155.5932897511,8257869.127407737,232.1449737548828,53.807151794433594
sample_17,12556,4771,799165.5932897511,8257869.127407737,159.2241668701172,65.07498168945312
sample_17,12556,4772,799175.5932897511,8257869.127407737,504.20086669921875,86.31784057617188
sample_17,12556,4773,799185.5932897511,8257869.127407737,554.7077026367188,99.62144470214844
sample_17,12556,4774,799195.5932897511,8257869.127407737,276.1939392089844,57.72126770019531
sample_17,12556,4775,799205.5932897511,8257869.127407737,198.055908203125,30.69000816345215
sample_17,12557,4756,799015.5932897511,8257859.127407737,202.8466796875,152.34217834472656
sample_17,12557,4757,799025.5932897511,8257859.127407737,257.8581237792969,54.10493850708008
sample_17,12557,4758,799035.5932897511,8257859.127407737,464.0757751464844,40.2802734375
sample_17,12557,4759,799045.5932897511,8257859.127407737,207.74122619628906,241.7240447998047
sample_17,12557,4760,799055.5932897511,8257859.127407737,135.99951171875,221.16412353515625
sample_17,12557,4761,799065.5932897511,8257859.127407737,238.0926055908203,121.3587875366211
sample_17,12557,4762,799075.5932897511,8257859.127407737,381.9174499511719,113.00347900390625
sample_17,12557,4763,799085.5932897511,8257859.127407737,245.14471435546875,127.30342102050781
sample_17,12557,4764,799095.5932897511,8257859.127407737,62.2217903137207,122.23513793945312
sample_17,12557,4765,799105.5932897511,8257859.127407737,58.45742416381836,172.81495666503906
sample_17,12557,4766,799115.5932897511,8257859.127407737,72.48775482177734,161.04461669921875
sample_17,12557,4767,799125.5932897511,8257859.127407737,101.48129272460938,63.389747619628906
sample_17,12557,4768,799135.5932897511,8257859.127407737,321.3399353027344,139.81747436523438
sample_17,12557,4769,799145.5932897511,8257859.127407737,460.3047180175781,161.64268493652344
sample_17,12557,4770,799155.5932897511,8257859.127407737,316.089599609375,98.20079040527344
sample_17,12557,4771,799165.5932897511,8257859.127407737,186.1546630859375,73.39395904541016
sample_17,12557,4772,799175.5932897511,8257859.127407737,224.87225341796875,77.85592651367188
sample_17,12557,4773,799185.5932897511,8257859.127407737,514.22607421875,108.50772857666016
sample_17,12557,4774,799195.5932897511,8257859.127407737,244.80276489257812,80.8075180053711
sample_17,12557,4775,799205.5932897511,8257859.127407737,128.20677185058594,61.75934982299805
sample_17,12558,4756,799015.5932897511,8257849.127407737,382.7466125488281,47.63554382324219
sample_17,12558,4757,799025.5932897511,8257849.127407737,232.38404846191406,41.65953826904297
sample_17,12558,4758,799035.5932897511,8257849.127407737,226.61183166503906,98.88493347167969
sample_17,12558,4759,799045.5932897511,8257849.127407737,227.3873748779297,352.9234619140625
sample_17,12558,4760,799055.5932897511,8257849.127407737,118.89514923095703,254.76373291015625
sample_17,12558,4761,799065.5932897511,8257849.127407737,190.92501831054688,90.65933227539062
sample_17,12558,4762,799075.5932897511,8257849.127407737,662.01513671875,28.269195556640625
sample_17,12558,4763,799085.5932897511,8257849.127407737,352.52362060546875,57.53676986694336
sample_17,12558,4764,799095.5932897511,8257849.127407737,36.49018478393555,119.0515365600586
sample_17,12558,4765,799105.5932897511,8257849.127407737,49.457496643066406,215.27523803710938
sample_17,12558,4766,799115.5932897511,8257849.127407737,167.91757202148438,110.06352233886719
sample_17,12558,4767,799125.5932897511,8257849.127407737,209.00726318359375,26.592697143554688
sample_17,12558,4768,799135.5932897511,8257849.127407737,189.89089965820312,98.31206512451172
sample_17,12558,4769,799145.5932897511,8257849.127407737,239.43359375,103.54155731201172
sample_17,12558,4770,799155.5932897511,8257849.127407737,226.71182250976562,81.61671447753906
sample_17,12558,4771,799165.5932897511,8257849.127407737,133.67938232421875,65.81424713134766
sample_17,12558,4772,799175.5932897511,8257849.127407737,103.26771545410156,47.024566650390625
sample_17,12558,4773,799185.5932897511,8257849.127407737,91.60070037841797,18.06184196472168
sample_17,12558,4774,799195.5932897511,8257849.127407737,138.96624755859375,45.94392776489258
sample_17,12558,4775,799205.5932897511,8257849.127407737,129.37567138671875,50.42251968383789
sample_17,12559,4756,799015.5932897511,8257839.127407737,369.1286315917969,61.360164642333984
sample_17,12559,4757,799025.5932897511,8257839.127407737,195.3955535888672,69.59060668945312
sample_17,12559,4758,799035.5932897511,8257839.127407737,186.0246124267578,136.7254180908203
sample_17,12559,4759,799045.5932897511,8257839.127407737,346.27490234375,343.100830078125
sample_17,12559,4760,799055.5932897511,8257839.127407737,153.53094482421875,182.02381896972656
sample_17,12559,4761,799065.5932897511,8257839.127407737,209.1055450439453,62.41587448120117
sample_17,12559,4762,799075.5932897511,8257839.127407737,551.2564697265625,16.54418182373047
sample_17,12559,4763,799085.5932897511,8257839.127407737,236.76136779785156,47.85209655761719
sample_17,12559,4764,799095.5932897511,8257839.127407737,32.86656951904297,127.30592346191406
sample_17,12559,4765,799105.5932897511,8257839.127407737,23.59847068786621,308.809814453125
sample_17,12559,4766,799115.5932897511,8257839.127407737,335.4378356933594,113.48131561279297
sample_17,12559,4767,799125.5932897511,8257839.127407737,316.0406799316406,26.252962112426758
sample_17,12559,4768,799135.5932897511,8257839.127407737,89.0731430053711,73.6421890258789
sample_17,12559,4769,799145.5932897511,8257839.127407737,127.96762084960938,60.77289581298828
sample_17,12559,4770,799155.5932897511,8257839.127407737,113.0146255493164,55.911773681640625
sample_17,12559,4771,799165.5932897511,8257839.127407737,32.83570861816406,69.02125549316406
sample_17,12559,4772,799175.5932897511,8257839.127407737,85.03622436523438,109.77888488769531
sample_17,12559,4773,799185.5932897511,8257839.127407737,117.53295135498047,144.54843139648438
sample_17,12559,4774,799195.5932897511,8257839.127407737,151.2311553955078,178.2786102294922
sample_17,12559,4775,799205.5932897511,8257839.127407737,117.2980728149414,123.34336853027344
sample_17,12560,4756,799015.5932897511,8257829.127407737,273.0856628417969,65.07406616210938
sample_17,12560,4757,799025.5932897511,8257829.127407737,184.6085205078125,120.1470947265625
sample_17,12560,4758,799035.5932897511,8257829.127407737,264.4963684082031,78.01365661621094
sample_17,12560,4759,799045.5932897511,8257829.127407737,301.0765686035156,90.46288299560547
sample_17,12560,4760,799055.5932897511,8257829.127407737,97.99727630615234,85.06693267822266
sample_17,12560,4761,799065.5932897511,8257829.127407737,212.18536376953125,43.14356994628906
sample_17,12560,4762,799075.5932897511,8257829.127407737,326.9722595214844,25.142457962036133
sample_17,12560,4763,799085.5932897511,8257829.127407737,134.08206176757812,56.528099060058594
sample_17,12560,4764,799095.5932897511,8257829.127407737,62.11996078491211,44.25312423706055
sample_17,12560,4765,799105.5932897511,8257829.127407737,65.2174072265625,76.76016235351562
sample_17,12560,4766,799115.5932897511,8257829.127407737,225.17990112304688,62.187931060791016
sample_17,12560,4767,799125.5932897511,8257829.127407737,381.60223388671875,45.36191177368164
sample_17,12560,4768,799135.5932897511,8257829.127407737,273.3080139160156,53.63750076293945
sample_17,12560,4769,799145.5932897511,8257829.127407737,148.65000915527344,37.50367736816406
sample_17,12560,4770,799155.5932897511,8257829.127407737,65.34749603271484,19.15532684326172
sample_17,12560,4771,799165.5932897511,8257829.127407737,179.1858673095703,23.831483840942383
sample_17,12560,4772,799175.5932897511,8257829.127407737,660.6300659179688,62.28136444091797
sample_17,12560,4773,799185.5932897511,8257829.127407737,408.1011047363281,142.11105346679688
sample_17,12560,4774,799195.5932897511,8257829.127407737,187.680419921875,244.4127960205078
sample_17,12560,4775,799205.5932897511,8257829.127407737,190.0244598388672,275.9469909667969
sample_17,12561,4756,799015.5932897511,8257819.127407737,156.67327880859375,73.71781921386719
sample_17,12561,4757,799025.5932897511,8257819.127407737,146.94313049316406,164.87339782714844
sample_17,12561,4758,799035.5932897511,8257819.127407737,335.8197326660156,137.5480499267578
sample_17,12561,4759,799045.5932897511,8257819.127407737,290.0854797363281,118.66893005371094
sample_17,12561,4760,799055.5932897511,8257819.127407737,64.81671905517578,117.5252914428711
sample_17,12561,4761,799065.5932897511,8257819.127407737,244.13771057128906,39.88154220581055
sample_17,12561,4762,799075.5932897511,8257819.127407737,245.40252685546875,16.51265525817871
sample_17,12561,4763,799085.5932897511,8257819.127407737,92.98033905029297,45.549842834472656
sample_17,12561,4764,799095.5932897511,8257819.127407737,48.805763244628906,18.635276794433594
sample_17,12561,4765,799105.5932897511,8257819.127407737,78.61711883544922,17.37765884399414
sample_17,12561,4766,799115.5932897511,8257819.127407737,144.06048583984375,54.11906433105469
sample_17,12561,4767,799125.5932897511,8257819.127407737,607.1087036132812,73.22687530517578
sample_17,12561,4768,799135.5932897511,8257819.127407737,850.5458374023438,79.93415832519531
sample_17,12561,4769,799145.5932897511,8257819.127407737,655.9108276367188,100.22156524658203
sample_17,12561,4770,799155.5932897511,8257819.127407737,388.72320556640625,37.41954040527344
sample_17,12561,4771,799165.5932897511,8257819.127407737,639.7166748046875,12.496453285217285
sample_17,12561,4772,799175.5932897511,8257819.127407737,1424.58935546875,12.639177322387695
sample_17,12561,4773,799185.5932897511,8257819.127407737,710.6911010742188,15.340725898742676
sample_17,12561,4774,799195.5932897511,8257819.127407737,244.8490753173828,69.08692169189453
sample_17,12561,4775,799205.5932897511,8257819.127407737,130.416015625,154.04241943359375
sample_17,12562,4756,799015.5932897511,8257809.127407737,172.2917022705078,90.34374237060547
sample_17,12562,4757,799025.5932897511,8257809.127407737,232.76962280273438,102.694091796875
sample_17,12562,4758,799035.5932897511,8257809.127407737,302.6817626953125,112.9732666015625
sample_17,12562,4759,799045.5932897511,8257809.127407737,243.73587036132812,158.13914489746094
sample_17,12562,4760,799055.5932897511,8257809.127407737,149.5472412109375,180.5836639404297
sample_17,12562,4761,799065.5932897511,8257809.127407737,339.4516296386719,77.70802307128906
sample_17,12562,4762,799075.5932897511,8257809.127407737,211.75296020507812,91.88790893554688
sample_17,12562,4763,799085.5932897511,8257809.127407737,59.133358001708984,132.1019744873047
sample_17,12562,4764,799095.5932897511,8257809.127407737,33.70274353027344,139.32046508789062
sample_17,12562,4765,799105.5932897511,8257809.127407737,132.16812133789062,44.407798767089844
sample_17,12562,4766,799115.5932897511,8257809.127407737,258.8426513671875,38.552616119384766
sample_17,12562,4767,799125.5932897511,8257809.127407737,394.0113830566406,137.4857940673828
sample_17,12562,4768,799135.5932897511,8257809.127407737,775.6400146484375,151.68539428710938
sample_17,12562,4769,799145.5932897511,8257809.127407737,869.9691162109375,131.58387756347656
sample_17,12562,4770,799155.5932897511,8257809.127407737,508.6656494140625,42.344383239746094
sample_17,12562,4771,799165.5932897511,8257809.127407737,1004.4938354492188,35.671817779541016
sample_17,12562,4772,799175.5932897511,8257809.127407737,1540.39794921875,47.751529693603516
sample_17,12562,4773,799185.5932897511,8257809.127407737,772.6279296875,83.16390991210938
sample_17,12562,4774,799195.5932897511,8257809.127407737,373.6872253417969,85.30364990234375
sample_17,12562,4775,799205.5932897511,8257809.127407737,218.22288513183594,96.93003845214844
sample_18,13292,8903,840485.5932897511,8250509.127407737,20.660682678222656,76.45954132080078
sample_18,13292,8904,840495.5932897511,8250509.127407737,49.0999870300293,64.84760284423828
sample_18,13292,8905,840505.5932897511,8250509.127407737,176.41091918945312,25.9176025390625
sample_18,13292,8906,840515.5932897511,8250509.127407737,283.9297790527344,79.36172485351562
sample_18,13292,8907,840525.5932897511,8250509.127407737,353.4327697753906,208.58865356445312
sample_18,13292,8908,840535.5932897511,8250509.127407737,448.8691711425781,422.11224365234375
sample_18,13292,8909,840545.5932897511,8250509.127407737,376.05767822265625,505.2183532714844
sample_18,13292,8910,840555.5932897511,8250509.127407737,103.69042205810547,185.71368408203125
sample_18,13292,8911,840565.5932897511,8250509.127407737,56.09075927734375,77.14752960205078
sample_18,13292,8912,840575.5932897511,8250509.127407737,47.19324493408203,32.81436538696289
sample_18,13292,8913,840585.5932897511,8250509.127407737,61.57027053833008,64.52349853515625
sample_18,13292,8914,840595.5932897511,8250509.127407737,94.71189880371094,66.96662139892578
sample_18,13292,8915,840605.5932897511,8250509.127407737,197.37509155273438,103.03008270263672
sample_18,13292,8916,840615.5932897511,8250509.127407737,226.86196899414062,175.92941284179688
sample_18,13292,8917,840625.5932897511,8250509.127407737,213.85211181640625,148.9305877685547
sample_18,13292,8918,840635.5932897511,8250509.127407737,196.2923583984375,20.061662673950195
sample_18,13292,8919,840645.5932897511,8250509.127407737,388.683837890625,22.92496109008789
sample_18,13292,8920,840655.5932897511,8250509.127407737,395.0712585449219,60.52193069458008
sample_18,13292,8921,840665.5932897511,8250509.127407737,113.6611099243164,180.88632202148438
sample_18,13292,8922,840675.5932897511,8250509.127407737,101.72828674316406,155.14596557617188
sample_18,13293,8903,840485.5932897511,8250499.127407737,76.29783630371094,72.99625396728516
sample_18,13293,8904,840495.5932897511,8250499.127407737,95.47653198242188,67.39898681640625
sample_18,13293,8905,840505.5932897511,8250499.127407737,162.05274963378906,46.75548553466797
sample_18,13293,8906,840515.5932897511,8250499.127407737,159.9331512451172,83.18668365478516
sample_18,13293,8907,840525.5932897511,8250499.127407737,207.4263153076172,145.272216796875
sample_18,13293,8908,840535.5932897511,8250499.127407737,332.8721618652344,215.15951538085938
sample_18,13293,8909,840545.5932897511,8250499.127407737,274.0277099609375,267.3935241699219
sample_18,13293,8910,840555.5932897511,8250499.127407737,35.001953125,234.7363739013672
sample_18,13293,8911,840565.5932897511,8250499.127407737,18.930339813232422,194.7619171142578
sample_18,13293,8912,840575.5932897511,8250499.127407737,19.487905502319336,129.72605895996094
sample_18,13293,8913,840585.5932897511,8250499.127407737,28.3448543548584,82.45223236083984
sample_18,13293,8914,840595.5932897511,8250499.127407737,28.87113380432129,61.18056869506836
sample_18,13293,8915,840605.5932897511,8250499.127407737,52.318328857421875,52.57788848876953
sample_18,13293,8916,840615.5932897511,8250499.127407737,150.14389038085938,126.04527282714844
sample_18,13293,8917,840625.5932897511,8250499.127407737,179.83938598632812,99.92958068847656
sample_18,13293,8918,840635.5932897511,8250499.127407737,206.13768005371094,27.052932739257812
sample_18,13293,8919,840645.5932897511,8250499.127407737,426.29937744140625,44.45942306518555
sample_18,13293,8920,840655.5932897511,8250499.127407737,371.4026794433594,95.65215301513672
sample_18,13293,8921,840665.5932897511,8250499.127407737,18.562210083007812,208.21470642089844
sample_18,13293,8922,840675.5932897511,8250499.127407737,43.6641845703125,233.01881408691406
sample_18,13294,8903,840485.5932897511,8250489.127407737,219.1749725341797,121.6205825805664
sample_18,13294,8904,840495.5932897511,8250489.127407737,264.3815612792969,89.89054870605469
sample_18,13294,8905,840505.5932897511,8250489.127407737,296.6952819824219,78.70545196533203
sample_18,13294,8906,840515.5932897511,8250489.127407737,207.2165985107422,109.30168914794922
sample_18,13294,8907,840525.5932897511,8250489.127407737,109.03309631347656,84.87651824951172
sample_18,13294,8908,840535.5932897511,8250489.127407737,52.903221130371094,32.8121337890625
sample_18,13294,8909,840545.5932897511,8250489.127407737,140.8344268798828,194.08119201660156
sample_18,13294,8910,840555.5932897511,8250489.127407737,221.81689453125,318.44732666015625
sample_18,13294,8911,840565.5932897511,8250489.127407737,336.9949645996094,389.9028015136719
sample_18,13294,8912,840575.5932897511,8250489.127407737,160.4430694580078,256.8026123046875
sample_18,13294,8913,840585.5932897511,8250489.127407737,33.75497055053711,118.61447143554688
sample_18,13294,8914,840595.5932897511,8250489.127407737,19.491811752319336,106.26004791259766
sample_18,13294,8915,840605.5932897511,8250489.127407737,41.504417419433594,117.69795227050781
sample_18,13294,8916,840615.5932897511,8250489.127407737,94.9570541381836,148.07627868652344
sample_18,13294,8917,840625.5932897511,8250489.127407737,107.42650604248047,130.6123046875
sample_18,13294,8918,840635.5932897511,8250489.127407737,177.3399658203125,86.67230987548828
sample_18,13294,8919,840645.5932897511,8250489.127407737,337.0374755859375,80.30016326904297
sample_18,13294,8920,840655.5932897511,8250489.127407737,211.6583251953125,100.5355224609375
sample_18,13294,8921,840665.5932897511,8250489.127407737,31.138654708862305,150.34071350097656
sample_18,13294,8922,840675.5932897511,8250489.127407737,61.795982360839844,232.6856231689453
sample_18,13295,8903,840485.5932897511,8250479.127407737,102.94087219238281,42.03195571899414
sample_18,13295,8904,840495.5932897511,8250479.127407737,201.57191467285156,66.38216400146484
sample_18,13295,8905,840505.5932897511,8250479.127407737,298.22271728515625,117.22987365722656
sample_18,13295,8906,840515.5932897511,8250479.127407737,336.3808288574219,184.79278564453125
sample_18,13295,8907,840525.5932897511,8250479.127407737,224.0280303955078,100.75377655029297
sample_18,13295,8908,840535.5932897511,8250479.127407737,102.74066925048828,40.86728286743164
sample_18,13295,8909,840545.5932897511,8250479.127407737,135.84703063964844,115.14373779296875
sample_18,13295,8910,840555.5932897511,8250479.127407737,348.2000732421875,275.12811279296875
sample_18,13295,8911,840565.5932897511,8250479.127407737,655.919677734375,482.3756408691406
sample_18,13295,8912,840575.5932897511,8250479.127407737,324.9582214355469,375.13970947265625
sample_18,13295,8913,840585.5932897511,8250479.127407737,92.45956420898438,222.29283142089844
sample_18,13295,8914,840595.5932897511,8250479.127407737,31.46247673034668,112.64981842041016
sample_18,13295,8915,840605.5932897511,8250479.127407737,33.224571228027344,152.25086975097656
sample_18,13295,8916,840615.5932897511,8250479.127407737,44.55020523071289,190.8538818359375
sample_18,13295,8917,840625.5932897511,8250479.127407737,35.266109466552734,211.4326934814453
sample_18,13295,8918,840635.5932897511,8250479.127407737,101.96573638916016,144.03634643554688
sample_18,13295,8919,840645.5932897511,8250479.127407737,229.976318359375,59.438560485839844
sample_18,13295,8920,840655.5932897511,8250479.127407737,132.26422119140625,112.06415557861328
sample_18,13295,8921,840665.5932897511,8250479.127407737,86.2310562133789,160.61862182617188
sample_18,13295,8922,840675.5932897511,8250479.127407737,128.52806091308594,234.33937072753906
sample_18,13296,8903,840485.5932897511,8250469.127407737,190.432861328125,24.702756881713867
sample_18,13296,8904,840495.5932897511,8250469.127407737,134.8905792236328,41.40160369873047
sample_18,13296,8905,840505.5932897511,8250469.127407737,106.10747528076172,191.55160522460938
sample_18,13296,8906,840515.5932897511,8250469.127407737,196.54379272460938,354.8595886230469
sample_18,13296,8907,840525.5932897511,8250469.127407737,288.61187744140625,185.6573486328125
sample_18,13296,8908,840535.5932897511,8250469.127407737,251.3916473388672,74.36686706542969
sample_18,13296,8909,840545.5932897511,8250469.127407737,188.1345672607422,36.63105010986328
sample_18,13296,8910,840555.5932897511,8250469.127407737,363.39215087890625,115.03960418701172
sample_18,13296,8911,840565.5932897511,8250469.127407737,520.9182739257812,195.8570556640625
sample_18,13296,8912,840575.5932897511,8250469.127407737,195.78204345703125,127.73657989501953
sample_18,13296,8913,840585.5932897511,8250469.127407737,60.97269058227539,99.89344787597656
sample_18,13296,8914,840595.5932897511,8250469.127407737,16.594274520874023,70.20189666748047
sample_18,13296,8915,840605.5932897511,8250469.127407737,22.07356834411621,155.9627227783203
sample_18,13296,8916,840615.5932897511,8250469.127407737,25.986570358276367,248.9752197265625
sample_18,13296,8917,840625.5932897511,8250469.127407737,20.96564292907715,290.8849792480469
sample_18,13296,8918,840635.5932897511,8250469.127407737,55.71220779418945,245.44166564941406
sample_18,13296,8919,840645.5932897511,8250469.127407737,115.7254867553711,177.34658813476562
sample_18,13296,8920,840655.5932897511,8250469.127407737,118.81995391845703,160.8297119140625
sample_18,13296,8921,840665.5932897511,8250469.127407737,164.38946533203125,215.4832305908203
sample_18,13296,8922,840675.5932897511,8250469.127407737,249.57208251953125,194.93423461914062
sample_18,13297,8903,840485.5932897511,8250459.127407737,544.0360717773438,51.16472244262695
sample_18,13297,8904,840495.5932897511,8250459.127407737,506.1080627441406,48.03305435180664
sample_18,13297,8905,840505.5932897511,8250459.127407737,240.36111450195312,170.04319763183594
sample_18,13297,8906,840515.5932897511,8250459.127407737,194.26663208007812,296.9765930175781
sample_18,13297,8907,840525.5932897511,8250459.127407737,442.2497863769531,251.5004425048828
sample_18,13297,8908,840535.5932897511,8250459.127407737,409.2190856933594,122.67986297607422
sample_18,13297,8909,840545.5932897511,8250459.127407737,310.6473388671875,16.9852352142334
sample_18,13297,8910,840555.5932897511,8250459.127407737,187.51214599609375,40.8420524597168
sample_18,13297,8911,840565.5932897511,8250459.127407737,220.2212371826172,90.58918762207031
sample_18,13297,8912,840575.5932897511,8250459.127407737,151.8932647705078,82.52839660644531
sample_18,13297,8913,840585.5932897511,8250459.127407737,79.82086944580078,45.014190673828125
sample_18,13297,8914,840595.5932897511,8250459.127407737,17.398956298828125,32.219749450683594
sample_18,13297,8915,840605.5932897511,8250459.127407737,4.810630798339844,49.581138610839844
sample_18,13297,8916,840615.5932897511,8250459.127407737,40.20454406738281,95.65826416015625
sample_18,13297,8917,840625.5932897511,8250459.127407737,62.704124450683594,182.2686767578125
sample_18,13297,8918,840635.5932897511,8250459.127407737,53.660343170166016,358.7080078125
sample_18,13297,8919,840645.5932897511,8250459.127407737,91.94352722167969,296.6873779296875
sample_18,13297,8920,840655.5932897511,8250459.127407737,173.8926239013672,194.60023498535156
sample_18,13297,8921,840665.5932897511,8250459.127407737,208.59234619140625,428.78411865234375
sample_18,13297,8922,840675.5932897511,8250459.127407737,254.6698455810547,394.4916076660156
sample_18,13298,8903,840485.5932897511,8250449.127407737,521.8311157226562,34.43742370605469
sample_18,13298,8904,840495.5932897511,8250449.127407737,467.24395751953125,30.588674545288086
sample_18,13298,8905,840505.5932897511,8250449.127407737,304.1137390136719,109.18865966796875
sample_18,13298,8906,840515.5932897511,8250449.127407737,290.7949523925781,233.9915008544922
sample_18,13298,8907,840525.5932897511,8250449.127407737,647.7135009765625,370.8515930175781
sample_18,13298,8908,840535.5932897511,8250449.127407737,408.8800354003906,204.162109375
sample_18,13298,8909,840545.5932897511,8250449.127407737,231.5349578857422,123.46881103515625
sample_18,13298,8910,840555.5932897511,8250449.127407737,94.0188217163086,155.92315673828125
sample_18,13298,8911,840565.5932897511,8250449.127407737,218.8423309326172,148.05943298339844
sample_18,13298,8912,840575.5932897511,8250449.127407737,301.7355651855469,171.94358825683594
sample_18,13298,8913,840585.5932897511,8250449.127407737,198.12269592285156,91.23591613769531
sample_18,13298,8914,840595.5932897511,8250449.127407737,99.52743530273438,68.06718444824219
sample_18,13298,8915,840605.5932897511,8250449.127407737,4.581019401550293,70.82210540771484
sample_18,13298,8916,840615.5932897511,8250449.127407737,38.6439208984375,39.689090728759766
sample_18,13298,8917,840625.5932897511,8250449.127407737,80.0931167602539,144.05392456054688
sample_18,13298,8918,840635.5932897511,8250449.127407737,97.06764221191406,512.259765625
sample_18,13298,8919,840645.5932897511,8250449.127407737,149.26864624023438,338.458251953125
sample_18,13298,8920,840655.5932897511,8250449.127407737,203.13441467285156,154.0621795654297
sample_18,13298,8921,840665.5932897511,8250449.127407737,220.82350158691406,382.53179931640625
sample_18,13298,8922,840675.5932897511,8250449.127407737,253.4972381591797,326.5477294921875
sample_18,13299,8903,840485.5932897511,8250439.127407737,480.1825866699219,96.25724792480469
sample_18,13299,8904,840495.5932897511,8250439.127407737,368.208984375,64.5648422241211
sample_18,13299,8905,840505.5932897511,8250439.127407737,454.422607421875,36.82477569580078
sample_18,13299,8906,840515.5932897511,8250439.127407737,306.56121826171875,180.3562774658203
sample_18,13299,8907,840525.5932897511,8250439.127407737,312.600830078125,285.1947021484375
sample_18,13299,8908,840535.5932897511,8250439.127407737,428.005859375,148.82269287109375
sample_18,13299,8909,840545.5932897511,8250439.127407737,283.2337951660156,205.22218322753906
sample_18,13299,8910,840555.5932897511,8250439.127407737,126.59329223632812,355.013671875
sample_18,13299,8911,840565.5932897511,8250439.127407737,547.8348999023438,278.6917419433594
sample_18,13299,8912,840575.5932897511,8250439.127407737,683.7769165039062,339.4349365234375
sample_18,13299,8913,840585.5932897511,8250439.127407737,555.759765625,487.65667724609375
sample_18,13299,8914,840595.5932897511,8250439.127407737,224.0483856201172,220.14344787597656
sample_18,13299,8915,840605.5932897511,8250439.127407737,13.019015312194824,69.97346496582031
sample_18,13299,8916,840615.5932897511,8250439.127407737,14.408373832702637,45.78784942626953
sample_18,13299,8917,840625.5932897511,8250439.127407737,45.39912414550781,69.00819396972656
sample_18,13299,8918,840635.5932897511,8250439.127407737,96.64810943603516,222.18385314941406
sample_18,13299,8919,840645.5932897511,8250439.127407737,211.5970916748047,165.20126342773438
sample_18,13299,8920,840655.5932897511,8250439.127407737,230.96388244628906,122.52259826660156
sample_18,13299,8921,840665.5932897511,8250439.127407737,199.36634826660156,237.12954711914062
sample_18,13299,8922,840675.5932897511,8250439.127407737,229.29954528808594,150.92300415039062
sample_18,13300,8903,840485.5932897511,8250429.127407737,368.9184875488281,284.39544677734375
sample_18,13300,8904,840495.5932897511,8250429.127407737,224.19898986816406,198.06080627441406
sample_18,13300,8905,840505.5932897511,8250429.127407737,224.0934295654297,54.045989990234375
sample_18,13300,8906,840515.5932897511,8250429.127407737,147.93077087402344,128.84027099609375
sample_18,13300,8907,840525.5932897511,8250429.127407737,247.67984008789062,182.5066680908203
sample_18,13300,8908,840535.5932897511,8250429.127407737,593.1095581054688,101.0277328491211
sample_18,13300,8909,840545.5932897511,8250429.127407737,395.7120056152344,240.27561950683594
sample_18,13300,8910,840555.5932897511,8250429.127407737,186.6804962158203,415.0389099121094
sample_18,13300,8911,840565.5932897511,8250429.127407737,313.37860107421875,431.8310852050781
sample_18,13300,8912,840575.5932897511,8250429.127407737,504.62384033203125,576.3711547851562
sample_18,13300,8913,840585.5932897511,8250429.127407737,589.7733764648438,765.5491333007812
sample_18,13300,8914,840595.5932897511,8250429.127407737,235.81289672851562,271.0467224121094
sample_18,13300,8915,840605.5932897511,8250429.127407737,33.836708068847656,56.35850143432617
sample_18,13300,8916,840615.5932897511,8250429.127407737,43.547119140625,108.47412109375
sample_18,13300,8917,840625.5932897511,8250429.127407737,105.84752655029297,68.74504852294922
sample_18,13300,8918,840635.5932897511,8250429.127407737,178.5199432373047,91.01307678222656
sample_18,13300,8919,840645.5932897511,8250429.127407737,296.40313720703125,142.2377166748047
sample_18,13300,8920,840655.5932897511,8250429.127407737,238.6503448486328,100.62987518310547
sample_18,13300,8921,840665.5932897511,8250429.127407737,147.83180236816406,81.21926879882812
sample_18,13300,8922,840675.5932897511,8250429.127407737,355.6226501464844,81.007568359375
sample_18,13301,8903,840485.5932897511,8250419.127407737,106.32865142822266,549.2330322265625
sample_18,13301,8904,840495.5932897511,8250419.127407737,122.32654571533203,272.4161682128906
sample_18,13301,8905,840505.5932897511,8250419.127407737,112.57920837402344,69.96080017089844
sample_18,13301,8906,840515.5932897511,8250419.127407737,55.095516204833984,65.14435577392578
sample_18,13301,8907,840525.5932897511,8250419.127407737,316.5572814941406,150.47950744628906
sample_18,13301,8908,840535.5932897511,8250419.127407737,664.4251708984375,202.42239379882812
sample_18,13301,8909,840545.5932897511,8250419.127407737,483.7718200683594,156.3946533203125
sample_18,13301,8910,840555.5932897511,8250419.127407737,307.7509765625,322.05426025390625
sample_18,13301,8911,840565.5932897511,8250419.127407737,198.1682586669922,535.271240234375
sample_18,13301,8912,840575.5932897511,8250419.127407737,271.22503662109375,642.9050903320312
sample_18,13301,8913,840585.5932897511,8250419.127407737,289.96856689453125,699.023681640625
sample_18,13301,8914,840595.5932897511,8250419.127407737,81.03180694580078,199.0995635986328
sample_18,13301,8915,840605.5932897511,8250419.127407737,26.007518768310547,58.51770782470703
sample_18,13301,8916,840615.5932897511,8250419.127407737,51.84295654296875,72.10332489013672
sample_18,13301,8917,840625.5932897511,8250419.127407737,138.41390991210938,44.060829162597656
sample_18,13301,8918,840635.5932897511,8250419.127407737,251.66024780273438,115.46224975585938
sample_18,13301,8919,840645.5932897511,8250419.127407737,376.3919982910156,309.9806213378906
sample_18,13301,8920,840655.5932897511,8250419.127407737,322.0767517089844,236.2473907470703
sample_18,13301,8921,840665.5932897511,8250419.127407737,283.4779357910156,157.1779327392578
sample_18,13301,8922,840675.5932897511,8250419.127407737,396.02301025390625,92.13188171386719
sample_18,13302,8903,840485.5932897511,8250409.127407737,317.4178161621094,512.265625
sample_18,13302,8904,840495.5932897511,8250409.127407737,177.38449096679688,271.2203369140625
sample_18,13302,8905,840505.5932897511,8250409.127407737,98.27690887451172,91.43981170654297
sample_18,13302,8906,840515.5932897511,8250409.127407737,23.456836700439453,34.97469711303711
sample_18,13302,8907,840525.5932897511,8250409.127407737,264.5726318359375,267.0315856933594
sample_18,13302,8908,840535.5932897511,8250409.127407737,455.4092712402344,300.8475341796875
sample_18,13302,8909,840545.5932897511,8250409.127407737,417.4473876953125,91.23031616210938
sample_18,13302,8910,840555.5932897511,8250409.127407737,346.62994384765625,253.62745666503906
sample_18,13302,8911,840565.5932897511,8250409.127407737,271.64849853515625,486.6199035644531
sample_18,13302,8912,840575.5932897511,8250409.127407737,269.1876525878906,240.61900329589844
sample_18,13302,8913,840585.5932897511,8250409.127407737,211.71864318847656,204.24415588378906
sample_18,13302,8914,840595.5932897511,8250409.127407737,63.44160461425781,81.03964233398438
sample_18,13302,8915,840605.5932897511,8250409.127407737,58.7404670715332,38.09809875488281
sample_18,13302,8916,840615.5932897511,8250409.127407737,65.78202056884766,21.458852767944336
sample_18,13302,8917,840625.5932897511,8250409.127407737,107.16455841064453,36.61433410644531
sample_18,13302,8918,840635.5932897511,8250409.127407737,216.73617553710938,91.46334075927734
sample_18,13302,8919,840645.5932897511,8250409.127407737,379.5748596191406,207.22637939453125
sample_18,13302,8920,840655.5932897511,8250409.127407737,584.6731567382812,303.8634338378906
sample_18,13302,8921,840665.5932897511,8250409.127407737,427.8461608886719,227.57200622558594
sample_18,13302,8922,840675.5932897511,8250409.127407737,279.7333679199219,108.67168426513672
sample_18,13303,8903,840485.5932897511,8250399.127407737,518.0894165039062,339.3335876464844
sample_18,13303,8904,840495.5932897511,8250399.127407737,313.5070495605469,292.40533447265625
sample_18,13303,8905,840505.5932897511,8250399.127407737,141.72341918945312,187.88296508789062
sample_18,13303,8906,840515.5932897511,8250399.127407737,80.856689453125,169.7169952392578
sample_18,13303,8907,840525.5932897511,8250399.127407737,269.7281799316406,424.5348815917969
sample_18,13303,8908,840535.5932897511,8250399.127407737,289.58807373046875,351.265380859375
sample_18,13303,8909,840545.5932897511,8250399.127407737,242.0063018798828,75.58790588378906
sample_18,13303,8910,840555.5932897511,8250399.127407737,205.24417114257812,145.81430053710938
sample_18,13303,8911,840565.5932897511,8250399.127407737,154.9263153076172,252.9291229248047
sample_18,13303,8912,840575.5932897511,8250399.127407737,125.066650390625,191.7388458251953
sample_18,13303,8913,840585.5932897511,8250399.127407737,172.72158813476562,110.75798034667969
sample_18,13303,8914,840595.5932897511,8250399.127407737,157.13851928710938,80.74126434326172
sample_18,13303,8915,840605.5932897511,8250399.127407737,141.10806274414062,29.3702392578125
sample_18,13303,8916,840615.5932897511,8250399.127407737,125.59223937988281,26.982696533203125
sample_18,13303,8917,840625.5932897511,8250399.127407737,127.92156982421875,55.52111053466797
sample_18,13303,8918,840635.5932897511,8250399.127407737,148.98472595214844,116.0335693359375
sample_18,13303,8919,840645.5932897511,8250399.127407737,340.8902587890625,211.97406005859375
sample_18,13303,8920,840655.5932897511,8250399.127407737,799.0685424804688,383.0495910644531
sample_18,13303,8921,840665.5932897511,8250399.127407737,517.4664306640625,272.59130859375
sample_18,13303,8922,840675.5932897511,8250399.127407737,150.61289978027344,176.86962890625
sample_18,13304,8903,840485.5932897511,8250389.127407737,181.9219512939453,102.42359161376953
sample_18,13304,8904,840495.5932897511,8250389.127407737,118.16460418701172,112.90697479248047
sample_18,13304,8905,840505.5932897511,8250389.127407737,197.91127014160156,138.42543029785156
sample_18,13304,8906,840515.5932897511,8250389.127407737,189.6941680908203,245.06777954101562
sample_18,13304,8907,840525.5932897511,8250389.127407737,293.0074768066406,523.1130981445312
sample_18,13304,8908,840535.5932897511,8250389.127407737,188.8253631591797,377.9650573730469
sample_18,13304,8909,840545.5932897511,8250389.127407737,146.55862426757812,174.9897918701172
sample_18,13304,8910,840555.5932897511,8250389.127407737,307.0545349121094,178.47752380371094
sample_18,13304,8911,840565.5932897511,8250389.127407737,180.54937744140625,199.71728515625
sample_18,13304,8912,840575.5932897511,8250389.127407737,32.02128219604492,244.65774536132812
sample_18,13304,8913,840585.5932897511,8250389.127407737,195.39712524414062,172.02896118164062
sample_18,13304,8914,840595.5932897511,8250389.127407737,316.578369140625,131.36312866210938
sample_18,13304,8915,840605.5932897511,8250389.127407737,329.5988464355469,139.00714111328125
sample_18,13304,8916,840615.5932897511,8250389.127407737,183.31285095214844,79.27999877929688
sample_18,13304,8917,840625.5932897511,8250389.127407737,118.4393539428711,93.67303466796875
sample_18,13304,8918,840635.5932897511,8250389.127407737,102.78858947753906,190.90255737304688
sample_18,13304,8919,840645.5932897511,8250389.127407737,49.604957580566406,261.68145751953125
sample_18,13304,8920,840655.5932897511,8250389.127407737,182.48841857910156,355.9490966796875
sample_18,13304,8921,840665.5932897511,8250389.127407737,255.0155029296875,299.7330017089844
sample_18,13304,8922,840675.5932897511,8250389.127407737,162.33009338378906,286.817626953125
sample_18,13305,8903,840485.5932897511,8250379.127407737,247.91781616210938,202.3688507080078
sample_18,13305,8904,840495.5932897511,8250379.127407737,208.7368621826172,172.26852416992188
sample_18,13305,8905,840505.5932897511,8250379.127407737,340.8847961425781,115.03649139404297
sample_18,13305,8906,840515.5932897511,8250379.127407737,248.50201416015625,181.1208038330078
sample_18,13305,8907,840525.5932897511,8250379.127407737,108.83757781982422,322.2010498046875
sample_18,13305,8908,840535.5932897511,8250379.127407737,78.34383392333984,178.0328369140625
sample_18,13305,8909,840545.5932897511,8250379.127407737,279.9814453125,146.818603515625
sample_18,13305,8910,840555.5932897511,8250379.127407737,631.8276977539062,204.42420959472656
sample_18,13305,8911,840565.5932897511,8250379.127407737,271.9078369140625,163.14198303222656
sample_18,13305,8912,840575.5932897511,8250379.127407737,45.39344024658203,168.360107421875
sample_18,13305,8913,840585.5932897511,8250379.127407737,71.5073471069336,192.5276336669922
sample_18,13305,8914,840595.5932897511,8250379.127407737,194.799560546875,170.14183044433594
sample_18,13305,8915,840605.5932897511,8250379.127407737,295.11041259765625,158.50741577148438
sample_18,13305,8916,840615.5932897511,8250379.127407737,187.16851806640625,85.9145278930664
sample_18,13305,8917,840625.5932897511,8250379.127407737,162.46873474121094,149.5875701904297
sample_18,13305,8918,840635.5932897511,8250379.127407737,260.5465087890625,321.2045593261719
sample_18,13305,8919,840645.5932897511,8250379.127407737,138.44070434570312,253.22421264648438
sample_18,13305,8920,840655.5932897511,8250379.127407737,122.82975006103516,252.44174194335938
sample_18,13305,8921,840665.5932897511,8250379.127407737,247.27842712402344,272.2834167480469
sample_18,13305,8922,840675.5932897511,8250379.127407737,176.161865234375,328.52532958984375
sample_18,13306,8903,840485.5932897511,8250369.127407737,425.04864501953125,472.42816162109375
sample_18,13306,8904,840495.5932897511,8250369.127407737,400.59716796875,390.9698181152344
sample_18,13306,8905,840505.5932897511,8250369.127407737,388.1524658203125,212.20001220703125
sample_18,13306,8906,840515.5932897511,8250369.127407737,184.109130859375,194.00396728515625
sample_18,13306,8907,840525.5932897511,8250369.127407737,117.94217681884766,175.54248046875
sample_18,13306,8908,840535.5932897511,8250369.127407737,210.55201721191406,50.75910949707031
sample_18,13306,8909,840545.5932897511,8250369.127407737,539.8108520507812,118.64802551269531
sample_18,13306,8910,840555.5932897511,8250369.127407737,974.2056274414062,197.1395721435547
sample_18,13306,8911,840565.5932897511,8250369.127407737,383.5361328125,92.73780059814453
sample_18,13306,8912,840575.5932897511,8250369.127407737,230.55398559570312,142.75921630859375
sample_18,13306,8913,840585.5932897511,8250369.127407737,264.9241638183594,251.114501953125
sample_18,13306,8914,840595.5932897511,8250369.127407737,143.10035705566406,167.60888671875
sample_18,13306,8915,840605.5932897511,8250369.127407737,182.8342742919922,110.66881561279297
sample_18,13306,8916,840615.5932897511,8250369.127407737,241.1920928955078,47.882747650146484
sample_18,13306,8917,840625.5932897511,8250369.127407737,249.70106506347656,92.77090454101562
sample_18,13306,8918,840635.5932897511,8250369.127407737,281.5909423828125,176.17015075683594
sample_18,13306,8919,840645.5932897511,8250369.127407737,235.68548583984375,142.22535705566406
sample_18,13306,8920,840655.5932897511,8250369.127407737,218.16236877441406,147.927001953125
sample_18,13306,8921,840665.5932897511,8250369.127407737,291.2542419433594,173.9842071533203
sample_18,13306,8922,840675.5932897511,8250369.127407737,148.37120056152344,146.18345642089844
sample_19,13429,8861,840065.5932897511,8249139.127407737,143.01394653320312,18.05974769592285
sample_19,13429,8862,840075.5932897511,8249139.127407737,99.15472412109375,37.318790435791016
sample_19,13429,8863,840085.5932897511,8249139.127407737,50.797454833984375,100.38410949707031
sample_19,13429,8864,840095.5932897511,8249139.127407737,158.16644287109375,202.61729431152344
sample_19,13429,8865,840105.5932897511,8249139.127407737,214.22959899902344,210.46678161621094
sample_19,13429,8866,840115.5932897511,8249139.127407737,86.25582122802734,130.72494506835938
sample_19,13429,8867,840125.5932897511,8249139.127407737,55.566436767578125,132.05238342285156
sample_19,13429,8868,840135.5932897511,8249139.127407737,25.690927505493164,116.4100112915039
sample_19,13429,8869,840145.5932897511,8249139.127407737,42.178829193115234,84.50383758544922
sample_19,13429,8870,840155.5932897511,8249139.127407737,105.04084014892578,50.081424713134766
sample_19,13429,8871,840165.5932897511,8249139.127407737,166.36688232421875,31.940202713012695
sample_19,13429,8872,840175.5932897511,8249139.127407737,144.8125,91.26363372802734
sample_19,13429,8873,840185.5932897511,8249139.127407737,170.93453979492188,103.25138854980469
sample_19,13429,8874,840195.5932897511,8249139.127407737,373.26239013671875,26.83555793762207
sample_19,13429,8875,840205.5932897511,8249139.127407737,320.5509033203125,171.08038330078125
sample_19,13429,8876,840215.5932897511,8249139.127407737,212.5355682373047,254.42208862304688
sample_19,13429,8877,840225.5932897511,8249139.127407737,126.37559509277344,171.4285125732422
sample_19,13429,8878,840235.5932897511,8249139.127407737,106.05660247802734,138.68434143066406
sample_19,13429,8879,840245.5932897511,8249139.127407737,68.52068328857422,137.46066284179688
sample_19,13429,8880,840255.5932897511,8249139.127407737,271.5675964355469,111.6594467163086
sample_19,13430,8861,840065.5932897511,8249129.127407737,136.59036254882812,12.300668716430664
sample_19,13430,8862,840075.5932897511,8249129.127407737,127.8248291015625,31.166534423828125
sample_19,13430,8863,840085.5932897511,8249129.127407737,110.81727600097656,66.2977294921875
sample_19,13430,8864,840095.5932897511,8249129.127407737,98.35723114013672,131.91519165039062
sample_19,13430,8865,840105.5932897511,8249129.127407737,115.54535675048828,153.14691162109375
sample_19,13430,8866,840115.5932897511,8249129.127407737,43.675209045410156,98.61866760253906
sample_19,13430,8867,840125.5932897511,8249129.127407737,110.64301300048828,209.00936889648438
sample_19,13430,8868,840135.5932897511,8249129.127407737,113.33501434326172,230.17929077148438
sample_19,13430,8869,840145.5932897511,8249129.127407737,55.32133102416992,184.25079345703125
sample_19,13430,8870,840155.5932897511,8249129.127407737,196.45364379882812,141.82969665527344
sample_19,13430,8871,840165.5932897511,8249129.127407737,218.8587188720703,81.48657989501953
sample_19,13430,8872,840175.5932897511,8249129.127407737,144.06546020507812,88.8556137084961
sample_19,13430,8873,840185.5932897511,8249129.127407737,133.1887969970703,108.6627197265625
sample_19,13430,8874,840195.5932897511,8249129.127407737,178.54763793945312,86.85922241210938
sample_19,13430,8875,840205.5932897511,8249129.127407737,236.95408630371094,142.17039489746094
sample_19,13430,8876,840215.5932897511,8249129.127407737,223.6450653076172,164.28482055664062
sample_19,13430,8877,840225.5932897511,8249129.127407737,106.03246307373047,80.24833679199219
sample_19,13430,8878,840235.5932897511,8249129.127407737,99.18550872802734,37.00260925292969
sample_19,13430,8879,840245.5932897511,8249129.127407737,132.1973114013672,40.87569808959961
sample_19,13430,8880,840255.5932897511,8249129.127407737,175.2034454345703,80.21202850341797
sample_19,13431,8861,840065.5932897511,8249119.127407737,46.85668182373047,86.64945983886719
sample_19,13431,8862,840075.5932897511,8249119.127407737,116.25088500976562,103.40678405761719
sample_19,13431,8863,840085.5932897511,8249119.127407737,128.08131408691406,72.7251205444336
sample_19,13431,8864,840095.5932897511,8249119.127407737,45.64676284790039,16.182151794433594
sample_19,13431,8865,840105.5932897511,8249119.127407737,174.8115692138672,16.056734085083008
sample_19,13431,8866,840115.5932897511,8249119.127407737,290.0914306640625,57.99908447265625
sample_19,13431,8867,840125.5932897511,8249119.127407737,358.0143127441406,179.826171875
sample_19,13431,8868,840135.5932897511,8249119.127407737,223.5750732421875,206.1669921875
sample_19,13431,8869,840145.5932897511,8249119.127407737,94.43128967285156,206.26846313476562
sample_19,13431,8870,840155.5932897511,8249119.127407737,463.27435302734375,279.3525085449219
sample_19,13431,8871,840165.5932897511,8249119.127407737,455.55413818359375,217.68226623535156
sample_19,13431,8872,840175.5932897511,8249119.127407737,98.44464111328125,77.71953582763672
sample_19,13431,8873,840185.5932897511,8249119.127407737,60.69277572631836,68.78134155273438
sample_19,13431,8874,840195.5932897511,8249119.127407737,86.97882080078125,88.48883056640625
sample_19,13431,8875,840205.5932897511,8249119.127407737,192.78114318847656,111.95069122314453
sample_19,13431,8876,840215.5932897511,8249119.127407737,279.0379333496094,67.99947357177734
sample_19,13431,8877,840225.5932897511,8249119.127407737,311.3128967285156,31.57680892944336
sample_19,13431,8878,840235.5932897511,8249119.127407737,136.3138885498047,51.64582443237305
sample_19,13431,8879,840245.5932897511,8249119.127407737,81.13856506347656,55.613426208496094
sample_19,13431,8880,840255.5932897511,8249119.127407737,56.09977722167969,82.42950439453125
sample_19,13432,8861,840065.5932897511,8249109.127407737,78.09867095947266,102.7373046875
sample_19,13432,8862,840075.5932897511,8249109.127407737,160.70387268066406,166.63299560546875
sample_19,13432,8863,840085.5932897511,8249109.127407737,161.09326171875,142.0152130126953
sample_19,13432,8864,840095.5932897511,8249109.127407737,169.63755798339844,47.9796028137207
sample_19,13432,8865,840105.5932897511,8249109.127407737,151.1982879638672,66.61612701416016
sample_19,13432,8866,840115.5932897511,8249109.127407737,284.3247985839844,92.56708526611328
sample_19,13432,8867,840125.5932897511,8249109.127407737,477.60968017578125,156.80117797851562
sample_19,13432,8868,840135.5932897511,8249109.127407737,281.470703125,100.50487518310547
sample_19,13432,8869,840145.5932897511,8249109.127407737,93.65174102783203,58.255863189697266
sample_19,13432,8870,840155.5932897511,8249109.127407737,209.80992126464844,92.7751235961914
sample_19,13432,8871,840165.5932897511,8249109.127407737,260.0294189453125,214.1514434814453
sample_19,13432,8872,840175.5932897511,8249109.127407737,118.59779357910156,208.06134033203125
sample_19,13432,8873,840185.5932897511,8249109.127407737,40.382102966308594,76.38379669189453
sample_19,13432,8874,840195.5932897511,8249109.127407737,129.8837432861328,74.56813049316406
sample_19,13432,8875,840205.5932897511,8249109.127407737,320.75360107421875,143.18687438964844
sample_19,13432,8876,840215.5932897511,8249109.127407737,293.21392822265625,64.75130462646484
sample_19,13432,8877,840225.5932897511,8249109.127407737,273.0936584472656,79.1328125
sample_19,13432,8878,840235.5932897511,8249109.127407737,143.181640625,189.82171630859375
sample_19,13432,8879,840245.5932897511,8249109.127407737,61.779029846191406,117.79476165771484
sample_19,13432,8880,840255.5932897511,8249109.127407737,35.45662307739258,65.67156982421875
sample_19,13433,8861,840065.5932897511,8249099.127407737,244.24964904785156,24.34767723083496
sample_19,13433,8862,840075.5932897511,8249099.127407737,476.0650634765625,36.10479736328125
sample_19,13433,8863,840085.5932897511,8249099.127407737,212.64007568359375,43.00586700439453
sample_19,13433,8864,840095.5932897511,8249099.127407737,143.39573669433594,70.49736785888672
sample_19,13433,8865,840105.5932897511,8249099.127407737,178.86727905273438,156.055908203125
sample_19,13433,8866,840115.5932897511,8249099.127407737,237.98916625976562,144.76951599121094
sample_19,13433,8867,840125.5932897511,8249099.127407737,341.3042297363281,140.89100646972656
sample_19,13433,8868,840135.5932897511,8249099.127407737,272.34619140625,91.05976104736328
sample_19,13433,8869,840145.5932897511,8249099.127407737,282.4568176269531,63.57060241699219
sample_19,13433,8870,840155.5932897511,8249099.127407737,330.8343200683594,49.557186126708984
sample_19,13433,8871,840165.5932897511,8249099.127407737,218.38540649414062,251.4651336669922
sample_19,13433,8872,840175.5932897511,8249099.127407737,190.0113983154297,369.6147766113281
sample_19,13433,8873,840185.5932897511,8249099.127407737,64.7919692993164,177.69305419921875
sample_19,13433,8874,840195.5932897511,8249099.127407737,166.80340576171875,241.6250457763672
sample_19,13433,8875,840205.5932897511,8249099.127407737,290.62359619140625,275.2520751953125
sample_19,13433,8876,840215.5932897511,8249099.127407737,232.55157470703125,83.75651550292969
sample_19,13433,8877,840225.5932897511,8249099.127407737,210.0114288330078,210.0887908935547
sample_19,13433,8878,840235.5932897511,8249099.127407737,220.58349609375,457.8680114746094
sample_19,13433,8879,840245.5932897511,8249099.127407737,145.8883819580078,215.12252807617188
sample_19,13433,8880,840255.5932897511,8249099.127407737,87.78086853027344,83.59526824951172
sample_19,13434,8861,840065.5932897511,8249089.127407737,141.609130859375,57.381919860839844
sample_19,13434,8862,840075.5932897511,8249089.127407737,254.9130859375,69.35726928710938
sample_19,13434,8863,840085.5932897511,8249089.127407737,127.67394256591797,18.917959213256836
sample_19,13434,8864,840095.5932897511,8249089.127407737,196.53627014160156,101.66464233398438
sample_19,13434,8865,840105.5932897511,8249089.127407737,438.77392578125,285.91729736328125
sample_19,13434,8866,840115.5932897511,8249089.127407737,427.5534362792969,170.8739013671875
sample_19,13434,8867,840125.5932897511,8249089.127407737,377.5824890136719,139.42274475097656
sample_19,13434,8868,840135.5932897511,8249089.127407737,254.56533813476562,149.61378479003906
sample_19,13434,8869,840145.5932897511,8249089.127407737,401.7807312011719,139.13014221191406
sample_19,13434,8870,840155.5932897511,8249089.127407737,510.84722900390625,120.39543914794922
sample_19,13434,8871,840165.5932897511,8249089.127407737,191.98672485351562,148.66455078125
sample_19,13434,8872,840175.5932897511,8249089.127407737,79.71144104003906,258.79754638671875
sample_19,13434,8873,840185.5932897511,8249089.127407737,41.955810546875,274.9255065917969
sample_19,13434,8874,840195.5932897511,8249089.127407737,126.8985824584961,266.43426513671875
sample_19,13434,8875,840205.5932897511,8249089.127407737,189.12881469726562,254.23037719726562
sample_19,13434,8876,840215.5932897511,8249089.127407737,146.7858428955078,74.12716674804688
sample_19,13434,8877,840225.5932897511,8249089.127407737,95.77462768554688,379.974609375
sample_19,13434,8878,840235.5932897511,8249089.127407737,128.04258728027344,541.5614013671875
sample_19,13434,8879,840245.5932897511,8249089.127407737,248.7108917236328,245.45547485351562
sample_19,13434,8880,840255.5932897511,8249089.127407737,212.10816955566406,107.62895965576172
sample_19,13435,8861,840065.5932897511,8249079.127407737,53.22316360473633,130.52415466308594
sample_19,13435,8862,840075.5932897511,8249079.127407737,66.99882507324219,112.78654479980469
sample_19,13435,8863,840085.5932897511,8249079.127407737,103.55033111572266,23.98078727722168
sample_19,13435,8864,840095.5932897511,8249079.127407737,341.00439453125,62.29722213745117
sample_19,13435,8865,840105.5932897511,8249079.127407737,546.9974975585938,140.36000061035156
sample_19,13435,8866,840115.5932897511,8249079.127407737,590.0453491210938,124.08036041259766
sample_19,13435,8867,840125.5932897511,8249079.127407737,386.2817077636719,137.0993194580078
sample_19,13435,8868,840135.5932897511,8249079.127407737,179.59765625,210.7198944091797
sample_19,13435,8869,840145.5932897511,8249079.127407737,311.27899169921875,279.65155029296875
sample_19,13435,8870,840155.5932897511,8249079.127407737,327.0130310058594,218.5828094482422
sample_19,13435,8871,840165.5932897511,8249079.127407737,150.2162628173828,132.0910186767578
sample_19,13435,8872,840175.5932897511,8249079.127407737,132.0742645263672,227.51019287109375
sample_19,13435,8873,840185.5932897511,8249079.127407737,97.05352783203125,278.9224548339844
sample_19,13435,8874,840195.5932897511,8249079.127407737,48.368011474609375,137.30958557128906
sample_19,13435,8875,840205.5932897511,8249079.127407737,68.88961029052734,73.95834350585938
sample_19,13435,8876,840215.5932897511,8249079.127407737,144.33387756347656,64.0650634765625
sample_19,13435,8877,840225.5932897511,8249079.127407737,372.02423095703125,292.7116394042969
sample_19,13435,8878,840235.5932897511,8249079.127407737,375.62066650390625,358.26226806640625
sample_19,13435,8879,840245.5932897511,8249079.127407737,409.0452575683594,167.5813751220703
sample_19,13435,8880,840255.5932897511,8249079.127407737,384.54437255859375,116.8407974243164
sample_19,13436,8861,840065.5932897511,8249069.127407737,71.08560180664062,180.72337341308594
sample_19,13436,8862,840075.5932897511,8249069.127407737,59.67530059814453,145.9798126220703
sample_19,13436,8863,840085.5932897511,8249069.127407737,98.12617492675781,117.33434295654297
sample_19,13436,8864,840095.5932897511,8249069.127407737,285.30242919921875,89.09537506103516
sample_19,13436,8865,840105.5932897511,8249069.127407737,447.21429443359375,94.50459289550781
sample_19,13436,8866,840115.5932897511,8249069.127407737,590.0485229492188,106.9036636352539
sample_19,13436,8867,840125.5932897511,8249069.127407737,313.1054992675781,84.78408813476562
sample_19,13436,8868,840135.5932897511,8249069.127407737,69.44960021972656,184.70458984375
sample_19,13436,8869,840145.5932897511,8249069.127407737,167.3463592529297,437.8418884277344
sample_19,13436,8870,840155.5932897511,8249069.127407737,234.50430297851562,300.59466552734375
sample_19,13436,8871,840165.5932897511,8249069.127407737,228.76414489746094,138.0415496826172
sample_19,13436,8872,840175.5932897511,8249069.127407737,280.7101745605469,217.97467041015625
sample_19,13436,8873,840185.5932897511,8249069.127407737,212.57273864746094,212.21151733398438
sample_19,13436,8874,840195.5932897511,8249069.127407737,104.42517852783203,150.7085418701172
sample_19,13436,8875,840205.5932897511,8249069.127407737,99.97503662109375,97.49243927001953
sample_19,13436,8876,840215.5932897511,8249069.127407737,212.18594360351562,89.77738189697266
sample_19,13436,8877,840225.5932897511,8249069.127407737,568.9802856445312,167.7991180419922
sample_19,13436,8878,840235.5932897511,8249069.127407737,576.8377075195312,115.42862701416016
sample_19,13436,8879,840245.5932897511,8249069.127407737,413.114013671875,21.654592514038086
sample_19,13436,8880,840255.5932897511,8249069.127407737,214.58009338378906,64.91598510742188
sample_19,13437,8861,840065.5932897511,8249059.127407737,296.8629455566406,253.4134521484375
sample_19,13437,8862,840075.5932897511,8249059.127407737,245.0479736328125,202.30540466308594
sample_19,13437,8863,840085.5932897511,8249059.127407737,209.3565216064453,158.74481201171875
sample_19,13437,8864,840095.5932897511,8249059.127407737,226.75389099121094,101.1181869506836
sample_19,13437,8865,840105.5932897511,8249059.127407737,170.2532196044922,102.85737609863281
sample_19,13437,8866,840115.5932897511,8249059.127407737,155.44668579101562,118.51582336425781
sample_19,13437,8867,840125.5932897511,8249059.127407737,143.5326385498047,131.97898864746094
sample_19,13437,8868,840135.5932897511,8249059.127407737,88.52093505859375,179.3567657470703
sample_19,13437,8869,840145.5932897511,8249059.127407737,101.23200225830078,375.50421142578125
sample_19,13437,8870,840155.5932897511,8249059.127407737,248.97169494628906,254.84408569335938
sample_19,13437,8871,840165.5932897511,8249059.127407737,377.2350158691406,196.77732849121094
sample_19,13437,8872,840175.5932897511,8249059.127407737,495.1232604980469,312.2930603027344
sample_19,13437,8873,840185.5932897511,8249059.127407737,258.7737121582031,251.761474609375
sample_19,13437,8874,840195.5932897511,8249059.127407737,77.7779312133789,171.30889892578125
sample_19,13437,8875,840205.5932897511,8249059.127407737,113.51995086669922,113.29054260253906
sample_19,13437,8876,840215.5932897511,8249059.127407737,181.1294708251953,124.07440185546875
sample_19,13437,8877,840225.5932897511,8249059.127407737,323.8570556640625,127.5304946899414
sample_19,13437,8878,840235.5932897511,8249059.127407737,270.2495422363281,159.67979431152344
sample_19,13437,8879,840245.5932897511,8249059.127407737,227.1251678466797,120.3144302368164
sample_19,13437,8880,840255.5932897511,8249059.127407737,146.63865661621094,83.15997314453125
sample_19,13438,8861,840065.5932897511,8249049.127407737,436.04840087890625,151.5750732421875
sample_19,13438,8862,840075.5932897511,8249049.127407737,443.08270263671875,176.36746215820312
sample_19,13438,8863,840085.5932897511,8249049.127407737,345.48883056640625,148.8466796875
sample_19,13438,8864,840095.5932897511,8249049.127407737,279.4860534667969,92.28475952148438
sample_19,13438,8865,840105.5932897511,8249049.127407737,193.1918182373047,126.12993621826172
sample_19,13438,8866,840115.5932897511,8249049.127407737,121.61024475097656,127.08961486816406
sample_19,13438,8867,840125.5932897511,8249049.127407737,93.46200561523438,117.9518814086914
sample_19,13438,8868,840135.5932897511,8249049.127407737,99.74951171875,100.06999206542969
sample_19,13438,8869,840145.5932897511,8249049.127407737,147.88641357421875,38.39248275756836
sample_19,13438,8870,840155.5932897511,8249049.127407737,346.5055847167969,44.285858154296875
sample_19,13438,8871,840165.5932897511,8249049.127407737,363.225341796875,126.15228271484375
sample_19,13438,8872,840175.5932897511,8249049.127407737,371.9893493652344,260.9559326171875
sample_19,13438,8873,840185.5932897511,8249049.127407737,260.06976318359375,277.80621337890625
sample_19,13438,8874,840195.5932897511,8249049.127407737,126.94898223876953,200.78750610351562
sample_19,13438,8875,840205.5932897511,8249049.127407737,131.0569610595703,108.30175018310547
sample_19,13438,8876,840215.5932897511,8249049.127407737,114.66535949707031,259.8291015625
sample_19,13438,8877,840225.5932897511,8249049.127407737,162.7266387939453,306.43304443359375
sample_19,13438,8878,840235.5932897511,8249049.127407737,207.35043334960938,197.91566467285156
sample_19,13438,8879,840245.5932897511,8249049.127407737,175.45314025878906,143.9668426513672
sample_19,13438,8880,840255.5932897511,8249049.127407737,184.18316650390625,86.21720123291016
sample_19,13439,8861,840065.5932897511,8249039.127407737,482.08245849609375,28.37626838684082
sample_19,13439,8862,840075.5932897511,8249039.127407737,660.2708740234375,80.50410461425781
sample_19,13439,8863,840085.5932897511,8249039.127407737,345.3165283203125,65.6568374633789
sample_19,13439,8864,840095.5932897511,8249039.127407737,135.47433471679688,76.51155090332031
sample_19,13439,8865,840105.5932897511,8249039.127407737,109.47358703613281,182.1120147705078
sample_19,13439,8866,840115.5932897511,8249039.127407737,139.70358276367188,125.19438171386719
sample_19,13439,8867,840125.5932897511,8249039.127407737,89.44110870361328,49.54145050048828
sample_19,13439,8868,840135.5932897511,8249039.127407737,77.54248809814453,128.5164031982422
sample_19,13439,8869,840145.5932897511,8249039.127407737,204.5098876953125,100.57813262939453
sample_19,13439,8870,840155.5932897511,8249039.127407737,424.71014404296875,23.49410629272461
sample_19,13439,8871,840165.5932897511,8249039.127407737,265.1887512207031,175.46823120117188
sample_19,13439,8872,840175.5932897511,8249039.127407737,222.30252075195312,264.0144958496094
sample_19,13439,8873,840185.5932897511,8249039.127407737,387.927490234375,345.2436828613281
sample_19,13439,8874,840195.5932897511,8249039.127407737,379.5422668457031,265.5097961425781
sample_19,13439,8875,840205.5932897511,8249039.127407737,322.8627014160156,143.6994171142578
sample_19,13439,8876,840215.5932897511,8249039.127407737,186.7151641845703,262.2084655761719
sample_19,13439,8877,840225.5932897511,8249039.127407737,178.96730041503906,282.35302734375
sample_19,13439,8878,840235.5932897511,8249039.127407737,290.455322265625,145.60911560058594
sample_19,13439,8879,840245.5932897511,8249039.127407737,153.18325805664062,94.9333267211914
sample_19,13439,8880,840255.5932897511,8249039.127407737,78.94579315185547,70.75977325439453
sample_19,13440,8861,840065.5932897511,8249029.127407737,189.42860412597656,7.8172407150268555
sample_19,13440,8862,840075.5932897511,8249029.127407737,231.1073760986328,32.02678298950195
sample_19,13440,8863,840085.5932897511,8249029.127407737,259.0505676269531,58.01346969604492
sample_19,13440,8864,840095.5932897511,8249029.127407737,137.95123291015625,94.89051818847656
sample_19,13440,8865,840105.5932897511,8249029.127407737,38.04353332519531,231.8847198486328
sample_19,13440,8866,840115.5932897511,8249029.127407737,282.29144287109375,121.23223876953125
sample_19,13440,8867,840125.5932897511,8249029.127407737,324.29461669921875,20.810394287109375
sample_19,13440,8868,840135.5932897511,8249029.127407737,98.15646362304688,60.55680847167969
sample_19,13440,8869,840145.5932897511,8249029.127407737,250.25953674316406,93.4320297241211
sample_19,13440,8870,840155.5932897511,8249029.127407737,415.3323669433594,95.65394592285156
sample_19,13440,8871,840165.5932897511,8249029.127407737,130.08291625976562,332.2793273925781
sample_19,13440,8872,840175.5932897511,8249029.127407737,193.30303955078125,344.82781982421875
sample_19,13440,8873,840185.5932897511,8249029.127407737,483.6684875488281,215.19248962402344
sample_19,13440,8874,840195.5932897511,8249029.127407737,315.6662902832031,210.88723754882812
sample_19,13440,8875,840205.5932897511,8249029.127407737,244.97520446777344,166.27194213867188
sample_19,13440,8876,840215.5932897511,8249029.127407737,200.03884887695312,173.9446258544922
sample_19,13440,8877,840225.5932897511,8249029.127407737,257.31317138671875,151.39529418945312
sample_19,13440,8878,840235.5932897511,8249029.127407737,292.7950134277344,95.35209655761719
sample_19,13440,8879,840245.5932897511,8249029.127407737,187.41537475585938,56.06488800048828
sample_19,13440,8880,840255.5932897511,8249029.127407737,166.64334106445312,58.45693588256836
sample_19,13441,8861,840065.5932897511,8249019.127407737,239.89044189453125,66.37342071533203
sample_19,13441,8862,840075.5932897511,8249019.127407737,126.0766830444336,60.5318489074707
sample_19,13441,8863,840085.5932897511,8249019.127407737,278.9343566894531,86.70428466796875
sample_19,13441,8864,840095.5932897511,8249019.127407737,297.67633056640625,59.6759147644043
sample_19,13441,8865,840105.5932897511,8249019.127407737,186.31407165527344,70.23076629638672
sample_19,13441,8866,840115.5932897511,8249019.127407737,230.16795349121094,168.8701629638672
sample_19,13441,8867,840125.5932897511,8249019.127407737,232.84857177734375,102.27655029296875
sample_19,13441,8868,840135.5932897511,8249019.127407737,66.36040496826172,21.139413833618164
sample_19,13441,8869,840145.5932897511,8249019.127407737,276.44287109375,103.20933532714844
sample_19,13441,8870,840155.5932897511,8249019.127407737,344.8493957519531,203.06298828125
sample_19,13441,8871,840165.5932897511,8249019.127407737,61.29616165161133,304.7938232421875
sample_19,13441,8872,840175.5932897511,8249019.127407737,171.7894287109375,227.43492126464844
sample_19,13441,8873,840185.5932897511,8249019.127407737,335.6347961425781,125.17002868652344
sample_19,13441,8874,840195.5932897511,8249019.127407737,137.21409606933594,176.87132263183594
sample_19,13441,8875,840205.5932897511,8249019.127407737,45.27495574951172,144.12445068359375
sample_19,13441,8876,840215.5932897511,8249019.127407737,45.49699020385742,68.15725708007812
sample_19,13441,8877,840225.5932897511,8249019.127407737,142.84071350097656,90.71481323242188
sample_19,13441,8878,840235.5932897511,8249019.127407737,219.2332000732422,115.06290435791016
sample_19,13441,8879,840245.5932897511,8249019.127407737,227.5771942138672,127.26544952392578
sample_19,13441,8880,840255.5932897511,8249019.127407737,285.1628723144531,69.2201919555664
sample_19,13442,8861,840065.5932897511,8249009.127407737,275.62158203125,126.00321960449219
sample_19,13442,8862,840075.5932897511,8249009.127407737,162.7842254638672,100.70655822753906
sample_19,13442,8863,840085.5932897511,8249009.127407737,124.06243133544922,35.544795989990234
sample_19,13442,8864,840095.5932897511,8249009.127407737,316.78533935546875,93.66629028320312
sample_19,13442,8865,840105.5932897511,8249009.127407737,309.46502685546875,110.04859161376953
sample_19,13442,8866,840115.5932897511,8249009.127407737,187.3487091064453,192.61021423339844
sample_19,13442,8867,840125.5932897511,8249009.127407737,145.5214385986328,150.67120361328125
sample_19,13442,8868,840135.5932897511,8249009.127407737,132.45855712890625,53.35450744628906
sample_19,13442,8869,840145.5932897511,8249009.127407737,163.65655517578125,54.564453125
sample_19,13442,8870,840155.5932897511,8249009.127407737,159.74501037597656,99.52091217041016
sample_19,13442,8871,840165.5932897511,8249009.127407737,41.93928146362305,164.42486572265625
sample_19,13442,8872,840175.5932897511,8249009.127407737,109.80595397949219,112.81629180908203
sample_19,13442,8873,840185.5932897511,8249009.127407737,139.53395080566406,83.5062255859375
sample_19,13442,8874,840195.5932897511,8249009.127407737,31.02534294128418,131.86724853515625
sample_19,13442,8875,840205.5932897511,8249009.127407737,61.60334396362305,82.98458099365234
sample_19,13442,8876,840215.5932897511,8249009.127407737,88.57447052001953,42.73418045043945
sample_19,13442,8877,840225.5932897511,8249009.127407737,121.26700592041016,75.06172943115234
sample_19,13442,8878,840235.5932897511,8249009.127407737,172.232666015625,163.05755615234375
sample_19,13442,8879,840245.5932897511,8249009.127407737,265.76263427734375,271.9977111816406
sample_19,13442,8880,840255.5932897511,8249009.127407737,256.6613464355469,95.18624877929688
sample_19,13443,8861,840065.5932897511,8248999.127407737,117.82111358642578,112.66400909423828
sample_19,13443,8862,840075.5932897511,8248999.127407737,127.1725845336914,101.2432632446289
sample_19,13443,8863,840085.5932897511,8248999.127407737,159.6129150390625,85.93902587890625
sample_19,13443,8864,840095.5932897511,8248999.127407737,319.3953552246094,145.89132690429688
sample_19,13443,8865,840105.5932897511,8248999.127407737,332.44720458984375,115.92186737060547
sample_19,13443,8866,840115.5932897511,8248999.127407737,226.91183471679688,55.83509063720703
sample_19,13443,8867,840125.5932897511,8248999.127407737,161.40060424804688,85.9460678100586
sample_19,13443,8868,840135.5932897511,8248999.127407737,160.11387634277344,81.86808776855469
sample_19,13443,8869,840145.5932897511,8248999.127407737,188.39126586914062,72.54972076416016
sample_19,13443,8870,840155.5932897511,8248999.127407737,172.52151489257812,65.9342269897461
sample_19,13443,8871,840165.5932897511,8248999.127407737,101.11894989013672,52.66614532470703
sample_19,13443,8872,840175.5932897511,8248999.127407737,23.04300880432129,39.34500503540039
sample_19,13443,8873,840185.5932897511,8248999.127407737,82.78681182861328,44.65842056274414
sample_19,13443,8874,840195.5932897511,8248999.127407737,96.29637145996094,66.67922973632812
sample_19,13443,8875,840205.5932897511,8248999.127407737,68.58036041259766,84.5078353881836
sample_19,13443,8876,840215.5932897511,8248999.127407737,116.0103759765625,62.80396270751953
sample_19,13443,8877,840225.5932897511,8248999.127407737,155.56561279296875,74.6348876953125
sample_19,13443,8878,840235.5932897511,8248999.127407737,85.30400085449219,135.10919189453125
sample_19,13443,8879,840245.5932897511,8248999.127407737,105.01725769042969,155.90383911132812
sample_19,13443,8880,840255.5932897511,8248999.127407737,166.74623107910156,45.927833557128906
sample_20,13527,8464,836095.5932897511,8248159.127407737,157.01937866210938,64.33130645751953
sample_20,13527,8465,836105.5932897511,8248159.127407737,270.4331359863281,33.28419494628906
sample_20,13527,8466,836115.5932897511,8248159.127407737,236.08343505859375,169.02137756347656
sample_20,13527,8467,836125.5932897511,8248159.127407737,163.20628356933594,309.7377014160156
sample_20,13527,8468,836135.5932897511,8248159.127407737,109.1193618774414,278.65972900390625
sample_20,13527,8469,836145.5932897511,8248159.127407737,202.70375061035156,237.2470703125
sample_20,13527,8470,836155.5932897511,8248159.127407737,473.739501953125,88.09700775146484
sample_20,13527,8471,836165.5932897511,8248159.127407737,869.340576171875,581.762939453125
sample_20,13527,8472,836175.5932897511,8248159.127407737,1285.9842529296875,762.7592163085938
sample_20,13527,8473,836185.5932897511,8248159.127407737,1371.29345703125,167.36090087890625
sample_20,13527,8474,836195.5932897511,8248159.127407737,604.7872924804688,111.41586303710938
sample_20,13527,8475,836205.5932897511,8248159.127407737,118.5901107788086,113.5768051147461
sample_20,13527,8476,836215.5932897511,8248159.127407737,362.6743469238281,57.824825286865234
sample_20,13527,8477,836225.5932897511,8248159.127407737,242.18362426757812,36.116146087646484
sample_20,13527,8478,836235.5932897511,8248159.127407737,50.53053665161133,43.3997688293457
sample_20,13527,8479,836245.5932897511,8248159.127407737,101.75935363769531,105.93741607666016
sample_20,13527,8480,836255.5932897511,8248159.127407737,174.63790893554688,146.49732971191406
sample_20,13527,8481,836265.5932897511,8248159.127407737,361.82049560546875,125.59943389892578
sample_20,13527,8482,836275.5932897511,8248159.127407737,305.6390686035156,61.8007698059082
sample_20,13527,8483,836285.5932897511,8248159.127407737,138.76512145996094,58.72385025024414
sample_20,13528,8464,836095.5932897511,8248149.127407737,254.6634063720703,98.8997802734375
sample_20,13528,8465,836105.5932897511,8248149.127407737,341.528564453125,116.4360580444336
sample_20,13528,8466,836115.5932897511,8248149.127407737,189.9943389892578,168.15823364257812
sample_20,13528,8467,836125.5932897511,8248149.127407737,94.13815307617188,413.4761962890625
sample_20,13528,8468,836135.5932897511,8248149.127407737,46.04893493652344,627.0299682617188
sample_20,13528,8469,836145.5932897511,8248149.127407737,65.48966979980469,256.1533203125
sample_20,13528,8470,836155.5932897511,8248149.127407737,181.68263244628906,16.04308319091797
sample_20,13528,8471,836165.5932897511,8248149.127407737,564.3482666015625,173.32679748535156
sample_20,13528,8472,836175.5932897511,8248149.127407737,935.842041015625,246.55978393554688
sample_20,13528,8473,836185.5932897511,8248149.127407737,1280.010498046875,27.386192321777344
sample_20,13528,8474,836195.5932897511,8248149.127407737,560.5567626953125,148.21780395507812
sample_20,13528,8475,836205.5932897511,8248149.127407737,264.31378173828125,162.91885375976562
sample_20,13528,8476,836215.5932897511,8248149.127407737,734.431396484375,122.18856811523438
sample_20,13528,8477,836225.5932897511,8248149.127407737,332.8952941894531,194.56399536132812
sample_20,13528,8478,836235.5932897511,8248149.127407737,40.56077194213867,192.1839141845703
sample_20,13528,8479,836245.5932897511,8248149.127407737,89.81843566894531,104.83641815185547
sample_20,13528,8480,836255.5932897511,8248149.127407737,136.79444885253906,146.55825805664062
sample_20,13528,8481,836265.5932897511,8248149.127407737,135.81651306152344,223.99766540527344
sample_20,13528,8482,836275.5932897511,8248149.127407737,257.1932373046875,77.7978286743164
sample_20,13528,8483,836285.5932897511,8248149.127407737,189.7356719970703,107.91679382324219
sample_20,13529,8464,836095.5932897511,8248139.127407737,302.9111328125,299.061279296875
sample_20,13529,8465,836105.5932897511,8248139.127407737,315.4700927734375,320.3177185058594
sample_20,13529,8466,836115.5932897511,8248139.127407737,238.02706909179688,144.0445098876953
sample_20,13529,8467,836125.5932897511,8248139.127407737,113.05718994140625,606.8953247070312
sample_20,13529,8468,836135.5932897511,8248139.127407737,59.59680938720703,1519.14990234375
sample_20,13529,8469,836145.5932897511,8248139.127407737,51.06640625,701.6950073242188
sample_20,13529,8470,836155.5932897511,8248139.127407737,149.2107696533203,214.00099182128906
sample_20,13529,8471,836165.5932897511,8248139.127407737,386.5179443359375,60.55713653564453
sample_20,13529,8472,836175.5932897511,8248139.127407737,644.9592895507812,51.37040328979492
sample_20,13529,8473,836185.5932897511,8248139.127407737,770.216064453125,97.94310760498047
sample_20,13529,8474,836195.5932897511,8248139.127407737,387.27105712890625,295.28765869140625
sample_20,13529,8475,836205.5932897511,8248139.127407737,266.54296875,216.8670654296875
sample_20,13529,8476,836215.5932897511,8248139.127407737,401.9891357421875,104.19781494140625
sample_20,13529,8477,836225.5932897511,8248139.127407737,169.1851806640625,198.08612060546875
sample_20,13529,8478,836235.5932897511,8248139.127407737,32.563812255859375,199.394287109375
sample_20,13529,8479,836245.5932897511,8248139.127407737,65.61659240722656,49.343589782714844
sample_20,13529,8480,836255.5932897511,8248139.127407737,239.4199981689453,31.363943099975586
sample_20,13529,8481,836265.5932897511,8248139.127407737,332.40972900390625,71.59629821777344
sample_20,13529,8482,836275.5932897511,8248139.127407737,384.37664794921875,75.93927001953125
sample_20,13529,8483,836285.5932897511,8248139.127407737,314.362548828125,175.49783325195312
sample_20,13530,8464,836095.5932897511,8248129.127407737,277.1519470214844,463.07421875
sample_20,13530,8465,836105.5932897511,8248129.127407737,294.1102294921875,419.9261779785156
sample_20,13530,8466,836115.5932897511,8248129.127407737,404.1459045410156,77.7118148803711
sample_20,13530,8467,836125.5932897511,8248129.127407737,232.46908569335938,328.88580322265625
sample_20,13530,8468,836135.5932897511,8248129.127407737,155.9229278564453,713.33447265625
sample_20,13530,8469,836145.5932897511,8248129.127407737,301.9319763183594,565.0133666992188
sample_20,13530,8470,836155.5932897511,8248129.127407737,234.63682556152344,289.6963806152344
sample_20,13530,8471,836165.5932897511,8248129.127407737,249.63497924804688,79.60358428955078
sample_20,13530,8472,836175.5932897511,8248129.127407737,415.4031066894531,104.6484146118164
sample_20,13530,8473,836185.5932897511,8248129.127407737,593.1153564453125,167.0891571044922
sample_20,13530,8474,836195.5932897511,8248129.127407737,578.9755249023438,295.0230407714844
sample_20,13530,8475,836205.5932897511,8248129.127407737,541.950439453125,176.7374725341797
sample_20,13530,8476,836215.5932897511,8248129.127407737,344.656005859375,80.43195343017578
sample_20,13530,8477,836225.5932897511,8248129.127407737,59.45442199707031,88.05853271484375
sample_20,13530,8478,836235.5932897511,8248129.127407737,29.328763961791992,84.82730102539062
sample_20,13530,8479,836245.5932897511,8248129.127407737,58.81729507446289,55.095157623291016
sample_20,13530,8480,836255.5932897511,8248129.127407737,134.11526489257812,46.972869873046875
sample_20,13530,8481,836265.5932897511,8248129.127407737,318.67181396484375,82.93500518798828
sample_20,13530,8482,836275.5932897511,8248129.127407737,470.9467468261719,146.1037139892578
sample_20,13530,8483,836285.5932897511,8248129.127407737,531.9398193359375,207.44622802734375
sample_20,13531,8464,836095.5932897511,8248119.127407737,292.8791809082031,584.1722412109375
sample_20,13531,8465,836105.5932897511,8248119.127407737,136.7364044189453,441.5271301269531
sample_20,13531,8466,836115.5932897511,8248119.127407737,105.9068832397461,159.7736358642578
sample_20,13531,8467,836125.5932897511,8248119.127407737,91.03692626953125,177.4911346435547
sample_20,13531,8468,836135.5932897511,8248119.127407737,293.38067626953125,314.9544982910156
sample_20,13531,8469,836145.5932897511,8248119.127407737,664.31884765625,455.8155822753906
sample_20,13531,8470,836155.5932897511,8248119.127407737,338.8505554199219,291.90673828125
sample_20,13531,8471,836165.5932897511,8248119.127407737,140.92178344726562,137.39035034179688
sample_20,13531,8472,836175.5932897511,8248119.127407737,175.9509735107422,160.6036834716797
sample_20,13531,8473,836185.5932897511,8248119.127407737,339.64129638671875,236.4403839111328
sample_20,13531,8474,836195.5932897511,8248119.127407737,567.4588623046875,275.9273376464844
sample_20,13531,8475,836205.5932897511,8248119.127407737,830.778076171875,144.323974609375
sample_20,13531,8476,836215.5932897511,8248119.127407737,620.9067993164062,58.76198196411133
sample_20,13531,8477,836225.5932897511,8248119.127407737,82.576904296875,23.608598709106445
sample_20,13531,8478,836235.5932897511,8248119.127407737,52.40763473510742,40.06668472290039
sample_20,13531,8479,836245.5932897511,8248119.127407737,38.35664367675781,94.22627258300781
sample_20,13531,8480,836255.5932897511,8248119.127407737,24.455568313598633,154.12879943847656
sample_20,13531,8481,836265.5932897511,8248119.127407737,255.94854736328125,161.81394958496094
sample_20,13531,8482,836275.5932897511,8248119.127407737,404.33074951171875,265.08074951171875
sample_20,13531,8483,836285.5932897511,8248119.127407737,218.407470703125,406.4310607910156
sample_20,13532,8464,836095.5932897511,8248109.127407737,801.938232421875,720.6893920898438
sample_20,13532,8465,836105.5932897511,8248109.127407737,619.3053588867188,412.92047119140625
sample_20,13532,8466,836115.5932897511,8248109.127407737,340.9255065917969,172.7128448486328
sample_20,13532,8467,836125.5932897511,8248109.127407737,90.44718933105469,56.59814453125
sample_20,13532,8468,836135.5932897511,8248109.127407737,436.1015625,113.52645111083984
sample_20,13532,8469,836145.5932897511,8248109.127407737,790.5696411132812,253.98170471191406
sample_20,13532,8470,836155.5932897511,8248109.127407737,395.3884582519531,316.2763671875
sample_20,13532,8471,836165.5932897511,8248109.127407737,179.4856719970703,244.5535125732422
sample_20,13532,8472,836175.5932897511,8248109.127407737,81.41822052001953,191.9774169921875
sample_20,13532,8473,836185.5932897511,8248109.127407737,124.85501098632812,249.43130493164062
sample_20,13532,8474,836195.5932897511,8248109.127407737,285.29669189453125,292.3987121582031
sample_20,13532,8475,836205.5932897511,8248109.127407737,597.4365234375,149.77862548828125
sample_20,13532,8476,836215.5932897511,8248109.127407737,345.1056213378906,178.4447479248047
sample_20,13532,8477,836225.5932897511,8248109.127407737,68.8675537109375,145.24945068359375
sample_20,13532,8478,836235.5932897511,8248109.127407737,60.35942077636719,54.09574890136719
sample_20,13532,8479,836245.5932897511,8248109.127407737,44.744415283203125,164.6885986328125
sample_20,13532,8480,836255.5932897511,8248109.127407737,28.987957000732422,350.3846435546875
sample_20,13532,8481,836265.5932897511,8248109.127407737,177.52223205566406,187.75296020507812
sample_20,13532,8482,836275.5932897511,8248109.127407737,316.3385009765625,245.0275421142578
sample_20,13532,8483,836285.5932897511,8248109.127407737,269.23626708984375,443.9983215332031
sample_20,13533,8464,836095.5932897511,8248099.127407737,812.713623046875,584.36572265625
sample_20,13533,8465,836105.5932897511,8248099.127407737,978.5911865234375,286.2275695800781
sample_20,13533,8466,836115.5932897511,8248099.127407737,656.0399780273438,145.0816650390625
sample_20,13533,8467,836125.5932897511,8248099.127407737,196.8431396484375,67.11885070800781
sample_20,13533,8468,836135.5932897511,8248099.127407737,344.65362548828125,107.19917297363281
sample_20,13533,8469,836145.5932897511,8248099.127407737,580.3052978515625,255.7355499267578
sample_20,13533,8470,836155.5932897511,8248099.127407737,576.5357055664062,452.9478759765625
sample_20,13533,8471,836165.5932897511,8248099.127407737,285.53118896484375,290.8232727050781
sample_20,13533,8472,836175.5932897511,8248099.127407737,147.61856079101562,155.3888397216797
sample_20,13533,8473,836185.5932897511,8248099.127407737,166.2141571044922,64.61866760253906
sample_20,13533,8474,836195.5932897511,8248099.127407737,629.185791015625,346.2781066894531
sample_20,13533,8475,836205.5932897511,8248099.127407737,967.1841430664062,513.529296875
sample_20,13533,8476,836215.5932897511,8248099.127407737,295.24102783203125,349.0113830566406
sample_20,13533,8477,836225.5932897511,8248099.127407737,65.94316864013672,240.72030639648438
sample_20,13533,8478,836235.5932897511,8248099.127407737,84.4569091796875,71.40811157226562
sample_20,13533,8479,836245.5932897511,8248099.127407737,115.89938354492188,100.33888244628906
sample_20,13533,8480,836255.5932897511,8248099.127407737,164.6887969970703,163.42543029785156
sample_20,13533,8481,836265.5932897511,8248099.127407737,262.56658935546875,129.15882873535156
sample_20,13533,8482,836275.5932897511,8248099.127407737,321.2275085449219,182.0782470703125
sample_20,13533,8483,836285.5932897511,8248099.127407737,468.0500793457031,286.5462646484375
sample_20,13534,8464,836095.5932897511,8248089.127407737,735.890869140625,359.90106201171875
sample_20,13534,8465,836105.5932897511,8248089.127407737,1167.2103271484375,67.10536193847656
sample_20,13534,8466,836115.5932897511,8248089.127407737,561.49169921875,63.84934997558594
sample_20,13534,8467,836125.5932897511,8248089.127407737,114.52649688720703,76.01162719726562
sample_20,13534,8468,836135.5932897511,8248089.127407737,186.95220947265625,108.86924743652344
sample_20,13534,8469,836145.5932897511,8248089.127407737,435.7765808105469,254.89083862304688
sample_20,13534,8470,836155.5932897511,8248089.127407737,768.4680786132812,488.73785400390625
sample_20,13534,8471,836165.5932897511,8248089.127407737,375.0430908203125,236.90293884277344
sample_20,13534,8472,836175.5932897511,8248089.127407737,256.0448913574219,109.6665267944336
sample_20,13534,8473,836185.5932897511,8248089.127407737,370.3590393066406,76.55799102783203
sample_20,13534,8474,836195.5932897511,8248089.127407737,686.7643432617188,376.7452392578125
sample_20,13534,8475,836205.5932897511,8248089.127407737,882.7096557617188,590.5618286132812
sample_20,13534,8476,836215.5932897511,8248089.127407737,232.9320831298828,379.8429870605469
sample_20,13534,8477,836225.5932897511,8248089.127407737,115.43450927734375,247.65988159179688
sample_20,13534,8478,836235.5932897511,8248089.127407737,142.854736328125,145.03919982910156
sample_20,13534,8479,836245.5932897511,8248089.127407737,99.9021987915039,147.10301208496094
sample_20,13534,8480,836255.5932897511,8248089.127407737,223.3575897216797,122.33792877197266
sample_20,13534,8481,836265.5932897511,8248089.127407737,383.0451965332031,106.45365905761719
sample_20,13534,8482,836275.5932897511,8248089.127407737,178.58958435058594,40.82809829711914
sample_20,13534,8483,836285.5932897511,8248089.127407737,353.1598815917969,65.74281311035156
sample_20,13535,8464,836095.5932897511,8248079.127407737,612.4253540039062,179.9962615966797
sample_20,13535,8465,836105.5932897511,8248079.127407737,577.1093139648438,36.62094497680664
sample_20,13535,8466,836115.5932897511,8248079.127407737,260.2254943847656,83.53340148925781
sample_20,13535,8467,836125.5932897511,8248079.127407737,67.67217254638672,126.20457458496094
sample_20,13535,8468,836135.5932897511,8248079.127407737,81.03677368164062,155.7981719970703
sample_20,13535,8469,836145.5932897511,8248079.127407737,91.80561828613281,71.71623992919922
sample_20,13535,8470,836155.5932897511,8248079.127407737,304.5860900878906,125.27051544189453
sample_20,13535,8471,836165.5932897511,8248079.127407737,413.2530822753906,110.82879638671875
sample_20,13535,8472,836175.5932897511,8248079.127407737,347.24920654296875,115.53459930419922
sample_20,13535,8473,836185.5932897511,8248079.127407737,382.39434814453125,140.5476531982422
sample_20,13535,8474,836195.5932897511,8248079.127407737,287.5528869628906,195.4765625
sample_20,13535,8475,836205.5932897511,8248079.127407737,248.83505249023438,183.85861206054688
sample_20,13535,8476,836215.5932897511,8248079.127407737,121.8319320678711,101.84561157226562
sample_20,13535,8477,836225.5932897511,8248079.127407737,104.92266845703125,153.58099365234375
sample_20,13535,8478,836235.5932897511,8248079.127407737,96.27456665039062,154.5439453125
sample_20,13535,8479,836245.5932897511,8248079.127407737,32.78486633300781,173.6280975341797
sample_20,13535,8480,836255.5932897511,8248079.127407737,222.27671813964844,140.34445190429688
sample_20,13535,8481,836265.5932897511,8248079.127407737,345.83404541015625,100.29529571533203
sample_20,13535,8482,836275.5932897511,8248079.127407737,144.17640686035156,94.8665542602539
sample_20,13535,8483,836285.5932897511,8248079.127407737,316.6294250488281,56.144439697265625
sample_20,13536,8464,836095.5932897511,8248069.127407737,520.3970947265625,63.04010772705078
sample_20,13536,8465,836105.5932897511,8248069.127407737,394.8359680175781,48.197078704833984
sample_20,13536,8466,836115.5932897511,8248069.127407737,113.57769775390625,122.47429656982422
sample_20,13536,8467,836125.5932897511,8248069.127407737,100.86602783203125,230.24168395996094
sample_20,13536,8468,836135.5932897511,8248069.127407737,218.58596801757812,260.7806396484375
sample_20,13536,8469,836145.5932897511,8248069.127407737,515.1461791992188,98.92515563964844
sample_20,13536,8470,836155.5932897511,8248069.127407737,527.764404296875,88.75042724609375
sample_20,13536,8471,836165.5932897511,8248069.127407737,562.1357421875,132.67031860351562
sample_20,13536,8472,836175.5932897511,8248069.127407737,323.0634765625,126.189208984375
sample_20,13536,8473,836185.5932897511,8248069.127407737,154.9428253173828,131.08834838867188
sample_20,13536,8474,836195.5932897511,8248069.127407737,162.6531524658203,108.77295684814453
sample_20,13536,8475,836205.5932897511,8248069.127407737,193.92697143554688,103.06094360351562
sample_20,13536,8476,836215.5932897511,8248069.127407737,162.96836853027344,70.47838592529297
sample_20,13536,8477,836225.5932897511,8248069.127407737,68.43305206298828,104.23503875732422
sample_20,13536,8478,836235.5932897511,8248069.127407737,31.123178482055664,112.45692443847656
sample_20,13536,8479,836245.5932897511,8248069.127407737,16.100996017456055,57.17831039428711
sample_20,13536,8480,836255.5932897511,8248069.127407737,79.24213409423828,43.782745361328125
sample_20,13536,8481,836265.5932897511,8248069.127407737,150.47293090820312,72.65645599365234
sample_20,13536,8482,836275.5932897511,8248069.127407737,103.4072036743164,130.8181915283203
sample_20,13536,8483,836285.5932897511,8248069.127407737,211.406982421875,61.73234176635742
sample_20,13537,8464,836095.5932897511,8248059.127407737,568.255859375,12.902053833007812
sample_20,13537,8465,836105.5932897511,8248059.127407737,471.54913330078125,47.07310104370117
sample_20,13537,8466,836115.5932897511,8248059.127407737,112.5655288696289,107.02583312988281
sample_20,13537,8467,836125.5932897511,8248059.127407737,169.58193969726562,111.03276824951172
sample_20,13537,8468,836135.5932897511,8248059.127407737,289.62445068359375,145.92282104492188
sample_20,13537,8469,836145.5932897511,8248059.127407737,614.5890502929688,102.50013732910156
sample_20,13537,8470,836155.5932897511,8248059.127407737,617.765625,145.92124938964844
sample_20,13537,8471,836165.5932897511,8248059.127407737,573.1188354492188,180.81979370117188
sample_20,13537,8472,836175.5932897511,8248059.127407737,454.1821594238281,68.46733093261719
sample_20,13537,8473,836185.5932897511,8248059.127407737,541.2570190429688,59.63212585449219
sample_20,13537,8474,836195.5932897511,8248059.127407737,553.0523071289062,69.26388549804688
sample_20,13537,8475,836205.5932897511,8248059.127407737,244.76455688476562,128.98719787597656
sample_20,13537,8476,836215.5932897511,8248059.127407737,166.7947235107422,120.52404022216797
sample_20,13537,8477,836225.5932897511,8248059.127407737,49.502445220947266,61.05247497558594
sample_20,13537,8478,836235.5932897511,8248059.127407737,24.687406539916992,262.3606262207031
sample_20,13537,8479,836245.5932897511,8248059.127407737,53.136016845703125,237.14230346679688
sample_20,13537,8480,836255.5932897511,8248059.127407737,116.44677734375,34.451847076416016
sample_20,13537,8481,836265.5932897511,8248059.127407737,110.11091613769531,74.74855041503906
sample_20,13537,8482,836275.5932897511,8248059.127407737,144.4034881591797,126.74500274658203
sample_20,13537,8483,836285.5932897511,8248059.127407737,240.66192626953125,70.87370300292969
sample_20,13538,8464,836095.5932897511,8248049.127407737,374.6708984375,5.748823642730713
sample_20,13538,8465,836105.5932897511,8248049.127407737,264.2698669433594,57.29265213012695
sample_20,13538,8466,836115.5932897511,8248049.127407737,144.543212890625,137.1124267578125
sample_20,13538,8467,836125.5932897511,8248049.127407737,183.47039794921875,191.28199768066406
sample_20,13538,8468,836135.5932897511,8248049.127407737,219.48289489746094,134.3279266357422
sample_20,13538,8469,836145.5932897511,8248049.127407737,198.49464416503906,145.55532836914062
sample_20,13538,8470,836155.5932897511,8248049.127407737,158.1737823486328,132.8337860107422
sample_20,13538,8471,836165.5932897511,8248049.127407737,353.1606750488281,159.09425354003906
sample_20,13538,8472,836175.5932897511,8248049.127407737,589.8670043945312,139.7809295654297
sample_20,13538,8473,836185.5932897511,8248049.127407737,666.7191162109375,65.68330383300781
sample_20,13538,8474,836195.5932897511,8248049.127407737,694.88720703125,103.20370483398438
sample_20,13538,8475,836205.5932897511,8248049.127407737,140.162841796875,225.5994110107422
sample_20,13538,8476,836215.5932897511,8248049.127407737,139.80215454101562,280.8472595214844
sample_20,13538,8477,836225.5932897511,8248049.127407737,210.39349365234375,287.4034118652344
sample_20,13538,8478,836235.5932897511,8248049.127407737,217.71319580078125,355.9293212890625
sample_20,13538,8479,836245.5932897511,8248049.127407737,183.57273864746094,261.5628662109375
sample_20,13538,8480,836255.5932897511,8248049.127407737,272.92010498046875,13.953245162963867
sample_20,13538,8481,836265.5932897511,8248049.127407737,246.32333374023438,121.67415618896484
sample_20,13538,8482,836275.5932897511,8248049.127407737,306.1775817871094,129.32064819335938
sample_20,13538,8483,836285.5932897511,8248049.127407737,469.8514404296875,42.243263244628906
sample_20,13539,8464,836095.5932897511,8248039.127407737,203.89114379882812,38.19047164916992
sample_20,13539,8465,836105.5932897511,8248039.127407737,320.1549072265625,150.7387237548828
sample_20,13539,8466,836115.5932897511,8248039.127407737,424.79583740234375,248.4109649658203
sample_20,13539,8467,836125.5932897511,8248039.127407737,327.6533203125,457.34271240234375
sample_20,13539,8468,836135.5932897511,8248039.127407737,236.8613739013672,246.15484619140625
sample_20,13539,8469,836145.5932897511,8248039.127407737,222.6535186767578,110.98177337646484
sample_20,13539,8470,836155.5932897511,8248039.127407737,74.33356475830078,92.6180419921875
sample_20,13539,8471,836165.5932897511,8248039.127407737,381.95965576171875,155.8394317626953
sample_20,13539,8472,836175.5932897511,8248039.127407737,633.1898193359375,205.52767944335938
sample_20,13539,8473,836185.5932897511,8248039.127407737,254.70228576660156,91.41079711914062
sample_20,13539,8474,836195.5932897511,8248039.127407737,194.4871826171875,196.66455078125
sample_20,13539,8475,836205.5932897511,8248039.127407737,94.69579315185547,389.444091796875
sample_20,13539,8476,836215.5932897511,8248039.127407737,120.61636352539062,328.70062255859375
sample_20,13539,8477,836225.5932897511,8248039.127407737,265.0468444824219,309.5622863769531
sample_20,13539,8478,836235.5932897511,8248039.127407737,451.46612548828125,281.3213195800781
sample_20,13539,8479,836245.5932897511,8248039.127407737,248.7117156982422,143.0748748779297
sample_20,13539,8480,836255.5932897511,8248039.127407737,198.54971313476562,88.09957122802734
sample_20,13539,8481,836265.5932897511,8248039.127407737,463.88458251953125,321.6205139160156
sample_20,13539,8482,836275.5932897511,8248039.127407737,415.1216735839844,250.48728942871094
sample_20,13539,8483,836285.5932897511,8248039.127407737,444.28497314453125,97.02882385253906
sample_20,13540,8464,836095.5932897511,8248029.127407737,259.40618896484375,90.195556640625
sample_20,13540,8465,836105.5932897511,8248029.127407737,590.2979125976562,273.0909729003906
sample_20,13540,8466,836115.5932897511,8248029.127407737,1391.1768798828125,261.3968811035156
sample_20,13540,8467,836125.5932897511,8248029.127407737,1632.8011474609375,218.9129638671875
sample_20,13540,8468,836135.5932897511,8248029.127407737,769.89794921875,104.8086929321289
sample_20,13540,8469,836145.5932897511,8248029.127407737,323.15386962890625,67.27544403076172
sample_20,13540,8470,836155.5932897511,8248029.127407737,83.59101104736328,70.50543975830078
sample_20,13540,8471,836165.5932897511,8248029.127407737,507.4182434082031,119.8583755493164
sample_20,13540,8472,836175.5932897511,8248029.127407737,578.5172119140625,138.10079956054688
sample_20,13540,8473,836185.5932897511,8248029.127407737,236.2747344970703,73.35234069824219
sample_20,13540,8474,836195.5932897511,8248029.127407737,354.784423828125,230.06971740722656
sample_20,13540,8475,836205.5932897511,8248029.127407737,322.1502685546875,351.4010314941406
sample_20,13540,8476,836215.5932897511,8248029.127407737,84.66332244873047,239.4163360595703
sample_20,13540,8477,836225.5932897511,8248029.127407737,176.41661071777344,162.39463806152344
sample_20,13540,8478,836235.5932897511,8248029.127407737,365.63946533203125,105.35594177246094
sample_20,13540,8479,836245.5932897511,8248029.127407737,228.41598510742188,67.28669738769531
sample_20,13540,8480,836255.5932897511,8248029.127407737,255.17416381835938,210.15750122070312
sample_20,13540,8481,836265.5932897511,8248029.127407737,556.5722045898438,531.75390625
sample_20,13540,8482,836275.5932897511,8248029.127407737,351.17822265625,372.0434875488281
sample_20,13540,8483,836285.5932897511,8248029.127407737,121.58088684082031,232.80056762695312
sample_20,13541,8464,836095.5932897511,8248019.127407737,448.98309326171875,63.02315139770508
sample_20,13541,8465,836105.5932897511,8248019.127407737,859.3328247070312,130.1143798828125
sample_20,13541,8466,836115.5932897511,8248019.127407737,1273.1129150390625,129.48086547851562
sample_20,13541,8467,836125.5932897511,8248019.127407737,1451.349853515625,99.4213638305664
sample_20,13541,8468,836135.5932897511,8248019.127407737,877.4411010742188,31.70610809326172
sample_20,13541,8469,836145.5932897511,8248019.127407737,383.23828125,58.10601043701172
sample_20,13541,8470,836155.5932897511,8248019.127407737,206.07301330566406,72.75757598876953
sample_20,13541,8471,836165.5932897511,8248019.127407737,644.1680297851562,61.67686080932617
sample_20,13541,8472,836175.5932897511,8248019.127407737,516.724365234375,85.07736206054688
sample_20,13541,8473,836185.5932897511,8248019.127407737,245.87973022460938,110.75042724609375
sample_20,13541,8474,836195.5932897511,8248019.127407737,507.05096435546875,273.7960205078125
sample_20,13541,8475,836205.5932897511,8248019.127407737,535.3958129882812,218.00204467773438
sample_20,13541,8476,836215.5932897511,8248019.127407737,126.12486267089844,65.83547973632812
sample_20,13541,8477,836225.5932897511,8248019.127407737,200.4521026611328,71.28522491455078
sample_20,13541,8478,836235.5932897511,8248019.127407737,259.414794921875,54.583614349365234
sample_20,13541,8479,836245.5932897511,8248019.127407737,191.68228149414062,42.334632873535156
sample_20,13541,8480,836255.5932897511,8248019.127407737,287.51318359375,291.4761047363281
sample_20,13541,8481,836265.5932897511,8248019.127407737,345.82415771484375,540.3803100585938
sample_20,13541,8482,836275.5932897511,8248019.127407737,578.7908325195312,242.96360778808594
sample_20,13541,8483,836285.5932897511,8248019.127407737,462.20721435546875,113.8948745727539
