sample_id,row,column,x,y,C11,C22
sample_01,23158,36500,179625.0,8265132.5,0.014838773757219315,0.0003245997941121459
sample_01,23158,36501,179630.0,8265132.5,0.012167860753834248,0.001987981842830777
sample_01,23158,36502,179635.0,8265132.5,0.004781903699040413,0.004520810209214687
sample_01,23158,36503,179640.0,8265132.5,0.02011457085609436,0.005180770996958017
sample_01,23158,36504,179645.0,8265132.5,0.018977029249072075,0.004783461801707745
sample_01,23158,36505,179650.0,8265132.5,0.008634203113615513,0.0010581023525446653
sample_01,23158,36506,179655.0,8265132.5,0.023862361907958984,0.0027709323912858963
sample_01,23158,36507,179660.0,8265132.5,0.03735796734690666,0.008808750659227371
sample_01,23158,36508,179665.0,8265132.5,0.042726099491119385,0.00163058761972934
sample_01,23158,36509,179670.0,8265132.5,0.0051690200343728065,0.0063233757391572
sample_01,23158,36510,179675.0,8265132.5,0.007008914835751057,0.013467351906001568
sample_01,23158,36511,179680.0,8265132.5,0.017712080851197243,0.005186454392969608
sample_01,23158,36512,179685.0,8265132.5,0.02222472056746483,0.0016466680681332946
sample_01,23158,36513,179690.0,8265132.5,0.014470333233475685,0.0017913745250552893
sample_01,23158,36514,179695.0,8265132.5,0.012050053104758263,0.016868924722075462
sample_01,23158,36515,179700.0,8265132.5,0.014977036975324154,0.010027799755334854
sample_01,23158,36516,179705.0,8265132.5,0.009034999646246433,0.0017343353247269988
sample_01,23158,36517,179710.0,8265132.5,0.018816523253917694,0.004816355649381876
sample_01,23158,36518,179715.0,8265132.5,0.030863381922245026,0.003848728258162737
sample_01,23158,36519,179720.0,8265132.5,0.003134154248982668,0.010655355639755726
sample_01,23159,36481,179530.0,8265122.5,0.011012802831828594,0.003326007165014744
sample_01,23159,36482,179535.0,8265122.5,0.04509681090712547,0.0025854879058897495
sample_01,23159,36483,179540.0,8265122.5,0.011644210666418076,0.001914804452098906
sample_01,23159,36484,179545.0,8265122.5,0.023501873016357422,0.0076133436523377895
sample_01,23159,36485,179550.0,8265122.5,0.08689788728952408,0.0035285698249936104
sample_01,23159,36486,179555.0,8265122.5,0.02712021954357624,0.01811038702726364
sample_01,23159,36487,179560.0,8265122.5,0.00799087155610323,0.014334111474454403
sample_01,23159,36488,179565.0,8265122.5,0.026555657386779785,0.0028077864553779364
sample_01,23159,36489,179570.0,8265122.5,0.02066122740507126,0.0032342413906008005
sample_01,23159,36490,179575.0,8265122.5,0.002932853763923049,0.00962749868631363
sample_01,23159,36491,179580.0,8265122.5,0.010093027725815773,0.005496070254594088
sample_01,23159,36492,179585.0,8265122.5,0.00601360434666276,0.007852952927350998
sample_01,23159,36493,179590.0,8265122.5,0.002439480274915695,0.007626625709235668
sample_01,23159,36494,179595.0,8265122.5,0.02796589955687523,0.0020415151957422495
sample_01,23159,36495,179600.0,8265122.5,0.023050278425216675,0.0024966213386505842
sample_01,23159,36496,179605.0,8265122.5,0.019896535202860832,0.0023441382218152285
sample_01,23159,36497,179610.0,8265122.5,0.035990793257951736,0.007867889478802681
sample_01,23159,36498,179615.0,8265122.5,0.02517864666879177,0.01518518477678299
sample_01,23159,36499,179620.0,8265122.5,0.02744278684258461,0.006470127496868372
sample_01,23159,36500,179625.0,8265122.5,0.02365204505622387,0.012200528755784035
sample_01,23159,36501,179630.0,8265122.5,0.0200099665671587,0.0022482872009277344
sample_01,23159,36502,179635.0,8265122.5,0.03345082327723503,0.004046503454446793
sample_01,23159,36503,179640.0,8265122.5,0.0025627596769481897,0.005212185904383659
sample_01,23159,36504,179645.0,8265122.5,0.021711912006139755,0.005879655014723539
sample_01,23159,36505,179650.0,8265122.5,0.013950704596936703,0.0037086738739162683
sample_01,23159,36506,179655.0,8265122.5,0.043878279626369476,0.007871005684137344
sample_01,23159,36507,179660.0,8265122.5,0.00494132936000824,0.00838866550475359
sample_01,23159,36508,179665.0,8265122.5,0.030509360134601593,0.00438823364675045
sample_01,23159,36509,179670.0,8265122.5,0.011745508760213852,0.002744397846981883
sample_01,23159,36510,179675.0,8265122.5,0.014413448981940746,0.0022686489392071962
sample_01,23159,36511,179680.0,8265122.5,0.012263834476470947,0.00655242707580328
sample_01,23159,36512,179685.0,8265122.5,0.053265396505594254,0.0018263205420225859
sample_01,23159,36513,179690.0,8265122.5,0.04222704842686653,0.0029272763058543205
sample_01,23159,36514,179695.0,8265122.5,0.006756572052836418,0.0038425959646701813
sample_01,23159,36515,179700.0,8265122.5,0.008162031881511211,0.0006331329932436347
sample_01,23159,36516,179705.0,8265122.5,0.0031118772458285093,0.0010665302397683263
sample_01,23159,36517,179710.0,8265122.5,0.01604991778731346,0.007097914814949036
sample_01,23159,36518,179715.0,8265122.5,0.013437934219837189,0.0085732601583004
sample_01,23159,36519,179720.0,8265122.5,0.024717194959521294,0.0041386401280760765
sample_01,23160,36481,179530.0,8265112.5,0.01933629810810089,0.0011560438433662057
sample_01,23160,36482,179535.0,8265112.5,0.018354959785938263,0.010018388740718365
sample_01,23160,36483,179540.0,8265112.5,0.04562902823090553,0.0021105653140693903
sample_01,23160,36484,179545.0,8265112.5,0.013017505407333374,0.006689043249934912
sample_01,23160,36485,179550.0,8265112.5,0.02125517651438713,0.006464236881583929
sample_01,23160,36486,179555.0,8265112.5,0.04251839220523834,0.004930289927870035
sample_01,23160,36487,179560.0,8265112.5,0.005968461744487286,0.0023876677732914686
sample_01,23160,36488,179565.0,8265112.5,0.01650650054216385,0.008785847574472427
sample_01,23160,36489,179570.0,8265112.5,0.049829233437776566,0.006045980378985405
sample_01,23160,36490,179575.0,8265112.5,0.06178196147084236,0.009857241064310074
sample_01,23160,36491,179580.0,8265112.5,0.027604566887021065,0.001280878554098308
sample_01,23160,36492,179585.0,8265112.5,0.016979705542325974,0.00790888536721468
sample_01,23160,36493,179590.0,8265112.5,0.024142233654856682,0.01299409568309784
sample_01,23160,36494,179595.0,8265112.5,0.026586584746837616,0.005133353173732758
sample_01,23160,36495,179600.0,8265112.5,0.05449338257312775,0.002319761784747243
sample_01,23160,36496,179605.0,8265112.5,0.030413243919610977,0.004525235388427973
sample_01,23160,36497,179610.0,8265112.5,0.026784511283040047,0.003530479036271572
sample_01,23160,36498,179615.0,8265112.5,0.01236337423324585,0.00513878557831049
sample_01,23160,36499,179620.0,8265112.5,0.005909298546612263,0.008029644377529621
sample_01,23160,36500,179625.0,8265112.5,0.007243062369525433,0.005010002292692661
sample_01,23160,36501,179630.0,8265112.5,0.017184512689709663,0.0031630294397473335
sample_01,23160,36502,179635.0,8265112.5,0.01101601216942072,0.008291167207062244
sample_01,23160,36503,179640.0,8265112.5,0.024672232568264008,0.003376998472958803
sample_01,23160,36504,179645.0,8265112.5,0.017590094357728958,0.007046600803732872
sample_01,23160,36505,179650.0,8265112.5,0.028069017454981804,0.0194905586540699
sample_01,23160,36506,179655.0,8265112.5,0.02339664101600647,0.002796341199427843
sample_01,23160,36507,179660.0,8265112.5,0.023335585370659828,0.0016264785081148148
sample_01,23160,36508,179665.0,8265112.5,0.006690940819680691,0.007263747043907642
sample_01,23160,36509,179670.0,8265112.5,0.01377757266163826,0.012598738074302673
sample_01,23160,36510,179675.0,8265112.5,0.017302144318819046,0.01720331981778145
sample_01,23160,36511,179680.0,8265112.5,0.04367079213261604,0.007921786978840828
sample_01,23160,36512,179685.0,8265112.5,0.017592325806617737,0.015356535091996193
sample_01,23160,36513,179690.0,8265112.5,0.0064755892381072044,0.009716720320284367
sample_01,23160,36514,179695.0,8265112.5,0.012371827848255634,0.005685156211256981
sample_01,23160,36515,179700.0,8265112.5,0.006344761699438095,0.01458827592432499
sample_01,23160,36516,179705.0,8265112.5,0.03107806108891964,0.0027617455925792456
sample_01,23160,36517,179710.0,8265112.5,0.034420840442180634,0.007666443008929491
sample_01,23160,36518,179715.0,8265112.5,0.07906559109687805,0.002740835305303335
sample_01,23160,36519,179720.0,8265112.5,0.058497026562690735,0.0012591624399647117
sample_01,23161,36481,179530.0,8265102.5,0.03404171019792557,0.0011398369679227471
sample_01,23161,36482,179535.0,8265102.5,0.028824474662542343,0.001424671383574605
sample_01,23161,36483,179540.0,8265102.5,0.01333766058087349,0.006620210595428944
sample_01,23161,36484,179545.0,8265102.5,0.009799346327781677,0.01181800290942192
sample_01,23161,36485,179550.0,8265102.5,0.013012362644076347,0.0065139224752783775
sample_01,23161,36486,179555.0,8265102.5,0.031151171773672104,0.007117548957467079
sample_01,23161,36487,179560.0,8265102.5,0.00594681641086936,0.0015632824506610632
sample_01,23161,36488,179565.0,8265102.5,0.016260985285043716,0.003633489366620779
sample_01,23161,36489,179570.0,8265102.5,0.005509197246283293,0.0012633220758289099
sample_01,23161,36490,179575.0,8265102.5,0.006829564459621906,0.0008107174653559923
sample_01,23161,36491,179580.0,8265102.5,0.018638381734490395,0.009192932397127151
sample_01,23161,36492,179585.0,8265102.5,0.026172302663326263,0.0027993693947792053
sample_01,23161,36493,179590.0,8265102.5,0.0036258050240576267,0.0034194563049823046
sample_01,23161,36494,179595.0,8265102.5,0.008232615888118744,0.003934348933398724
sample_01,23161,36495,179600.0,8265102.5,0.036134880036115646,0.00038639764534309506
sample_01,23161,36496,179605.0,8265102.5,0.010426834225654602,0.004753942601382732
sample_01,23161,36497,179610.0,8265102.5,0.02154383435845375,0.001349366968497634
sample_01,23161,36498,179615.0,8265102.5,0.01736866496503353,0.0048071639612317085
sample_01,23161,36499,179620.0,8265102.5,0.008442910388112068,0.0033248967956751585
sample_01,23161,36500,179625.0,8265102.5,0.01830190420150757,0.0021078169811517
sample_01,23161,36501,179630.0,8265102.5,0.00720932986587286,0.017927952110767365
sample_01,23161,36502,179635.0,8265102.5,0.016167405992746353,0.00378299318253994
sample_01,23161,36503,179640.0,8265102.5,0.007632511667907238,0.0052063949406147
sample_01,23161,36504,179645.0,8265102.5,0.013639189302921295,0.005258655641227961
sample_01,23161,36505,179650.0,8265102.5,0.007105251308530569,0.010397843085229397
sample_01,23161,36506,179655.0,8265102.5,0.010784551501274109,0.006792620290070772
sample_01,23161,36507,179660.0,8265102.5,0.04030952975153923,0.0005343174561858177
sample_01,23161,36508,179665.0,8265102.5,0.029287148267030716,0.001087491400539875
sample_01,23161,36509,179670.0,8265102.5,0.006472484674304724,0.0034769349731504917
sample_01,23161,36510,179675.0,8265102.5,0.01441978570073843,0.0018038476118817925
sample_01,23161,36511,179680.0,8265102.5,0.05325060337781906,0.005375509150326252
sample_01,23161,36512,179685.0,8265102.5,0.010913562029600143,0.002329038456082344
sample_01,23161,36513,179690.0,8265102.5,0.023997049778699875,0.009416359476745129
sample_01,23161,36514,179695.0,8265102.5,0.01570502296090126,0.012745424173772335
sample_01,23161,36515,179700.0,8265102.5,0.014740336686372757,0.007574292831122875
sample_01,23161,36516,179705.0,8265102.5,0.018076352775096893,0.0031246813014149666
sample_01,23161,36517,179710.0,8265102.5,0.011847494170069695,0.0070852842181921005
sample_01,23161,36518,179715.0,8265102.5,0.007758226245641708,0.0020046494901180267
sample_01,23161,36519,179720.0,8265102.5,0.02663576230406761,0.006150346715003252
sample_01,23162,36481,179530.0,8265092.5,0.05679749697446823,0.0007614391506649554
sample_01,23162,36482,179535.0,8265092.5,0.02511661872267723,0.012561535462737083
sample_01,23162,36483,179540.0,8265092.5,0.0030175463762134314,0.0008283905917778611
sample_01,23162,36484,179545.0,8265092.5,0.010977622121572495,0.0012194905430078506
sample_01,23162,36485,179550.0,8265092.5,0.012162473052740097,0.001637243665754795
sample_01,23162,36486,179555.0,8265092.5,0.03586889058351517,0.007431250065565109
sample_01,23162,36487,179560.0,8265092.5,0.014595872722566128,0.0032667312771081924
sample_01,23162,36488,179565.0,8265092.5,0.024328336119651794,0.003156621940433979
sample_01,23162,36489,179570.0,8265092.5,0.0182570181787014,0.002514280378818512
sample_01,23162,36490,179575.0,8265092.5,0.030693959444761276,0.00805751234292984
sample_01,23162,36491,179580.0,8265092.5,0.012108317576348782,0.0015060026198625565
sample_01,23162,36492,179585.0,8265092.5,0.01275313924998045,0.004708139691501856
sample_01,23162,36493,179590.0,8265092.5,0.010137328878045082,0.006379804108291864
sample_01,23162,36494,179595.0,8265092.5,0.019990380853414536,0.0036110766232013702
sample_01,23162,36495,179600.0,8265092.5,0.010094495490193367,0.012030904181301594
sample_01,23162,36496,179605.0,8265092.5,0.012554490938782692,0.012422816827893257
sample_01,23162,36497,179610.0,8265092.5,0.0169737059623003,0.005179428495466709
sample_01,23162,36498,179615.0,8265092.5,0.01771063730120659,0.007247967179864645
sample_01,23162,36499,179620.0,8265092.5,0.03086233139038086,0.006075521465390921
sample_01,23162,36500,179625.0,8265092.5,0.014495392329990864,0.013514441438019276
sample_01,23162,36501,179630.0,8265092.5,0.008447941392660141,0.012806117534637451
sample_01,23162,36502,179635.0,8265092.5,0.006580142304301262,0.015548758208751678
sample_01,23162,36503,179640.0,8265092.5,0.014029253274202347,0.0019752548541873693
sample_01,23162,36504,179645.0,8265092.5,0.021354621276259422,0.007895450107753277
sample_01,23162,36505,179650.0,8265092.5,0.012628568336367607,0.002942458726465702
sample_01,23162,36506,179655.0,8265092.5,0.007878066971898079,0.003998497035354376
sample_01,23162,36507,179660.0,8265092.5,0.005639700219035149,0.004933403804898262
sample_01,23162,36508,179665.0,8265092.5,0.006983951665461063,0.003319656243547797
sample_01,23162,36509,179670.0,8265092.5,0.009113642387092113,0.010127188637852669
sample_01,23162,36510,179675.0,8265092.5,0.006779844872653484,0.005736072547733784
sample_01,23162,36511,179680.0,8265092.5,0.027049168944358826,0.006120773032307625
sample_01,23162,36512,179685.0,8265092.5,0.053443849086761475,0.0022385672200471163
sample_01,23162,36513,179690.0,8265092.5,0.0020795308519154787,0.011089402250945568
sample_01,23162,36514,179695.0,8265092.5,0.020616432651877403,0.014737305231392384
sample_01,23162,36515,179700.0,8265092.5,0.03877551853656769,0.005783567205071449
sample_01,23162,36516,179705.0,8265092.5,0.013790534809231758,0.004432791378349066
sample_01,23162,36517,179710.0,8265092.5,0.00814780779182911,0.005258612800389528
sample_01,23162,36518,179715.0,8265092.5,0.006207766942679882,0.005327558144927025
sample_01,23162,36519,179720.0,8265092.5,0.004226421471685171,0.0017781443893909454
sample_01,23163,36481,179530.0,8265082.5,0.04350109398365021,0.008740846067667007
sample_01,23163,36482,179535.0,8265082.5,0.004609750583767891,0.010005444288253784
sample_01,23163,36483,179540.0,8265082.5,0.019367335364222527,0.003200403181836009
sample_01,23163,36484,179545.0,8265082.5,0.0032911445014178753,0.0045499312691390514
sample_01,23163,36485,179550.0,8265082.5,0.0075542619451880455,0.009216167032718658
sample_01,23163,36486,179555.0,8265082.5,0.04005615413188934,0.004320845473557711
sample_01,23163,36487,179560.0,8265082.5,0.029383521527051926,0.0026784557849168777
sample_01,23163,36488,179565.0,8265082.5,0.012734917923808098,0.007059596944600344
sample_01,23163,36489,179570.0,8265082.5,0.027990218251943588,0.0002512804639991373
sample_01,23163,36490,179575.0,8265082.5,0.016700685024261475,0.008504864759743214
sample_01,23163,36491,179580.0,8265082.5,0.023866454139351845,0.005801514722406864
sample_01,23163,36492,179585.0,8265082.5,0.04956373572349548,0.007629817351698875
sample_01,23163,36493,179590.0,8265082.5,0.02945020981132984,0.004443818237632513
sample_01,23163,36494,179595.0,8265082.5,0.02445109561085701,0.002118341624736786
sample_01,23163,36495,179600.0,8265082.5,0.01086020190268755,0.0015502509195357561
sample_01,23163,36496,179605.0,8265082.5,0.01641409657895565,0.0028366916812956333
sample_01,23163,36497,179610.0,8265082.5,0.03887680172920227,0.012244706973433495
sample_01,23163,36498,179615.0,8265082.5,0.017379263415932655,0.009148608893156052
sample_01,23163,36499,179620.0,8265082.5,0.005306298844516277,0.004925297573208809
sample_01,23163,36500,179625.0,8265082.5,0.011893929913640022,0.005296835210174322
sample_01,23163,36501,179630.0,8265082.5,0.010771241039037704,0.0017616702243685722
sample_01,23163,36502,179635.0,8265082.5,0.027860937640070915,0.0017323540523648262
sample_01,23163,36503,179640.0,8265082.5,0.01241251640021801,0.0025665138382464647
sample_01,23163,36504,179645.0,8265082.5,0.020671570673584938,0.002948358189314604
sample_01,23163,36505,179650.0,8265082.5,0.009268202818930149,0.0006056353449821472
sample_01,23163,36506,179655.0,8265082.5,0.006574979517608881,0.0029414575546979904
sample_01,23163,36507,179660.0,8265082.5,0.004414843861013651,0.0030684592202305794
sample_01,23163,36508,179665.0,8265082.5,0.05649396404623985,0.0042710453271865845
sample_01,23163,36509,179670.0,8265082.5,0.027517106384038925,0.008008823730051517
sample_01,23163,36510,179675.0,8265082.5,0.04499392211437225,0.006727272178977728
sample_01,23163,36511,179680.0,8265082.5,0.0017955685034394264,0.006964757107198238
sample_01,23163,36512,179685.0,8265082.5,0.03376362472772598,0.00324145145714283
sample_01,23163,36513,179690.0,8265082.5,0.004290142096579075,0.007399464957416058
sample_01,23163,36514,179695.0,8265082.5,0.024774398654699326,0.008702517487108707
sample_01,23163,36515,179700.0,8265082.5,0.040135182440280914,0.004022200591862202
sample_01,23163,36516,179705.0,8265082.5,0.010014859959483147,0.007137780077755451
sample_01,23163,36517,179710.0,8265082.5,0.04555484652519226,0.004126900807023048
sample_01,23163,36518,179715.0,8265082.5,0.01480024866759777,0.0010000821202993393
sample_01,23163,36519,179720.0,8265082.5,0.01662769913673401,0.009126690216362476
sample_01,23164,36481,179530.0,8265072.5,0.06228330731391907,0.013092633336782455
sample_01,23164,36482,179535.0,8265072.5,0.036697134375572205,0.0013611732283607125
sample_01,23164,36483,179540.0,8265072.5,0.04522024467587471,0.012502647936344147
sample_01,23164,36484,179545.0,8265072.5,0.037444502115249634,0.0010435592848807573
sample_01,23164,36485,179550.0,8265072.5,0.010339689441025257,0.003624402917921543
sample_01,23164,36486,179555.0,8265072.5,0.01661567948758602,0.0061174724251031876
sample_01,23164,36487,179560.0,8265072.5,0.013621139340102673,0.0057589830830693245
sample_01,23164,36488,179565.0,8265072.5,0.007346605882048607,0.0038643069565296173
sample_01,23164,36489,179570.0,8265072.5,0.005380810238420963,0.007951455190777779
sample_01,23164,36490,179575.0,8265072.5,0.016937218606472015,0.0026188669726252556
sample_01,23164,36491,179580.0,8265072.5,0.013838661834597588,0.008836931549012661
sample_01,23164,36492,179585.0,8265072.5,0.03413528949022293,0.0062307738699018955
sample_01,23164,36493,179590.0,8265072.5,0.01731712743639946,0.004138816148042679
sample_01,23164,36494,179595.0,8265072.5,0.01441102009266615,0.006401408929377794
sample_01,23164,36495,179600.0,8265072.5,0.014321081340312958,0.0039894115179777145
sample_01,23164,36496,179605.0,8265072.5,0.01926427334547043,0.003450143849477172
sample_01,23164,36497,179610.0,8265072.5,0.03676154464483261,0.002862487453967333
sample_01,23164,36498,179615.0,8265072.5,0.025851290673017502,0.0038055339828133583
sample_01,23164,36499,179620.0,8265072.5,0.008316947147250175,0.004059595987200737
sample_01,23164,36500,179625.0,8265072.5,0.02613033913075924,0.004029745701700449
sample_01,23164,36501,179630.0,8265072.5,0.001657717046327889,0.0018703347304835916
sample_01,23164,36502,179635.0,8265072.5,0.050910625606775284,0.003869742387905717
sample_01,23164,36503,179640.0,8265072.5,0.04717317223548889,0.002304092049598694
sample_01,23164,36504,179645.0,8265072.5,0.03118593990802765,0.0031257683876901865
sample_01,23164,36505,179650.0,8265072.5,0.009958263486623764,0.003530074143782258
sample_01,23164,36506,179655.0,8265072.5,0.027467144653201103,0.006983678787946701
sample_01,23164,36507,179660.0,8265072.5,0.0027513913810253143,0.00304015283472836
sample_01,23164,36508,179665.0,8265072.5,0.033642467111349106,0.0037484364584088326
sample_01,23164,36509,179670.0,8265072.5,0.008792908862233162,0.0020543597638607025
sample_01,23164,36510,179675.0,8265072.5,0.004612399265170097,0.0026873990427702665
sample_01,23164,36511,179680.0,8265072.5,0.008480636402964592,0.005770005285739899
sample_01,23164,36512,179685.0,8265072.5,0.01829393208026886,0.000980753218755126
sample_01,23164,36513,179690.0,8265072.5,0.0015288186259567738,0.003490803064778447
sample_01,23164,36514,179695.0,8265072.5,0.005042966455221176,0.006475054658949375
sample_01,23164,36515,179700.0,8265072.5,0.02606583759188652,0.012154629454016685
sample_01,23164,36516,179705.0,8265072.5,0.031072666868567467,0.0045486437156796455
sample_01,23164,36517,179710.0,8265072.5,0.007856869138777256,0.0010454748990014195
sample_01,23164,36518,179715.0,8265072.5,0.008427451364696026,0.0034836377017199993
sample_01,23164,36519,179720.0,8265072.5,0.001745600369758904,0.002975973766297102
sample_01,23165,36482,179535.0,8265062.5,0.019759997725486755,0.0036944677121937275
sample_01,23165,36483,179540.0,8265062.5,0.012670271098613739,0.009874160401523113
sample_01,23165,36484,179545.0,8265062.5,0.02361253835260868,0.0005155469989404082
sample_01,23165,36485,179550.0,8265062.5,0.025921262800693512,0.004074794240295887
sample_01,23165,36486,179555.0,8265062.5,0.04307277128100395,0.01091326866298914
sample_01,23165,36487,179560.0,8265062.5,0.030264686793088913,0.004531603306531906
sample_01,23165,36488,179565.0,8265062.5,0.013950005173683167,0.002052128780633211
sample_01,23165,36489,179570.0,8265062.5,0.034455060958862305,0.006063756532967091
sample_01,23165,36490,179575.0,8265062.5,0.025914045050740242,0.004044199828058481
sample_01,23165,36491,179580.0,8265062.5,0.0039028613828122616,0.002781974384561181
sample_01,23165,36492,179585.0,8265062.5,0.03201872855424881,0.006006139330565929
sample_01,23165,36493,179590.0,8265062.5,0.035897064954042435,0.007264210842549801
sample_01,23165,36494,179595.0,8265062.5,0.013960719108581543,0.0034670718014240265
sample_01,23165,36495,179600.0,8265062.5,0.0026129046455025673,0.0053519816137850285
sample_01,23165,36496,179605.0,8265062.5,0.004762840922921896,0.001890873652882874
sample_01,23165,36497,179610.0,8265062.5,0.020000481978058815,0.0034460132010281086
sample_01,23165,36498,179615.0,8265062.5,0.014674333855509758,0.0037355301901698112
sample_01,23165,36499,179620.0,8265062.5,0.0062682731077075005,0.0030518691055476665
sample_01,23165,36500,179625.0,8265062.5,0.020528359338641167,0.012017063796520233
sample_01,23165,36501,179630.0,8265062.5,0.007450570352375507,0.005449878517538309
sample_01,23165,36502,179635.0,8265062.5,0.0029365341179072857,0.0012070443481206894
sample_01,23165,36503,179640.0,8265062.5,0.022375965490937233,0.008149729110300541
sample_01,23165,36504,179645.0,8265062.5,0.019935784861445427,0.004635430406779051
sample_01,23165,36505,179650.0,8265062.5,0.020564135164022446,0.005449387244880199
sample_01,23165,36506,179655.0,8265062.5,0.036342449486255646,0.005894700065255165
sample_01,23165,36507,179660.0,8265062.5,0.005055929999798536,0.009669221006333828
sample_01,23165,36508,179665.0,8265062.5,0.007951945066452026,0.010260093957185745
sample_01,23165,36509,179670.0,8265062.5,0.002256733598187566,0.005717278923839331
sample_01,23165,36510,179675.0,8265062.5,0.031258322298526764,0.005721918307244778
sample_01,23165,36511,179680.0,8265062.5,0.022066358476877213,0.004408785607665777
sample_01,23165,36512,179685.0,8265062.5,0.01661825180053711,0.013719755224883556
sample_01,23165,36513,179690.0,8265062.5,0.028039589524269104,0.005862307734787464
sample_01,23165,36514,179695.0,8265062.5,0.053998541086912155,0.008640062995254993
sample_01,23165,36515,179700.0,8265062.5,0.02679208293557167,0.004834664985537529
sample_01,23165,36516,179705.0,8265062.5,0.028868846595287323,0.001453209901228547
sample_01,23165,36517,179710.0,8265062.5,0.05130627378821373,0.004421967081725597
sample_01,23165,36518,179715.0,8265062.5,0.019883744418621063,0.02043394185602665
sample_01,23165,36519,179720.0,8265062.5,0.0203171968460083,0.007339536678045988
sample_01,23166,36482,179535.0,8265052.5,0.01285027526319027,0.0017736776499077678
sample_01,23166,36483,179540.0,8265052.5,0.041112858802080154,0.002104276791214943
sample_01,23166,36484,179545.0,8265052.5,0.038771700114011765,0.010269666090607643
sample_01,23166,36485,179550.0,8265052.5,0.010128820315003395,0.0040459646843373775
sample_01,23166,36486,179555.0,8265052.5,0.013603150844573975,0.0021789255551993847
sample_01,23166,36487,179560.0,8265052.5,0.024159684777259827,0.008164064958691597
sample_01,23166,36488,179565.0,8265052.5,0.006682803854346275,0.0061850780621171
sample_01,23166,36489,179570.0,8265052.5,0.010565659962594509,0.004461819306015968
sample_01,23166,36490,179575.0,8265052.5,0.004857656080275774,0.0014421301893889904
sample_01,23166,36491,179580.0,8265052.5,0.05940600857138634,0.011923220008611679
sample_01,23166,36492,179585.0,8265052.5,0.046393223106861115,0.0056133088655769825
sample_01,23166,36493,179590.0,8265052.5,0.017734788358211517,0.008517039939761162
sample_01,23166,36494,179595.0,8265052.5,0.05126167833805084,0.0035587986931204796
sample_01,23166,36495,179600.0,8265052.5,0.02126704528927803,0.010369779542088509
sample_01,23166,36496,179605.0,8265052.5,0.013120342046022415,0.002902387175709009
sample_01,23166,36497,179610.0,8265052.5,0.024007240310311317,0.005511392839252949
sample_01,23166,36498,179615.0,8265052.5,0.012903018854558468,0.004410298075526953
sample_01,23166,36499,179620.0,8265052.5,0.04912927746772766,0.007781420834362507
sample_01,23166,36500,179625.0,8265052.5,0.020388834178447723,0.0005329216364771128
sample_01,23166,36501,179630.0,8265052.5,0.018341930583119392,0.005179474595934153
sample_01,23166,36502,179635.0,8265052.5,0.0011302563361823559,0.005084344185888767
sample_01,23166,36503,179640.0,8265052.5,0.000575559213757515,0.004610338248312473
sample_01,23166,36504,179645.0,8265052.5,0.022882606834173203,0.007483503315597773
sample_01,23166,36505,179650.0,8265052.5,0.05098078399896622,0.00570435356348753
sample_01,23166,36506,179655.0,8265052.5,0.02900976687669754,0.006915447302162647
sample_01,23166,36507,179660.0,8265052.5,0.011273052543401718,0.004191703628748655
sample_01,23166,36508,179665.0,8265052.5,0.003115480300039053,0.008116301149129868
sample_01,23166,36509,179670.0,8265052.5,0.012234183959662914,0.003888869658112526
sample_01,23166,36510,179675.0,8265052.5,0.11486127972602844,0.0012206146493554115
sample_01,23166,36511,179680.0,8265052.5,0.0938817709684372,0.005536563228815794
sample_01,23166,36512,179685.0,8265052.5,0.04713045805692673,0.003013110952451825
sample_01,23166,36513,179690.0,8265052.5,0.06478890776634216,0.007845234125852585
sample_01,23166,36514,179695.0,8265052.5,0.07034891843795776,0.003649471327662468
sample_01,23166,36515,179700.0,8265052.5,0.015540841966867447,0.006565405987203121
sample_01,23166,36516,179705.0,8265052.5,0.019114257767796516,0.010515854693949223
sample_01,23166,36517,179710.0,8265052.5,0.029474789276719093,0.002904629334807396
sample_01,23166,36518,179715.0,8265052.5,0.008004918694496155,0.001591566950082779
sample_01,23166,36519,179720.0,8265052.5,0.007230544462800026,0.003235880983993411
sample_01,23167,36482,179535.0,8265042.5,0.007409576326608658,0.004223627503961325
sample_01,23167,36483,179540.0,8265042.5,0.026827622205018997,0.011275417171418667
sample_01,23167,36484,179545.0,8265042.5,0.04818078875541687,0.0017035427736118436
sample_01,23167,36485,179550.0,8265042.5,0.01200837455689907,0.008937543258070946
sample_01,23167,36486,179555.0,8265042.5,0.010895760729908943,0.008987418375909328
sample_01,23167,36487,179560.0,8265042.5,0.019161522388458252,0.005190984345972538
sample_01,23167,36488,179565.0,8265042.5,0.03037930279970169,0.0043533118441700935
sample_01,23167,36489,179570.0,8265042.5,0.0022858688607811928,0.011089267209172249
sample_01,23167,36490,179575.0,8265042.5,0.006868629716336727,0.004706536419689655
sample_01,23167,36491,179580.0,8265042.5,0.025082703679800034,0.0028404199983924627
sample_01,23167,36492,179585.0,8265042.5,0.028406642377376556,0.0014946921728551388
sample_01,23167,36493,179590.0,8265042.5,0.013388754799962044,0.007755456026643515
sample_01,23167,36494,179595.0,8265042.5,0.013775857165455818,0.0054033249616622925
sample_01,23167,36495,179600.0,8265042.5,0.034477606415748596,0.005007600877434015
sample_01,23167,36496,179605.0,8265042.5,0.016581255942583084,0.0046178363263607025
sample_01,23167,36497,179610.0,8265042.5,0.020268697291612625,0.004356034100055695
sample_01,23167,36498,179615.0,8265042.5,0.018811311572790146,0.0010534204775467515
sample_01,23167,36499,179620.0,8265042.5,0.0021941070444881916,0.001751620788127184
sample_01,23167,36500,179625.0,8265042.5,0.03467519208788872,0.012125927023589611
sample_01,23167,36501,179630.0,8265042.5,0.042333148419857025,0.015094144269824028
sample_01,23167,36502,179635.0,8265042.5,0.02502676472067833,0.000496329681482166
sample_01,23167,36503,179640.0,8265042.5,0.019236531108617783,0.007923695258796215
sample_01,23167,36504,179645.0,8265042.5,0.0603458471596241,0.003012206871062517
sample_01,23167,36505,179650.0,8265042.5,0.007622923236340284,0.007711141370236874
sample_01,23167,36506,179655.0,8265042.5,0.010368808172643185,0.015095077455043793
sample_01,23167,36507,179660.0,8265042.5,0.013574269600212574,0.013342311605811119
sample_01,23167,36508,179665.0,8265042.5,0.04443379119038582,0.0031955521553754807
sample_01,23167,36509,179670.0,8265042.5,0.024965602904558182,0.011539313942193985
sample_01,23167,36510,179675.0,8265042.5,0.006095367483794689,0.0047642141580581665
sample_01,23167,36511,179680.0,8265042.5,0.010814487934112549,0.0006702437531203032
sample_01,23167,36512,179685.0,8265042.5,0.006744281388819218,0.003099194960668683
sample_01,23167,36513,179690.0,8265042.5,0.016643010079860687,0.01010135281831026
sample_01,23167,36514,179695.0,8265042.5,0.017319869250059128,0.011372502893209457
sample_01,23167,36515,179700.0,8265042.5,0.020904023200273514,0.015436758287250996
sample_01,23167,36516,179705.0,8265042.5,0.04693569988012314,0.0003561534686014056
sample_01,23167,36517,179710.0,8265042.5,0.009543449617922306,0.006503521930426359
sample_01,23167,36518,179715.0,8265042.5,0.009812510572373867,0.002519733738154173
sample_01,23167,36519,179720.0,8265042.5,0.003606081008911133,0.01717076450586319
sample_01,23168,36482,179535.0,8265032.5,0.012174785137176514,0.01594264805316925
sample_01,23168,36483,179540.0,8265032.5,0.02184530533850193,0.013031158596277237
sample_01,23168,36484,179545.0,8265032.5,0.062205180525779724,0.00672092055901885
sample_01,23168,36485,179550.0,8265032.5,0.015918660908937454,0.0005506980232894421
sample_01,23168,36486,179555.0,8265032.5,0.02816491574048996,0.003421525005251169
sample_01,23168,36487,179560.0,8265032.5,0.03323831036686897,0.004331124480813742
sample_01,23168,36488,179565.0,8265032.5,0.019117332994937897,0.0022012176923453808
sample_01,23168,36489,179570.0,8265032.5,0.01177666150033474,0.009627798572182655
sample_01,23168,36490,179575.0,8265032.5,0.013940788805484772,0.007209764793515205
sample_01,23168,36491,179580.0,8265032.5,0.028263868764042854,0.0013528709532693028
sample_01,23168,36492,179585.0,8265032.5,0.07336252182722092,0.013414200395345688
sample_01,23168,36493,179590.0,8265032.5,0.0033348663710057735,0.003734586527571082
sample_01,23168,36494,179595.0,8265032.5,0.01525113359093666,0.015055613592267036
sample_01,23168,36495,179600.0,8265032.5,0.008463474921882153,0.009258694015443325
sample_01,23168,36496,179605.0,8265032.5,0.038398437201976776,0.005705500487238169
sample_01,23168,36497,179610.0,8265032.5,0.025844814255833626,0.015849782153964043
sample_01,23168,36498,179615.0,8265032.5,0.008192827925086021,0.0056678359396755695
sample_01,23168,36499,179620.0,8265032.5,0.004781142342835665,0.007296265102922916
sample_01,23168,36500,179625.0,8265032.5,0.03481762111186981,0.006627505645155907
sample_01,23168,36501,179630.0,8265032.5,0.0029838387854397297,0.0006717111100442708
sample_01,23168,36502,179635.0,8265032.5,0.027876291424036026,0.00695967860519886
sample_01,23168,36503,179640.0,8265032.5,0.01506824791431427,0.0073279403150081635
sample_01,23168,36504,179645.0,8265032.5,0.01451384648680687,0.005298357456922531
sample_01,23168,36505,179650.0,8265032.5,0.007780729327350855,0.006817718502134085
sample_01,23168,36506,179655.0,8265032.5,0.01180964894592762,0.004672461189329624
sample_01,23168,36507,179660.0,8265032.5,0.004734955728054047,0.0012153420830145478
sample_01,23168,36508,179665.0,8265032.5,0.03521043062210083,0.0037391758523881435
sample_01,23168,36509,179670.0,8265032.5,0.013793356716632843,0.00258327042683959
sample_01,23168,36510,179675.0,8265032.5,0.01366191916167736,0.00688804080709815
sample_01,23168,36511,179680.0,8265032.5,0.00981359463185072,0.004382801242172718
sample_01,23168,36512,179685.0,8265032.5,0.01069798693060875,0.0011802801163867116
sample_01,23168,36513,179690.0,8265032.5,0.007018837612122297,0.009893706999719143
sample_01,23168,36514,179695.0,8265032.5,0.008903550915420055,0.01320946030318737
sample_01,23168,36515,179700.0,8265032.5,0.024820977821946144,0.008996052667498589
sample_01,23168,36516,179705.0,8265032.5,0.006010841578245163,0.0052364179864525795
sample_01,23168,36517,179710.0,8265032.5,0.06045748293399811,0.004485437646508217
sample_01,23168,36518,179715.0,8265032.5,0.021330086514353752,0.007556398399174213
sample_01,23168,36519,179720.0,8265032.5,0.005453635007143021,0.009478355757892132
sample_01,23169,36482,179535.0,8265022.5,0.015276665799319744,0.0017953659407794476
sample_01,23169,36483,179540.0,8265022.5,0.005161365494132042,0.01407211646437645
sample_01,23169,36484,179545.0,8265022.5,0.01437852531671524,0.00449335714802146
sample_01,23169,36485,179550.0,8265022.5,0.00474324356764555,0.009494439698755741
sample_01,23169,36486,179555.0,8265022.5,0.020478377118706703,0.002703877165913582
sample_01,23169,36487,179560.0,8265022.5,0.013779519125819206,0.0026229650247842073
sample_01,23169,36488,179565.0,8265022.5,0.013768624514341354,0.005411923862993717
sample_01,23169,36489,179570.0,8265022.5,0.018350990489125252,0.010082211345434189
sample_01,23169,36490,179575.0,8265022.5,0.04149050638079643,0.002887054579332471
sample_01,23169,36491,179580.0,8265022.5,0.037811145186424255,0.009017536416649818
sample_01,23169,36492,179585.0,8265022.5,0.011880503036081791,0.006385331973433495
sample_01,23169,36493,179590.0,8265022.5,0.03873949125409126,0.0005964664742350578
sample_01,23169,36494,179595.0,8265022.5,0.009125428274273872,0.0082627572119236
sample_01,23169,36495,179600.0,8265022.5,0.038492802530527115,0.005750034470111132
sample_01,23169,36496,179605.0,8265022.5,0.06188955157995224,0.0030075013637542725
sample_01,23169,36497,179610.0,8265022.5,0.018359320238232613,0.009987633675336838
sample_01,23169,36498,179615.0,8265022.5,0.015929486602544785,0.005581188015639782
sample_01,23169,36499,179620.0,8265022.5,0.0071646953001618385,0.0010340820299461484
sample_01,23169,36500,179625.0,8265022.5,0.02647191844880581,0.00774849858134985
sample_01,23169,36501,179630.0,8265022.5,0.03221183270215988,0.004879452288150787
sample_01,23169,36502,179635.0,8265022.5,0.033177729696035385,0.004409952089190483
sample_01,23169,36503,179640.0,8265022.5,0.018819082528352737,0.0029895720072090626
sample_01,23169,36504,179645.0,8265022.5,0.019639376550912857,0.00026166869793087244
sample_01,23169,36505,179650.0,8265022.5,0.02296600677073002,0.000598470214754343
sample_01,23169,36506,179655.0,8265022.5,0.0049863154999911785,0.003614175831899047
sample_01,23169,36507,179660.0,8265022.5,0.006498896051198244,0.010344723239541054
sample_01,23169,36508,179665.0,8265022.5,0.013012375682592392,0.0029616381507366896
sample_01,23169,36509,179670.0,8265022.5,0.004430481698364019,0.004953906871378422
sample_01,23169,36510,179675.0,8265022.5,0.04281400889158249,0.005051966290920973
sample_01,23169,36511,179680.0,8265022.5,0.02417384646832943,0.012035049498081207
sample_01,23169,36512,179685.0,8265022.5,0.022215567529201508,0.006495850160717964
sample_01,23169,36513,179690.0,8265022.5,0.02021944522857666,0.0029173647053539753
sample_01,23169,36514,179695.0,8265022.5,0.022181393578648567,0.02734426036477089
sample_01,23169,36515,179700.0,8265022.5,0.01721135526895523,0.0020451745949685574
sample_01,23169,36516,179705.0,8265022.5,0.050436899065971375,0.006428062450140715
sample_01,23169,36517,179710.0,8265022.5,0.030431274324655533,0.0017105478327721357
sample_01,23169,36518,179715.0,8265022.5,0.012374580837786198,0.00932286400347948
sample_01,23169,36519,179720.0,8265022.5,0.029228858649730682,0.0037832690868526697
sample_01,23169,36520,179725.0,8265022.5,0.02988530695438385,0.008931675925850868
sample_01,23170,36482,179535.0,8265012.5,0.015642555430531502,0.014342837035655975
sample_01,23170,36483,179540.0,8265012.5,0.012057287618517876,0.021126391366124153
sample_01,23170,36484,179545.0,8265012.5,0.020170893520116806,0.004604802466928959
sample_01,23170,36485,179550.0,8265012.5,0.025149550288915634,0.005018678493797779
sample_01,23170,36486,179555.0,8265012.5,0.030771633610129356,0.011814739555120468
sample_01,23170,36487,179560.0,8265012.5,0.011025545187294483,0.0026779710315167904
sample_01,23170,36488,179565.0,8265012.5,0.007061980664730072,0.00447508692741394
sample_01,23170,36489,179570.0,8265012.5,0.050141070038080215,0.003030916675925255
sample_01,23170,36490,179575.0,8265012.5,0.024023666977882385,0.0011701426701620221
sample_01,23170,36491,179580.0,8265012.5,0.003026462160050869,0.003821928519755602
sample_01,23170,36492,179585.0,8265012.5,0.008286641910672188,0.0011469826567918062
sample_01,23170,36493,179590.0,8265012.5,0.045588959008455276,0.0010506734251976013
sample_01,23170,36494,179595.0,8265012.5,0.02147621661424637,0.003991608042269945
sample_01,23170,36495,179600.0,8265012.5,0.013339838944375515,0.003127239877358079
sample_01,23170,36496,179605.0,8265012.5,0.036861781030893326,0.0027097160927951336
sample_01,23170,36497,179610.0,8265012.5,0.014280324801802635,0.0034380049910396338
sample_01,23170,36498,179615.0,8265012.5,0.026579026132822037,0.002779210451990366
sample_01,23170,36499,179620.0,8265012.5,0.02237118035554886,0.007972524501383305
sample_01,23170,36500,179625.0,8265012.5,0.06174807250499725,0.002234002575278282
sample_01,23170,36501,179630.0,8265012.5,0.004364596679806709,0.010732701979577541
sample_01,23170,36502,179635.0,8265012.5,0.04422798380255699,0.004881276749074459
sample_01,23170,36503,179640.0,8265012.5,0.05706637352705002,0.0034455163404345512
sample_01,23170,36504,179645.0,8265012.5,0.00661202147603035,0.006811198312789202
sample_01,23170,36505,179650.0,8265012.5,0.03117809258401394,0.00620737299323082
sample_01,23170,36506,179655.0,8265012.5,0.029583338648080826,0.0012901086593046784
sample_01,23170,36507,179660.0,8265012.5,0.008116237819194794,0.0056408606469631195
sample_01,23170,36508,179665.0,8265012.5,0.017932135611772537,0.004856586456298828
sample_01,23170,36509,179670.0,8265012.5,0.018162762746214867,0.005017584655433893
sample_01,23170,36510,179675.0,8265012.5,0.008836813271045685,0.011112406849861145
sample_01,23170,36511,179680.0,8265012.5,0.00945978332310915,0.005207497626543045
sample_01,23170,36512,179685.0,8265012.5,0.008539462462067604,0.005083870608359575
sample_01,23170,36513,179690.0,8265012.5,0.01662556827068329,0.0022289971821010113
sample_01,23170,36514,179695.0,8265012.5,0.03422384336590767,0.005150227341800928
sample_01,23170,36515,179700.0,8265012.5,0.002963641658425331,0.0027618613094091415
sample_01,23170,36516,179705.0,8265012.5,0.051525767892599106,0.006045306101441383
sample_01,23170,36517,179710.0,8265012.5,0.02322276681661606,0.014707379043102264
sample_01,23170,36518,179715.0,8265012.5,0.0210711732506752,0.002297052415087819
sample_01,23170,36519,179720.0,8265012.5,0.025917422026395798,0.014323843643069267
sample_01,23170,36520,179725.0,8265012.5,0.02364923246204853,0.0006192976725287735
sample_01,23171,36482,179535.0,8265002.5,0.02267112024128437,0.0042818691581487656
sample_01,23171,36483,179540.0,8265002.5,0.03465976193547249,0.0038115782663226128
sample_01,23171,36484,179545.0,8265002.5,0.021147215738892555,0.009116135537624359
sample_01,23171,36485,179550.0,8265002.5,0.027457740157842636,0.006299057975411415
sample_01,23171,36486,179555.0,8265002.5,0.02768118306994438,0.001652585226111114
sample_01,23171,36487,179560.0,8265002.5,0.030628303065896034,0.004488625563681126
sample_01,23171,36488,179565.0,8265002.5,0.011157756671309471,0.004503272008150816
sample_01,23171,36489,179570.0,8265002.5,0.014494585804641247,0.013156723231077194
sample_01,23171,36490,179575.0,8265002.5,0.01295385044068098,0.00938506331294775
sample_01,23171,36491,179580.0,8265002.5,0.025188002735376358,0.01061093620955944
sample_01,23171,36492,179585.0,8265002.5,0.026367221027612686,0.0052405004389584064
sample_01,23171,36493,179590.0,8265002.5,0.007015644572675228,0.010904379189014435
sample_01,23171,36494,179595.0,8265002.5,0.029139041900634766,0.001220979611389339
sample_01,23171,36495,179600.0,8265002.5,0.03564687818288803,0.003952456638216972
sample_01,23171,36496,179605.0,8265002.5,0.009798554703593254,0.006254685577005148
sample_01,23171,36497,179610.0,8265002.5,0.010222773998975754,0.004135343711823225
sample_01,23171,36498,179615.0,8265002.5,0.011424938216805458,0.010441510938107967
sample_01,23171,36499,179620.0,8265002.5,0.02047974243760109,0.006884859874844551
sample_01,23171,36500,179625.0,8265002.5,0.005447427276521921,0.002477165311574936
sample_01,23171,36501,179630.0,8265002.5,0.006159879267215729,0.0012187007814645767
sample_01,23171,36502,179635.0,8265002.5,0.027002893388271332,0.003043568693101406
sample_01,23171,36503,179640.0,8265002.5,0.036966387182474136,0.0042969766072928905
sample_01,23171,36504,179645.0,8265002.5,0.01656404696404934,0.003166503505781293
sample_01,23171,36505,179650.0,8265002.5,0.0073789008893072605,0.015235929749906063
sample_01,23171,36506,179655.0,8265002.5,0.006799001712352037,0.0062903473153710365
sample_01,23171,36507,179660.0,8265002.5,0.021378226578235626,0.004512182902544737
sample_01,23171,36508,179665.0,8265002.5,0.022183861583471298,0.021440545096993446
sample_01,23171,36509,179670.0,8265002.5,0.005444357171654701,0.0076928758062422276
sample_01,23171,36510,179675.0,8265002.5,0.004719545133411884,0.004110519774258137
sample_01,23171,36511,179680.0,8265002.5,0.014639580622315407,0.00520729785785079
sample_01,23171,36512,179685.0,8265002.5,0.007317645009607077,0.0022772951051592827
sample_01,23171,36513,179690.0,8265002.5,0.009743683971464634,0.0010271011851727962
sample_01,23171,36514,179695.0,8265002.5,0.018489446491003036,0.0032557439990341663
sample_01,23171,36515,179700.0,8265002.5,0.010988001711666584,0.0041877273470163345
sample_01,23171,36516,179705.0,8265002.5,0.010168132372200489,0.003979879431426525
sample_01,23171,36517,179710.0,8265002.5,0.038218460977077484,0.0050637852400541306
sample_01,23171,36518,179715.0,8265002.5,0.02314944379031658,0.004996184259653091
sample_01,23171,36519,179720.0,8265002.5,0.039163991808891296,0.006267947610467672
sample_01,23171,36520,179725.0,8265002.5,0.009951498359441757,0.0035645077005028725
sample_01,23172,36482,179535.0,8264992.5,0.017635885626077652,0.0020717333536595106
sample_01,23172,36483,179540.0,8264992.5,0.007938914000988007,0.0007381412433460355
sample_01,23172,36484,179545.0,8264992.5,0.012417151592671871,0.002378344302996993
sample_01,23172,36485,179550.0,8264992.5,0.02422459051012993,0.007445246912539005
sample_01,23172,36486,179555.0,8264992.5,0.01082635298371315,0.004647367633879185
sample_01,23172,36487,179560.0,8264992.5,0.01944177784025669,0.0028645172715187073
sample_01,23172,36488,179565.0,8264992.5,0.005265030078589916,0.004347036127001047
sample_01,23172,36489,179570.0,8264992.5,0.027060899883508682,0.012067616917192936
sample_01,23172,36490,179575.0,8264992.5,0.012512825429439545,0.005840322468429804
sample_01,23172,36491,179580.0,8264992.5,0.018770430237054825,0.005623895674943924
sample_01,23172,36492,179585.0,8264992.5,0.04543553665280342,0.003989263903349638
sample_01,23172,36493,179590.0,8264992.5,0.009254834614694118,0.003778373124077916
sample_01,23172,36494,179595.0,8264992.5,0.023842044174671173,0.0026831231079995632
sample_01,23172,36495,179600.0,8264992.5,0.020492982119321823,0.012465665116906166
sample_01,23172,36496,179605.0,8264992.5,0.017869824543595314,0.009862915612757206
sample_01,23172,36497,179610.0,8264992.5,0.020711209625005722,0.0017603605519980192
sample_01,23172,36498,179615.0,8264992.5,0.01187357772141695,0.008079387247562408
sample_01,23172,36499,179620.0,8264992.5,0.025913409888744354,0.008246302604675293
sample_01,23172,36500,179625.0,8264992.5,0.017999887466430664,0.00543093029409647
sample_01,23172,36501,179630.0,8264992.5,0.02233990654349327,0.002078025368973613
sample_01,23172,36502,179635.0,8264992.5,0.021829234436154366,0.0012843906879425049
sample_01,23172,36503,179640.0,8264992.5,0.006045945920050144,0.0028023989871144295
sample_01,23172,36504,179645.0,8264992.5,0.04529498144984245,0.0033382149413228035
sample_01,23172,36505,179650.0,8264992.5,0.0036538410931825638,0.0038282587192952633
sample_01,23172,36506,179655.0,8264992.5,0.02081144042313099,0.006561563350260258
sample_01,23172,36507,179660.0,8264992.5,0.0032921184320002794,0.010835829190909863
sample_01,23172,36508,179665.0,8264992.5,0.01710766740143299,0.009178977459669113
sample_01,23172,36509,179670.0,8264992.5,0.02852252870798111,0.0031976986210793257
sample_01,23172,36510,179675.0,8264992.5,0.0038852617144584656,0.0015143335331231356
sample_01,23172,36511,179680.0,8264992.5,0.014949018135666847,0.016261890530586243
sample_01,23172,36512,179685.0,8264992.5,0.007181555964052677,0.005096174776554108
sample_01,23172,36513,179690.0,8264992.5,0.013214257545769215,0.005967197939753532
sample_01,23172,36514,179695.0,8264992.5,0.013554001227021217,0.005044162273406982
sample_01,23172,36515,179700.0,8264992.5,0.005747831426560879,0.008587867952883244
sample_01,23172,36516,179705.0,8264992.5,0.030396953225135803,0.007300092838704586
sample_01,23172,36517,179710.0,8264992.5,0.003797096200287342,0.000239380489801988
sample_01,23172,36518,179715.0,8264992.5,0.025414898991584778,0.003751852083951235
sample_01,23172,36519,179720.0,8264992.5,0.0068146781995892525,0.002169602317735553
sample_01,23172,36520,179725.0,8264992.5,0.032897621393203735,0.020515356212854385
sample_01,23173,36482,179535.0,8264982.5,0.019129179418087006,0.012421729043126106
sample_01,23173,36483,179540.0,8264982.5,0.023024747148156166,0.01739233359694481
sample_01,23173,36484,179545.0,8264982.5,0.01356825977563858,0.011880781501531601
sample_01,23173,36485,179550.0,8264982.5,0.008842304348945618,0.007791620213538408
sample_01,23173,36486,179555.0,8264982.5,0.027217263355851173,0.008160561323165894
sample_01,23173,36487,179560.0,8264982.5,0.04141298681497574,0.00014095226651988924
sample_01,23173,36488,179565.0,8264982.5,0.017433665692806244,0.0017315384466201067
sample_01,23173,36489,179570.0,8264982.5,0.02433648891746998,0.0019613492768257856
sample_01,23173,36490,179575.0,8264982.5,0.02381434664130211,0.006064483895897865
sample_01,23173,36491,179580.0,8264982.5,0.04351173713803291,0.001262468402273953
sample_01,23173,36492,179585.0,8264982.5,0.002693167421966791,0.002742383163422346
sample_01,23173,36493,179590.0,8264982.5,0.0464007705450058,0.011264747008681297
sample_01,23173,36494,179595.0,8264982.5,0.010793016292154789,0.0032848322298377752
sample_01,23173,36495,179600.0,8264982.5,0.009726871736347675,0.0031872012186795473
sample_01,23173,36496,179605.0,8264982.5,0.028745045885443687,0.0017064318526536226
sample_01,23173,36497,179610.0,8264982.5,0.004088979214429855,0.0012105717323720455
sample_01,23173,36498,179615.0,8264982.5,0.016702931374311447,0.008257904089987278
sample_01,23173,36499,179620.0,8264982.5,0.05555757135152817,0.0025789206847548485
sample_01,23173,36500,179625.0,8264982.5,0.010181493125855923,0.0029624830931425095
sample_01,23173,36501,179630.0,8264982.5,0.030023057013750076,0.004089529160410166
sample_01,23173,36502,179635.0,8264982.5,0.0141614880412817,0.010537342168390751
sample_01,23173,36503,179640.0,8264982.5,0.053419288247823715,0.005767199210822582
sample_01,23173,36504,179645.0,8264982.5,0.04808737337589264,0.004626729525625706
sample_01,23173,36505,179650.0,8264982.5,0.032208532094955444,0.0048045748844742775
sample_01,23173,36506,179655.0,8264982.5,0.03571253642439842,0.014273355714976788
sample_01,23173,36507,179660.0,8264982.5,0.027427341789007187,0.004992053844034672
sample_01,23173,36508,179665.0,8264982.5,0.0036307135596871376,0.010542203672230244
sample_01,23173,36509,179670.0,8264982.5,0.02565096691250801,0.004403118975460529
sample_01,23173,36510,179675.0,8264982.5,0.023364510387182236,0.012341741472482681
sample_01,23173,36511,179680.0,8264982.5,0.036182042211294174,0.009959043934941292
sample_01,23173,36512,179685.0,8264982.5,0.007467435672879219,0.0015363842248916626
sample_01,23173,36513,179690.0,8264982.5,0.027117962017655373,0.0013272939249873161
sample_01,23173,36514,179695.0,8264982.5,0.038309499621391296,0.005543048493564129
sample_01,23173,36515,179700.0,8264982.5,0.03453045338392258,0.005588218569755554
sample_01,23173,36516,179705.0,8264982.5,0.022031016647815704,0.007103039417415857
sample_01,23173,36517,179710.0,8264982.5,0.01983589679002762,0.015918578952550888
sample_01,23173,36518,179715.0,8264982.5,0.017422810196876526,0.007111961022019386
sample_01,23173,36519,179720.0,8264982.5,0.02482488378882408,0.007811360992491245
sample_01,23173,36520,179725.0,8264982.5,0.005325822159647942,0.013233624398708344
sample_02,24304,39750,195875.0,8253672.5,0.006637145299464464,0.008679169230163097
sample_02,24304,39751,195880.0,8253672.5,0.024249454960227013,0.003173983423039317
sample_02,24304,39752,195885.0,8253672.5,0.010738730430603027,0.001633522449992597
sample_02,24304,39753,195890.0,8253672.5,0.006513173691928387,0.012543214485049248
sample_02,24304,39754,195895.0,8253672.5,0.015220636501908302,0.0025022937916219234
sample_02,24304,39755,195900.0,8253672.5,0.01439739391207695,0.0008706541266292334
sample_02,24304,39756,195905.0,8253672.5,0.058827199041843414,0.006045585498213768
sample_02,24304,39757,195910.0,8253672.5,0.01848498359322548,0.0021442852448672056
sample_02,24304,39758,195915.0,8253672.5,0.03122398629784584,0.003781876526772976
sample_02,24304,39759,195920.0,8253672.5,0.0047475416213274,0.006567345000803471
sample_02,24304,39760,195925.0,8253672.5,0.02233743481338024,0.00510756578296423
sample_02,24304,39761,195930.0,8253672.5,0.0016226674197241664,0.0021678220946341753
sample_02,24304,39762,195935.0,8253672.5,0.01367693766951561,0.00910936575382948
sample_02,24304,39763,195940.0,8253672.5,0.01069808378815651,0.00041956015047617257
sample_02,24304,39764,195945.0,8253672.5,0.015972238034009933,0.006623871624469757
sample_02,24304,39765,195950.0,8253672.5,0.010116150602698326,0.010324690490961075
sample_02,24304,39766,195955.0,8253672.5,0.014714794233441353,0.0018598514143377542
sample_02,24304,39767,195960.0,8253672.5,0.008494999259710312,0.001839623088017106
sample_02,24304,39768,195965.0,8253672.5,0.026107264682650566,0.0075017353519797325
sample_02,24304,39769,195970.0,8253672.5,0.01578744500875473,0.006802310235798359
sample_02,24304,39770,195975.0,8253672.5,0.02707047574222088,0.013099364936351776
sample_02,24304,39771,195980.0,8253672.5,0.01050536148250103,0.005804343614727259
sample_02,24304,39772,195985.0,8253672.5,0.009823277592658997,0.0021704519167542458
sample_02,24304,39773,195990.0,8253672.5,0.024179644882678986,0.001710061333142221
sample_02,24304,39774,195995.0,8253672.5,0.016081146895885468,0.008886666968464851
sample_02,24304,39775,196000.0,8253672.5,0.009343257173895836,0.001091635785996914
sample_02,24304,39776,196005.0,8253672.5,0.04051215946674347,0.007435385603457689
sample_02,24304,39777,196010.0,8253672.5,0.03147512301802635,0.005653943866491318
sample_02,24304,39778,196015.0,8253672.5,0.0058281803503632545,0.0009958375012502074
sample_02,24304,39779,196020.0,8253672.5,0.01337144523859024,0.010731464251875877
sample_02,24304,39780,196025.0,8253672.5,0.005547257140278816,0.007754490710794926
sample_02,24304,39781,196030.0,8253672.5,0.020421817898750305,0.005511617753654718
sample_02,24304,39782,196035.0,8253672.5,0.009848699904978275,0.007792855612933636
sample_02,24305,39744,195845.0,8253662.5,0.006011210381984711,0.008462214842438698
sample_02,24305,39745,195850.0,8253662.5,0.018398147076368332,0.004218488000333309
sample_02,24305,39746,195855.0,8253662.5,0.018736304715275764,0.004061803221702576
sample_02,24305,39747,195860.0,8253662.5,0.007534260395914316,0.012883324176073074
sample_02,24305,39748,195865.0,8253662.5,0.03352927044034004,0.0024466069880872965
sample_02,24305,39749,195870.0,8253662.5,0.04012690484523773,0.0037496639415621758
sample_02,24305,39750,195875.0,8253662.5,0.03508124500513077,0.01101145800203085
sample_02,24305,39751,195880.0,8253662.5,0.009244865737855434,0.012886082753539085
sample_02,24305,39752,195885.0,8253662.5,0.011807805858552456,0.008860133588314056
sample_02,24305,39753,195890.0,8253662.5,0.004388022236526012,0.00561786163598299
sample_02,24305,39754,195895.0,8253662.5,0.022443965077400208,0.003779183141887188
sample_02,24305,39755,195900.0,8253662.5,0.020030803978443146,0.007460535503923893
sample_02,24305,39756,195905.0,8253662.5,0.016227245330810547,0.004297741688787937
sample_02,24305,39757,195910.0,8253662.5,0.005979388486593962,0.003290212247520685
sample_02,24305,39758,195915.0,8253662.5,0.008514443412423134,0.008553063496947289
sample_02,24305,39759,195920.0,8253662.5,0.02400343492627144,0.01412300206720829
sample_02,24305,39760,195925.0,8253662.5,0.02737739309668541,0.0037177857011556625
sample_02,24305,39761,195930.0,8253662.5,0.016442472115159035,0.0011852444149553776
sample_02,24305,39762,195935.0,8253662.5,0.03171906620264053,0.003975545521825552
sample_02,24305,39763,195940.0,8253662.5,0.019458746537566185,0.011872649192810059
sample_02,24305,39764,195945.0,8253662.5,0.01128822285681963,0.004136577248573303
sample_02,24305,39765,195950.0,8253662.5,0.014562586322426796,0.00473869638517499
sample_02,24305,39766,195955.0,8253662.5,0.0436912477016449,0.012237225659191608
sample_02,24305,39767,195960.0,8253662.5,0.03810779005289078,0.007738130632787943
sample_02,24305,39768,195965.0,8253662.5,0.03258323669433594,0.005556776188313961
sample_02,24305,39769,195970.0,8253662.5,0.013409907929599285,0.0036249414552003145
sample_02,24305,39770,195975.0,8253662.5,0.006814312189817429,0.0094348369166255
sample_02,24305,39771,195980.0,8253662.5,0.007593755144625902,0.004027456510812044
sample_02,24305,39772,195985.0,8253662.5,0.036492038518190384,0.01061290130019188
sample_02,24305,39773,195990.0,8253662.5,0.009798375889658928,0.002736190799623728
sample_02,24305,39774,195995.0,8253662.5,0.05591077357530594,0.001212551724165678
sample_02,24305,39775,196000.0,8253662.5,0.008976161479949951,0.00626366725191474
sample_02,24305,39776,196005.0,8253662.5,0.049681536853313446,0.0029052989557385445
sample_02,24305,39777,196010.0,8253662.5,0.024295924231410027,0.004464426543563604
sample_02,24305,39778,196015.0,8253662.5,0.02607121877372265,0.0027601290494203568
sample_02,24305,39779,196020.0,8253662.5,0.009838099591434002,0.005235083866864443
sample_02,24305,39780,196025.0,8253662.5,0.01963602937757969,0.004504671320319176
sample_02,24305,39781,196030.0,8253662.5,0.031877294182777405,0.011473308317363262
sample_02,24305,39782,196035.0,8253662.5,0.014214668422937393,0.0012057621497660875
sample_02,24306,39744,195845.0,8253652.5,0.014649461954832077,0.018437853083014488
sample_02,24306,39745,195850.0,8253652.5,0.01183068472892046,0.024743111804127693
sample_02,24306,39746,195855.0,8253652.5,0.0056498171761631966,0.0029536867514252663
sample_02,24306,39747,195860.0,8253652.5,0.04399716481566429,0.022694220766425133
sample_02,24306,39748,195865.0,8253652.5,0.00905994139611721,0.000802638300228864
sample_02,24306,39749,195870.0,8253652.5,0.009707167744636536,0.008978506550192833
sample_02,24306,39750,195875.0,8253652.5,0.004552588798105717,0.0068371472880244255
sample_02,24306,39751,195880.0,8253652.5,0.012803019024431705,0.000665658270008862
sample_02,24306,39752,195885.0,8253652.5,0.009382601827383041,0.0034549159463495016
sample_02,24306,39753,195890.0,8253652.5,0.0024857991375029087,0.0024459888227283955
sample_02,24306,39754,195895.0,8253652.5,0.011634182184934616,0.0013264589942991734
sample_02,24306,39755,195900.0,8253652.5,0.030178643763065338,0.0048120953142642975
sample_02,24306,39756,195905.0,8253652.5,0.019890807569026947,0.006714579649269581
sample_02,24306,39757,195910.0,8253652.5,0.003064539283514023,0.01877765730023384
sample_02,24306,39758,195915.0,8253652.5,0.011003643274307251,0.011844836175441742
sample_02,24306,39759,195920.0,8253652.5,0.056559931486845016,0.005538144148886204
sample_02,24306,39760,195925.0,8253652.5,0.015471943654119968,0.0023071386385709047
sample_02,24306,39761,195930.0,8253652.5,0.005251346156001091,0.006500197574496269
sample_02,24306,39762,195935.0,8253652.5,0.01872735470533371,0.006257462315261364
sample_02,24306,39763,195940.0,8253652.5,0.015418031252920628,0.003729308722540736
sample_02,24306,39764,195945.0,8253652.5,0.051334019750356674,0.005217527039349079
sample_02,24306,39765,195950.0,8253652.5,0.01660534366965294,0.0028408439829945564
sample_02,24306,39766,195955.0,8253652.5,0.05305394530296326,0.010495699942111969
sample_02,24306,39767,195960.0,8253652.5,0.029744189232587814,0.00797363743185997
sample_02,24306,39768,195965.0,8253652.5,0.02664351835846901,0.0011027328437194228
sample_02,24306,39769,195970.0,8253652.5,0.04785332456231117,0.009248761460185051
sample_02,24306,39770,195975.0,8253652.5,0.024128472432494164,0.005201717838644981
sample_02,24306,39771,195980.0,8253652.5,0.023072872310876846,0.0010124545078724623
sample_02,24306,39772,195985.0,8253652.5,0.017583996057510376,0.008672894909977913
sample_02,24306,39773,195990.0,8253652.5,0.002117642667144537,0.0034219257067888975
sample_02,24306,39774,195995.0,8253652.5,0.013550806790590286,0.006018451415002346
sample_02,24306,39775,196000.0,8253652.5,0.012222732417285442,0.0013173853512853384
sample_02,24306,39776,196005.0,8253652.5,0.01813860796391964,0.006527998484671116
sample_02,24306,39777,196010.0,8253652.5,0.04244062677025795,0.0033461558632552624
sample_02,24306,39778,196015.0,8253652.5,0.016327999532222748,0.007681550458073616
sample_02,24306,39779,196020.0,8253652.5,0.004446031991392374,0.007657719776034355
sample_02,24306,39780,196025.0,8253652.5,0.008369188755750656,0.0038579327519983053
sample_02,24306,39781,196030.0,8253652.5,0.02366138994693756,0.009322801604866982
sample_02,24306,39782,196035.0,8253652.5,0.021727072075009346,0.003428767202422023
sample_02,24307,39744,195845.0,8253642.5,0.014451665803790092,0.009636035189032555
sample_02,24307,39745,195850.0,8253642.5,0.00473899208009243,0.008541196584701538
sample_02,24307,39746,195855.0,8253642.5,0.012125816196203232,0.002025038003921509
sample_02,24307,39747,195860.0,8253642.5,0.011187700554728508,0.0037516418378800154
sample_02,24307,39748,195865.0,8253642.5,0.001490200636908412,0.007306218612939119
sample_02,24307,39749,195870.0,8253642.5,0.01176653802394867,0.004972910508513451
sample_02,24307,39750,195875.0,8253642.5,0.021454347297549248,0.004153525922447443
sample_02,24307,39751,195880.0,8253642.5,0.03160346299409866,0.0016307550249621272
sample_02,24307,39752,195885.0,8253642.5,0.016475463286042213,0.003092156257480383
sample_02,24307,39753,195890.0,8253642.5,0.040542300790548325,0.005371677689254284
sample_02,24307,39754,195895.0,8253642.5,0.014405958354473114,0.002344070002436638
sample_02,24307,39755,195900.0,8253642.5,0.018396779894828796,0.0017064970452338457
sample_02,24307,39756,195905.0,8253642.5,0.020691830664873123,0.002792203100398183
sample_02,24307,39757,195910.0,8253642.5,0.03839562088251114,0.007482902146875858
sample_02,24307,39758,195915.0,8253642.5,0.02321891486644745,0.003967271652072668
sample_02,24307,39759,195920.0,8253642.5,0.03751830384135246,0.006401023827493191
sample_02,24307,39760,195925.0,8253642.5,0.010208272375166416,0.0033652090933173895
sample_02,24307,39761,195930.0,8253642.5,0.03151948004961014,0.0034768786281347275
sample_02,24307,39762,195935.0,8253642.5,0.02337636426091194,0.009653029963374138
sample_02,24307,39763,195940.0,8253642.5,0.015486938878893852,0.00826372392475605
sample_02,24307,39764,195945.0,8253642.5,0.013782396912574768,0.01488441787660122
sample_02,24307,39765,195950.0,8253642.5,0.010676255449652672,0.007987214252352715
sample_02,24307,39766,195955.0,8253642.5,0.010832414962351322,0.0018553726840764284
sample_02,24307,39767,195960.0,8253642.5,0.004430326633155346,0.006347036920487881
sample_02,24307,39768,195965.0,8253642.5,0.02245587855577469,0.011492290534079075
sample_02,24307,39769,195970.0,8253642.5,0.004351366311311722,0.0019330555805936456
sample_02,24307,39770,195975.0,8253642.5,0.021037012338638306,0.0029131260234862566
sample_02,24307,39771,195980.0,8253642.5,0.00660950131714344,0.008577954024076462
sample_02,24307,39772,195985.0,8253642.5,0.01814662292599678,0.0023743128404021263
sample_02,24307,39773,195990.0,8253642.5,0.02979584038257599,0.003805027808994055
sample_02,24307,39774,195995.0,8253642.5,0.04650408402085304,0.007015405222773552
sample_02,24307,39775,196000.0,8253642.5,0.027568712830543518,0.013112267479300499
sample_02,24307,39776,196005.0,8253642.5,0.02585015818476677,0.005754784680902958
sample_02,24307,39777,196010.0,8253642.5,0.024890301749110222,0.004572917707264423
sample_02,24307,39778,196015.0,8253642.5,0.023142220452427864,0.001896257628686726
sample_02,24307,39779,196020.0,8253642.5,0.03669874370098114,0.005056359339505434
sample_02,24307,39780,196025.0,8253642.5,0.02833605743944645,0.0003195919271092862
sample_02,24307,39781,196030.0,8253642.5,0.024803638458251953,0.0016520523931831121
sample_02,24307,39782,196035.0,8253642.5,0.009598699398338795,0.002699563279747963
sample_02,24308,39744,195845.0,8253632.5,0.0029352563433349133,0.0046162777580320835
sample_02,24308,39745,195850.0,8253632.5,0.0014360236236825585,0.009013508446514606
sample_02,24308,39746,195855.0,8253632.5,0.032395586371421814,0.006285450886934996
sample_02,24308,39747,195860.0,8253632.5,0.005014088470488787,0.00601617619395256
sample_02,24308,39748,195865.0,8253632.5,0.006476379930973053,0.0026924442499876022
sample_02,24308,39749,195870.0,8253632.5,0.007214773911982775,0.0032956073991954327
sample_02,24308,39750,195875.0,8253632.5,0.022563746199011803,0.0067372797057032585
sample_02,24308,39751,195880.0,8253632.5,0.003929306287318468,0.012699979357421398
sample_02,24308,39752,195885.0,8253632.5,0.0008412438910454512,0.002735951915383339
sample_02,24308,39753,195890.0,8253632.5,0.004088522866368294,0.00538050290197134
sample_02,24308,39754,195895.0,8253632.5,0.042155250906944275,0.0018523834878578782
sample_02,24308,39755,195900.0,8253632.5,0.00452038086950779,0.006972332485020161
sample_02,24308,39756,195905.0,8253632.5,0.011649242602288723,0.009858430363237858
sample_02,24308,39757,195910.0,8253632.5,0.010595426894724369,0.007720031775534153
sample_02,24308,39758,195915.0,8253632.5,0.0011270426912233233,0.011865484528243542
sample_02,24308,39759,195920.0,8253632.5,0.013302642852067947,0.006319880019873381
sample_02,24308,39760,195925.0,8253632.5,0.007334980182349682,0.006705839186906815
sample_02,24308,39761,195930.0,8253632.5,0.014775155112147331,0.005255566909909248
sample_02,24308,39762,195935.0,8253632.5,0.013863572850823402,0.005430201999843121
sample_02,24308,39763,195940.0,8253632.5,0.012068629264831543,0.0010344223119318485
sample_02,24308,39764,195945.0,8253632.5,0.01549686212092638,0.010485307313501835
sample_02,24308,39765,195950.0,8253632.5,0.0030690962448716164,0.0046874457038939
sample_02,24308,39766,195955.0,8253632.5,0.011354358866810799,0.004138772375881672
sample_02,24308,39767,195960.0,8253632.5,0.009535164572298527,0.002096719341352582
sample_02,24308,39768,195965.0,8253632.5,0.008374854922294617,0.00960841216146946
sample_02,24308,39769,195970.0,8253632.5,0.01461690291762352,0.006363109685480595
sample_02,24308,39770,195975.0,8253632.5,0.01347396895289421,0.002503728959709406
sample_02,24308,39771,195980.0,8253632.5,0.010765904560685158,0.0031272154301404953
sample_02,24308,39772,195985.0,8253632.5,0.0031908825039863586,0.009072087705135345
sample_02,24308,39773,195990.0,8253632.5,0.007278574630618095,0.009585341438651085
sample_02,24308,39774,195995.0,8253632.5,0.061924248933792114,0.00585424667224288
sample_02,24308,39775,196000.0,8253632.5,0.018161583691835403,0.0025741560384631157
sample_02,24308,39776,196005.0,8253632.5,0.008087649010121822,0.010917924344539642
sample_02,24308,39777,196010.0,8253632.5,0.020849790424108505,0.0030871061608195305
sample_02,24308,39778,196015.0,8253632.5,0.005384385585784912,0.012669051066040993
sample_02,24308,39779,196020.0,8253632.5,0.012210790067911148,0.002239486202597618
sample_02,24308,39780,196025.0,8253632.5,0.007182384375482798,0.006817251443862915
sample_02,24308,39781,196030.0,8253632.5,0.057035841047763824,0.002759210765361786
sample_02,24308,39782,196035.0,8253632.5,0.054284196346998215,0.002389992354437709
sample_02,24309,39744,195845.0,8253622.5,0.026383288204669952,0.005184804555028677
sample_02,24309,39745,195850.0,8253622.5,0.017383715137839317,0.003926709294319153
sample_02,24309,39746,195855.0,8253622.5,0.03199847787618637,0.0016921060159802437
sample_02,24309,39747,195860.0,8253622.5,0.041828904300928116,0.010525352321565151
sample_02,24309,39748,195865.0,8253622.5,0.014663290232419968,0.008400531485676765
sample_02,24309,39749,195870.0,8253622.5,0.005826087668538094,0.00294014485552907
sample_02,24309,39750,195875.0,8253622.5,0.030977707356214523,0.006733180955052376
sample_02,24309,39751,195880.0,8253622.5,0.021369796246290207,0.0031017898581922054
sample_02,24309,39752,195885.0,8253622.5,0.005627588368952274,0.0009540665196254849
sample_02,24309,39753,195890.0,8253622.5,0.024182157590985298,0.00870162807404995
sample_02,24309,39754,195895.0,8253622.5,0.05354782193899155,0.005768511909991503
sample_02,24309,39755,195900.0,8253622.5,0.013180078938603401,0.0038488535210490227
sample_02,24309,39756,195905.0,8253622.5,0.014863871037960052,0.010167621076107025
sample_02,24309,39757,195910.0,8253622.5,0.025370709598064423,0.011263852007687092
sample_02,24309,39758,195915.0,8253622.5,0.019216708838939667,0.0043587158434093
sample_02,24309,39759,195920.0,8253622.5,0.014477726072072983,0.0052210562862455845
sample_02,24309,39760,195925.0,8253622.5,0.01788664422929287,0.0032020597718656063
sample_02,24309,39761,195930.0,8253622.5,0.009284373372793198,0.004710956010967493
sample_02,24309,39762,195935.0,8253622.5,0.024581467732787132,0.0021410658955574036
sample_02,24309,39763,195940.0,8253622.5,0.03700188919901848,0.004744912032037973
sample_02,24309,39764,195945.0,8253622.5,0.017336901277303696,0.005724324844777584
sample_02,24309,39765,195950.0,8253622.5,0.013735566288232803,0.00971304439008236
sample_02,24309,39766,195955.0,8253622.5,0.017223190516233444,0.009278103709220886
sample_02,24309,39767,195960.0,8253622.5,0.03765563666820526,0.00595278013497591
sample_02,24309,39768,195965.0,8253622.5,0.016323909163475037,0.0036084509920328856
sample_02,24309,39769,195970.0,8253622.5,0.008792228065431118,0.003879344090819359
sample_02,24309,39770,195975.0,8253622.5,0.042580969631671906,0.00764229241758585
sample_02,24309,39771,195980.0,8253622.5,0.007241696584969759,0.0028389033395797014
sample_02,24309,39772,195985.0,8253622.5,0.005903217010200024,0.004435551818460226
sample_02,24309,39773,195990.0,8253622.5,0.031545139849185944,0.005516366101801395
sample_02,24309,39774,195995.0,8253622.5,0.004789083264768124,0.01608937233686447
sample_02,24309,39775,196000.0,8253622.5,0.025952162221074104,0.0015148201491683722
sample_02,24309,39776,196005.0,8253622.5,0.014892364852130413,0.007393180392682552
sample_02,24309,39777,196010.0,8253622.5,0.03378897160291672,0.0014112354256212711
sample_02,24309,39778,196015.0,8253622.5,0.006355317309498787,0.005893919616937637
sample_02,24309,39779,196020.0,8253622.5,0.01566135510802269,0.0016479952028021216
sample_02,24309,39780,196025.0,8253622.5,0.013808052986860275,0.0038397221360355616
sample_02,24309,39781,196030.0,8253622.5,0.014042996801435947,0.0023452206514775753
sample_02,24309,39782,196035.0,8253622.5,0.007863406091928482,0.010656934231519699
sample_02,24310,39744,195845.0,8253612.5,0.058828920125961304,0.014916538260877132
sample_02,24310,39745,195850.0,8253612.5,0.031338464468717575,0.007884045131504536
sample_02,24310,39746,195855.0,8253612.5,0.021442735567688942,0.001421667286194861
sample_02,24310,39747,195860.0,8253612.5,0.02281014807522297,0.003205993678420782
sample_02,24310,39748,195865.0,8253612.5,0.005129080265760422,0.013176217675209045
sample_02,24310,39749,195870.0,8253612.5,0.02644124999642372,0.005123933777213097
sample_02,24310,39750,195875.0,8253612.5,0.0362631157040596,0.006014969199895859
sample_02,24310,39751,195880.0,8253612.5,0.01155624445527792,0.00226786732673645
sample_02,24310,39752,195885.0,8253612.5,0.009132858365774155,0.005011408124119043
sample_02,24310,39753,195890.0,8253612.5,0.018105439841747284,0.009398811496794224
sample_02,24310,39754,195895.0,8253612.5,0.03316391259431839,0.012089189141988754
sample_02,24310,39755,195900.0,8253612.5,0.011304054409265518,0.005015144124627113
sample_02,24310,39756,195905.0,8253612.5,0.012055540457367897,0.008537579327821732
sample_02,24310,39757,195910.0,8253612.5,0.015435870736837387,0.009247728623449802
sample_02,24310,39758,195915.0,8253612.5,0.0038399891927838326,0.007327164523303509
sample_02,24310,39759,195920.0,8253612.5,0.006884952075779438,0.0025488969404250383
sample_02,24310,39760,195925.0,8253612.5,0.003984940238296986,0.004590366501361132
sample_02,24310,39761,195930.0,8253612.5,0.009663892909884453,0.006791632156819105
sample_02,24310,39762,195935.0,8253612.5,0.014432264491915703,0.0015410792548209429
sample_02,24310,39763,195940.0,8253612.5,0.04777921363711357,0.0003391765058040619
sample_02,24310,39764,195945.0,8253612.5,0.034921593964099884,0.0005119891720823944
sample_02,24310,39765,195950.0,8253612.5,0.025959186255931854,0.010390328243374825
sample_02,24310,39766,195955.0,8253612.5,0.006011449731886387,0.0012679786887019873
sample_02,24310,39767,195960.0,8253612.5,0.04651016369462013,0.0025250769685953856
sample_02,24310,39768,195965.0,8253612.5,0.012183638289570808,0.002820360939949751
sample_02,24310,39769,195970.0,8253612.5,0.022325772792100906,0.0033297145273536444
sample_02,24310,39770,195975.0,8253612.5,0.0124241653829813,0.002443931996822357
sample_02,24310,39771,195980.0,8253612.5,0.0037994738668203354,0.005982850678265095
sample_02,24310,39772,195985.0,8253612.5,0.03279227018356323,0.003948709461838007
sample_02,24310,39773,195990.0,8253612.5,0.024195488542318344,0.006093339528888464
sample_02,24310,39774,195995.0,8253612.5,0.023733094334602356,0.012091202661395073
sample_02,24310,39775,196000.0,8253612.5,0.01833140291273594,0.010866330936551094
sample_02,24310,39776,196005.0,8253612.5,0.05090028792619705,0.0019001777982339263
sample_02,24310,39777,196010.0,8253612.5,0.012658224441111088,0.008914623409509659
sample_02,24310,39778,196015.0,8253612.5,0.01944253221154213,0.008308184333145618
sample_02,24310,39779,196020.0,8253612.5,0.035149820148944855,0.0012124720960855484
sample_02,24310,39780,196025.0,8253612.5,0.01492119301110506,0.0020037724170833826
sample_02,24310,39781,196030.0,8253612.5,0.005600350443273783,0.004210262559354305
sample_02,24310,39782,196035.0,8253612.5,0.00987888965755701,0.0060120029374957085
sample_02,24311,39744,195845.0,8253602.5,0.04294118285179138,0.0029573512729257345
sample_02,24311,39745,195850.0,8253602.5,0.006786419078707695,0.012074537575244904
sample_02,24311,39746,195855.0,8253602.5,0.008203553967177868,0.014088122174143791
sample_02,24311,39747,195860.0,8253602.5,0.010767197236418724,0.0003693294420372695
sample_02,24311,39748,195865.0,8253602.5,0.0164654441177845,0.0011551547795534134
sample_02,24311,39749,195870.0,8253602.5,0.010988209396600723,0.000702878343872726
sample_02,24311,39750,195875.0,8253602.5,0.014665132388472557,0.004807969089597464
sample_02,24311,39751,195880.0,8253602.5,0.015041301026940346,0.007413122802972794
sample_02,24311,39752,195885.0,8253602.5,0.014244644902646542,0.013366383500397205
sample_02,24311,39753,195890.0,8253602.5,0.0027824086137115955,0.005279552657157183
sample_02,24311,39754,195895.0,8253602.5,0.020725181326270103,0.006949326489120722
sample_02,24311,39755,195900.0,8253602.5,0.012383077293634415,0.003132451791316271
sample_02,24311,39756,195905.0,8253602.5,0.021136842668056488,0.006297589745372534
sample_02,24311,39757,195910.0,8253602.5,0.010371536947786808,0.0005795991164632142
sample_02,24311,39758,195915.0,8253602.5,0.0072944629937410355,0.004066608380526304
sample_02,24311,39759,195920.0,8253602.5,0.018189188092947006,0.015420949086546898
sample_02,24311,39760,195925.0,8253602.5,0.012310735881328583,0.011308356188237667
sample_02,24311,39761,195930.0,8253602.5,0.005892103537917137,0.008113712072372437
sample_02,24311,39762,195935.0,8253602.5,0.004127755761146545,0.005004537291824818
sample_02,24311,39763,195940.0,8253602.5,0.007268902845680714,0.00574369914829731
sample_02,24311,39764,195945.0,8253602.5,0.020558461546897888,0.004157452378422022
sample_02,24311,39765,195950.0,8253602.5,0.03004314750432968,0.009805470705032349
sample_02,24311,39766,195955.0,8253602.5,0.02536582574248314,0.0038471384905278683
sample_02,24311,39767,195960.0,8253602.5,0.010415097698569298,0.01518518477678299
sample_02,24311,39768,195965.0,8253602.5,0.012956662103533745,0.009946702979505062
sample_02,24311,39769,195970.0,8253602.5,0.04121469706296921,0.0030069483909755945
sample_02,24311,39770,195975.0,8253602.5,0.034401603043079376,0.0012005624594166875
sample_02,24311,39771,195980.0,8253602.5,0.0038922238163650036,0.0029787321109324694
sample_02,24311,39772,195985.0,8253602.5,0.02468569204211235,0.011264318600296974
sample_02,24311,39773,195990.0,8253602.5,0.007588179316371679,0.005163179710507393
sample_02,24311,39774,195995.0,8253602.5,0.012191603891551495,0.006260756868869066
sample_02,24311,39775,196000.0,8253602.5,0.009450402110815048,0.011804090812802315
sample_02,24311,39776,196005.0,8253602.5,0.023432249203324318,0.0021101210732012987
sample_02,24311,39777,196010.0,8253602.5,0.0018929715733975172,0.003393199760466814
sample_02,24311,39778,196015.0,8253602.5,0.019561339169740677,0.00792478583753109
sample_02,24311,39779,196020.0,8253602.5,0.024206221103668213,0.01607402041554451
sample_02,24311,39780,196025.0,8253602.5,0.010361991822719574,0.003503702813759446
sample_02,24311,39781,196030.0,8253602.5,0.002660845872014761,0.0040359715931117535
sample_02,24311,39782,196035.0,8253602.5,0.004061103332787752,0.004566849675029516
sample_02,24312,39744,195845.0,8253592.5,0.022559255361557007,0.00458439951762557
sample_02,24312,39745,195850.0,8253592.5,0.028215231373906136,0.009249446913599968
sample_02,24312,39746,195855.0,8253592.5,0.002302537439391017,0.00559180648997426
sample_02,24312,39747,195860.0,8253592.5,0.009135585278272629,0.0030800485983490944
sample_02,24312,39748,195865.0,8253592.5,0.026298608630895615,0.012040842324495316
sample_02,24312,39749,195870.0,8253592.5,0.006483596283942461,0.002035380806773901
sample_02,24312,39750,195875.0,8253592.5,0.009860243648290634,0.0011604634346440434
sample_02,24312,39751,195880.0,8253592.5,0.02039450965821743,0.0054903533309698105
sample_02,24312,39752,195885.0,8253592.5,0.023610621690750122,0.005357326008379459
sample_02,24312,39753,195890.0,8253592.5,0.003872287692502141,0.0008071050979197025
sample_02,24312,39754,195895.0,8253592.5,0.004598203115165234,0.011023496277630329
sample_02,24312,39755,195900.0,8253592.5,0.003452393924817443,0.012107357382774353
sample_02,24312,39756,195905.0,8253592.5,0.007211707532405853,0.00787076074630022
sample_02,24312,39757,195910.0,8253592.5,0.013419970870018005,0.0011958290124312043
sample_02,24312,39758,195915.0,8253592.5,0.03775612264871597,0.012997106648981571
sample_02,24312,39759,195920.0,8253592.5,0.006880890112370253,0.008018171414732933
sample_02,24312,39760,195925.0,8253592.5,0.07987441122531891,0.008031350560486317
sample_02,24312,39761,195930.0,8253592.5,0.025791577994823456,0.013881521299481392
sample_02,24312,39762,195935.0,8253592.5,0.06464086472988129,0.008774987421929836
sample_02,24312,39763,195940.0,8253592.5,0.04070187360048294,0.0032582744024693966
sample_02,24312,39764,195945.0,8253592.5,0.012785646133124828,0.008090820163488388
sample_02,24312,39765,195950.0,8253592.5,0.009200505912303925,0.0059262849390506744
sample_02,24312,39766,195955.0,8253592.5,0.006541349459439516,0.010049916803836823
sample_02,24312,39767,195960.0,8253592.5,0.005606366321444511,0.006882521323859692
sample_02,24312,39768,195965.0,8253592.5,0.01601262018084526,0.007811117451637983
sample_02,24312,39769,195970.0,8253592.5,0.03922288492321968,0.003302989061921835
sample_02,24312,39770,195975.0,8253592.5,0.02591867558658123,0.0007813610136508942
sample_02,24312,39771,195980.0,8253592.5,0.008116082288324833,0.005039689596742392
sample_02,24312,39772,195985.0,8253592.5,0.011328677646815777,0.002850727643817663
sample_02,24312,39773,195990.0,8253592.5,0.011324917897582054,0.0023408341221511364
sample_02,24312,39774,195995.0,8253592.5,0.01060328260064125,0.007486471440643072
sample_02,24312,39775,196000.0,8253592.5,0.024508154019713402,0.0017056864453479648
sample_02,24312,39776,196005.0,8253592.5,0.05359004810452461,0.006449911743402481
sample_02,24312,39777,196010.0,8253592.5,0.009633904322981834,0.006974410731345415
sample_02,24312,39778,196015.0,8253592.5,0.007258871104568243,0.004906387068331242
sample_02,24312,39779,196020.0,8253592.5,0.017221245914697647,0.007010097615420818
sample_02,24312,39780,196025.0,8253592.5,0.030127618461847305,0.004416243173182011
sample_02,24312,39781,196030.0,8253592.5,0.042489416897296906,0.0029680579900741577
sample_02,24312,39782,196035.0,8253592.5,0.014301055110991001,0.010694792494177818
sample_02,24313,39744,195845.0,8253582.5,0.004613508936017752,0.010289518162608147
sample_02,24313,39745,195850.0,8253582.5,0.007185793947428465,0.011112857609987259
sample_02,24313,39746,195855.0,8253582.5,0.02060699090361595,0.005676896311342716
sample_02,24313,39747,195860.0,8253582.5,0.0030568153597414494,0.007452682126313448
sample_02,24313,39748,195865.0,8253582.5,0.005429462064057589,0.002817062195390463
sample_02,24313,39749,195870.0,8253582.5,0.00441501522436738,0.0077727921307086945
sample_02,24313,39750,195875.0,8253582.5,0.018083365634083748,0.004928720183670521
sample_02,24313,39751,195880.0,8253582.5,0.03070528246462345,0.001526658539660275
sample_02,24313,39752,195885.0,8253582.5,0.02113867551088333,0.012134922668337822
sample_02,24313,39753,195890.0,8253582.5,0.053289465606212616,0.004219477996230125
sample_02,24313,39754,195895.0,8253582.5,0.0039262971840798855,0.004435915499925613
sample_02,24313,39755,195900.0,8253582.5,0.010960256680846214,0.0033959215506911278
sample_02,24313,39756,195905.0,8253582.5,0.042638953775167465,0.002103181555867195
sample_02,24313,39757,195910.0,8253582.5,0.015506695955991745,0.0015741056995466352
sample_02,24313,39758,195915.0,8253582.5,0.004898923449218273,0.01319081149995327
sample_02,24313,39759,195920.0,8253582.5,0.018184836953878403,0.006754955742508173
sample_02,24313,39760,195925.0,8253582.5,0.00879033375531435,0.015262747183442116
sample_02,24313,39761,195930.0,8253582.5,0.012059100903570652,0.006410464644432068
sample_02,24313,39762,195935.0,8253582.5,0.03490592911839485,0.0029322265181690454
sample_02,24313,39763,195940.0,8253582.5,0.01213663537055254,0.0023730292450636625
sample_02,24313,39764,195945.0,8253582.5,0.023778121918439865,0.00463300384581089
sample_02,24313,39765,195950.0,8253582.5,0.018186986446380615,0.0127650061622262
sample_02,24313,39766,195955.0,8253582.5,0.014578435570001602,0.003925784956663847
sample_02,24313,39767,195960.0,8253582.5,0.014635823667049408,0.004935598000884056
sample_02,24313,39768,195965.0,8253582.5,0.0517481304705143,0.006280908361077309
sample_02,24313,39769,195970.0,8253582.5,0.005822567734867334,0.005358627066016197
sample_02,24313,39770,195975.0,8253582.5,0.05223526805639267,0.009274672716856003
sample_02,24313,39771,195980.0,8253582.5,0.0071362718008458614,0.009069317951798439
sample_02,24313,39772,195985.0,8253582.5,0.020347053185105324,0.015047523193061352
sample_02,24313,39773,195990.0,8253582.5,0.025618165731430054,0.004727890715003014
sample_02,24313,39774,195995.0,8253582.5,0.03293970599770546,0.0022628288716077805
sample_02,24313,39775,196000.0,8253582.5,0.02172539196908474,0.007169655058532953
sample_02,24313,39776,196005.0,8253582.5,0.02798956073820591,0.011939449235796928
sample_02,24313,39777,196010.0,8253582.5,0.02325577661395073,0.0013942859368398786
sample_02,24313,39778,196015.0,8253582.5,0.009030221961438656,0.001258393982425332
sample_02,24313,39779,196020.0,8253582.5,0.010344029404222965,0.0039023198187351227
sample_02,24313,39780,196025.0,8253582.5,0.0361478328704834,0.009143887087702751
sample_02,24313,39781,196030.0,8253582.5,0.02983219549059868,0.002030774485319853
sample_02,24313,39782,196035.0,8253582.5,0.007048535160720348,0.0041688187047839165
sample_02,24314,39744,195845.0,8253572.5,0.007032983470708132,0.005725117400288582
sample_02,24314,39745,195850.0,8253572.5,0.008004344068467617,0.0020521266851574183
sample_02,24314,39746,195855.0,8253572.5,0.003315017558634281,0.013642941601574421
sample_02,24314,39747,195860.0,8253572.5,0.012153977528214455,0.0024498258717358112
sample_02,24314,39748,195865.0,8253572.5,0.013420062139630318,0.007275552488863468
sample_02,24314,39749,195870.0,8253572.5,0.024366455152630806,0.0036664754152297974
sample_02,24314,39750,195875.0,8253572.5,0.005027887411415577,0.012126174755394459
sample_02,24314,39751,195880.0,8253572.5,0.010492072440683842,0.0077077047899365425
sample_02,24314,39752,195885.0,8253572.5,0.0016216940712183714,0.00272343005053699
sample_02,24314,39753,195890.0,8253572.5,0.014130287803709507,0.012938916683197021
sample_02,24314,39754,195895.0,8253572.5,0.016099922358989716,0.0013482830254361033
sample_02,24314,39755,195900.0,8253572.5,0.021618330851197243,0.003078637644648552
sample_02,24314,39756,195905.0,8253572.5,0.03758392110466957,0.000581108033657074
sample_02,24314,39757,195910.0,8253572.5,0.024977711960673332,0.0005195767735131085
sample_02,24314,39758,195915.0,8253572.5,0.03559745103120804,0.0029146214947104454
sample_02,24314,39759,195920.0,8253572.5,0.0031324601732194424,0.0020379386842250824
sample_02,24314,39760,195925.0,8253572.5,0.011006727814674377,0.002403685124590993
sample_02,24314,39761,195930.0,8253572.5,0.006109817884862423,0.007885551080107689
sample_02,24314,39762,195935.0,8253572.5,0.02096458338201046,0.007590120658278465
sample_02,24314,39763,195940.0,8253572.5,0.016972506418824196,0.007360509131103754
sample_02,24314,39764,195945.0,8253572.5,0.01711452379822731,0.012465281412005424
sample_02,24314,39765,195950.0,8253572.5,0.005980057176202536,0.014865661039948463
sample_02,24314,39766,195955.0,8253572.5,0.007452291436493397,0.011360526084899902
sample_02,24314,39767,195960.0,8253572.5,0.015270151197910309,0.008411525748670101
sample_02,24314,39768,195965.0,8253572.5,0.05757257714867592,0.023643042892217636
sample_02,24314,39769,195970.0,8253572.5,0.009712740778923035,0.03416518121957779
sample_02,24314,39770,195975.0,8253572.5,0.009981527924537659,0.01642114296555519
sample_02,24314,39771,195980.0,8253572.5,0.008868950419127941,0.0018231041030958295
sample_02,24314,39772,195985.0,8253572.5,0.03952980414032936,0.011243417859077454
sample_02,24314,39773,195990.0,8253572.5,0.015989327803254128,0.0022914826404303312
sample_02,24314,39774,195995.0,8253572.5,0.025175273418426514,0.006868703290820122
sample_02,24314,39775,196000.0,8253572.5,0.009780491702258587,0.01530006155371666
sample_02,24314,39776,196005.0,8253572.5,0.004739809315651655,0.0007598533411510289
sample_02,24314,39777,196010.0,8253572.5,0.006279684603214264,0.0029384670779109
sample_02,24314,39778,196015.0,8253572.5,0.03203513100743294,0.001406724564731121
sample_02,24314,39779,196020.0,8253572.5,0.025328103452920914,0.00580617506057024
sample_02,24314,39780,196025.0,8253572.5,0.05227610841393471,0.004834268242120743
sample_02,24314,39781,196030.0,8253572.5,0.011928420513868332,0.004497202578932047
sample_02,24314,39782,196035.0,8253572.5,0.05965831130743027,0.00314021366648376
sample_02,24315,39745,195850.0,8253562.5,0.06193486228585243,0.00877026841044426
sample_02,24315,39746,195855.0,8253562.5,0.002440805546939373,0.004632292315363884
sample_02,24315,39747,195860.0,8253562.5,0.02794055826961994,0.0008884996641427279
sample_02,24315,39748,195865.0,8253562.5,0.006550636142492294,0.0036204420030117035
sample_02,24315,39749,195870.0,8253562.5,0.022643014788627625,0.0073989760130643845
sample_02,24315,39750,195875.0,8253562.5,0.02859622985124588,0.0046731699258089066
sample_02,24315,39751,195880.0,8253562.5,0.025607405230402946,0.011312530376017094
sample_02,24315,39752,195885.0,8253562.5,0.03557310253381729,0.008037866093218327
sample_02,24315,39753,195890.0,8253562.5,0.010629566386342049,0.0112757608294487
sample_02,24315,39754,195895.0,8253562.5,0.001867866376414895,0.01238182932138443
sample_02,24315,39755,195900.0,8253562.5,0.0038617635145783424,0.006178081966936588
sample_02,24315,39756,195905.0,8253562.5,0.017978057265281677,0.0009466276387684047
sample_02,24315,39757,195910.0,8253562.5,0.004294072277843952,0.0013833212433382869
sample_02,24315,39758,195915.0,8253562.5,0.001140963169746101,0.0017363163642585278
sample_02,24315,39759,195920.0,8253562.5,0.008525483310222626,0.005653561092913151
sample_02,24315,39760,195925.0,8253562.5,0.02362358197569847,0.00951697863638401
sample_02,24315,39761,195930.0,8253562.5,0.03400769829750061,0.0067131477408111095
sample_02,24315,39762,195935.0,8253562.5,0.029187235981225967,0.0078049590811133385
sample_02,24315,39763,195940.0,8253562.5,0.005937010049819946,0.01193326897919178
sample_02,24315,39764,195945.0,8253562.5,0.008386634290218353,0.011243514716625214
sample_02,24315,39765,195950.0,8253562.5,0.02657770738005638,0.011791698634624481
sample_02,24315,39766,195955.0,8253562.5,0.020325690507888794,0.008395003154873848
sample_02,24315,39767,195960.0,8253562.5,0.007974264211952686,0.013626964762806892
sample_02,24315,39768,195965.0,8253562.5,0.013227998279035091,0.012163959443569183
sample_02,24315,39769,195970.0,8253562.5,0.011323602870106697,0.0018127337098121643
sample_02,24315,39770,195975.0,8253562.5,0.022905876860022545,0.002834934974089265
sample_02,24315,39771,195980.0,8253562.5,0.014084023423492908,0.0017855586484074593
sample_02,24315,39772,195985.0,8253562.5,0.042393215000629425,0.004511910956352949
sample_02,24315,39773,195990.0,8253562.5,0.02121657319366932,0.008280432783067226
sample_02,24315,39774,195995.0,8253562.5,0.02437260001897812,0.009605687111616135
sample_02,24315,39775,196000.0,8253562.5,0.010445453226566315,0.004893499426543713
sample_02,24315,39776,196005.0,8253562.5,0.0004825197684112936,0.002066211076453328
sample_02,24315,39777,196010.0,8253562.5,0.006796841509640217,0.004777195863425732
sample_02,24315,39778,196015.0,8253562.5,0.017573943361639977,0.004231583327054977
sample_02,24315,39779,196020.0,8253562.5,0.045023445039987564,0.005313650704920292
sample_02,24315,39780,196025.0,8253562.5,0.02174750715494156,0.0006555982399731874
sample_02,24315,39781,196030.0,8253562.5,0.018733186647295952,0.00158761627972126
sample_02,24315,39782,196035.0,8253562.5,0.01116845104843378,0.004991577006876469
sample_02,24316,39745,195850.0,8253552.5,0.021076548844575882,0.0030011767521500587
sample_02,24316,39746,195855.0,8253552.5,0.02567686140537262,0.015599861741065979
sample_02,24316,39747,195860.0,8253552.5,0.007592302747070789,0.007646753452718258
sample_02,24316,39748,195865.0,8253552.5,0.010055061429738998,0.00801078975200653
sample_02,24316,39749,195870.0,8253552.5,0.017759107053279877,0.005798703525215387
sample_02,24316,39750,195875.0,8253552.5,0.01192689873278141,0.004640304017812014
sample_02,24316,39751,195880.0,8253552.5,0.06694606691598892,0.0042170328088104725
sample_02,24316,39752,195885.0,8253552.5,0.016608696430921555,0.009957660920917988
sample_02,24316,39753,195890.0,8253552.5,0.006742494180798531,0.004450203385204077
sample_02,24316,39754,195895.0,8253552.5,0.0003375236701685935,0.014118974097073078
sample_02,24316,39755,195900.0,8253552.5,0.007166233379393816,0.008882096037268639
sample_02,24316,39756,195905.0,8253552.5,0.004717128351330757,0.021006030961871147
sample_02,24316,39757,195910.0,8253552.5,0.006475106347352266,0.012332513928413391
sample_02,24316,39758,195915.0,8253552.5,0.01890643686056137,0.0029355345759540796
sample_02,24316,39759,195920.0,8253552.5,0.029405610635876656,0.0027902740985155106
sample_02,24316,39760,195925.0,8253552.5,0.004247564356774092,0.005323721561580896
sample_02,24316,39761,195930.0,8253552.5,0.017556700855493546,0.004943003412336111
sample_02,24316,39762,195935.0,8253552.5,0.010513922199606895,0.0027218509931117296
sample_02,24316,39763,195940.0,8253552.5,0.01573377102613449,0.014292960986495018
sample_02,24316,39764,195945.0,8253552.5,0.012074073776602745,0.006478786002844572
sample_02,24316,39765,195950.0,8253552.5,0.013951416127383709,0.0032894709147512913
sample_02,24316,39766,195955.0,8253552.5,0.007449663244187832,0.006328080780804157
sample_02,24316,39767,195960.0,8253552.5,0.003837477881461382,0.002132117748260498
sample_02,24316,39768,195965.0,8253552.5,0.0016818620497360826,0.0004653763899113983
sample_02,24316,39769,195970.0,8253552.5,0.009798256680369377,0.006925727240741253
sample_02,24316,39770,195975.0,8253552.5,0.017481759190559387,0.005319079849869013
sample_02,24316,39771,195980.0,8253552.5,0.0020800884813070297,0.009366475045681
sample_02,24316,39772,195985.0,8253552.5,0.008104539476335049,0.002092950278893113
sample_02,24316,39773,195990.0,8253552.5,0.0012891622027382255,0.0012429454363882542
sample_02,24316,39774,195995.0,8253552.5,0.015194803476333618,0.0028488910757005215
sample_02,24316,39775,196000.0,8253552.5,0.04894892871379852,0.0036688135005533695
sample_02,24316,39776,196005.0,8253552.5,0.023220006376504898,0.006638158578425646
sample_02,24316,39777,196010.0,8253552.5,0.004659521859139204,0.006532772444188595
sample_02,24316,39778,196015.0,8253552.5,0.013832357712090015,0.0034407994244247675
sample_02,24316,39779,196020.0,8253552.5,0.008074484765529633,0.003966524265706539
sample_02,24316,39780,196025.0,8253552.5,0.0025018362794071436,0.0023374436423182487
sample_02,24316,39781,196030.0,8253552.5,0.04601562023162842,0.00840159971266985
sample_02,24316,39782,196035.0,8253552.5,0.02157529629766941,0.008206306956708431
sample_02,24317,39745,195850.0,8253542.5,0.010364603251218796,0.010941794142127037
sample_02,24317,39746,195855.0,8253542.5,0.009736510924994946,0.0053575849160552025
sample_02,24317,39747,195860.0,8253542.5,0.012397721409797668,0.008744715712964535
sample_02,24317,39748,195865.0,8253542.5,0.0012024121824651957,0.002889517694711685
sample_02,24317,39749,195870.0,8253542.5,0.007233885116875172,0.00450043473392725
sample_02,24317,39750,195875.0,8253542.5,0.006989920511841774,0.00047766356146894395
sample_02,24317,39751,195880.0,8253542.5,0.01228347234427929,0.005576096475124359
sample_02,24317,39752,195885.0,8253542.5,0.03629475086927414,0.00650168489664793
sample_02,24317,39753,195890.0,8253542.5,0.008372167125344276,0.006227054633200169
sample_02,24317,39754,195895.0,8253542.5,0.0033526611514389515,0.00384499691426754
sample_02,24317,39755,195900.0,8253542.5,0.008347905240952969,0.005847078748047352
sample_02,24317,39756,195905.0,8253542.5,0.008693343959748745,0.002668634057044983
sample_02,24317,39757,195910.0,8253542.5,0.029263263568282127,0.0049077412113547325
sample_02,24317,39758,195915.0,8253542.5,0.016323141753673553,0.003215639851987362
sample_02,24317,39759,195920.0,8253542.5,0.013140514492988586,0.004329066723585129
sample_02,24317,39760,195925.0,8253542.5,0.005321579985320568,0.002500856528058648
sample_02,24317,39761,195930.0,8253542.5,0.00047508178977295756,0.0007230577175505459
sample_02,24317,39762,195935.0,8253542.5,0.010293835774064064,0.0003789484908338636
sample_02,24317,39763,195940.0,8253542.5,0.021571319550275803,0.004373208153992891
sample_02,24317,39764,195945.0,8253542.5,0.00831102766096592,0.006719986908137798
sample_02,24317,39765,195950.0,8253542.5,0.015160754323005676,0.003995698876678944
sample_02,24317,39766,195955.0,8253542.5,0.028287485241889954,0.0016871353145688772
sample_02,24317,39767,195960.0,8253542.5,0.04628317803144455,0.007678705733269453
sample_02,24317,39768,195965.0,8253542.5,0.010681705549359322,0.0020748237147927284
sample_02,24317,39769,195970.0,8253542.5,0.033446162939071655,0.0006553917191922665
sample_02,24317,39770,195975.0,8253542.5,0.01089818961918354,0.0010880230693146586
sample_02,24317,39771,195980.0,8253542.5,0.017116498202085495,0.006391760893166065
sample_02,24317,39772,195985.0,8253542.5,0.021964237093925476,0.0008467873558402061
sample_02,24317,39773,195990.0,8253542.5,0.014833454042673111,0.0013477860484272242
sample_02,24317,39774,195995.0,8253542.5,0.010709978640079498,0.0032374837901443243
sample_02,24317,39775,196000.0,8253542.5,0.007882718928158283,0.004745675250887871
sample_02,24317,39776,196005.0,8253542.5,0.015163397416472435,0.0020143953152000904
sample_02,24317,39777,196010.0,8253542.5,0.025050071999430656,0.00039646989898756146
sample_02,24317,39778,196015.0,8253542.5,0.008344914764165878,0.005231298506259918
sample_02,24317,39779,196020.0,8253542.5,0.04731907695531845,0.0018482001032680273
sample_02,24317,39780,196025.0,8253542.5,0.012498538941144943,0.01095828041434288
sample_02,24317,39781,196030.0,8253542.5,0.02583266794681549,0.004000233020633459
sample_02,24317,39782,196035.0,8253542.5,0.03507780656218529,0.002268455224111676
sample_02,24318,39745,195850.0,8253532.5,0.010200001299381256,0.00517087709158659
sample_02,24318,39746,195855.0,8253532.5,0.026808908209204674,0.010809993371367455
sample_02,24318,39747,195860.0,8253532.5,0.00861169584095478,0.002440224401652813
sample_02,24318,39748,195865.0,8253532.5,0.006772840395569801,0.0036042851861566305
sample_02,24318,39749,195870.0,8253532.5,0.008489794097840786,0.004022299777716398
sample_02,24318,39750,195875.0,8253532.5,0.03137608617544174,0.02413969486951828
sample_02,24318,39751,195880.0,8253532.5,0.019854433834552765,0.0051389699801802635
sample_02,24318,39752,195885.0,8253532.5,0.02702263742685318,0.0017527713207527995
sample_02,24318,39753,195890.0,8253532.5,0.009610209614038467,0.0019134790636599064
sample_02,24318,39754,195895.0,8253532.5,0.010484408587217331,0.01238807663321495
sample_02,24318,39755,195900.0,8253532.5,0.010328192263841629,0.0035674867685884237
sample_02,24318,39756,195905.0,8253532.5,0.031407587230205536,0.0012869834899902344
sample_02,24318,39757,195910.0,8253532.5,0.01765918917953968,0.0032902248203754425
sample_02,24318,39758,195915.0,8253532.5,0.001563454745337367,0.004011049401015043
sample_02,24318,39759,195920.0,8253532.5,0.02878599986433983,0.0033922847360372543
sample_02,24318,39760,195925.0,8253532.5,0.038401175290346146,0.016121240332722664
sample_02,24318,39761,195930.0,8253532.5,0.033820804208517075,0.007412009406834841
sample_02,24318,39762,195935.0,8253532.5,0.00863744504749775,0.004617984406650066
sample_02,24318,39763,195940.0,8253532.5,0.003255908377468586,0.004344106651842594
sample_02,24318,39764,195945.0,8253532.5,0.005282810889184475,0.0016140034422278404
sample_02,24318,39765,195950.0,8253532.5,0.0031974122393876314,0.009305237792432308
sample_02,24318,39766,195955.0,8253532.5,0.010584665462374687,0.00618894025683403
sample_02,24318,39767,195960.0,8253532.5,0.009567361325025558,0.025957893580198288
sample_02,24318,39768,195965.0,8253532.5,0.00781216798350215,0.009365991689264774
sample_02,24318,39769,195970.0,8253532.5,0.014104883186519146,0.0021267130505293608
sample_02,24318,39770,195975.0,8253532.5,0.011587590910494328,0.004821394570171833
sample_02,24318,39771,195980.0,8253532.5,0.043142616748809814,0.00780245428904891
sample_02,24318,39772,195985.0,8253532.5,0.0892370268702507,0.0022710689809173346
sample_02,24318,39773,195990.0,8253532.5,0.008770916610956192,0.00038447914994321764
sample_02,24318,39774,195995.0,8253532.5,0.03676954656839371,0.001863720128312707
sample_02,24318,39775,196000.0,8253532.5,0.035835348069667816,0.0026667157653719187
sample_02,24318,39776,196005.0,8253532.5,0.007853989489376545,0.005002091638743877
sample_02,24318,39777,196010.0,8253532.5,0.005910455249249935,0.003081956412643194
sample_02,24318,39778,196015.0,8253532.5,0.01596464216709137,0.0019100671634078026
sample_02,24318,39779,196020.0,8253532.5,0.005122574977576733,0.0029438708443194628
sample_02,24318,39780,196025.0,8253532.5,0.014197240583598614,0.0012357864761725068
sample_02,24318,39781,196030.0,8253532.5,0.011109272949397564,0.00505733210593462
sample_02,24318,39782,196035.0,8253532.5,0.013628565706312656,0.011028463020920753
sample_02,24319,39745,195850.0,8253522.5,0.02174375206232071,0.005888805724680424
sample_02,24319,39746,195855.0,8253522.5,0.00070572440745309,0.002150755375623703
sample_02,24319,39747,195860.0,8253522.5,0.0202056672424078,0.010331112891435623
sample_02,24319,39748,195865.0,8253522.5,0.008696706965565681,0.006322626955807209
sample_02,24319,39749,195870.0,8253522.5,0.02280368097126484,0.001739725237712264
sample_02,24319,39750,195875.0,8253522.5,0.006399710662662983,0.00734561076387763
sample_02,24319,39751,195880.0,8253522.5,0.004559407941997051,0.0007525349501520395
sample_02,24319,39752,195885.0,8253522.5,0.005572664551436901,0.006122256629168987
sample_02,24319,39753,195890.0,8253522.5,0.01431947760283947,0.015824053436517715
sample_02,24319,39754,195895.0,8253522.5,0.00847916305065155,0.0029145819135010242
sample_02,24319,39755,195900.0,8253522.5,0.011298079043626785,0.00265553523786366
sample_02,24319,39756,195905.0,8253522.5,0.018196947872638702,0.01056816428899765
sample_02,24319,39757,195910.0,8253522.5,0.004131901543587446,0.008758671581745148
sample_02,24319,39758,195915.0,8253522.5,0.016347987577319145,0.012725280597805977
sample_02,24319,39759,195920.0,8253522.5,0.026181701570749283,0.004820633679628372
sample_02,24319,39760,195925.0,8253522.5,0.004194511100649834,0.003572858404368162
sample_02,24319,39761,195930.0,8253522.5,0.027451936155557632,0.0028521178755909204
sample_02,24319,39762,195935.0,8253522.5,0.0541209913790226,0.002863036235794425
sample_02,24319,39763,195940.0,8253522.5,0.0032273447141051292,0.024902720004320145
sample_02,24319,39764,195945.0,8253522.5,0.025945408269762993,0.0031435354612767696
sample_02,24319,39765,195950.0,8253522.5,0.004728230647742748,0.009501507505774498
sample_02,24319,39766,195955.0,8253522.5,0.008678006939589977,0.002194952219724655
sample_02,24319,39767,195960.0,8253522.5,0.006052336189895868,0.002719346433877945
sample_02,24319,39768,195965.0,8253522.5,0.006318818777799606,0.005876203998923302
sample_02,24319,39769,195970.0,8253522.5,0.028448957949876785,0.008749864995479584
sample_02,24319,39770,195975.0,8253522.5,0.019514277577400208,0.0023250654339790344
sample_02,24319,39771,195980.0,8253522.5,0.01828327402472496,0.0060534789226949215
sample_02,24319,39772,195985.0,8253522.5,0.03900950402021408,0.005027768202126026
sample_02,24319,39773,195990.0,8253522.5,0.007214615121483803,0.004327619913965464
sample_02,24319,39774,195995.0,8253522.5,0.01697731390595436,0.0008385799592360854
sample_02,24319,39775,196000.0,8253522.5,0.01817956194281578,0.0023079426027834415
sample_02,24319,39776,196005.0,8253522.5,0.004034894518554211,0.0001839762699091807
sample_02,24319,39777,196010.0,8253522.5,0.006959094665944576,0.0021527153439819813
sample_02,24319,39778,196015.0,8253522.5,0.02752683497965336,0.0026015278417617083
sample_02,24319,39779,196020.0,8253522.5,0.007082875818014145,0.005115995183587074
sample_02,24319,39780,196025.0,8253522.5,0.010418131947517395,0.0013759355060756207
sample_02,24319,39781,196030.0,8253522.5,0.013650336302816868,0.0032413520384579897
sample_02,24319,39782,196035.0,8253522.5,0.016625601798295975,0.0015859256964176893
sample_03,24063,31857,156410.0,8256082.5,0.004569587763398886,0.002587482798844576
sample_03,24063,31858,156415.0,8256082.5,0.014463018625974655,0.014161307364702225
sample_03,24063,31859,156420.0,8256082.5,0.03761155903339386,0.005015591625124216
sample_03,24063,31860,156425.0,8256082.5,0.018826067447662354,0.004139735363423824
sample_03,24063,31861,156430.0,8256082.5,0.010005436837673187,0.0048049446195364
sample_03,24063,31862,156435.0,8256082.5,0.01618412882089615,0.005168264731764793
sample_03,24063,31863,156440.0,8256082.5,0.00069021200761199,0.0060163517482578754
sample_03,24063,31864,156445.0,8256082.5,0.03858168050646782,0.004545458592474461
sample_03,24063,31865,156450.0,8256082.5,0.02154102362692356,0.003228018758818507
sample_03,24063,31866,156455.0,8256082.5,0.03784707933664322,0.0013449440011754632
sample_03,24063,31867,156460.0,8256082.5,0.01675615832209587,0.0036308253183960915
sample_03,24063,31868,156465.0,8256082.5,0.002814703853800893,0.0021081476006656885
sample_03,24063,31869,156470.0,8256082.5,0.021290890872478485,0.0021809390746057034
sample_03,24063,31870,156475.0,8256082.5,0.04772230237722397,0.005818377248942852
sample_03,24064,31832,156285.0,8256072.5,0.009695309214293957,0.0042190332897007465
sample_03,24064,31833,156290.0,8256072.5,0.0024856673553586006,0.004746663384139538
sample_03,24064,31834,156295.0,8256072.5,0.030078329145908356,0.006526272743940353
sample_03,24064,31835,156300.0,8256072.5,0.03674834594130516,0.0034216465428471565
sample_03,24064,31836,156305.0,8256072.5,0.0010133946780115366,0.004070637747645378
sample_03,24064,31837,156310.0,8256072.5,0.015715939924120903,0.0026317359879612923
sample_03,24064,31838,156315.0,8256072.5,0.012391563504934311,0.001707322895526886
sample_03,24064,31839,156320.0,8256072.5,0.005857081152498722,0.0024543257895857096
sample_03,24064,31840,156325.0,8256072.5,0.015065547078847885,0.004370622802525759
sample_03,24064,31841,156330.0,8256072.5,0.008898449130356312,0.006799269467592239
sample_03,24064,31842,156335.0,8256072.5,0.02408834733068943,0.008290030062198639
sample_03,24064,31843,156340.0,8256072.5,0.008890783414244652,0.0006049037328921258
sample_03,24064,31844,156345.0,8256072.5,0.004350410774350166,0.0042108395136892796
sample_03,24064,31845,156350.0,8256072.5,0.017146117985248566,0.0031834279652684927
sample_03,24064,31846,156355.0,8256072.5,0.006900186650454998,0.0008850320009514689
sample_03,24064,31847,156360.0,8256072.5,0.01811189204454422,0.005368602927774191
sample_03,24064,31848,156365.0,8256072.5,0.02829613722860813,0.008832411840558052
sample_03,24064,31849,156370.0,8256072.5,0.03376176208257675,0.0016328258207067847
sample_03,24064,31850,156375.0,8256072.5,0.01992352493107319,0.0036779367364943027
sample_03,24064,31851,156380.0,8256072.5,0.05358585715293884,0.0020012492313981056
sample_03,24064,31852,156385.0,8256072.5,0.019494080916047096,0.0031452984549105167
sample_03,24064,31853,156390.0,8256072.5,0.04402487725019455,0.0041274563409388065
sample_03,24064,31854,156395.0,8256072.5,0.007796441204845905,0.0020858561620116234
sample_03,24064,31855,156400.0,8256072.5,0.02710670419037342,0.0011912770569324493
sample_03,24064,31856,156405.0,8256072.5,0.03543667495250702,0.002352133858948946
sample_03,24064,31857,156410.0,8256072.5,0.007116662338376045,0.014540068805217743
sample_03,24064,31858,156415.0,8256072.5,0.0018734773620963097,0.008029187098145485
sample_03,24064,31859,156420.0,8256072.5,0.0192315261811018,0.008085253648459911
sample_03,24064,31860,156425.0,8256072.5,0.017904246225953102,0.0005601059528999031
sample_03,24064,31861,156430.0,8256072.5,0.02964649721980095,0.0015190972480922937
sample_03,24064,31862,156435.0,8256072.5,0.01256125420331955,0.0034296417143195868
sample_03,24064,31863,156440.0,8256072.5,0.02199728973209858,0.010701891034841537
sample_03,24064,31864,156445.0,8256072.5,0.042584605515003204,0.002023047301918268
sample_03,24064,31865,156450.0,8256072.5,0.005234460346400738,0.002060648985207081
sample_03,24064,31866,156455.0,8256072.5,0.005626444239169359,0.005338842049241066
sample_03,24064,31867,156460.0,8256072.5,0.012258280999958515,0.011732184328138828
sample_03,24064,31868,156465.0,8256072.5,0.009730856865644455,0.006175356917083263
sample_03,24064,31869,156470.0,8256072.5,0.021538155153393745,0.011658274568617344
sample_03,24064,31870,156475.0,8256072.5,0.0015745043056085706,0.0038496681954711676
sample_03,24065,31832,156285.0,8256062.5,0.013038631528615952,0.002831862773746252
sample_03,24065,31833,156290.0,8256062.5,0.01442888006567955,0.00571533665060997
sample_03,24065,31834,156295.0,8256062.5,0.01169790979474783,0.003386502852663398
sample_03,24065,31835,156300.0,8256062.5,0.009115062654018402,0.0043318010866642
sample_03,24065,31836,156305.0,8256062.5,0.016437549144029617,0.0019263018621131778
sample_03,24065,31837,156310.0,8256062.5,0.022768650203943253,0.0008462998666800559
sample_03,24065,31838,156315.0,8256062.5,0.009406346827745438,0.008851387538015842
sample_03,24065,31839,156320.0,8256062.5,0.0008565330062992871,0.0012468310305848718
sample_03,24065,31840,156325.0,8256062.5,0.0073094796389341354,0.0034758555702865124
sample_03,24065,31841,156330.0,8256062.5,0.01679329387843609,0.00904045905917883
sample_03,24065,31842,156335.0,8256062.5,0.00375344674102962,0.0010344341862946749
sample_03,24065,31843,156340.0,8256062.5,0.010253161191940308,0.008266191929578781
sample_03,24065,31844,156345.0,8256062.5,0.024847667664289474,0.008144447579979897
sample_03,24065,31845,156350.0,8256062.5,0.007376032415777445,0.004791871178895235
sample_03,24065,31846,156355.0,8256062.5,0.01598711870610714,0.00705290399491787
sample_03,24065,31847,156360.0,8256062.5,0.004278942476958036,0.004783082287758589
sample_03,24065,31848,156365.0,8256062.5,0.004002558067440987,0.0010856681037694216
sample_03,24065,31849,156370.0,8256062.5,0.003311415668576956,0.011495188809931278
sample_03,24065,31850,156375.0,8256062.5,0.017881914973258972,0.0019010646501556039
sample_03,24065,31851,156380.0,8256062.5,0.025678053498268127,0.0030160737223923206
sample_03,24065,31852,156385.0,8256062.5,0.004291412886232138,0.007557634264230728
sample_03,24065,31853,156390.0,8256062.5,0.007227456197142601,0.002513715997338295
sample_03,24065,31854,156395.0,8256062.5,0.020048681646585464,0.002238880842924118
sample_03,24065,31855,156400.0,8256062.5,0.02179371379315853,0.007121865637600422
sample_03,24065,31856,156405.0,8256062.5,0.015866011381149292,0.012561561539769173
sample_03,24065,31857,156410.0,8256062.5,0.010335495695471764,0.008520521223545074
sample_03,24065,31858,156415.0,8256062.5,0.011579610407352448,0.00600495096296072
sample_03,24065,31859,156420.0,8256062.5,0.012724058702588081,0.015551059506833553
sample_03,24065,31860,156425.0,8256062.5,0.04406847804784775,0.0029133763164281845
sample_03,24065,31861,156430.0,8256062.5,0.07740214467048645,0.0060632433742284775
sample_03,24065,31862,156435.0,8256062.5,0.0370652936398983,0.014193221926689148
sample_03,24065,31863,156440.0,8256062.5,0.023315532132983208,0.007659257389605045
sample_03,24065,31864,156445.0,8256062.5,0.008306634612381458,0.0005702840280719101
sample_03,24065,31865,156450.0,8256062.5,0.034858979284763336,0.0027809059247374535
sample_03,24065,31866,156455.0,8256062.5,0.019467797130346298,0.001878594746813178
sample_03,24065,31867,156460.0,8256062.5,0.02846522629261017,0.0022818020079284906
sample_03,24065,31868,156465.0,8256062.5,0.006264648400247097,0.005274048540741205
sample_03,24065,31869,156470.0,8256062.5,0.011898401193320751,0.005331413820385933
sample_03,24065,31870,156475.0,8256062.5,0.01899850182235241,0.006666954606771469
sample_03,24066,31832,156285.0,8256052.5,0.017645644024014473,0.014744246378540993
sample_03,24066,31833,156290.0,8256052.5,0.030232001096010208,0.008868725970387459
sample_03,24066,31834,156295.0,8256052.5,0.013827726244926453,0.016087237745523453
sample_03,24066,31835,156300.0,8256052.5,0.010592499747872353,0.0038924093823879957
sample_03,24066,31836,156305.0,8256052.5,0.019282463937997818,0.004074180498719215
sample_03,24066,31837,156310.0,8256052.5,0.018282681703567505,0.00030512793455272913
sample_03,24066,31838,156315.0,8256052.5,0.009073080494999886,0.005961961578577757
sample_03,24066,31839,156320.0,8256052.5,0.0062670293264091015,0.006552843376994133
sample_03,24066,31840,156325.0,8256052.5,0.009694394655525684,0.0023652585223317146
sample_03,24066,31841,156330.0,8256052.5,0.020522087812423706,0.0027558207511901855
sample_03,24066,31842,156335.0,8256052.5,0.02861994318664074,0.006009325385093689
sample_03,24066,31843,156340.0,8256052.5,0.0033573629334568977,0.0033833617344498634
sample_03,24066,31844,156345.0,8256052.5,0.004177299328148365,0.006809555925428867
sample_03,24066,31845,156350.0,8256052.5,0.016873756423592567,0.0040436070412397385
sample_03,24066,31846,156355.0,8256052.5,0.020760977640748024,0.005026704166084528
sample_03,24066,31847,156360.0,8256052.5,0.02318272367119789,0.007342696189880371
sample_03,24066,31848,156365.0,8256052.5,0.009345862083137035,0.004187020938843489
sample_03,24066,31849,156370.0,8256052.5,0.02188505418598652,0.0036002127453684807
sample_03,24066,31850,156375.0,8256052.5,0.017176862806081772,0.006938999053090811
sample_03,24066,31851,156380.0,8256052.5,0.013272847980260849,0.01418822631239891
sample_03,24066,31852,156385.0,8256052.5,0.01252414844930172,0.00737376231700182
sample_03,24066,31853,156390.0,8256052.5,0.036636315286159515,0.0012083875481039286
sample_03,24066,31854,156395.0,8256052.5,0.0239731315523386,0.0010413998970761895
sample_03,24066,31855,156400.0,8256052.5,0.005698814056813717,0.005963383708149195
sample_03,24066,31856,156405.0,8256052.5,0.006573916878551245,0.0026523377746343613
sample_03,24066,31857,156410.0,8256052.5,0.028849054127931595,0.00312397675588727
sample_03,24066,31858,156415.0,8256052.5,0.015151980333030224,0.01019507646560669
sample_03,24066,31859,156420.0,8256052.5,0.02969682589173317,0.006541824899613857
sample_03,24066,31860,156425.0,8256052.5,0.008512502536177635,0.006807240657508373
sample_03,24066,31861,156430.0,8256052.5,0.005689553450793028,0.0019068859983235598
sample_03,24066,31862,156435.0,8256052.5,0.02465101331472397,0.00010442044003866613
sample_03,24066,31863,156440.0,8256052.5,0.0036889128386974335,0.0016330527141690254
sample_03,24066,31864,156445.0,8256052.5,0.011261539533734322,0.00560736283659935
sample_03,24066,31865,156450.0,8256052.5,0.045765869319438934,0.0059933140873909
sample_03,24066,31866,156455.0,8256052.5,0.02237963117659092,0.0017546324525028467
sample_03,24066,31867,156460.0,8256052.5,0.00969153456389904,0.007175973616540432
sample_03,24066,31868,156465.0,8256052.5,0.054167650640010834,0.0027080816216766834
sample_03,24066,31869,156470.0,8256052.5,0.04177014157176018,0.0031056110747158527
sample_03,24066,31870,156475.0,8256052.5,0.025181028991937637,0.00788835622370243
sample_03,24067,31832,156285.0,8256042.5,0.022229991853237152,0.004744214005768299
sample_03,24067,31833,156290.0,8256042.5,0.0037881177850067616,0.0032564776483923197
sample_03,24067,31834,156295.0,8256042.5,0.0181837547570467,0.005308221094310284
sample_03,24067,31835,156300.0,8256042.5,0.019190920516848564,0.005620818119496107
sample_03,24067,31836,156305.0,8256042.5,0.005499372258782387,0.000707564759068191
sample_03,24067,31837,156310.0,8256042.5,0.012133997865021229,0.0027352157048881054
sample_03,24067,31838,156315.0,8256042.5,0.0003799083933699876,0.006343575194478035
sample_03,24067,31839,156320.0,8256042.5,0.010527725331485271,0.0034002764150500298
sample_03,24067,31840,156325.0,8256042.5,0.02187061309814453,0.003384438343346119
sample_03,24067,31841,156330.0,8256042.5,0.0145795289427042,0.001467210240662098
sample_03,24067,31842,156335.0,8256042.5,0.010422504507005215,0.008163693360984325
sample_03,24067,31843,156340.0,8256042.5,0.0019077043980360031,0.004854457452893257
sample_03,24067,31844,156345.0,8256042.5,0.006039436906576157,0.005196825601160526
sample_03,24067,31845,156350.0,8256042.5,0.01203380897641182,0.002302126958966255
sample_03,24067,31846,156355.0,8256042.5,0.010350982658565044,0.0025350835639983416
sample_03,24067,31847,156360.0,8256042.5,0.009836268611252308,0.0021213882137089968
sample_03,24067,31848,156365.0,8256042.5,0.004627672024071217,0.0034142781514674425
sample_03,24067,31849,156370.0,8256042.5,0.011010685935616493,0.006421281024813652
sample_03,24067,31850,156375.0,8256042.5,0.013031400740146637,0.00522661954164505
sample_03,24067,31851,156380.0,8256042.5,0.01797441765666008,0.001965692499652505
sample_03,24067,31852,156385.0,8256042.5,0.0051332502625882626,0.0021461201831698418
sample_03,24067,31853,156390.0,8256042.5,0.005352115258574486,0.002178901806473732
sample_03,24067,31854,156395.0,8256042.5,0.007373400963842869,0.00993075780570507
sample_03,24067,31855,156400.0,8256042.5,0.0031560321804136038,0.005058886017650366
sample_03,24067,31856,156405.0,8256042.5,0.007624957710504532,0.0035216487012803555
sample_03,24067,31857,156410.0,8256042.5,0.025916198268532753,0.003105711191892624
sample_03,24067,31858,156415.0,8256042.5,0.003968019038438797,0.0012914356775581837
sample_03,24067,31859,156420.0,8256042.5,0.02375124767422676,0.0030445673037320375
sample_03,24067,31860,156425.0,8256042.5,0.003699502907693386,0.001962844282388687
sample_03,24067,31861,156430.0,8256042.5,0.030679231509566307,0.0014639541041105986
sample_03,24067,31862,156435.0,8256042.5,0.014856753870844841,0.010481864213943481
sample_03,24067,31863,156440.0,8256042.5,0.003972487989813089,0.0017073149792850018
sample_03,24067,31864,156445.0,8256042.5,0.003963062539696693,0.0033510455396026373
sample_03,24067,31865,156450.0,8256042.5,0.009137426503002644,0.017716702073812485
sample_03,24067,31866,156455.0,8256042.5,0.016970515251159668,0.003449685638770461
sample_03,24067,31867,156460.0,8256042.5,0.00953567773103714,0.0031192703172564507
sample_03,24067,31868,156465.0,8256042.5,0.021822456270456314,0.004331466741859913
sample_03,24067,31869,156470.0,8256042.5,0.010135958902537823,0.007709612138569355
sample_03,24067,31870,156475.0,8256042.5,0.011052703484892845,0.0021664388477802277
sample_03,24068,31832,156285.0,8256032.5,0.016411462798714638,0.006320355925709009
sample_03,24068,31833,156290.0,8256032.5,0.010002178139984608,0.0024925777688622475
sample_03,24068,31834,156295.0,8256032.5,0.004417424090206623,0.004005350638180971
sample_03,24068,31835,156300.0,8256032.5,0.008101750165224075,0.007898902520537376
sample_03,24068,31836,156305.0,8256032.5,0.029654935002326965,0.009578533470630646
sample_03,24068,31837,156310.0,8256032.5,0.0019169357838109136,0.005952336359769106
sample_03,24068,31838,156315.0,8256032.5,0.016584619879722595,0.0017559640109539032
sample_03,24068,31839,156320.0,8256032.5,0.008458193391561508,0.005404902156442404
sample_03,24068,31840,156325.0,8256032.5,0.007832814007997513,0.004412665963172913
sample_03,24068,31841,156330.0,8256032.5,0.009678281843662262,0.001072034938260913
sample_03,24068,31842,156335.0,8256032.5,0.02522485889494419,0.0056123253889381886
sample_03,24068,31843,156340.0,8256032.5,0.003202756866812706,0.008158957585692406
sample_03,24068,31844,156345.0,8256032.5,0.007467987015843391,0.008960037492215633
sample_03,24068,31845,156350.0,8256032.5,0.009535286575555801,0.00888608954846859
sample_03,24068,31846,156355.0,8256032.5,0.019869759678840637,0.0010926974937319756
sample_03,24068,31847,156360.0,8256032.5,0.010570426471531391,0.009251735173165798
sample_03,24068,31848,156365.0,8256032.5,0.009019752964377403,0.003820789512246847
sample_03,24068,31849,156370.0,8256032.5,0.005412773694843054,0.005253058858215809
sample_03,24068,31850,156375.0,8256032.5,0.010148623958230019,0.0041427211835980415
sample_03,24068,31851,156380.0,8256032.5,0.014178704470396042,0.0036568138748407364
sample_03,24068,31852,156385.0,8256032.5,0.02442498505115509,0.009267937391996384
sample_03,24068,31853,156390.0,8256032.5,0.021312274038791656,0.005506184883415699
sample_03,24068,31854,156395.0,8256032.5,0.014799095690250397,0.011557760648429394
sample_03,24068,31855,156400.0,8256032.5,0.01684330403804779,0.013884758576750755
sample_03,24068,31856,156405.0,8256032.5,0.005915614310652018,0.0059087034314870834
sample_03,24068,31857,156410.0,8256032.5,0.019702672958374023,0.004739393480122089
sample_03,24068,31858,156415.0,8256032.5,0.008410421200096607,0.007925166748464108
sample_03,24068,31859,156420.0,8256032.5,0.006927590351551771,0.004727100487798452
sample_03,24068,31860,156425.0,8256032.5,0.00904345978051424,0.00937868095934391
sample_03,24068,31861,156430.0,8256032.5,0.009176602587103844,0.003308011218905449
sample_03,24068,31862,156435.0,8256032.5,0.0017683603800833225,0.007930506020784378
sample_03,24068,31863,156440.0,8256032.5,0.01553996093571186,0.004613946191966534
sample_03,24068,31864,156445.0,8256032.5,0.019814610481262207,0.005424587056040764
sample_03,24068,31865,156450.0,8256032.5,0.022939765825867653,0.010090147145092487
sample_03,24068,31866,156455.0,8256032.5,0.00900519173592329,0.003588442225009203
sample_03,24068,31867,156460.0,8256032.5,0.013761733658611774,0.00906419288367033
sample_03,24068,31868,156465.0,8256032.5,0.018524017184972763,0.0007253520889207721
sample_03,24068,31869,156470.0,8256032.5,0.0050297388806939125,0.007539493031799793
sample_03,24068,31870,156475.0,8256032.5,0.01646856777369976,0.0016170380404219031
sample_03,24069,31832,156285.0,8256022.5,0.008105211891233921,0.006000532303005457
sample_03,24069,31833,156290.0,8256022.5,0.022115860134363174,0.005629854276776314
sample_03,24069,31834,156295.0,8256022.5,0.013671379536390305,0.010774326510727406
sample_03,24069,31835,156300.0,8256022.5,0.006251789629459381,0.010054618120193481
sample_03,24069,31836,156305.0,8256022.5,0.015275334008038044,0.0010885285446420312
sample_03,24069,31837,156310.0,8256022.5,0.0040346188470721245,0.0047928523272275925
sample_03,24069,31838,156315.0,8256022.5,0.017519913613796234,0.0016436849255114794
sample_03,24069,31839,156320.0,8256022.5,0.026895392686128616,0.001484631560742855
sample_03,24069,31840,156325.0,8256022.5,0.00543756689876318,0.015698282048106194
sample_03,24069,31841,156330.0,8256022.5,0.009158048778772354,0.01876695267856121
sample_03,24069,31842,156335.0,8256022.5,0.0052344948053359985,0.002726213075220585
sample_03,24069,31843,156340.0,8256022.5,0.007439570501446724,0.016195710748434067
sample_03,24069,31844,156345.0,8256022.5,0.010132791474461555,0.010028299875557423
sample_03,24069,31845,156350.0,8256022.5,0.014041137881577015,0.001508294721134007
sample_03,24069,31846,156355.0,8256022.5,0.03453386574983597,0.0035056460183113813
sample_03,24069,31847,156360.0,8256022.5,0.03410883620381355,0.008513040840625763
sample_03,24069,31848,156365.0,8256022.5,0.030842043459415436,0.0018553223926573992
sample_03,24069,31849,156370.0,8256022.5,0.006814887747168541,0.0012925714254379272
sample_03,24069,31850,156375.0,8256022.5,0.033086396753787994,0.008819092996418476
sample_03,24069,31851,156380.0,8256022.5,0.03263048827648163,0.010347485542297363
sample_03,24069,31852,156385.0,8256022.5,0.005524804815649986,0.004126554820686579
sample_03,24069,31853,156390.0,8256022.5,0.012609412893652916,0.007799163460731506
sample_03,24069,31854,156395.0,8256022.5,0.021349603310227394,0.01574765518307686
sample_03,24069,31855,156400.0,8256022.5,0.014653799124062061,0.006017673760652542
sample_03,24069,31856,156405.0,8256022.5,0.015070360153913498,0.00433841859921813
sample_03,24069,31857,156410.0,8256022.5,0.0024056723341345787,0.0004839029861614108
sample_03,24069,31858,156415.0,8256022.5,0.001909852959215641,0.002387577435001731
sample_03,24069,31859,156420.0,8256022.5,0.006258617155253887,0.008570661768317223
sample_03,24069,31860,156425.0,8256022.5,0.027730869129300117,0.003887842409312725
sample_03,24069,31861,156430.0,8256022.5,0.014712730422616005,0.002184635028243065
sample_03,24069,31862,156435.0,8256022.5,0.014497729949653149,0.0032994458451867104
sample_03,24069,31863,156440.0,8256022.5,0.0059704529121518135,0.0014576447429135442
sample_03,24069,31864,156445.0,8256022.5,0.0066658733412623405,0.003492057789117098
sample_03,24069,31865,156450.0,8256022.5,0.014805035665631294,0.006585441995412111
sample_03,24069,31866,156455.0,8256022.5,0.018232814967632294,0.00849283766001463
sample_03,24069,31867,156460.0,8256022.5,0.03178199380636215,0.00811631791293621
sample_03,24069,31868,156465.0,8256022.5,0.015508431941270828,0.005157791078090668
sample_03,24069,31869,156470.0,8256022.5,0.016681360080838203,0.0004886484239250422
sample_03,24069,31870,156475.0,8256022.5,0.011749327182769775,0.0028003212064504623
sample_03,24070,31832,156285.0,8256012.5,0.003595075337216258,0.003972220700234175
sample_03,24070,31833,156290.0,8256012.5,0.00695639057084918,0.007050179876387119
sample_03,24070,31834,156295.0,8256012.5,0.02055826224386692,0.0017085776198655367
sample_03,24070,31835,156300.0,8256012.5,0.007126126904040575,0.0034829394426196814
sample_03,24070,31836,156305.0,8256012.5,0.012411493808031082,0.008807020261883736
sample_03,24070,31837,156310.0,8256012.5,0.0017811139114201069,0.007067165337502956
sample_03,24070,31838,156315.0,8256012.5,0.013437067158520222,0.005790320690721273
sample_03,24070,31839,156320.0,8256012.5,0.002960981335490942,0.009036348201334476
sample_03,24070,31840,156325.0,8256012.5,0.012767449021339417,0.0008105523302219808
sample_03,24070,31841,156330.0,8256012.5,0.0065337177366018295,0.0012241805670782924
sample_03,24070,31842,156335.0,8256012.5,0.005671386141330004,0.0008906454313546419
sample_03,24070,31843,156340.0,8256012.5,0.01893235556781292,0.0014717294834554195
sample_03,24070,31844,156345.0,8256012.5,0.0032288385555148125,0.003298062365502119
sample_03,24070,31845,156350.0,8256012.5,0.004925807937979698,0.013022622093558311
sample_03,24070,31846,156355.0,8256012.5,0.009907394647598267,0.0009408267214894295
sample_03,24070,31847,156360.0,8256012.5,0.012675975449383259,0.01065037865191698
sample_03,24070,31848,156365.0,8256012.5,0.0166946928948164,0.002328593749552965
sample_03,24070,31849,156370.0,8256012.5,0.010437335819005966,0.007067877799272537
sample_03,24070,31850,156375.0,8256012.5,0.006051499862223864,0.006427500396966934
sample_03,24070,31851,156380.0,8256012.5,0.007904166355729103,0.0133775994181633
sample_03,24070,31852,156385.0,8256012.5,0.008265974000096321,0.001267200568690896
sample_03,24070,31853,156390.0,8256012.5,0.010769153945147991,0.0060959914699196815
sample_03,24070,31854,156395.0,8256012.5,0.021888665854930878,0.008215375244617462
sample_03,24070,31855,156400.0,8256012.5,0.009366625919938087,0.0022315983660519123
sample_03,24070,31856,156405.0,8256012.5,0.0053711035288870335,0.004087823908776045
sample_03,24070,31857,156410.0,8256012.5,0.0032420584466308355,0.006508908234536648
sample_03,24070,31858,156415.0,8256012.5,0.008853036910295486,0.012433484196662903
sample_03,24070,31859,156420.0,8256012.5,0.01791255548596382,0.010692094452679157
sample_03,24070,31860,156425.0,8256012.5,0.03609168902039528,0.0035786652006208897
sample_03,24070,31861,156430.0,8256012.5,0.012885157018899918,0.0038473689928650856
sample_03,24070,31862,156435.0,8256012.5,0.024522103369235992,0.00668087275698781
sample_03,24070,31863,156440.0,8256012.5,0.006909123621881008,0.0050176517106592655
sample_03,24070,31864,156445.0,8256012.5,0.02148604206740856,0.002931657014414668
sample_03,24070,31865,156450.0,8256012.5,0.03679902106523514,0.00580646563321352
sample_03,24070,31866,156455.0,8256012.5,0.025965318083763123,0.003992635756731033
sample_03,24070,31867,156460.0,8256012.5,0.022184882313013077,0.007796965539455414
sample_03,24070,31868,156465.0,8256012.5,0.020197110250592232,0.0006859687273390591
sample_03,24070,31869,156470.0,8256012.5,0.03141133114695549,0.0025574369356036186
sample_03,24070,31870,156475.0,8256012.5,0.02021476998925209,0.004712787456810474
sample_03,24071,31832,156285.0,8256002.5,0.00800579134374857,0.0024430721532553434
sample_03,24071,31833,156290.0,8256002.5,0.0037195386830717325,0.005242222920060158
sample_03,24071,31834,156295.0,8256002.5,0.008851290680468082,0.0042493753135204315
sample_03,24071,31835,156300.0,8256002.5,0.007624327205121517,0.005911680404096842
sample_03,24071,31836,156305.0,8256002.5,0.007158461958169937,0.0027684541419148445
sample_03,24071,31837,156310.0,8256002.5,0.01328471302986145,0.00788324885070324
sample_03,24071,31838,156315.0,8256002.5,0.01087240781635046,0.0059035420417785645
sample_03,24071,31839,156320.0,8256002.5,0.008001746609807014,0.009870474226772785
sample_03,24071,31840,156325.0,8256002.5,0.021845879033207893,0.011406077072024345
sample_03,24071,31841,156330.0,8256002.5,0.005808490328490734,0.0014146344037726521
sample_03,24071,31842,156335.0,8256002.5,0.008716966025531292,0.012420624494552612
sample_03,24071,31843,156340.0,8256002.5,0.017482716590166092,0.007434024475514889
sample_03,24071,31844,156345.0,8256002.5,0.012990712188184261,0.006715012714266777
sample_03,24071,31845,156350.0,8256002.5,0.01079405564814806,0.011410392820835114
sample_03,24071,31846,156355.0,8256002.5,0.005008145235478878,0.0006999281467869878
sample_03,24071,31847,156360.0,8256002.5,0.030352454632520676,0.002077738754451275
sample_03,24071,31848,156365.0,8256002.5,0.017743302509188652,0.0070867519825696945
sample_03,24071,31849,156370.0,8256002.5,0.0037134909071028233,0.004772476851940155
sample_03,24071,31850,156375.0,8256002.5,0.008014677092432976,0.004634358920156956
sample_03,24071,31851,156380.0,8256002.5,0.01120564341545105,0.010116218589246273
sample_03,24071,31852,156385.0,8256002.5,0.01092966366559267,0.0018618808826431632
sample_03,24071,31853,156390.0,8256002.5,0.007172941230237484,0.006627129390835762
sample_03,24071,31854,156395.0,8256002.5,0.00616693077608943,0.0035630441270768642
sample_03,24071,31855,156400.0,8256002.5,0.012289570644497871,0.0008080378756858408
sample_03,24071,31856,156405.0,8256002.5,0.016167614609003067,0.0035484256222844124
sample_03,24071,31857,156410.0,8256002.5,0.04401364177465439,0.0005553574883379042
sample_03,24071,31858,156415.0,8256002.5,0.00858384370803833,0.0035911768209189177
sample_03,24071,31859,156420.0,8256002.5,0.00880569126456976,0.0025416682474315166
sample_03,24071,31860,156425.0,8256002.5,0.021782757714390755,0.0021802200935781
sample_03,24071,31861,156430.0,8256002.5,0.03288523480296135,0.002850704360753298
sample_03,24071,31862,156435.0,8256002.5,0.010047029703855515,0.0036922101862728596
sample_03,24071,31863,156440.0,8256002.5,0.004823592957109213,0.003157890634611249
sample_03,24071,31864,156445.0,8256002.5,0.024149026721715927,0.005659866146743298
sample_03,24071,31865,156450.0,8256002.5,0.021480992436408997,0.002634146250784397
sample_03,24071,31866,156455.0,8256002.5,0.008493024855852127,0.005375633016228676
sample_03,24071,31867,156460.0,8256002.5,0.017711656168103218,0.0010656197555363178
sample_03,24071,31868,156465.0,8256002.5,0.014306162483990192,0.0020126968156546354
sample_03,24071,31869,156470.0,8256002.5,0.01785404421389103,0.005845645442605019
sample_03,24071,31870,156475.0,8256002.5,0.01831710711121559,0.0043232375755906105
sample_03,24072,31832,156285.0,8255992.5,0.0032466421835124493,0.002644488587975502
sample_03,24072,31833,156290.0,8255992.5,0.010601231828331947,0.0017141950083896518
sample_03,24072,31834,156295.0,8255992.5,0.008346396498382092,0.003541593672707677
sample_03,24072,31835,156300.0,8255992.5,0.01751132309436798,0.0005720322951674461
sample_03,24072,31836,156305.0,8255992.5,0.0057597691193223,0.0028309067711234093
sample_03,24072,31837,156310.0,8255992.5,0.028601400554180145,0.0024245858658105135
sample_03,24072,31838,156315.0,8255992.5,0.005058581940829754,0.006294997408986092
sample_03,24072,31839,156320.0,8255992.5,0.015921778976917267,0.0046581095084548
sample_03,24072,31840,156325.0,8255992.5,0.027882443740963936,0.0052126627415418625
sample_03,24072,31841,156330.0,8255992.5,0.035830382257699966,0.010706554166972637
sample_03,24072,31842,156335.0,8255992.5,0.003386311698704958,0.009029176086187363
sample_03,24072,31843,156340.0,8255992.5,0.0013822282198816538,0.0018049472710117698
sample_03,24072,31844,156345.0,8255992.5,0.00916316732764244,0.0002898945822380483
sample_03,24072,31845,156350.0,8255992.5,0.004186847247183323,0.005191993899643421
sample_03,24072,31846,156355.0,8255992.5,0.011355480179190636,0.001619889517314732
sample_03,24072,31847,156360.0,8255992.5,0.054002463817596436,0.005929966457188129
sample_03,24072,31848,156365.0,8255992.5,0.01416907086968422,0.00311114639043808
sample_03,24072,31849,156370.0,8255992.5,0.0068944767117500305,0.010681748390197754
sample_03,24072,31850,156375.0,8255992.5,0.02373565174639225,0.0020004762336611748
sample_03,24072,31851,156380.0,8255992.5,0.025552548468112946,0.0040869200602173805
sample_03,24072,31852,156385.0,8255992.5,0.011096032336354256,0.0012556780129671097
sample_03,24072,31853,156390.0,8255992.5,0.019625449553132057,0.0027519664727151394
sample_03,24072,31854,156395.0,8255992.5,0.019297698512673378,0.005203543696552515
sample_03,24072,31855,156400.0,8255992.5,0.05709393694996834,0.0008412915631197393
sample_03,24072,31856,156405.0,8255992.5,0.021319661289453506,0.004887509159743786
sample_03,24072,31857,156410.0,8255992.5,0.01456516608595848,0.009716751053929329
sample_03,24072,31858,156415.0,8255992.5,0.02099831961095333,0.009644618257880211
sample_03,24072,31859,156420.0,8255992.5,0.017076067626476288,0.0008045332506299019
sample_03,24072,31860,156425.0,8255992.5,0.007742901798337698,0.005407887045294046
sample_03,24072,31861,156430.0,8255992.5,0.0014619871508330107,0.0075789098627865314
sample_03,24072,31862,156435.0,8255992.5,0.02229807898402214,0.008504746481776237
sample_03,24072,31863,156440.0,8255992.5,0.007843045517802238,0.009080584160983562
sample_03,24072,31864,156445.0,8255992.5,0.011972242966294289,0.003594910027459264
sample_03,24072,31865,156450.0,8255992.5,0.015623366460204124,0.0031045926734805107
sample_03,24072,31866,156455.0,8255992.5,0.0316741019487381,0.005759709049016237
sample_03,24072,31867,156460.0,8255992.5,0.01907510496675968,0.0033766867127269506
sample_03,24072,31868,156465.0,8255992.5,0.004234130959957838,0.008077604696154594
sample_03,24072,31869,156470.0,8255992.5,0.023222941905260086,0.009463381953537464
sample_03,24072,31870,156475.0,8255992.5,0.0378555953502655,0.009184643626213074
sample_03,24073,31833,156290.0,8255982.5,0.019945301115512848,0.0013272797223180532
sample_03,24073,31834,156295.0,8255982.5,0.003960365429520607,0.004307964351028204
sample_03,24073,31835,156300.0,8255982.5,0.03594407066702843,0.006172562949359417
sample_03,24073,31836,156305.0,8255982.5,0.013094807043671608,0.002696162788197398
sample_03,24073,31837,156310.0,8255982.5,0.054156914353370667,0.004680494777858257
sample_03,24073,31838,156315.0,8255982.5,0.03452753275632858,0.0036880720872431993
sample_03,24073,31839,156320.0,8255982.5,0.011026469059288502,0.001200242666527629
sample_03,24073,31840,156325.0,8255982.5,0.002010921249166131,0.0012363905552774668
sample_03,24073,31841,156330.0,8255982.5,0.018917929381132126,0.0047598727978765965
sample_03,24073,31842,156335.0,8255982.5,0.0024829814210534096,0.0018111357931047678
sample_03,24073,31843,156340.0,8255982.5,0.006369767710566521,0.0008274924475699663
sample_03,24073,31844,156345.0,8255982.5,0.004444930236786604,0.003423574147745967
sample_03,24073,31845,156350.0,8255982.5,0.008966022171080112,0.003731291741132736
sample_03,24073,31846,156355.0,8255982.5,0.008756723254919052,0.005859728436917067
sample_03,24073,31847,156360.0,8255982.5,0.007066324353218079,0.009019575081765652
sample_03,24073,31848,156365.0,8255982.5,0.019645724445581436,0.006224898621439934
sample_03,24073,31849,156370.0,8255982.5,0.026557549834251404,0.012164157815277576
sample_03,24073,31850,156375.0,8255982.5,0.004786254838109016,0.0012613639701157808
sample_03,24073,31851,156380.0,8255982.5,0.008849243633449078,0.001196280587464571
sample_03,24073,31852,156385.0,8255982.5,0.0264730267226696,0.0037945997901260853
sample_03,24073,31853,156390.0,8255982.5,0.02251703292131424,0.0071637071669101715
sample_03,24073,31854,156395.0,8255982.5,0.007466728799045086,0.005639414303004742
sample_03,24073,31855,156400.0,8255982.5,0.01644761487841606,0.01285544317215681
sample_03,24073,31856,156405.0,8255982.5,0.040428757667541504,0.004440828692167997
sample_03,24073,31857,156410.0,8255982.5,0.011355757713317871,0.008702468127012253
sample_03,24073,31858,156415.0,8255982.5,0.007996522821485996,0.009603288024663925
sample_03,24073,31859,156420.0,8255982.5,0.02902098372578621,0.0024106819182634354
sample_03,24073,31860,156425.0,8255982.5,0.012388435192406178,0.005370291415601969
sample_03,24073,31861,156430.0,8255982.5,0.044856686145067215,0.004431452602148056
sample_03,24073,31862,156435.0,8255982.5,0.012087363749742508,0.00790340919047594
sample_03,24073,31863,156440.0,8255982.5,0.014506252482533455,0.006448694504797459
sample_03,24073,31864,156445.0,8255982.5,0.01580389402806759,0.000707812316250056
sample_03,24073,31865,156450.0,8255982.5,0.010699928738176823,0.0018274430185556412
sample_03,24073,31866,156455.0,8255982.5,0.024328947067260742,0.004190982319414616
sample_03,24073,31867,156460.0,8255982.5,0.01992199756205082,0.0009403635049238801
sample_03,24073,31868,156465.0,8255982.5,0.010349446907639503,0.001124099362641573
sample_03,24073,31869,156470.0,8255982.5,0.012160371989011765,0.005186148919165134
sample_03,24073,31870,156475.0,8255982.5,0.011531340889632702,0.008742070756852627
sample_03,24074,31833,156290.0,8255972.5,0.004426587838679552,0.0029347753152251244
sample_03,24074,31834,156295.0,8255972.5,0.008537113666534424,0.00539762619882822
sample_03,24074,31835,156300.0,8255972.5,0.02264317497611046,0.002756637055426836
sample_03,24074,31836,156305.0,8255972.5,0.022248603403568268,0.009048263542354107
sample_03,24074,31837,156310.0,8255972.5,0.007431298494338989,0.004699819255620241
sample_03,24074,31838,156315.0,8255972.5,0.00963085237890482,0.012225472368299961
sample_03,24074,31839,156320.0,8255972.5,0.011749045923352242,0.005582873709499836
sample_03,24074,31840,156325.0,8255972.5,0.010367296636104584,0.013487128540873528
sample_03,24074,31841,156330.0,8255972.5,0.01765797659754753,0.005193827673792839
sample_03,24074,31842,156335.0,8255972.5,0.010954311117529869,0.0016834661364555359
sample_03,24074,31843,156340.0,8255972.5,0.005650123581290245,0.009056163020431995
sample_03,24074,31844,156345.0,8255972.5,0.014281224459409714,0.012809861451387405
sample_03,24074,31845,156350.0,8255972.5,0.00827210582792759,0.0018867356702685356
sample_03,24074,31846,156355.0,8255972.5,0.0098886638879776,0.009025000035762787
sample_03,24074,31847,156360.0,8255972.5,0.011216804385185242,0.004280586261302233
sample_03,24074,31848,156365.0,8255972.5,0.01829204335808754,0.005688709206879139
sample_03,24074,31849,156370.0,8255972.5,0.011751719750463963,0.0014440970262512565
sample_03,24074,31850,156375.0,8255972.5,0.017900925129652023,0.0023293232079595327
sample_03,24074,31851,156380.0,8255972.5,0.016001403331756592,0.001998843625187874
sample_03,24074,31852,156385.0,8255972.5,0.012632505036890507,0.0009726999560371041
sample_03,24074,31853,156390.0,8255972.5,0.00966772809624672,0.003891299245879054
sample_03,24074,31854,156395.0,8255972.5,0.013206921517848969,0.004802601411938667
sample_03,24074,31855,156400.0,8255972.5,0.006320502143353224,0.0026853017043322325
sample_03,24074,31856,156405.0,8255972.5,0.004696901421993971,0.003187333233654499
sample_03,24074,31857,156410.0,8255972.5,0.004209169652312994,0.0027240149211138487
sample_03,24074,31858,156415.0,8255972.5,0.010450687259435654,0.0023354352451860905
sample_03,24074,31859,156420.0,8255972.5,0.005871760658919811,0.005430755205452442
sample_03,24074,31860,156425.0,8255972.5,0.005160967819392681,0.0036623957566916943
sample_03,24074,31861,156430.0,8255972.5,0.005758550949394703,0.003589375875890255
sample_03,24074,31862,156435.0,8255972.5,0.029872450977563858,0.004525693133473396
sample_03,24074,31863,156440.0,8255972.5,0.00934035237878561,0.0033526055049151182
sample_03,24074,31864,156445.0,8255972.5,0.016502249985933304,0.008477182127535343
sample_03,24074,31865,156450.0,8255972.5,0.035625334829092026,0.00475627277046442
sample_03,24074,31866,156455.0,8255972.5,0.0049132248386740685,0.001828341861255467
sample_03,24074,31867,156460.0,8255972.5,0.011516030877828598,0.003168828785419464
sample_03,24074,31868,156465.0,8255972.5,0.008964065462350845,0.0007011540583334863
sample_03,24074,31869,156470.0,8255972.5,0.005811018869280815,0.0070403944700956345
sample_03,24074,31870,156475.0,8255972.5,0.009956223890185356,0.0041571068577468395
sample_03,24075,31833,156290.0,8255962.5,0.010852523148059845,0.013600928708910942
sample_03,24075,31834,156295.0,8255962.5,0.02594633959233761,0.010307949036359787
sample_03,24075,31835,156300.0,8255962.5,0.007582495920360088,0.0010387178044766188
sample_03,24075,31836,156305.0,8255962.5,0.006547624245285988,0.0059510511346161366
sample_03,24075,31837,156310.0,8255962.5,0.01183606218546629,0.008190063759684563
sample_03,24075,31838,156315.0,8255962.5,0.01735817641019821,0.005380203947424889
sample_03,24075,31839,156320.0,8255962.5,0.02054278366267681,0.0005000708624720573
sample_03,24075,31840,156325.0,8255962.5,0.010734327137470245,0.019136451184749603
sample_03,24075,31841,156330.0,8255962.5,0.02448238432407379,0.011093967594206333
sample_03,24075,31842,156335.0,8255962.5,0.01847083680331707,0.0029074354097247124
sample_03,24075,31843,156340.0,8255962.5,0.029115991666913033,0.006457126699388027
sample_03,24075,31844,156345.0,8255962.5,0.01972264051437378,0.0031047186348587275
sample_03,24075,31845,156350.0,8255962.5,0.03077162802219391,0.007706589065492153
sample_03,24075,31846,156355.0,8255962.5,0.015496814623475075,0.0033231889829039574
sample_03,24075,31847,156360.0,8255962.5,0.001501403283327818,0.01077486015856266
sample_03,24075,31848,156365.0,8255962.5,0.0057175979018211365,0.006113449111580849
sample_03,24075,31849,156370.0,8255962.5,0.0016675903461873531,0.002171854954212904
sample_03,24075,31850,156375.0,8255962.5,0.03353238105773926,0.007521552499383688
sample_03,24075,31851,156380.0,8255962.5,0.032065555453300476,0.017496278509497643
sample_03,24075,31852,156385.0,8255962.5,0.016788339242339134,0.0021826650481671095
sample_03,24075,31853,156390.0,8255962.5,0.00548483245074749,0.006686306558549404
sample_03,24075,31854,156395.0,8255962.5,0.0032542841508984566,0.010250466875731945
sample_03,24075,31855,156400.0,8255962.5,0.0036830645985901356,0.014282871037721634
sample_03,24075,31856,156405.0,8255962.5,0.013829345814883709,0.00389494257979095
sample_03,24075,31857,156410.0,8255962.5,0.01069619506597519,0.012475086376070976
sample_03,24075,31858,156415.0,8255962.5,0.009553305804729462,0.0020565101876854897
sample_03,24075,31859,156420.0,8255962.5,0.02742829918861389,0.0010162594262510538
sample_03,24075,31860,156425.0,8255962.5,0.0031843879260122776,0.006907998584210873
sample_03,24075,31861,156430.0,8255962.5,0.007132819853723049,0.005760722327977419
sample_03,24075,31862,156435.0,8255962.5,0.000853400444611907,0.0016963123343884945
sample_03,24075,31863,156440.0,8255962.5,0.011430204845964909,0.0009825286688283086
sample_03,24075,31864,156445.0,8255962.5,0.0016418605810031295,0.0031928857788443565
sample_03,24075,31865,156450.0,8255962.5,0.007504789624363184,0.003975694067776203
sample_03,24075,31866,156455.0,8255962.5,0.018774259835481644,0.012856852263212204
sample_03,24075,31867,156460.0,8255962.5,0.002951303729787469,0.018458740785717964
sample_03,24075,31868,156465.0,8255962.5,0.011007837019860744,0.012424679473042488
sample_03,24075,31869,156470.0,8255962.5,0.00907308142632246,0.005599279422312975
sample_03,24075,31870,156475.0,8255962.5,0.004917830228805542,0.005763472989201546
sample_03,24076,31833,156290.0,8255952.5,0.010963303036987782,0.0017769003752619028
sample_03,24076,31834,156295.0,8255952.5,0.004682234488427639,0.0040468862280249596
sample_03,24076,31835,156300.0,8255952.5,0.018667152151465416,0.008430271409451962
sample_03,24076,31836,156305.0,8255952.5,0.010301483795046806,0.009167131967842579
sample_03,24076,31837,156310.0,8255952.5,0.021956291049718857,0.002242760267108679
sample_03,24076,31838,156315.0,8255952.5,0.019250523298978806,0.0025544639211148024
sample_03,24076,31839,156320.0,8255952.5,0.0106365866959095,0.009702842682600021
sample_03,24076,31840,156325.0,8255952.5,0.01258324645459652,0.00752630177885294
sample_03,24076,31841,156330.0,8255952.5,0.026034019887447357,0.0031403442844748497
sample_03,24076,31842,156335.0,8255952.5,0.019861441105604172,0.012008270248770714
sample_03,24076,31843,156340.0,8255952.5,0.013272407464683056,0.000622654682956636
sample_03,24076,31844,156345.0,8255952.5,0.0018275175243616104,0.010516106151044369
sample_03,24076,31845,156350.0,8255952.5,0.001944138784892857,0.009147516451776028
sample_03,24076,31846,156355.0,8255952.5,0.03247084096074104,0.005700975656509399
sample_03,24076,31847,156360.0,8255952.5,0.0082175238057971,0.008662558160722256
sample_03,24076,31848,156365.0,8255952.5,0.005945124197751284,0.002795292530208826
sample_03,24076,31849,156370.0,8255952.5,0.005308117717504501,0.015730317682027817
sample_03,24076,31850,156375.0,8255952.5,0.015582050196826458,0.0013874511932954192
sample_03,24076,31851,156380.0,8255952.5,0.00449281744658947,0.0015485897893086076
sample_03,24076,31852,156385.0,8255952.5,0.009746097028255463,0.004125537350773811
sample_03,24076,31853,156390.0,8255952.5,0.03155452013015747,0.0027204384095966816
sample_03,24076,31854,156395.0,8255952.5,0.0024261598009616137,0.007464023306965828
sample_03,24076,31855,156400.0,8255952.5,0.030468281358480453,0.0008362213266082108
sample_03,24076,31856,156405.0,8255952.5,0.01467122882604599,0.001388864009641111
sample_03,24076,31857,156410.0,8255952.5,0.02250639535486698,0.011396493762731552
sample_03,24076,31858,156415.0,8255952.5,0.02802412584424019,0.02053022012114525
sample_03,24076,31859,156420.0,8255952.5,0.018264565616846085,0.009916313923895359
sample_03,24076,31860,156425.0,8255952.5,0.016518525779247284,0.0009737497894093394
sample_03,24076,31861,156430.0,8255952.5,0.0328017994761467,0.0024109012447297573
sample_03,24076,31862,156435.0,8255952.5,0.008837713859975338,0.0016319849528372288
sample_03,24076,31863,156440.0,8255952.5,0.011976178735494614,0.008008936420083046
sample_03,24076,31864,156445.0,8255952.5,0.006889461074024439,0.00393415242433548
sample_03,24076,31865,156450.0,8255952.5,0.021268930286169052,0.007114951498806477
sample_03,24076,31866,156455.0,8255952.5,0.008677116595208645,0.006800276227295399
sample_03,24076,31867,156460.0,8255952.5,0.01184788253158331,0.01083926111459732
sample_03,24076,31868,156465.0,8255952.5,0.01754600740969181,0.004375465214252472
sample_03,24076,31869,156470.0,8255952.5,0.020839061588048935,0.004372009541839361
sample_03,24076,31870,156475.0,8255952.5,0.009940553456544876,0.005047307349741459
sample_03,24077,31833,156290.0,8255942.5,0.022219527512788773,0.0010512067237868905
sample_03,24077,31834,156295.0,8255942.5,0.0013924853410571814,0.006321433465927839
sample_03,24077,31835,156300.0,8255942.5,0.013468319550156593,0.008328979834914207
sample_03,24077,31836,156305.0,8255942.5,0.006062920205295086,0.004030655138194561
sample_03,24077,31837,156310.0,8255942.5,0.02263481542468071,0.002985727973282337
sample_03,24077,31838,156315.0,8255942.5,0.0015020270366221666,0.010361088439822197
sample_03,24077,31839,156320.0,8255942.5,0.0175631120800972,0.0017245273338630795
sample_03,24077,31840,156325.0,8255942.5,0.03276875242590904,0.011509840376675129
sample_03,24077,31841,156330.0,8255942.5,0.008526630699634552,0.0038866004906594753
sample_03,24077,31842,156335.0,8255942.5,0.0037208152934908867,0.0044162701815366745
sample_03,24077,31843,156340.0,8255942.5,0.029508333653211594,0.006676688324660063
sample_03,24077,31844,156345.0,8255942.5,0.009798471815884113,0.007345007732510567
sample_03,24077,31845,156350.0,8255942.5,0.005587373394519091,0.008088735863566399
sample_03,24077,31846,156355.0,8255942.5,0.014748078770935535,0.00588584691286087
sample_03,24077,31847,156360.0,8255942.5,0.03396579623222351,0.0027186525985598564
sample_03,24077,31848,156365.0,8255942.5,0.025737203657627106,0.0077653918415308
sample_03,24077,31849,156370.0,8255942.5,0.017851125448942184,0.010671831667423248
sample_03,24077,31850,156375.0,8255942.5,0.01567472144961357,0.003383857198059559
sample_03,24077,31851,156380.0,8255942.5,0.021032625809311867,0.006056148558855057
sample_03,24077,31852,156385.0,8255942.5,0.046945422887802124,0.007576353847980499
sample_03,24077,31853,156390.0,8255942.5,0.006683658808469772,0.002312864176928997
sample_03,24077,31854,156395.0,8255942.5,0.012581182643771172,0.0018223258666694164
sample_03,24077,31855,156400.0,8255942.5,0.012015021406114101,0.0026235016994178295
sample_03,24077,31856,156405.0,8255942.5,0.022863317281007767,0.011232799850404263
sample_03,24077,31857,156410.0,8255942.5,0.030734606087207794,0.0061189960688352585
sample_03,24077,31858,156415.0,8255942.5,0.022077646106481552,0.00752490246668458
sample_03,24077,31859,156420.0,8255942.5,0.0033494033850729465,0.008179986849427223
sample_03,24077,31860,156425.0,8255942.5,0.003865559119731188,0.007108218967914581
sample_03,24077,31861,156430.0,8255942.5,0.0156509168446064,0.010341488756239414
sample_03,24077,31862,156435.0,8255942.5,0.01006962638348341,0.0040423329919576645
sample_03,24077,31863,156440.0,8255942.5,0.002201174385845661,0.007982740178704262
sample_03,24077,31864,156445.0,8255942.5,0.005947733297944069,0.011730367317795753
sample_03,24077,31865,156450.0,8255942.5,0.01347748376429081,0.0012061209417879581
sample_03,24077,31866,156455.0,8255942.5,0.018350258469581604,0.012229477986693382
sample_03,24077,31867,156460.0,8255942.5,0.022056646645069122,0.012264938093721867
sample_03,24077,31868,156465.0,8255942.5,0.013382576406002045,0.0066240462474524975
sample_03,24077,31869,156470.0,8255942.5,0.00237953569740057,0.005117454566061497
sample_03,24077,31870,156475.0,8255942.5,0.0034621329978108406,0.009512297809123993
sample_03,24077,31871,156480.0,8255942.5,0.013457170687615871,0.0057019456289708614
sample_03,24078,31833,156290.0,8255932.5,0.008873854763805866,0.0022708671167492867
sample_03,24078,31834,156295.0,8255932.5,0.040832825005054474,0.002618449507281184
sample_03,24078,31835,156300.0,8255932.5,0.019270693883299828,0.001464100438170135
sample_03,24078,31836,156305.0,8255932.5,0.006675021722912788,0.006454260088503361
sample_03,24078,31837,156310.0,8255932.5,0.005992623046040535,0.0021946225315332413
sample_03,24078,31838,156315.0,8255932.5,0.007882962934672832,0.0038482854142785072
sample_03,24078,31839,156320.0,8255932.5,0.018720582127571106,0.007222374901175499
sample_03,24078,31840,156325.0,8255932.5,0.046661749482154846,0.007526745088398457
sample_03,24078,31841,156330.0,8255932.5,0.022411271929740906,0.011053044348955154
sample_03,24078,31842,156335.0,8255932.5,0.015161888673901558,0.004336528480052948
sample_03,24078,31843,156340.0,8255932.5,0.02309548668563366,0.0011828807182610035
sample_03,24078,31844,156345.0,8255932.5,0.02924400009214878,0.008579900488257408
sample_03,24078,31845,156350.0,8255932.5,0.04789812117815018,0.0076354192569851875
sample_03,24078,31846,156355.0,8255932.5,0.011107685044407845,0.0051344167441129684
sample_03,24078,31847,156360.0,8255932.5,0.0039969333447515965,0.0030221054330468178
sample_03,24078,31848,156365.0,8255932.5,0.003994939848780632,0.0025565591640770435
sample_03,24078,31849,156370.0,8255932.5,0.027166256681084633,0.0018959580920636654
sample_03,24078,31850,156375.0,8255932.5,0.0062813907861709595,0.006324008107185364
sample_03,24078,31851,156380.0,8255932.5,0.02408449910581112,0.0060262358747422695
sample_03,24078,31852,156385.0,8255932.5,0.009985202923417091,0.003974785562604666
sample_03,24078,31853,156390.0,8255932.5,0.015975799411535263,0.002649020403623581
sample_03,24078,31854,156395.0,8255932.5,0.016292976215481758,0.003882894990965724
sample_03,24078,31855,156400.0,8255932.5,0.02457183599472046,0.00854712724685669
sample_03,24078,31856,156405.0,8255932.5,0.008146514184772968,0.008016870357096195
sample_03,24078,31857,156410.0,8255932.5,0.01716306433081627,0.004580207634717226
sample_03,24078,31858,156415.0,8255932.5,0.004870540462434292,0.0022744201123714447
sample_03,24078,31859,156420.0,8255932.5,0.008154106326401234,0.007861380465328693
sample_03,24078,31860,156425.0,8255932.5,0.021647125482559204,0.004882545210421085
sample_03,24078,31861,156430.0,8255932.5,0.01560886763036251,0.0160746481269598
sample_03,24078,31862,156435.0,8255932.5,0.006135203409940004,0.0029662882443517447
sample_03,24078,31863,156440.0,8255932.5,0.012630394659936428,0.008894932456314564
sample_03,24078,31864,156445.0,8255932.5,0.0016179672675207257,0.006542651914060116
sample_03,24078,31865,156450.0,8255932.5,0.03136422112584114,0.005308699794113636
sample_03,24078,31866,156455.0,8255932.5,0.01984858326613903,0.005433821119368076
sample_03,24078,31867,156460.0,8255932.5,0.011105641722679138,0.012066594325006008
sample_03,24078,31868,156465.0,8255932.5,0.010722476057708263,0.013393322005867958
sample_03,24078,31869,156470.0,8255932.5,0.028795110061764717,0.013233376666903496
sample_03,24078,31870,156475.0,8255932.5,0.01988079771399498,0.004203799180686474
sample_03,24078,31871,156480.0,8255932.5,0.030185125768184662,0.004032650962471962
sample_04,5991,29505,144650.0,8436802.5,0.002857320476323366,0.002335735596716404
sample_04,5991,29506,144655.0,8436802.5,0.002810429083183408,0.002917091827839613
sample_04,5991,29507,144660.0,8436802.5,0.004529681988060474,0.002882785862311721
sample_04,5991,29508,144665.0,8436802.5,0.00949733518064022,0.0015498350840061903
sample_04,5991,29509,144670.0,8436802.5,0.020000146701931953,0.0016865431098267436
sample_04,5991,29510,144675.0,8436802.5,0.00823150109499693,0.0022829431109130383
sample_04,5991,29511,144680.0,8436802.5,0.005026547238230705,0.0062980796210467815
sample_04,5992,29473,144490.0,8436792.5,0.019101891666650772,0.0024553232360631227
sample_04,5992,29474,144495.0,8436792.5,0.012805216945707798,0.0073611014522612095
sample_04,5992,29475,144500.0,8436792.5,0.009367569349706173,0.0017860783264040947
sample_04,5992,29476,144505.0,8436792.5,0.007061516400426626,0.001245728344656527
sample_04,5992,29477,144510.0,8436792.5,0.006326007656753063,0.0033662421628832817
sample_04,5992,29478,144515.0,8436792.5,0.026762500405311584,0.0023106690496206284
sample_04,5992,29479,144520.0,8436792.5,0.013487514108419418,0.0036641659680753946
sample_04,5992,29480,144525.0,8436792.5,0.003756653517484665,0.01150442287325859
sample_04,5992,29481,144530.0,8436792.5,0.014762277714908123,0.01065690629184246
sample_04,5992,29482,144535.0,8436792.5,0.028333496302366257,0.0016292312648147345
sample_04,5992,29483,144540.0,8436792.5,0.015693161636590958,0.003154281061142683
sample_04,5992,29484,144545.0,8436792.5,0.00666257506236434,0.0009836070239543915
sample_04,5992,29485,144550.0,8436792.5,0.00900407787412405,0.002106874482706189
sample_04,5992,29486,144555.0,8436792.5,0.014074627310037613,0.0036985347978770733
sample_04,5992,29487,144560.0,8436792.5,0.01621450111269951,0.0015721017261967063
sample_04,5992,29488,144565.0,8436792.5,0.018738191574811935,0.013785691000521183
sample_04,5992,29489,144570.0,8436792.5,0.006522821262478828,0.0011482581030577421
sample_04,5992,29490,144575.0,8436792.5,0.009334014728665352,0.003093923442065716
sample_04,5992,29491,144580.0,8436792.5,0.0019048121757805347,0.005274541676044464
sample_04,5992,29492,144585.0,8436792.5,0.005724940914660692,0.00264568324200809
sample_04,5992,29493,144590.0,8436792.5,0.023590058088302612,0.0014247046783566475
sample_04,5992,29494,144595.0,8436792.5,0.0034536474850028753,0.0021521365270018578
sample_04,5992,29495,144600.0,8436792.5,0.002156686969101429,0.0011207419447600842
sample_04,5992,29496,144605.0,8436792.5,0.011727266013622284,0.0022258914541453123
sample_04,5992,29497,144610.0,8436792.5,0.008937356062233448,0.0012873555533587933
sample_04,5992,29498,144615.0,8436792.5,0.0055891284719109535,0.003775831311941147
sample_04,5992,29499,144620.0,8436792.5,0.011434108018875122,0.0014014241751283407
sample_04,5992,29500,144625.0,8436792.5,0.00828184187412262,0.003916847053915262
sample_04,5992,29501,144630.0,8436792.5,0.020007820799946785,0.0026910288725048304
sample_04,5992,29502,144635.0,8436792.5,0.006127148400992155,0.0045259445905685425
sample_04,5992,29503,144640.0,8436792.5,0.008909846656024456,0.0029037909116595984
sample_04,5992,29504,144645.0,8436792.5,0.017547404393553734,0.0057263621129095554
sample_04,5992,29505,144650.0,8436792.5,0.027356373146176338,0.002988815540447831
sample_04,5992,29506,144655.0,8436792.5,0.009320599026978016,0.0027100639417767525
sample_04,5992,29507,144660.0,8436792.5,0.017680859193205833,0.004889943171292543
sample_04,5992,29508,144665.0,8436792.5,0.006129012443125248,0.006784008350223303
sample_04,5992,29509,144670.0,8436792.5,0.033726442605257034,0.0015118017327040434
sample_04,5992,29510,144675.0,8436792.5,0.041108615696430206,0.0013176812790334225
sample_04,5992,29511,144680.0,8436792.5,0.014635142870247364,0.0031543304212391376
sample_04,5993,29473,144490.0,8436782.5,0.013917255215346813,8.969162445282564e-05
sample_04,5993,29474,144495.0,8436782.5,0.00783225242048502,0.0027760423254221678
sample_04,5993,29475,144500.0,8436782.5,0.004968368913978338,0.0012879110872745514
sample_04,5993,29476,144505.0,8436782.5,0.007401569746434689,0.004179660696536303
sample_04,5993,29477,144510.0,8436782.5,0.005623439326882362,0.0033303722739219666
sample_04,5993,29478,144515.0,8436782.5,0.004099269397556782,0.0021983031183481216
sample_04,5993,29479,144520.0,8436782.5,0.01807565800845623,0.0022673914209008217
sample_04,5993,29480,144525.0,8436782.5,0.013506731018424034,0.005228656344115734
sample_04,5993,29481,144530.0,8436782.5,0.021002084016799927,0.007084552198648453
sample_04,5993,29482,144535.0,8436782.5,0.0005217719590291381,0.0024079084396362305
sample_04,5993,29483,144540.0,8436782.5,0.02622125670313835,0.002229185774922371
sample_04,5993,29484,144545.0,8436782.5,0.00999641977250576,0.002474547130987048
sample_04,5993,29485,144550.0,8436782.5,0.011311022564768791,0.007569755427539349
sample_04,5993,29486,144555.0,8436782.5,0.005340306553989649,0.00124061550013721
sample_04,5993,29487,144560.0,8436782.5,0.005215444602072239,0.0017022823449224234
sample_04,5993,29488,144565.0,8436782.5,0.005301964934915304,0.0025389466900378466
sample_04,5993,29489,144570.0,8436782.5,0.008849723264575005,0.005840294994413853
sample_04,5993,29490,144575.0,8436782.5,0.0005953856743872166,0.003591390559449792
sample_04,5993,29491,144580.0,8436782.5,0.009929432533681393,0.0011749541154131293
sample_04,5993,29492,144585.0,8436782.5,0.016133710741996765,0.0033195246942341328
sample_04,5993,29493,144590.0,8436782.5,0.007851126603782177,0.006990110035985708
sample_04,5993,29494,144595.0,8436782.5,0.028471413999795914,0.0020426353439688683
sample_04,5993,29495,144600.0,8436782.5,0.0046274298802018166,0.0009086026693694293
sample_04,5993,29496,144605.0,8436782.5,0.011691439896821976,0.00430881604552269
sample_04,5993,29497,144610.0,8436782.5,0.0043219150975346565,0.0025655729696154594
sample_04,5993,29498,144615.0,8436782.5,0.00965760089457035,0.0024923235177993774
sample_04,5993,29499,144620.0,8436782.5,0.04037019610404968,0.005070571321994066
sample_04,5993,29500,144625.0,8436782.5,0.015533074736595154,0.0018667641561478376
sample_04,5993,29501,144630.0,8436782.5,0.0012759978417307138,0.0010204990394413471
sample_04,5993,29502,144635.0,8436782.5,0.012088442221283913,0.0009848994668573141
sample_04,5993,29503,144640.0,8436782.5,0.02089948207139969,0.0027092681266367435
sample_04,5993,29504,144645.0,8436782.5,0.01219150610268116,0.0022494569420814514
sample_04,5993,29505,144650.0,8436782.5,0.004422519356012344,0.002612471114844084
sample_04,5993,29506,144655.0,8436782.5,0.007844079285860062,0.002495831809937954
sample_04,5993,29507,144660.0,8436782.5,0.010369259864091873,0.0077402545139193535
sample_04,5993,29508,144665.0,8436782.5,0.0061851381324231625,0.008379528298974037
sample_04,5993,29509,144670.0,8436782.5,0.02438889630138874,0.008651448413729668
sample_04,5993,29510,144675.0,8436782.5,0.01866813935339451,0.0032856198959052563
sample_04,5993,29511,144680.0,8436782.5,0.018290657550096512,0.004051672760397196
sample_04,5993,29512,144685.0,8436782.5,0.008110114373266697,0.0014513713540509343
sample_04,5994,29474,144495.0,8436772.5,0.011196235194802284,0.0010510431602597237
sample_04,5994,29475,144500.0,8436772.5,0.014695599675178528,0.0033044940792024136
sample_04,5994,29476,144505.0,8436772.5,0.013283747248351574,0.0016750640934333205
sample_04,5994,29477,144510.0,8436772.5,0.007472232449799776,0.0035565143916755915
sample_04,5994,29478,144515.0,8436772.5,0.014756250195205212,0.0006936866557225585
sample_04,5994,29479,144520.0,8436772.5,0.029130354523658752,0.0005633741384372115
sample_04,5994,29480,144525.0,8436772.5,0.024436723440885544,0.002676000352948904
sample_04,5994,29481,144530.0,8436772.5,0.004092762712389231,0.004981580190360546
sample_04,5994,29482,144535.0,8436772.5,0.025892887264490128,0.0005880504613742232
sample_04,5994,29483,144540.0,8436772.5,0.013388361781835556,0.0009398599504493177
sample_04,5994,29484,144545.0,8436772.5,0.012272845953702927,0.0017894931370392442
sample_04,5994,29485,144550.0,8436772.5,0.00290556438267231,0.0036952297668904066
sample_04,5994,29486,144555.0,8436772.5,0.022207077592611313,0.0014643629547208548
sample_04,5994,29487,144560.0,8436772.5,0.009393595159053802,0.005817041266709566
sample_04,5994,29488,144565.0,8436772.5,0.006545425858348608,0.005245746113359928
sample_04,5994,29489,144570.0,8436772.5,0.007769144605845213,0.0012562349438667297
sample_04,5994,29490,144575.0,8436772.5,0.0037559892516583204,0.0021075564436614513
sample_04,5994,29491,144580.0,8436772.5,0.018187249079346657,0.0022380754817277193
sample_04,5994,29492,144585.0,8436772.5,0.009311770088970661,0.0020337009336799383
sample_04,5994,29493,144590.0,8436772.5,0.008563058450818062,0.003798824967816472
sample_04,5994,29494,144595.0,8436772.5,0.0032087319996207952,0.001540771801955998
sample_04,5994,29495,144600.0,8436772.5,0.0049062552861869335,0.0015317641664296389
sample_04,5994,29496,144605.0,8436772.5,0.011106121353805065,0.00670299306511879
sample_04,5994,29497,144610.0,8436772.5,0.008823668584227562,0.010177630931138992
sample_04,5994,29498,144615.0,8436772.5,0.013475005514919758,0.008643139153718948
sample_04,5994,29499,144620.0,8436772.5,0.017270756885409355,0.006147389765828848
sample_04,5994,29500,144625.0,8436772.5,0.005914819426834583,0.000541177811101079
sample_04,5994,29501,144630.0,8436772.5,0.003750980133190751,0.004180022049695253
sample_04,5994,29502,144635.0,8436772.5,0.0018414889927953482,0.003900233656167984
sample_04,5994,29503,144640.0,8436772.5,0.017151780426502228,0.0019828786607831717
sample_04,5994,29504,144645.0,8436772.5,0.006723071448504925,0.0055730948224663734
sample_04,5994,29505,144650.0,8436772.5,0.016162334010004997,0.005362149327993393
sample_04,5994,29506,144655.0,8436772.5,0.004360473249107599,0.0015959329903125763
sample_04,5994,29507,144660.0,8436772.5,0.015362009406089783,0.003499468555673957
sample_04,5994,29508,144665.0,8436772.5,0.012498307973146439,0.005609668325632811
sample_04,5994,29509,144670.0,8436772.5,0.002199283568188548,0.004149742890149355
sample_04,5994,29510,144675.0,8436772.5,0.016193071380257607,0.002307654358446598
sample_04,5994,29511,144680.0,8436772.5,0.01406826451420784,0.0020727382507175207
sample_04,5994,29512,144685.0,8436772.5,0.016865771263837814,0.008781952783465385
sample_04,5995,29474,144495.0,8436762.5,0.031923968344926834,0.0019844607450067997
sample_04,5995,29475,144500.0,8436762.5,0.017350422218441963,0.00031879445305094123
sample_04,5995,29476,144505.0,8436762.5,0.0017106643645092845,0.0023895956110209227
sample_04,5995,29477,144510.0,8436762.5,0.012429486960172653,0.005744368769228458
sample_04,5995,29478,144515.0,8436762.5,0.0046937717124819756,0.009567922912538052
sample_04,5995,29479,144520.0,8436762.5,0.009484706446528435,0.0013612775364890695
sample_04,5995,29480,144525.0,8436762.5,0.0037056799046695232,0.0006899927393533289
sample_04,5995,29481,144530.0,8436762.5,0.00856318511068821,0.003191988682374358
sample_04,5995,29482,144535.0,8436762.5,0.018618112429976463,0.008801499381661415
sample_04,5995,29483,144540.0,8436762.5,0.012047315947711468,0.005128997378051281
sample_04,5995,29484,144545.0,8436762.5,0.00464225746691227,0.0021961911115795374
sample_04,5995,29485,144550.0,8436762.5,0.0024203232023864985,0.0027064126916229725
sample_04,5995,29486,144555.0,8436762.5,0.009269108064472675,0.001210691872984171
sample_04,5995,29487,144560.0,8436762.5,0.009493395686149597,0.0013628685846924782
sample_04,5995,29488,144565.0,8436762.5,0.007043314632028341,0.00217105308547616
sample_04,5995,29489,144570.0,8436762.5,0.008432595990598202,0.0036659594625234604
sample_04,5995,29490,144575.0,8436762.5,0.005841883830726147,0.006574486382305622
sample_04,5995,29491,144580.0,8436762.5,0.0019072962459176779,0.0016683412250131369
sample_04,5995,29492,144585.0,8436762.5,0.04142921790480614,0.0023121219128370285
sample_04,5995,29493,144590.0,8436762.5,0.01722795143723488,0.005555845331400633
sample_04,5995,29494,144595.0,8436762.5,0.010909773409366608,0.009516248479485512
sample_04,5995,29495,144600.0,8436762.5,0.004503840580582619,0.001322782365605235
sample_04,5995,29496,144605.0,8436762.5,0.011385731399059296,0.000124027777928859
sample_04,5995,29497,144610.0,8436762.5,0.014847610145807266,0.003342241747304797
sample_04,5995,29498,144615.0,8436762.5,0.015372167341411114,0.00014005617413204163
sample_04,5995,29499,144620.0,8436762.5,0.007770594675093889,0.0009026212501339614
sample_04,5995,29500,144625.0,8436762.5,0.019117005169391632,0.001100966357626021
sample_04,5995,29501,144630.0,8436762.5,0.007210681680589914,0.0037993465084582567
sample_04,5995,29502,144635.0,8436762.5,0.021674033254384995,0.0006943627377040684
sample_04,5995,29503,144640.0,8436762.5,0.010800356045365334,0.005403023678809404
sample_04,5995,29504,144645.0,8436762.5,0.003089119680225849,0.0036064558662474155
sample_04,5995,29505,144650.0,8436762.5,0.004327472764998674,0.0009621975477784872
sample_04,5995,29506,144655.0,8436762.5,0.0038275669794529676,0.00023028714349493384
sample_04,5995,29507,144660.0,8436762.5,0.021152086555957794,0.002680894685909152
sample_04,5995,29508,144665.0,8436762.5,0.018005194142460823,0.005357459653168917
sample_04,5995,29509,144670.0,8436762.5,0.01291795913130045,0.0010022715432569385
sample_04,5995,29510,144675.0,8436762.5,0.017450833693146706,0.0015740175731480122
sample_04,5995,29511,144680.0,8436762.5,0.01839010789990425,0.0009258564095944166
sample_04,5995,29512,144685.0,8436762.5,0.00799160823225975,0.008559271693229675
sample_04,5996,29474,144495.0,8436752.5,0.006479972507804632,0.009537437930703163
sample_04,5996,29475,144500.0,8436752.5,0.022799428552389145,0.003177835140377283
sample_04,5996,29476,144505.0,8436752.5,0.012395113706588745,0.005152230150997639
sample_04,5996,29477,144510.0,8436752.5,0.0031063463538885117,0.008730581030249596
sample_04,5996,29478,144515.0,8436752.5,0.01050872914493084,0.001785002532415092
sample_04,5996,29479,144520.0,8436752.5,0.008028331212699413,0.0013231197372078896
sample_04,5996,29480,144525.0,8436752.5,0.0132839260622859,0.004497481044381857
sample_04,5996,29481,144530.0,8436752.5,0.0006626219255849719,0.002413722686469555
sample_04,5996,29482,144535.0,8436752.5,0.026292521506547928,0.009562861174345016
sample_04,5996,29483,144540.0,8436752.5,0.003413686528801918,0.0009199608466587961
sample_04,5996,29484,144545.0,8436752.5,0.01049608364701271,0.0010586741846054792
sample_04,5996,29485,144550.0,8436752.5,0.008213387802243233,0.0009997907327488065
sample_04,5996,29486,144555.0,8436752.5,0.003073258325457573,0.002568218857049942
sample_04,5996,29487,144560.0,8436752.5,0.0028889442328363657,0.00491150189191103
sample_04,5996,29488,144565.0,8436752.5,0.0019760632421821356,0.001534881885163486
sample_04,5996,29489,144570.0,8436752.5,0.0178803913295269,0.003452702658250928
sample_04,5996,29490,144575.0,8436752.5,0.004548311233520508,0.0006478114519268274
sample_04,5996,29491,144580.0,8436752.5,0.00893658772110939,0.001627185964025557
sample_04,5996,29492,144585.0,8436752.5,0.018230032175779343,0.006340561434626579
sample_04,5996,29493,144590.0,8436752.5,0.006398672237992287,0.0065725138410925865
sample_04,5996,29494,144595.0,8436752.5,0.0033060915302485228,0.0029243689496070147
sample_04,5996,29495,144600.0,8436752.5,0.015683846548199654,0.0020072602201253176
sample_04,5996,29496,144605.0,8436752.5,0.008181578479707241,0.002104121493175626
sample_04,5996,29497,144610.0,8436752.5,0.02238163724541664,0.0008384771645069122
sample_04,5996,29498,144615.0,8436752.5,0.006794765125960112,0.00414870772510767
sample_04,5996,29499,144620.0,8436752.5,0.005215315148234367,0.0043766009621322155
sample_04,5996,29500,144625.0,8436752.5,0.014942183159291744,0.0016783114988356829
sample_04,5996,29501,144630.0,8436752.5,0.002714983420446515,0.0022727753967046738
sample_04,5996,29502,144635.0,8436752.5,0.016968892887234688,0.0023904703557491302
sample_04,5996,29503,144640.0,8436752.5,0.009606683626770973,0.0011982701253145933
sample_04,5996,29504,144645.0,8436752.5,0.03838066756725311,0.003377168206498027
sample_04,5996,29505,144650.0,8436752.5,0.009346719831228256,0.0021565058268606663
sample_04,5996,29506,144655.0,8436752.5,0.005773517303168774,0.0005383939133025706
sample_04,5996,29507,144660.0,8436752.5,0.007102451287209988,0.0017936194781213999
sample_04,5996,29508,144665.0,8436752.5,0.006693701259791851,0.0027035544626414776
sample_04,5996,29509,144670.0,8436752.5,0.018030783161520958,0.005519242025911808
sample_04,5996,29510,144675.0,8436752.5,0.007327008992433548,0.0035582282580435276
sample_04,5996,29511,144680.0,8436752.5,0.009118631482124329,0.003658758709207177
sample_04,5996,29512,144685.0,8436752.5,0.009820304811000824,0.0009666720870882273
sample_04,5997,29474,144495.0,8436742.5,0.0187477245926857,0.0037036051508039236
sample_04,5997,29475,144500.0,8436742.5,0.017563316971063614,0.00602032570168376
sample_04,5997,29476,144505.0,8436742.5,0.010048872791230679,0.0025960050988942385
sample_04,5997,29477,144510.0,8436742.5,0.00184446235653013,0.0025062980130314827
sample_04,5997,29478,144515.0,8436742.5,0.006905024405568838,0.004178566858172417
sample_04,5997,29479,144520.0,8436742.5,0.018131138756871223,0.001226254622451961
sample_04,5997,29480,144525.0,8436742.5,0.009517745114862919,0.013146958313882351
sample_04,5997,29481,144530.0,8436742.5,0.02209264039993286,0.0021398381795734167
sample_04,5997,29482,144535.0,8436742.5,0.005215405020862818,0.003269176697358489
sample_04,5997,29483,144540.0,8436742.5,0.00896395929157734,0.0030328077264130116
sample_04,5997,29484,144545.0,8436742.5,0.03852849826216698,0.006221276707947254
sample_04,5997,29485,144550.0,8436742.5,0.011541174724698067,0.0011656213318929076
sample_04,5997,29486,144555.0,8436742.5,0.00533940689638257,0.005156329832971096
sample_04,5997,29487,144560.0,8436742.5,0.015000365674495697,0.005207347217947245
sample_04,5997,29488,144565.0,8436742.5,0.032112620770931244,0.0059488750994205475
sample_04,5997,29489,144570.0,8436742.5,0.018803803250193596,0.004381964448839426
sample_04,5997,29490,144575.0,8436742.5,0.00987054780125618,0.00570745300501585
sample_04,5997,29491,144580.0,8436742.5,0.00935666449368,0.0005849626031704247
sample_04,5997,29492,144585.0,8436742.5,0.0038720746524631977,0.0027916617691516876
sample_04,5997,29493,144590.0,8436742.5,0.013321167789399624,0.0031733657233417034
sample_04,5997,29494,144595.0,8436742.5,0.0190928615629673,0.0023979521356523037
sample_04,5997,29495,144600.0,8436742.5,0.02223978564143181,0.0036005727015435696
sample_04,5997,29496,144605.0,8436742.5,0.00376852136105299,0.0018706219270825386
sample_04,5997,29497,144610.0,8436742.5,0.022580325603485107,0.00444083521142602
sample_04,5997,29498,144615.0,8436742.5,0.02174890786409378,0.001366250216960907
sample_04,5997,29499,144620.0,8436742.5,0.00785926915705204,0.001312439562752843
sample_04,5997,29500,144625.0,8436742.5,0.011898635886609554,0.0033023697324097157
sample_04,5997,29501,144630.0,8436742.5,0.016414668411016464,0.0017028392758220434
sample_04,5997,29502,144635.0,8436742.5,0.006583732087165117,0.004712449386715889
sample_04,5997,29503,144640.0,8436742.5,0.016605202108621597,0.0029903356917202473
sample_04,5997,29504,144645.0,8436742.5,0.0024950439110398293,0.0014480137033388019
sample_04,5997,29505,144650.0,8436742.5,0.006757982540875673,0.007257181219756603
sample_04,5997,29506,144655.0,8436742.5,0.015075027011334896,0.0007735032122582197
sample_04,5997,29507,144660.0,8436742.5,0.002475352492183447,0.005359010770916939
sample_04,5997,29508,144665.0,8436742.5,0.004963232204318047,0.0017235605046153069
sample_04,5997,29509,144670.0,8436742.5,0.003598311450332403,0.0016744714230298996
sample_04,5997,29510,144675.0,8436742.5,0.0021076700650155544,0.00329506304115057
sample_04,5997,29511,144680.0,8436742.5,0.008757395669817924,0.001405784278176725
sample_04,5997,29512,144685.0,8436742.5,0.005931178107857704,0.0005237371660768986
sample_04,5998,29474,144495.0,8436732.5,0.008810475468635559,0.0040589445270597935
sample_04,5998,29475,144500.0,8436732.5,0.02408115193247795,0.0020058401860296726
sample_04,5998,29476,144505.0,8436732.5,0.006520349532365799,0.0002973182708956301
sample_04,5998,29477,144510.0,8436732.5,0.0033857757225632668,0.005598607938736677
sample_04,5998,29478,144515.0,8436732.5,0.005803220439702272,0.003857069881632924
sample_04,5998,29479,144520.0,8436732.5,0.008115892298519611,0.0004905344103462994
sample_04,5998,29480,144525.0,8436732.5,0.011722364462912083,0.0006505272467620671
sample_04,5998,29481,144530.0,8436732.5,0.01607033610343933,0.0024314098991453648
sample_04,5998,29482,144535.0,8436732.5,0.019640101119875908,0.004106143955141306
sample_04,5998,29483,144540.0,8436732.5,0.006542842835187912,0.003287895116955042
sample_04,5998,29484,144545.0,8436732.5,0.019870953634381294,0.0009731891332194209
sample_04,5998,29485,144550.0,8436732.5,0.0015467677731066942,0.002070728223770857
sample_04,5998,29486,144555.0,8436732.5,0.010971703566610813,0.0018167293164879084
sample_04,5998,29487,144560.0,8436732.5,0.008701832965016365,0.0006010510842315853
sample_04,5998,29488,144565.0,8436732.5,0.011149711906909943,0.0028831702657043934
sample_04,5998,29489,144570.0,8436732.5,0.02320128306746483,0.001212174422107637
sample_04,5998,29490,144575.0,8436732.5,0.050953708589076996,0.004601202439516783
sample_04,5998,29491,144580.0,8436732.5,0.01492231898009777,0.003371800994500518
sample_04,5998,29492,144585.0,8436732.5,0.009314903989434242,0.008410235866904259
sample_04,5998,29493,144590.0,8436732.5,0.0038452993612736464,0.0019461235497146845
sample_04,5998,29494,144595.0,8436732.5,0.015884175896644592,0.0022276686504483223
sample_04,5998,29495,144600.0,8436732.5,0.01033311802893877,0.0017290895339101553
sample_04,5998,29496,144605.0,8436732.5,0.0018034018576145172,0.0021826992742717266
sample_04,5998,29497,144610.0,8436732.5,0.0051646470092237,0.005473379045724869
sample_04,5998,29498,144615.0,8436732.5,0.011810330674052238,0.0025248343590646982
sample_04,5998,29499,144620.0,8436732.5,0.011938437819480896,0.0034157983027398586
sample_04,5998,29500,144625.0,8436732.5,0.007470043376088142,0.004009461961686611
sample_04,5998,29501,144630.0,8436732.5,0.013434045948088169,0.0017240488668903708
sample_04,5998,29502,144635.0,8436732.5,0.005349828861653805,0.005663600284606218
sample_04,5998,29503,144640.0,8436732.5,0.006222081370651722,0.0010290149366483092
sample_04,5998,29504,144645.0,8436732.5,0.0023776227608323097,0.007284799590706825
sample_04,5998,29505,144650.0,8436732.5,0.0011658974690362811,0.006114638410508633
sample_04,5998,29506,144655.0,8436732.5,0.004637446254491806,0.0026287303771823645
sample_04,5998,29507,144660.0,8436732.5,0.000364055362297222,0.002407804597169161
sample_04,5998,29508,144665.0,8436732.5,0.003509098431095481,0.004061760846525431
sample_04,5998,29509,144670.0,8436732.5,0.003393561579287052,0.0009257691563107073
sample_04,5998,29510,144675.0,8436732.5,0.0030968114733695984,0.0008679059101268649
sample_04,5998,29511,144680.0,8436732.5,0.009186392650008202,0.0032646814361214638
sample_04,5998,29512,144685.0,8436732.5,0.03221212327480316,0.0013526640832424164
sample_04,5999,29474,144495.0,8436722.5,0.009687681682407856,0.004204351454973221
sample_04,5999,29475,144500.0,8436722.5,0.0018305792473256588,0.0029396123718470335
sample_04,5999,29476,144505.0,8436722.5,0.011116432026028633,0.004891102202236652
sample_04,5999,29477,144510.0,8436722.5,0.016695279628038406,0.0022146038245409727
sample_04,5999,29478,144515.0,8436722.5,0.025690443813800812,0.004790258128196001
sample_04,5999,29479,144520.0,8436722.5,0.04606093466281891,0.0024629763793200254
sample_04,5999,29480,144525.0,8436722.5,0.009248708374798298,0.004657288081943989
sample_04,5999,29481,144530.0,8436722.5,0.005979553796350956,0.0005283922073431313
sample_04,5999,29482,144535.0,8436722.5,0.006654972210526466,0.002267808187752962
sample_04,5999,29483,144540.0,8436722.5,0.00980736967176199,0.005957256071269512
sample_04,5999,29484,144545.0,8436722.5,0.01691863313317299,0.0019894198048859835
sample_04,5999,29485,144550.0,8436722.5,0.010322269052267075,0.0020356460008770227
sample_04,5999,29486,144555.0,8436722.5,0.014305232092738152,0.001680955057963729
sample_04,5999,29487,144560.0,8436722.5,0.006646408699452877,0.0016052352730184793
sample_04,5999,29488,144565.0,8436722.5,0.007628387771546841,0.0011582693550735712
sample_04,5999,29489,144570.0,8436722.5,0.014071685262024403,0.0015294919721782207
sample_04,5999,29490,144575.0,8436722.5,0.015460258349776268,0.00032493157777935266
sample_04,5999,29491,144580.0,8436722.5,0.023868855088949203,0.0025581952650099993
sample_04,5999,29492,144585.0,8436722.5,0.013919085264205933,0.0007755274418741465
sample_04,5999,29493,144590.0,8436722.5,0.012411374598741531,0.0016141802771016955
sample_04,5999,29494,144595.0,8436722.5,0.007115350104868412,0.003831031732261181
sample_04,5999,29495,144600.0,8436722.5,0.02150224708020687,0.0015578739112243056
sample_04,5999,29496,144605.0,8436722.5,0.008795976638793945,0.008762193843722343
sample_04,5999,29497,144610.0,8436722.5,0.009638437069952488,0.004758281633257866
sample_04,5999,29498,144615.0,8436722.5,0.006800258997827768,0.0014319863403216004
sample_04,5999,29499,144620.0,8436722.5,0.013923607766628265,0.0009559646714478731
sample_04,5999,29500,144625.0,8436722.5,0.01851058006286621,0.0028320488054305315
sample_04,5999,29501,144630.0,8436722.5,0.006254410836845636,0.0029999511316418648
sample_04,5999,29502,144635.0,8436722.5,0.013713805004954338,0.007931778207421303
sample_04,5999,29503,144640.0,8436722.5,0.02171172946691513,0.0034282892011106014
sample_04,5999,29504,144645.0,8436722.5,0.009047720581293106,0.0038100918754935265
sample_04,5999,29505,144650.0,8436722.5,0.005357022397220135,0.0032808822579681873
sample_04,5999,29506,144655.0,8436722.5,0.004869322292506695,0.003565414808690548
sample_04,5999,29507,144660.0,8436722.5,0.019544733688235283,0.008227349258959293
sample_04,5999,29508,144665.0,8436722.5,0.035968877375125885,4.276087929611094e-05
sample_04,5999,29509,144670.0,8436722.5,0.014205493032932281,0.0024788142181932926
sample_04,5999,29510,144675.0,8436722.5,0.014072182588279247,0.009059146046638489
sample_04,5999,29511,144680.0,8436722.5,0.0047651175409555435,0.001138063264079392
sample_04,5999,29512,144685.0,8436722.5,0.009768130257725716,0.003537375945597887
sample_04,6000,29474,144495.0,8436712.5,0.01930074393749237,0.0022620882373303175
sample_04,6000,29475,144500.0,8436712.5,0.0017417501658201218,0.0012545909266918898
sample_04,6000,29476,144505.0,8436712.5,0.0039155008271336555,0.0029223430901765823
sample_04,6000,29477,144510.0,8436712.5,0.0063551911152899265,0.0015813943464308977
sample_04,6000,29478,144515.0,8436712.5,0.011912696063518524,0.0020402418449521065
sample_04,6000,29479,144520.0,8436712.5,0.02465742640197277,0.0018213448347523808
sample_04,6000,29480,144525.0,8436712.5,0.025828368961811066,0.0016999964136630297
sample_04,6000,29481,144530.0,8436712.5,0.004046858288347721,0.004780244082212448
sample_04,6000,29482,144535.0,8436712.5,0.022972319275140762,0.0018245815299451351
sample_04,6000,29483,144540.0,8436712.5,0.010490363463759422,0.004809420555830002
sample_04,6000,29484,144545.0,8436712.5,0.007428915239870548,0.004676555283367634
sample_04,6000,29485,144550.0,8436712.5,0.022687947377562523,0.0025384481996297836
sample_04,6000,29486,144555.0,8436712.5,0.016997842118144035,0.006186827551573515
sample_04,6000,29487,144560.0,8436712.5,0.016901150345802307,0.00289731752127409
sample_04,6000,29488,144565.0,8436712.5,0.008550196886062622,0.0016465968219563365
sample_04,6000,29489,144570.0,8436712.5,0.0032346490770578384,0.001531895948573947
sample_04,6000,29490,144575.0,8436712.5,0.002630197210237384,0.007486372254788876
sample_04,6000,29491,144580.0,8436712.5,0.01850479654967785,0.0019817394204437733
sample_04,6000,29492,144585.0,8436712.5,0.01514400914311409,0.0034855215344578028
sample_04,6000,29493,144590.0,8436712.5,0.017995383590459824,0.0009922764729708433
sample_04,6000,29494,144595.0,8436712.5,0.006578571163117886,0.0005592044326476753
sample_04,6000,29495,144600.0,8436712.5,0.019565841183066368,0.0036787257995456457
sample_04,6000,29496,144605.0,8436712.5,0.011771456338465214,0.0019889320246875286
sample_04,6000,29497,144610.0,8436712.5,0.012567508034408092,0.0012040464207530022
sample_04,6000,29498,144615.0,8436712.5,0.029685012996196747,0.009351822547614574
sample_04,6000,29499,144620.0,8436712.5,0.02157207578420639,0.005761881358921528
sample_04,6000,29500,144625.0,8436712.5,0.0022723195143043995,0.005826884415000677
sample_04,6000,29501,144630.0,8436712.5,0.004386727698147297,0.0019205498974770308
sample_04,6000,29502,144635.0,8436712.5,0.001963794929906726,0.003262590616941452
sample_04,6000,29503,144640.0,8436712.5,0.004120453726500273,0.0026433661114424467
sample_04,6000,29504,144645.0,8436712.5,0.011309882625937462,0.0037597515620291233
sample_04,6000,29505,144650.0,8436712.5,0.011306936852633953,0.001117133186198771
sample_04,6000,29506,144655.0,8436712.5,0.01407250389456749,0.0019297049148008227
sample_04,6000,29507,144660.0,8436712.5,0.022936027497053146,0.00627322681248188
sample_04,6000,29508,144665.0,8436712.5,0.01004547718912363,0.009485348127782345
sample_04,6000,29509,144670.0,8436712.5,0.0019451586995273829,0.007414679974317551
sample_04,6000,29510,144675.0,8436712.5,0.003909497056156397,0.002776378532871604
sample_04,6000,29511,144680.0,8436712.5,0.00870392844080925,0.0014900333480909467
sample_04,6000,29512,144685.0,8436712.5,0.007361038122326136,0.0012265346013009548
sample_04,6001,29474,144495.0,8436702.5,0.003270101733505726,0.0018260185606777668
sample_04,6001,29475,144500.0,8436702.5,0.004952988587319851,0.0008639626321382821
sample_04,6001,29476,144505.0,8436702.5,0.014920219779014587,0.002505627227947116
sample_04,6001,29477,144510.0,8436702.5,0.0031452965922653675,0.008000479079782963
sample_04,6001,29478,144515.0,8436702.5,0.007419056259095669,0.002893563825637102
sample_04,6001,29479,144520.0,8436702.5,0.03340163826942444,0.0041472818702459335
sample_04,6001,29480,144525.0,8436702.5,0.0028592636808753014,0.00335532333701849
sample_04,6001,29481,144530.0,8436702.5,0.015922732651233673,0.004729161504656076
sample_04,6001,29482,144535.0,8436702.5,0.024307001382112503,0.004354961682111025
sample_04,6001,29483,144540.0,8436702.5,0.00656279269605875,0.003037158166989684
sample_04,6001,29484,144545.0,8436702.5,0.008361549116671085,0.0009597787284292281
sample_04,6001,29485,144550.0,8436702.5,0.004117190837860107,0.004625748842954636
sample_04,6001,29486,144555.0,8436702.5,0.017099544405937195,0.0034900237806141376
sample_04,6001,29487,144560.0,8436702.5,0.032591741532087326,0.0036102551966905594
sample_04,6001,29488,144565.0,8436702.5,0.01470181718468666,0.0007175533100962639
sample_04,6001,29489,144570.0,8436702.5,0.0045351795852184296,0.003934899810701609
sample_04,6001,29490,144575.0,8436702.5,0.01634986512362957,0.004467671271413565
sample_04,6001,29491,144580.0,8436702.5,0.04246906936168671,0.0038796504959464073
sample_04,6001,29492,144585.0,8436702.5,0.05271590128540993,0.007379396818578243
sample_04,6001,29493,144590.0,8436702.5,0.010359609499573708,0.0021030509378761053
sample_04,6001,29494,144595.0,8436702.5,0.004310655873268843,0.0014615224208682775
sample_04,6001,29495,144600.0,8436702.5,0.009781589731574059,0.0005598493153229356
sample_04,6001,29496,144605.0,8436702.5,0.02201755717396736,0.0007166978903114796
sample_04,6001,29497,144610.0,8436702.5,0.014065038412809372,0.0025425637140870094
sample_04,6001,29498,144615.0,8436702.5,0.00580574618652463,0.0017669772496446967
sample_04,6001,29499,144620.0,8436702.5,0.01337601337581873,0.009205717593431473
sample_04,6001,29500,144625.0,8436702.5,0.0035951142199337482,0.007450801320374012
sample_04,6001,29501,144630.0,8436702.5,0.014591390267014503,0.004583590663969517
sample_04,6001,29502,144635.0,8436702.5,0.031496811658144,0.0026899236254394054
sample_04,6001,29503,144640.0,8436702.5,0.017750833183526993,0.005965854041278362
sample_04,6001,29504,144645.0,8436702.5,0.00757616525515914,0.00745916273444891
sample_04,6001,29505,144650.0,8436702.5,0.01133027020841837,0.0053311423398554325
sample_04,6001,29506,144655.0,8436702.5,0.0055353278294205666,0.000496244290843606
sample_04,6001,29507,144660.0,8436702.5,0.027534063905477524,0.006366739049553871
sample_04,6001,29508,144665.0,8436702.5,0.0019626757130026817,0.001090418198145926
sample_04,6001,29509,144670.0,8436702.5,0.00915777962654829,0.0017798503395169973
sample_04,6001,29510,144675.0,8436702.5,0.002697738353163004,0.0015303280670195818
sample_04,6001,29511,144680.0,8436702.5,0.007421903777867556,0.0028485283255577087
sample_04,6001,29512,144685.0,8436702.5,0.008414854295551777,0.0006033803801983595
sample_04,6002,29474,144495.0,8436692.5,0.00783685501664877,0.0013204216957092285
sample_04,6002,29475,144500.0,8436692.5,0.025835070759058,0.000892341136932373
sample_04,6002,29476,144505.0,8436692.5,0.08033757656812668,0.006436931900680065
sample_04,6002,29477,144510.0,8436692.5,0.008241287432610989,0.004760082345455885
sample_04,6002,29478,144515.0,8436692.5,0.013477086089551449,0.0024811653420329094
sample_04,6002,29479,144520.0,8436692.5,0.00950842909514904,0.0014692482072860003
sample_04,6002,29480,144525.0,8436692.5,0.010815609246492386,0.0035943102557212114
sample_04,6002,29481,144530.0,8436692.5,0.016022346913814545,0.0039042739663273096
sample_04,6002,29482,144535.0,8436692.5,0.023092858493328094,0.0020899297669529915
sample_04,6002,29483,144540.0,8436692.5,0.007150695659220219,0.0023629649076610804
sample_04,6002,29484,144545.0,8436692.5,0.009495822712779045,0.002143707126379013
sample_04,6002,29485,144550.0,8436692.5,0.004095194861292839,0.0004948368878103793
sample_04,6002,29486,144555.0,8436692.5,0.005489419214427471,0.002283578272908926
sample_04,6002,29487,144560.0,8436692.5,0.03368435800075531,0.003576211631298065
sample_04,6002,29488,144565.0,8436692.5,0.018774159252643585,0.004626404959708452
sample_04,6002,29489,144570.0,8436692.5,0.020886465907096863,0.0023102634586393833
sample_04,6002,29490,144575.0,8436692.5,0.005092239007353783,0.0026603201404213905
sample_04,6002,29491,144580.0,8436692.5,0.00736604118719697,0.005206827074289322
sample_04,6002,29492,144585.0,8436692.5,0.0222867913544178,0.0015298217767849565
sample_04,6002,29493,144590.0,8436692.5,0.00245458772405982,0.002593759447336197
sample_04,6002,29494,144595.0,8436692.5,0.001259910175576806,0.004681386984884739
sample_04,6002,29495,144600.0,8436692.5,0.008625645190477371,0.0027304040268063545
sample_04,6002,29496,144605.0,8436692.5,0.014794960618019104,0.01034507341682911
sample_04,6002,29497,144610.0,8436692.5,0.004547653719782829,0.004330231808125973
sample_04,6002,29498,144615.0,8436692.5,0.033644720911979675,0.003666896605864167
sample_04,6002,29499,144620.0,8436692.5,0.015206346288323402,0.002612664131447673
sample_04,6002,29500,144625.0,8436692.5,0.009851723909378052,0.0049376762472093105
sample_04,6002,29501,144630.0,8436692.5,0.011318221688270569,0.003890015883371234
sample_04,6002,29502,144635.0,8436692.5,0.01796821504831314,0.004019195679575205
sample_04,6002,29503,144640.0,8436692.5,0.016796238720417023,0.0025859386660158634
sample_04,6002,29504,144645.0,8436692.5,0.0038831604178994894,0.006296646315604448
sample_04,6002,29505,144650.0,8436692.5,0.019710559397935867,0.004393431823700666
sample_04,6002,29506,144655.0,8436692.5,0.012709046714007854,0.0007413085550069809
sample_04,6002,29507,144660.0,8436692.5,0.020588431507349014,0.00405837781727314
sample_04,6002,29508,144665.0,8436692.5,0.004762324504554272,0.0023202623706310987
sample_04,6002,29509,144670.0,8436692.5,0.016004126518964767,0.002305324887856841
sample_04,6002,29510,144675.0,8436692.5,0.0019891285337507725,0.00648086192086339
sample_04,6002,29511,144680.0,8436692.5,0.01223890483379364,0.00405001500621438
sample_04,6002,29512,144685.0,8436692.5,0.005598748568445444,0.0002794340834952891
sample_04,6003,29474,144495.0,8436682.5,0.005319073796272278,0.009793661534786224
sample_04,6003,29475,144500.0,8436682.5,0.018519746139645576,0.006680505815893412
sample_04,6003,29476,144505.0,8436682.5,0.03286831080913544,0.000957815267611295
sample_04,6003,29477,144510.0,8436682.5,0.026897823438048363,0.010154778137803078
sample_04,6003,29478,144515.0,8436682.5,0.00584762915968895,0.0052705686539411545
sample_04,6003,29479,144520.0,8436682.5,0.01674439013004303,0.0042283921502530575
sample_04,6003,29480,144525.0,8436682.5,0.008670255541801453,0.000787893426604569
sample_04,6003,29481,144530.0,8436682.5,0.01895000785589218,0.004556046798825264
sample_04,6003,29482,144535.0,8436682.5,0.016041958704590797,0.0023595618549734354
sample_04,6003,29483,144540.0,8436682.5,0.011783135123550892,0.0009099920280277729
sample_04,6003,29484,144545.0,8436682.5,0.006530224345624447,0.0025294034276157618
sample_04,6003,29485,144550.0,8436682.5,0.012118414044380188,0.00327038555406034
sample_04,6003,29486,144555.0,8436682.5,0.016703780740499496,0.0028961182106286287
sample_04,6003,29487,144560.0,8436682.5,0.02015444077551365,0.00271229213103652
sample_04,6003,29488,144565.0,8436682.5,0.01945759728550911,0.007434665225446224
sample_04,6003,29489,144570.0,8436682.5,0.016842998564243317,0.007033734582364559
sample_04,6003,29490,144575.0,8436682.5,0.01438877172768116,0.001904821372590959
sample_04,6003,29491,144580.0,8436682.5,0.006588555872440338,0.002887001261115074
sample_04,6003,29492,144585.0,8436682.5,0.019451549276709557,0.00957744475454092
sample_04,6003,29493,144590.0,8436682.5,0.01742401346564293,0.00646823039278388
sample_04,6003,29494,144595.0,8436682.5,0.007027379237115383,0.0011389937717467546
sample_04,6003,29495,144600.0,8436682.5,0.019065620377659798,0.003456141334027052
sample_04,6003,29496,144605.0,8436682.5,0.007250889204442501,0.002129593165591359
sample_04,6003,29497,144610.0,8436682.5,0.011559219099581242,0.005614875815808773
sample_04,6003,29498,144615.0,8436682.5,0.004843785893172026,0.0005358054768294096
sample_04,6003,29499,144620.0,8436682.5,0.016060391440987587,0.004179264884442091
sample_04,6003,29500,144625.0,8436682.5,0.01766623556613922,0.002083691768348217
sample_04,6003,29501,144630.0,8436682.5,0.025844939053058624,0.0033778497017920017
sample_04,6003,29502,144635.0,8436682.5,0.02741154097020626,0.001991193974390626
sample_04,6003,29503,144640.0,8436682.5,0.029429864138364792,0.0026778909377753735
sample_04,6003,29504,144645.0,8436682.5,0.009199883788824081,0.005709885619580746
sample_04,6003,29505,144650.0,8436682.5,0.0024275369942188263,0.0016866078367456794
sample_04,6003,29506,144655.0,8436682.5,0.00490596191957593,0.006652948912233114
sample_04,6003,29507,144660.0,8436682.5,0.0005785316461697221,0.0036233849823474884
sample_04,6003,29508,144665.0,8436682.5,0.007794812321662903,0.0021863903384655714
sample_04,6003,29509,144670.0,8436682.5,0.010219458490610123,0.002386578358709812
sample_04,6003,29510,144675.0,8436682.5,0.000780113332439214,0.0025357960257679224
sample_04,6003,29511,144680.0,8436682.5,0.018238024786114693,0.004715418443083763
sample_04,6003,29512,144685.0,8436682.5,0.003928068093955517,0.0015361078549176455
sample_04,6004,29474,144495.0,8436672.5,0.002296461258083582,0.00204109912738204
sample_04,6004,29475,144500.0,8436672.5,0.03320334851741791,0.005319971591234207
sample_04,6004,29476,144505.0,8436672.5,0.04662579298019409,0.011729743331670761
sample_04,6004,29477,144510.0,8436672.5,0.005173055920749903,0.005010546650737524
sample_04,6004,29478,144515.0,8436672.5,0.001450851559638977,0.0018628868274390697
sample_04,6004,29479,144520.0,8436672.5,0.016139429062604904,0.0045974887907505035
sample_04,6004,29480,144525.0,8436672.5,0.013630487024784088,0.0029269191436469555
sample_04,6004,29481,144530.0,8436672.5,0.01086170133203268,0.002775779692456126
sample_04,6004,29482,144535.0,8436672.5,0.007704641204327345,0.005925190169364214
sample_04,6004,29483,144540.0,8436672.5,0.007065552286803722,0.003074120497331023
sample_04,6004,29484,144545.0,8436672.5,0.004008385352790356,0.0017698692390695214
sample_04,6004,29485,144550.0,8436672.5,0.014602729119360447,0.0034002666361629963
sample_04,6004,29486,144555.0,8436672.5,0.00964142195880413,0.01009482890367508
sample_04,6004,29487,144560.0,8436672.5,0.01616419479250908,0.006307528354227543
sample_04,6004,29488,144565.0,8436672.5,0.018459461629390717,0.0018322588875889778
sample_04,6004,29489,144570.0,8436672.5,0.026915136724710464,0.006294567603617907
sample_04,6004,29490,144575.0,8436672.5,0.0033051706850528717,0.003415970830246806
sample_04,6004,29491,144580.0,8436672.5,0.0013656449737027287,0.0036265812814235687
sample_04,6004,29492,144585.0,8436672.5,0.015113454312086105,0.0006279617082327604
sample_04,6004,29493,144590.0,8436672.5,0.01353527419269085,0.004846012219786644
sample_04,6004,29494,144595.0,8436672.5,0.011894145980477333,0.0021971927490085363
sample_04,6004,29495,144600.0,8436672.5,0.03487564995884895,0.003416606690734625
sample_04,6004,29496,144605.0,8436672.5,0.03099677711725235,0.0015045100590214133
sample_04,6004,29497,144610.0,8436672.5,0.0148921562358737,0.0012959262821823359
sample_04,6004,29498,144615.0,8436672.5,0.005028723273426294,0.00301882391795516
sample_04,6004,29499,144620.0,8436672.5,0.011793375946581364,0.003045434132218361
sample_04,6004,29500,144625.0,8436672.5,0.00410006707534194,0.002447801176458597
sample_04,6004,29501,144630.0,8436672.5,0.006228067446500063,0.005289217457175255
sample_04,6004,29502,144635.0,8436672.5,0.004610213916748762,0.005235680378973484
sample_04,6004,29503,144640.0,8436672.5,0.014420634135603905,0.0011908136075362563
sample_04,6004,29504,144645.0,8436672.5,0.00849132239818573,0.0019212574698030949
sample_04,6004,29505,144650.0,8436672.5,0.009840798564255238,0.013867381028831005
sample_04,6004,29506,144655.0,8436672.5,0.009632877074182034,0.004269909113645554
sample_04,6004,29507,144660.0,8436672.5,0.004840347915887833,0.001669059507548809
sample_04,6004,29508,144665.0,8436672.5,0.004977499600499868,0.0024139578454196453
sample_04,6004,29509,144670.0,8436672.5,0.010561047121882439,0.001476971316151321
sample_04,6004,29510,144675.0,8436672.5,0.01221342571079731,0.0006427007610909641
sample_04,6004,29511,144680.0,8436672.5,0.01564493402838707,0.003663207869976759
sample_04,6004,29512,144685.0,8436672.5,0.005983336828649044,0.0007096847984939814
sample_04,6005,29474,144495.0,8436662.5,0.0157199464738369,0.003073007334023714
sample_04,6005,29475,144500.0,8436662.5,0.006680534221231937,0.003920655697584152
sample_04,6005,29476,144505.0,8436662.5,0.0069977715611457825,0.0037881373427808285
sample_04,6005,29477,144510.0,8436662.5,0.005446688272058964,0.01573030650615692
sample_04,6005,29478,144515.0,8436662.5,0.013091648928821087,0.0015911167720332742
sample_04,6005,29479,144520.0,8436662.5,0.013373156078159809,0.0065615493804216385
sample_04,6005,29480,144525.0,8436662.5,0.007070939987897873,0.0035416504833847284
sample_04,6005,29481,144530.0,8436662.5,0.006757223978638649,0.0022729465272277594
sample_04,6005,29482,144535.0,8436662.5,0.0038331602700054646,0.004331869538873434
sample_04,6005,29483,144540.0,8436662.5,0.0054381610825657845,0.002760543953627348
sample_04,6005,29484,144545.0,8436662.5,0.0038598685059696436,0.0017426315462216735
sample_04,6005,29485,144550.0,8436662.5,0.005075003951787949,0.002527972450479865
sample_04,6005,29486,144555.0,8436662.5,0.004915046971291304,0.00281699956394732
sample_04,6005,29487,144560.0,8436662.5,0.012210988439619541,0.0041252728551626205
sample_04,6005,29488,144565.0,8436662.5,0.009777282364666462,0.00444414746016264
sample_04,6005,29489,144570.0,8436662.5,0.002050903160125017,0.0038160053081810474
sample_04,6005,29490,144575.0,8436662.5,0.009532907977700233,0.003164110006764531
sample_04,6005,29491,144580.0,8436662.5,0.013316549360752106,0.003152326447889209
sample_04,6005,29492,144585.0,8436662.5,0.013557497411966324,0.0022605229169130325
sample_04,6005,29493,144590.0,8436662.5,0.009524693712592125,0.0005303425132296979
sample_04,6005,29494,144595.0,8436662.5,0.01625102199614048,0.0028684299904853106
sample_04,6005,29495,144600.0,8436662.5,0.006604825146496296,0.005764857865869999
sample_04,6005,29496,144605.0,8436662.5,0.00785804446786642,0.00139838014729321
sample_04,6005,29497,144610.0,8436662.5,0.0178298968821764,0.009167096577584743
sample_04,6005,29498,144615.0,8436662.5,0.01644432172179222,0.014398500323295593
sample_04,6005,29499,144620.0,8436662.5,0.018505670130252838,0.005575987044721842
sample_04,6005,29500,144625.0,8436662.5,0.007794049568474293,0.007778057362884283
sample_04,6005,29501,144630.0,8436662.5,0.0119278933852911,0.0009003870654851198
sample_04,6005,29502,144635.0,8436662.5,0.004491050727665424,0.0035957135260105133
sample_04,6005,29503,144640.0,8436662.5,0.013044950552284718,0.003158718114718795
sample_04,6005,29504,144645.0,8436662.5,0.011901200748980045,0.001355155254714191
sample_04,6005,29505,144650.0,8436662.5,0.002630316186696291,0.0041127875447273254
sample_04,6005,29506,144655.0,8436662.5,0.012200542725622654,0.0027755661867558956
sample_04,6005,29507,144660.0,8436662.5,0.011990795843303204,0.002509923418983817
sample_04,6005,29508,144665.0,8436662.5,0.01519681140780449,0.0020027386490255594
sample_04,6005,29509,144670.0,8436662.5,0.006657278165221214,0.001816928735934198
sample_04,6005,29510,144675.0,8436662.5,0.0148552767932415,0.005134569481015205
sample_04,6005,29511,144680.0,8436662.5,0.020846916362643242,0.01101287268102169
sample_04,6005,29512,144685.0,8436662.5,0.015008172951638699,0.005373532883822918
sample_04,6006,29474,144495.0,8436652.5,0.01624409109354019,0.002717450261116028
sample_04,6006,29475,144500.0,8436652.5,0.02363339439034462,0.003416998777538538
sample_04,6006,29476,144505.0,8436652.5,0.010785240679979324,0.00711895152926445
sample_04,6006,29477,144510.0,8436652.5,0.019736386835575104,0.005283627193421125
sample_04,6006,29478,144515.0,8436652.5,0.013540455140173435,0.0044216373935341835
sample_04,6006,29479,144520.0,8436652.5,0.0014731436967849731,0.0020835131872445345
sample_04,6006,29480,144525.0,8436652.5,0.009838445112109184,0.0023622019216418266
sample_04,6006,29481,144530.0,8436652.5,0.03212016448378563,0.0075981030240654945
sample_04,6006,29482,144535.0,8436652.5,0.011313695460557938,0.0027519045397639275
sample_04,6006,29483,144540.0,8436652.5,0.007146612741053104,0.0041083041578531265
sample_04,6006,29484,144545.0,8436652.5,0.010064365342259407,0.003971251193434
sample_04,6006,29485,144550.0,8436652.5,0.002555698622018099,0.007592577487230301
sample_04,6006,29486,144555.0,8436652.5,0.009564106352627277,0.008194345980882645
sample_04,6006,29487,144560.0,8436652.5,0.013665009289979935,0.01194459106773138
sample_04,6006,29488,144565.0,8436652.5,0.004916669800877571,0.008100387640297413
sample_04,6006,29489,144570.0,8436652.5,0.007417717017233372,0.002799172652885318
sample_04,6006,29490,144575.0,8436652.5,0.0033337411005049944,0.0013104308163747191
sample_04,6006,29491,144580.0,8436652.5,0.004687187727540731,0.001557788229547441
sample_04,6006,29492,144585.0,8436652.5,0.02541879378259182,0.0013865767978131771
sample_04,6006,29493,144590.0,8436652.5,0.014505176804959774,0.0038502770476043224
sample_04,6006,29494,144595.0,8436652.5,0.011121407151222229,0.005845753476023674
sample_04,6006,29495,144600.0,8436652.5,0.01625717245042324,0.002624763874337077
sample_04,6006,29496,144605.0,8436652.5,0.007028605788946152,0.005076579749584198
sample_04,6006,29497,144610.0,8436652.5,0.014078345149755478,0.0002719385374803096
sample_04,6006,29498,144615.0,8436652.5,0.022238116711378098,0.00315381889231503
sample_04,6006,29499,144620.0,8436652.5,0.00299641746096313,0.0030381064862012863
sample_04,6006,29500,144625.0,8436652.5,0.006324487738311291,0.0027161426842212677
sample_04,6006,29501,144630.0,8436652.5,0.019653985276818275,0.00029476493364199996
sample_04,6006,29502,144635.0,8436652.5,0.008615348488092422,0.0029033669270575047
sample_04,6006,29503,144640.0,8436652.5,0.0015427044127136469,0.0015835838858038187
sample_04,6006,29504,144645.0,8436652.5,0.0030194392893463373,0.00070589390816167
sample_04,6006,29505,144650.0,8436652.5,0.006247515790164471,0.0026609357446432114
sample_04,6006,29506,144655.0,8436652.5,0.01957305520772934,0.0009137140004895627
sample_04,6006,29507,144660.0,8436652.5,0.017799876630306244,0.001540808123536408
sample_04,6006,29508,144665.0,8436652.5,0.005016278941184282,0.0026384065859019756
sample_04,6006,29509,144670.0,8436652.5,0.018752973526716232,0.00438892375677824
sample_04,6006,29510,144675.0,8436652.5,0.0025727450847625732,0.0012050606310367584
sample_04,6006,29511,144680.0,8436652.5,0.004757585469633341,0.00672845309600234
sample_04,6006,29512,144685.0,8436652.5,0.0302828811109066,0.006902963388711214
sample_05,8785,31111,152680.0,8408862.5,0.01036381721496582,0.004849821794778109
sample_05,8785,31112,152685.0,8408862.5,0.0011370042338967323,0.001394130988046527
sample_05,8785,31113,152690.0,8408862.5,0.011787207797169685,0.0007520727231167257
sample_05,8785,31114,152695.0,8408862.5,0.010270198807120323,0.0020604024175554514
sample_05,8785,31115,152700.0,8408862.5,0.008257456123828888,0.0026726401410996914
sample_05,8785,31116,152705.0,8408862.5,0.006509905681014061,0.0023422972299158573
sample_05,8785,31117,152710.0,8408862.5,0.0070917122066020966,0.00526731600984931
sample_05,8785,31118,152715.0,8408862.5,0.006485740654170513,0.004289541859179735
sample_05,8785,31119,152720.0,8408862.5,0.003447697963565588,0.0009331288165412843
sample_05,8785,31120,152725.0,8408862.5,0.010325038805603981,0.002511969767510891
sample_05,8785,31121,152730.0,8408862.5,0.005232104100286961,0.008104046806693077
sample_05,8785,31122,152735.0,8408862.5,0.002888495335355401,0.006453195586800575
sample_05,8785,31123,152740.0,8408862.5,0.007984493859112263,0.002584581496194005
sample_05,8785,31124,152745.0,8408862.5,0.0095768878236413,0.0046376618556678295
sample_05,8785,31125,152750.0,8408862.5,0.007936865091323853,0.0028121299110352993
sample_05,8785,31126,152755.0,8408862.5,0.02089840918779373,0.0005274850409477949
sample_05,8785,31127,152760.0,8408862.5,0.0125236501917243,0.0018543070182204247
sample_05,8785,31128,152765.0,8408862.5,0.004118424374610186,0.003620219649747014
sample_05,8785,31129,152770.0,8408862.5,0.00934543926268816,0.0019798127468675375
sample_05,8785,31130,152775.0,8408862.5,0.0011105835437774658,0.008161173202097416
sample_05,8785,31131,152780.0,8408862.5,0.015742136165499687,0.004260561894625425
sample_05,8785,31132,152785.0,8408862.5,0.013979270122945309,0.003786263056099415
sample_05,8785,31133,152790.0,8408862.5,0.014198307879269123,0.00325986766256392
sample_05,8785,31134,152795.0,8408862.5,0.013295279815793037,0.007567316293716431
sample_05,8785,31135,152800.0,8408862.5,0.007377325557172298,0.004906645976006985
sample_05,8785,31136,152805.0,8408862.5,0.013994039036333561,0.004186028614640236
sample_05,8785,31137,152810.0,8408862.5,0.012648156844079494,0.0020247267093509436
sample_05,8785,31138,152815.0,8408862.5,0.005009169690310955,0.00269116903655231
sample_05,8785,31139,152820.0,8408862.5,0.016440236940979958,0.003587685991078615
sample_05,8785,31140,152825.0,8408862.5,0.008003940805792809,0.002340022474527359
sample_05,8785,31141,152830.0,8408862.5,0.0036587989889085293,0.0013714326778426766
sample_05,8785,31142,152835.0,8408862.5,0.007198677398264408,0.0004298729181755334
sample_05,8785,31143,152840.0,8408862.5,0.012881876900792122,0.005582191050052643
sample_05,8785,31144,152845.0,8408862.5,0.025763265788555145,0.005183108150959015
sample_05,8785,31145,152850.0,8408862.5,0.013177348300814629,0.007785088382661343
sample_05,8785,31146,152855.0,8408862.5,0.009242539294064045,0.0016608338337391615
sample_05,8785,31147,152860.0,8408862.5,0.008639160543680191,0.003107937518507242
sample_05,8785,31148,152865.0,8408862.5,0.005033457651734352,0.0026631236542016268
sample_05,8785,31149,152870.0,8408862.5,0.0015517988940700889,0.005622672848403454
sample_05,8786,31111,152680.0,8408852.5,0.014017853885889053,0.0003301041142549366
sample_05,8786,31112,152685.0,8408852.5,0.0038876424077898264,0.006404919549822807
sample_05,8786,31113,152690.0,8408852.5,0.009007529355585575,0.011900234967470169
sample_05,8786,31114,152695.0,8408852.5,0.008436120115220547,0.007674489635974169
sample_05,8786,31115,152700.0,8408852.5,0.013712096959352493,0.007084643468260765
sample_05,8786,31116,152705.0,8408852.5,0.004976909141987562,0.001657938351854682
sample_05,8786,31117,152710.0,8408852.5,0.01764674298465252,0.0007498320192098618
sample_05,8786,31118,152715.0,8408852.5,0.012355813756585121,0.0026529855094850063
sample_05,8786,31119,152720.0,8408852.5,0.008793391287326813,0.003757092636078596
sample_05,8786,31120,152725.0,8408852.5,0.00626703817397356,0.0011520013213157654
sample_05,8786,31121,152730.0,8408852.5,0.00214383564889431,0.009053598158061504
sample_05,8786,31122,152735.0,8408852.5,0.010899069719016552,0.007571554277092218
sample_05,8786,31123,152740.0,8408852.5,0.007337814196944237,0.002744913101196289
sample_05,8786,31124,152745.0,8408852.5,0.010060152038931847,0.0023965199943631887
sample_05,8786,31125,152750.0,8408852.5,0.006786939222365618,0.005166179500520229
sample_05,8786,31126,152755.0,8408852.5,0.010639495216310024,0.0011869354639202356
sample_05,8786,31127,152760.0,8408852.5,0.009076478891074657,0.0028540140483528376
sample_05,8786,31128,152765.0,8408852.5,0.016303809359669685,0.005675939843058586
sample_05,8786,31129,152770.0,8408852.5,0.005321959499269724,0.005079104099422693
sample_05,8786,31130,152775.0,8408852.5,0.0007384661585092545,0.0036444817669689655
sample_05,8786,31131,152780.0,8408852.5,0.009387417696416378,0.008504941128194332
sample_05,8786,31132,152785.0,8408852.5,0.00910869613289833,0.005061836913228035
sample_05,8786,31133,152790.0,8408852.5,0.00525182718411088,0.0027051158249378204
sample_05,8786,31134,152795.0,8408852.5,0.012494103983044624,0.006100219674408436
sample_05,8786,31135,152800.0,8408852.5,0.005180466920137405,0.0012401522835716605
sample_05,8786,31136,152805.0,8408852.5,0.004629471804946661,0.0026894360780715942
sample_05,8786,31137,152810.0,8408852.5,0.010244308039546013,0.0012250908184796572
sample_05,8786,31138,152815.0,8408852.5,0.0056263478472828865,0.004978065844625235
sample_05,8786,31139,152820.0,8408852.5,0.011876651085913181,0.008854717016220093
sample_05,8786,31140,152825.0,8408852.5,0.014128304086625576,0.0024698739871382713
sample_05,8786,31141,152830.0,8408852.5,0.015770677477121353,0.0009456711704842746
sample_05,8786,31142,152835.0,8408852.5,0.003029199782758951,0.007312762551009655
sample_05,8786,31143,152840.0,8408852.5,0.02579469047486782,0.0063967714086174965
sample_05,8786,31144,152845.0,8408852.5,0.003058589529246092,0.008244040422141552
sample_05,8786,31145,152850.0,8408852.5,0.004508102312684059,0.005645876284688711
sample_05,8786,31146,152855.0,8408852.5,0.0020753047429025173,0.0035125359427183867
sample_05,8786,31147,152860.0,8408852.5,0.0013853971613571048,0.002893646713346243
sample_05,8786,31148,152865.0,8408852.5,0.0060275280848145485,0.0020368609111756086
sample_05,8786,31149,152870.0,8408852.5,0.004362174309790134,0.004347007256001234
sample_05,8787,31111,152680.0,8408842.5,0.012895068153738976,0.004937221761792898
sample_05,8787,31112,152685.0,8408842.5,0.00765167735517025,0.0064222365617752075
sample_05,8787,31113,152690.0,8408842.5,0.0010963876266032457,0.011063169687986374
sample_05,8787,31114,152695.0,8408842.5,0.008319785818457603,0.0039128586649894714
sample_05,8787,31115,152700.0,8408842.5,0.004208344966173172,0.0027388911694288254
sample_05,8787,31116,152705.0,8408842.5,0.004575514234602451,0.002806763630360365
sample_05,8787,31117,152710.0,8408842.5,0.008333822712302208,0.002514786319807172
sample_05,8787,31118,152715.0,8408842.5,0.006686083041131496,0.0009534216951578856
sample_05,8787,31119,152720.0,8408842.5,0.00847319234162569,0.0036679315380752087
sample_05,8787,31120,152725.0,8408842.5,0.008755834773182869,0.0034173033200204372
sample_05,8787,31121,152730.0,8408842.5,0.010967006906867027,0.004598931409418583
sample_05,8787,31122,152735.0,8408842.5,0.0157065037637949,0.009908839128911495
sample_05,8787,31123,152740.0,8408842.5,0.017724335193634033,0.009059465490281582
sample_05,8787,31124,152745.0,8408842.5,0.0008824276737868786,0.003987552598118782
sample_05,8787,31125,152750.0,8408842.5,0.003952091559767723,0.004299027379602194
sample_05,8787,31126,152755.0,8408842.5,0.01368631236255169,0.0010374417761340737
sample_05,8787,31127,152760.0,8408842.5,0.011445417068898678,0.009797255508601665
sample_05,8787,31128,152765.0,8408842.5,0.015580486506223679,0.007714089006185532
sample_05,8787,31129,152770.0,8408842.5,0.013436255045235157,0.004520298447459936
sample_05,8787,31130,152775.0,8408842.5,0.012561729177832603,0.006851899437606335
sample_05,8787,31131,152780.0,8408842.5,0.007924984209239483,0.007198760285973549
sample_05,8787,31132,152785.0,8408842.5,0.010604467242956161,0.007990986108779907
sample_05,8787,31133,152790.0,8408842.5,0.007428324781358242,0.009071740321815014
sample_05,8787,31134,152795.0,8408842.5,0.0031783701851963997,0.00675705261528492
sample_05,8787,31135,152800.0,8408842.5,0.014781394973397255,0.00775585463270545
sample_05,8787,31136,152805.0,8408842.5,0.0036806748248636723,0.004843094386160374
sample_05,8787,31137,152810.0,8408842.5,0.0031922170892357826,0.0032780994661152363
sample_05,8787,31138,152815.0,8408842.5,0.002793924417346716,0.0013116445625200868
sample_05,8787,31139,152820.0,8408842.5,0.008271045051515102,0.0014048432931303978
sample_05,8787,31140,152825.0,8408842.5,0.002132151508703828,0.003516861004754901
sample_05,8787,31141,152830.0,8408842.5,0.040671609342098236,0.006802629679441452
sample_05,8787,31142,152835.0,8408842.5,0.0138374799862504,0.007689563557505608
sample_05,8787,31143,152840.0,8408842.5,0.021165475249290466,0.0062307193875312805
sample_05,8787,31144,152845.0,8408842.5,0.008867799304425716,0.010550277307629585
sample_05,8787,31145,152850.0,8408842.5,0.002197874942794442,0.0035902687814086676
sample_05,8787,31146,152855.0,8408842.5,0.002632714342325926,0.0028652858454734087
sample_05,8787,31147,152860.0,8408842.5,0.017610732465982437,0.0013755997642874718
sample_05,8787,31148,152865.0,8408842.5,0.01885109581053257,0.004149463027715683
sample_05,8787,31149,152870.0,8408842.5,0.001329934922978282,0.005804523825645447
sample_05,8788,31111,152680.0,8408832.5,0.003836879041045904,0.0020610440988093615
sample_05,8788,31112,152685.0,8408832.5,0.0020818973425775766,0.0012897117994725704
sample_05,8788,31113,152690.0,8408832.5,0.005634281784296036,0.0017450562445446849
sample_05,8788,31114,152695.0,8408832.5,0.011507205665111542,0.002823223127052188
sample_05,8788,31115,152700.0,8408832.5,0.0021366130094975233,0.0013088092673569918
sample_05,8788,31116,152705.0,8408832.5,0.010404217056930065,0.002665401203557849
sample_05,8788,31117,152710.0,8408832.5,0.013200915418565273,0.0021788673475384712
sample_05,8788,31118,152715.0,8408832.5,0.003288632957264781,0.001222641090862453
sample_05,8788,31119,152720.0,8408832.5,0.01914256624877453,0.0036956637632101774
sample_05,8788,31120,152725.0,8408832.5,0.0160150658339262,0.01441875472664833
sample_05,8788,31121,152730.0,8408832.5,0.002384692896157503,0.0031808004714548588
sample_05,8788,31122,152735.0,8408832.5,0.006581233348697424,0.0009554667631164193
sample_05,8788,31123,152740.0,8408832.5,0.027331911027431488,0.001556886127218604
sample_05,8788,31124,152745.0,8408832.5,0.004089490510523319,0.00219218572601676
sample_05,8788,31125,152750.0,8408832.5,0.003551310859620571,0.0065945787355303764
sample_05,8788,31126,152755.0,8408832.5,0.00415814807638526,0.009521201252937317
sample_05,8788,31127,152760.0,8408832.5,0.009360481053590775,0.0068893409334123135
sample_05,8788,31128,152765.0,8408832.5,0.0067686643451452255,0.008769411593675613
sample_05,8788,31129,152770.0,8408832.5,0.004857248160988092,0.01505601778626442
sample_05,8788,31130,152775.0,8408832.5,0.021348290145397186,0.003936409018933773
sample_05,8788,31131,152780.0,8408832.5,0.017883729189634323,0.00568807078525424
sample_05,8788,31132,152785.0,8408832.5,0.007661739829927683,0.0074394140392541885
sample_05,8788,31133,152790.0,8408832.5,0.002453632652759552,0.0009178643813356757
sample_05,8788,31134,152795.0,8408832.5,0.016855282709002495,0.0019059974001720548
sample_05,8788,31135,152800.0,8408832.5,0.020129097625613213,0.004793311469256878
sample_05,8788,31136,152805.0,8408832.5,0.013972217217087746,0.003818410448729992
sample_05,8788,31137,152810.0,8408832.5,0.0013410603860393167,0.001484856242313981
sample_05,8788,31138,152815.0,8408832.5,0.017003735527396202,0.004576655104756355
sample_05,8788,31139,152820.0,8408832.5,0.009354766458272934,0.0015643431106582284
sample_05,8788,31140,152825.0,8408832.5,0.009554200805723667,0.0010412316769361496
sample_05,8788,31141,152830.0,8408832.5,0.020397430285811424,0.0013767799828201532
sample_05,8788,31142,152835.0,8408832.5,0.006284122355282307,0.0025082603096961975
sample_05,8788,31143,152840.0,8408832.5,0.012578925117850304,0.0008524776785634458
sample_05,8788,31144,152845.0,8408832.5,0.0075420476496219635,0.011886179447174072
sample_05,8788,31145,152850.0,8408832.5,0.0027464907616376877,0.013814078643918037
sample_05,8788,31146,152855.0,8408832.5,0.011243688873946667,0.0024785646237432957
sample_05,8788,31147,152860.0,8408832.5,0.0030465093441307545,0.00936475582420826
sample_05,8788,31148,152865.0,8408832.5,0.005065912380814552,0.015651626512408257
sample_05,8788,31149,152870.0,8408832.5,0.004417757503688335,0.010755304247140884
sample_05,8789,31111,152680.0,8408822.5,0.013592323288321495,0.001816024538129568
sample_05,8789,31112,152685.0,8408822.5,0.022102393209934235,0.00113598199095577
sample_05,8789,31113,152690.0,8408822.5,0.005716349929571152,0.006246783770620823
sample_05,8789,31114,152695.0,8408822.5,0.014826623722910881,0.00421200692653656
sample_05,8789,31115,152700.0,8408822.5,0.0049024783074855804,0.0035258508287370205
sample_05,8789,31116,152705.0,8408822.5,0.005181627348065376,0.00266916211694479
sample_05,8789,31117,152710.0,8408822.5,0.00801893137395382,0.01033400185406208
sample_05,8789,31118,152715.0,8408822.5,0.006387438625097275,0.004070199094712734
sample_05,8789,31119,152720.0,8408822.5,0.00321648339740932,0.010353455320000648
sample_05,8789,31120,152725.0,8408822.5,0.003973075654357672,0.00825194176286459
sample_05,8789,31121,152730.0,8408822.5,0.019686568528413773,0.00525653176009655
sample_05,8789,31122,152735.0,8408822.5,0.022253455594182014,0.0030847936868667603
sample_05,8789,31123,152740.0,8408822.5,0.007598386611789465,0.0018414754886180162
sample_05,8789,31124,152745.0,8408822.5,0.014728466048836708,0.0021002311259508133
sample_05,8789,31125,152750.0,8408822.5,0.009464052505791187,0.006410512607544661
sample_05,8789,31126,152755.0,8408822.5,0.0016919422196224332,0.0031935882288962603
sample_05,8789,31127,152760.0,8408822.5,0.008921055123209953,0.004123886581510305
sample_05,8789,31128,152765.0,8408822.5,0.001444973866455257,0.004001191817224026
sample_05,8789,31129,152770.0,8408822.5,0.00103579624556005,0.003363021183758974
sample_05,8789,31130,152775.0,8408822.5,0.00435481034219265,0.003167311195284128
sample_05,8789,31131,152780.0,8408822.5,0.005973523482680321,0.0030220765620470047
sample_05,8789,31132,152785.0,8408822.5,0.02202046662569046,0.007021329365670681
sample_05,8789,31133,152790.0,8408822.5,0.016594866290688515,0.0029100696556270123
sample_05,8789,31134,152795.0,8408822.5,0.0057190777733922005,0.000539886299520731
sample_05,8789,31135,152800.0,8408822.5,0.012669425457715988,0.00533325644209981
sample_05,8789,31136,152805.0,8408822.5,0.013694311492145061,0.002487407298758626
sample_05,8789,31137,152810.0,8408822.5,0.002644576132297516,0.005557117983698845
sample_05,8789,31138,152815.0,8408822.5,0.0007088425336405635,0.005481249652802944
sample_05,8789,31139,152820.0,8408822.5,0.008882233873009682,0.0036524743773043156
sample_05,8789,31140,152825.0,8408822.5,0.005402238108217716,0.0036145567428320646
sample_05,8789,31141,152830.0,8408822.5,0.019017692655324936,0.00651280302554369
sample_05,8789,31142,152835.0,8408822.5,0.01283782534301281,0.0019127228297293186
sample_05,8789,31143,152840.0,8408822.5,0.009744708426296711,0.0011999227572232485
sample_05,8789,31144,152845.0,8408822.5,0.005302798934280872,0.000856444938108325
sample_05,8789,31145,152850.0,8408822.5,0.005971587263047695,0.007346291095018387
sample_05,8789,31146,152855.0,8408822.5,0.011397291906177998,0.006657174322754145
sample_05,8789,31147,152860.0,8408822.5,0.003257928416132927,0.006127269938588142
sample_05,8789,31148,152865.0,8408822.5,0.0033309366554021835,0.0008413285249844193
sample_05,8789,31149,152870.0,8408822.5,0.0018528604414314032,0.0017449749866500497
sample_05,8790,31111,152680.0,8408812.5,0.0022205431014299393,0.004687100183218718
sample_05,8790,31112,152685.0,8408812.5,0.007494703400880098,0.0027635646983981133
sample_05,8790,31113,152690.0,8408812.5,0.003317800350487232,0.004461364820599556
sample_05,8790,31114,152695.0,8408812.5,0.01984088495373726,0.0018820161931216717
sample_05,8790,31115,152700.0,8408812.5,0.012443941086530685,0.004312213510274887
sample_05,8790,31116,152705.0,8408812.5,0.009687446057796478,0.008679768070578575
sample_05,8790,31117,152710.0,8408812.5,0.007548275403678417,0.004528425633907318
sample_05,8790,31118,152715.0,8408812.5,0.016541190445423126,0.003335821907967329
sample_05,8790,31119,152720.0,8408812.5,0.017563149333000183,0.003664106596261263
sample_05,8790,31120,152725.0,8408812.5,0.002639270154759288,0.00950994249433279
sample_05,8790,31121,152730.0,8408812.5,0.012909762561321259,0.005465469788759947
sample_05,8790,31122,152735.0,8408812.5,0.014023789204657078,0.005208050366491079
sample_05,8790,31123,152740.0,8408812.5,0.0019772432278841734,0.003759730141609907
sample_05,8790,31124,152745.0,8408812.5,0.00147273950278759,0.0034830733202397823
sample_05,8790,31125,152750.0,8408812.5,0.0042539541609585285,0.008817579597234726
sample_05,8790,31126,152755.0,8408812.5,0.006625151261687279,0.0005127923795953393
sample_05,8790,31127,152760.0,8408812.5,0.012517964467406273,0.002202084055170417
sample_05,8790,31128,152765.0,8408812.5,0.006021816283464432,0.010114260017871857
sample_05,8790,31129,152770.0,8408812.5,0.01364288479089737,0.0010238380637019873
sample_05,8790,31130,152775.0,8408812.5,0.036382898688316345,0.0051146093755960464
sample_05,8790,31131,152780.0,8408812.5,0.016026943922042847,0.004243903793394566
sample_05,8790,31132,152785.0,8408812.5,0.029605010524392128,0.003964038100093603
sample_05,8790,31133,152790.0,8408812.5,0.0015738711226731539,0.0038493373431265354
sample_05,8790,31134,152795.0,8408812.5,0.006249157711863518,0.0004290727083571255
sample_05,8790,31135,152800.0,8408812.5,0.005337104666978121,0.004136396571993828
sample_05,8790,31136,152805.0,8408812.5,0.0027198493480682373,0.002735653892159462
sample_05,8790,31137,152810.0,8408812.5,0.010353794321417809,0.00433163158595562
sample_05,8790,31138,152815.0,8408812.5,0.0035148989409208298,0.0009290342568419874
sample_05,8790,31139,152820.0,8408812.5,0.007415297441184521,0.003770024050027132
sample_05,8790,31140,152825.0,8408812.5,0.008240653201937675,0.005022537428885698
sample_05,8790,31141,152830.0,8408812.5,0.014260927215218544,0.006817372050136328
sample_05,8790,31142,152835.0,8408812.5,0.011137460358440876,0.001706915907561779
sample_05,8790,31143,152840.0,8408812.5,0.013861067593097687,0.006070603150874376
sample_05,8790,31144,152845.0,8408812.5,0.016431784257292747,0.0021506778430193663
sample_05,8790,31145,152850.0,8408812.5,0.0050925277173519135,0.003957237582653761
sample_05,8790,31146,152855.0,8408812.5,0.012884301133453846,0.009798342362046242
sample_05,8790,31147,152860.0,8408812.5,0.020961720496416092,0.008502996526658535
sample_05,8790,31148,152865.0,8408812.5,0.009858589619398117,0.003168408991768956
sample_05,8790,31149,152870.0,8408812.5,0.01055007055401802,0.00036966358311474323
sample_05,8791,31112,152685.0,8408802.5,0.013595706783235073,0.006866085343062878
sample_05,8791,31113,152690.0,8408802.5,0.003173413686454296,0.008013883605599403
sample_05,8791,31114,152695.0,8408802.5,0.012293508276343346,0.003828368615359068
sample_05,8791,31115,152700.0,8408802.5,0.018841039389371872,0.0039525399915874004
sample_05,8791,31116,152705.0,8408802.5,0.017394406720995903,0.002005227841436863
sample_05,8791,31117,152710.0,8408802.5,0.0024068409111350775,0.0009283291874453425
sample_05,8791,31118,152715.0,8408802.5,0.012086302973330021,0.008791949599981308
sample_05,8791,31119,152720.0,8408802.5,0.016868194565176964,0.011865939944982529
sample_05,8791,31120,152725.0,8408802.5,0.01001623272895813,0.00527292862534523
sample_05,8791,31121,152730.0,8408802.5,0.008431805297732353,0.010171021334826946
sample_05,8791,31122,152735.0,8408802.5,0.0024373854976147413,0.001812034985050559
sample_05,8791,31123,152740.0,8408802.5,0.00628375168889761,0.003113271901383996
sample_05,8791,31124,152745.0,8408802.5,0.014332515187561512,0.004250208847224712
sample_05,8791,31125,152750.0,8408802.5,0.021370703354477882,0.024779997766017914
sample_05,8791,31126,152755.0,8408802.5,0.002132650464773178,0.000899007311090827
sample_05,8791,31127,152760.0,8408802.5,0.0050975666381418705,0.001903122290968895
sample_05,8791,31128,152765.0,8408802.5,0.014828690327703953,0.0009279926307499409
sample_05,8791,31129,152770.0,8408802.5,0.0017755861626937985,0.004713201429694891
sample_05,8791,31130,152775.0,8408802.5,0.005096415989100933,0.002986348234117031
sample_05,8791,31131,152780.0,8408802.5,0.012869000434875488,0.003347699763253331
sample_05,8791,31132,152785.0,8408802.5,0.01597064919769764,0.002506950870156288
sample_05,8791,31133,152790.0,8408802.5,0.013672612607479095,0.0022544574458152056
sample_05,8791,31134,152795.0,8408802.5,0.002776850713416934,0.001858925330452621
sample_05,8791,31135,152800.0,8408802.5,0.002097819931805134,0.000470097380457446
sample_05,8791,31136,152805.0,8408802.5,0.00372680532746017,0.001991208177059889
sample_05,8791,31137,152810.0,8408802.5,0.00155160843860358,0.0027725042309612036
sample_05,8791,31138,152815.0,8408802.5,0.005875268019735813,0.003374699968844652
sample_05,8791,31139,152820.0,8408802.5,0.0036670821718871593,0.00797310285270214
sample_05,8791,31140,152825.0,8408802.5,0.007058638148009777,0.010795323178172112
sample_05,8791,31141,152830.0,8408802.5,0.009777897037565708,0.0050455667078495026
sample_05,8791,31142,152835.0,8408802.5,0.006768480874598026,0.0007350032683461905
sample_05,8791,31143,152840.0,8408802.5,0.010436395183205605,0.0012749519664794207
sample_05,8791,31144,152845.0,8408802.5,0.002280321903526783,0.003047058591619134
sample_05,8791,31145,152850.0,8408802.5,0.013432428240776062,0.010858435183763504
sample_05,8791,31146,152855.0,8408802.5,0.012303163297474384,0.004029528237879276
sample_05,8791,31147,152860.0,8408802.5,0.014634832739830017,0.005418182350695133
sample_05,8791,31148,152865.0,8408802.5,0.004730286542326212,0.004804571159183979
sample_05,8791,31149,152870.0,8408802.5,0.016267064958810806,0.001263121492229402
sample_05,8791,31150,152875.0,8408802.5,0.006056847050786018,0.0011501710396260023
sample_05,8792,31112,152685.0,8408792.5,0.024486258625984192,0.0029381196945905685
sample_05,8792,31113,152690.0,8408792.5,0.017370328307151794,0.009639410302042961
sample_05,8792,31114,152695.0,8408792.5,0.0055436911061406136,0.0048170629888772964
sample_05,8792,31115,152700.0,8408792.5,0.006803161930292845,0.0037252246402204037
sample_05,8792,31116,152705.0,8408792.5,0.006101786158978939,0.0049903495237231255
sample_05,8792,31117,152710.0,8408792.5,0.0036575598642230034,0.0031217981595546007
sample_05,8792,31118,152715.0,8408792.5,0.010372279211878777,0.0029822401702404022
sample_05,8792,31119,152720.0,8408792.5,0.005300353746861219,0.00225466419942677
sample_05,8792,31120,152725.0,8408792.5,0.0014662911416962743,0.003811164991930127
sample_05,8792,31121,152730.0,8408792.5,0.0041275713592767715,0.003413054859265685
sample_05,8792,31122,152735.0,8408792.5,0.01374436728656292,0.0037169470451772213
sample_05,8792,31123,152740.0,8408792.5,0.011072133667767048,0.008455240167677402
sample_05,8792,31124,152745.0,8408792.5,0.008145996369421482,0.005056505091488361
sample_05,8792,31125,152750.0,8408792.5,0.0050546638667583466,0.008180234581232071
sample_05,8792,31126,152755.0,8408792.5,0.013881156221032143,0.004589644260704517
sample_05,8792,31127,152760.0,8408792.5,0.02019776776432991,0.005286092404276133
sample_05,8792,31128,152765.0,8408792.5,0.011399069800972939,0.0025302886497229338
sample_05,8792,31129,152770.0,8408792.5,0.010337429121136665,0.004168129991739988
sample_05,8792,31130,152775.0,8408792.5,0.005664219614118338,0.005044231656938791
sample_05,8792,31131,152780.0,8408792.5,0.006175544112920761,0.0060875266790390015
sample_05,8792,31132,152785.0,8408792.5,0.004447762854397297,0.015715081244707108
sample_05,8792,31133,152790.0,8408792.5,0.008667200803756714,0.005503849592059851
sample_05,8792,31134,152795.0,8408792.5,0.0032164929434657097,0.002347510540857911
sample_05,8792,31135,152800.0,8408792.5,0.007677390240132809,0.007750328164547682
sample_05,8792,31136,152805.0,8408792.5,0.004586390685290098,0.0009124111966229975
sample_05,8792,31137,152810.0,8408792.5,0.00897277146577835,0.004119284451007843
sample_05,8792,31138,152815.0,8408792.5,0.009167256765067577,0.007434595841914415
sample_05,8792,31139,152820.0,8408792.5,0.019990893080830574,0.0028735834639519453
sample_05,8792,31140,152825.0,8408792.5,0.0026064240373671055,0.0018377850065007806
sample_05,8792,31141,152830.0,8408792.5,0.014109225012362003,0.0009329065214842558
sample_05,8792,31142,152835.0,8408792.5,0.004030686803162098,0.004255271516740322
sample_05,8792,31143,152840.0,8408792.5,0.003861653618514538,0.0025896462611854076
sample_05,8792,31144,152845.0,8408792.5,0.007299625314772129,0.00422221515327692
sample_05,8792,31145,152850.0,8408792.5,0.011084213852882385,0.001871112734079361
sample_05,8792,31146,152855.0,8408792.5,0.013751371763646603,0.0022548206616193056
sample_05,8792,31147,152860.0,8408792.5,0.008275316096842289,0.0033970936201512814
sample_05,8792,31148,152865.0,8408792.5,0.009065277874469757,0.0009122526389546692
sample_05,8792,31149,152870.0,8408792.5,0.0037149328272789717,0.010688920505344868
sample_05,8792,31150,152875.0,8408792.5,0.005095832981169224,0.0019330378854647279
sample_05,8793,31112,152685.0,8408782.5,0.00021072060917504132,0.002945608925074339
sample_05,8793,31113,152690.0,8408782.5,0.013922708109021187,0.004110529087483883
sample_05,8793,31114,152695.0,8408782.5,0.023159215226769447,0.001344443648122251
sample_05,8793,31115,152700.0,8408782.5,0.021487126126885414,0.014248548075556755
sample_05,8793,31116,152705.0,8408782.5,0.005805106833577156,0.015755536034703255
sample_05,8793,31117,152710.0,8408782.5,0.022598065435886383,0.004481293261051178
sample_05,8793,31118,152715.0,8408782.5,0.010136718861758709,0.005137423053383827
sample_05,8793,31119,152720.0,8408782.5,0.008139788173139095,0.0024019270204007626
sample_05,8793,31120,152725.0,8408782.5,0.009587747044861317,0.0034330745693296194
sample_05,8793,31121,152730.0,8408782.5,0.005065641365945339,0.000526426883880049
sample_05,8793,31122,152735.0,8408782.5,0.0033048950135707855,0.008506354875862598
sample_05,8793,31123,152740.0,8408782.5,0.0042779347859323025,0.003933351021260023
sample_05,8793,31124,152745.0,8408782.5,0.004422117955982685,0.004047076683491468
sample_05,8793,31125,152750.0,8408782.5,0.00162026088219136,0.010062427259981632
sample_05,8793,31126,152755.0,8408782.5,0.00442939717322588,0.0033625559881329536
sample_05,8793,31127,152760.0,8408782.5,0.0033075520768761635,0.0015823731664568186
sample_05,8793,31128,152765.0,8408782.5,0.003960999194532633,0.0027969011571258307
sample_05,8793,31129,152770.0,8408782.5,0.005554456729441881,0.005789612419903278
sample_05,8793,31130,152775.0,8408782.5,0.006799705792218447,0.00011367781553417444
sample_05,8793,31131,152780.0,8408782.5,0.0032108668237924576,0.00032374548027291894
sample_05,8793,31132,152785.0,8408782.5,0.005039294250309467,0.01188708283007145
sample_05,8793,31133,152790.0,8408782.5,0.009480904787778854,0.005110485944896936
sample_05,8793,31134,152795.0,8408782.5,0.015023132786154747,0.008218548260629177
sample_05,8793,31135,152800.0,8408782.5,0.005592196248471737,0.0030150283128023148
sample_05,8793,31136,152805.0,8408782.5,0.002420528791844845,0.006374519318342209
sample_05,8793,31137,152810.0,8408782.5,0.0027259476482868195,0.006876577157527208
sample_05,8793,31138,152815.0,8408782.5,0.007338869385421276,0.0009743412374518812
sample_05,8793,31139,152820.0,8408782.5,0.014317864552140236,0.00761511642485857
sample_05,8793,31140,152825.0,8408782.5,0.002949915360659361,0.006651272997260094
sample_05,8793,31141,152830.0,8408782.5,0.006971239112317562,0.004232587292790413
sample_05,8793,31142,152835.0,8408782.5,0.011604664847254753,0.0059062582440674305
sample_05,8793,31143,152840.0,8408782.5,0.0031935975421220064,0.003967151045799255
sample_05,8793,31144,152845.0,8408782.5,0.0031275013461709023,0.00432606739923358
sample_05,8793,31145,152850.0,8408782.5,0.011949710547924042,0.008418058976531029
sample_05,8793,31146,152855.0,8408782.5,0.017693089321255684,0.0016257838578894734
sample_05,8793,31147,152860.0,8408782.5,0.021841170266270638,0.0006811268394812942
sample_05,8793,31148,152865.0,8408782.5,0.003579080570489168,0.002507484517991543
sample_05,8793,31149,152870.0,8408782.5,0.004681366961449385,0.005800336133688688
sample_05,8793,31150,152875.0,8408782.5,0.019076386466622353,0.0021268927957862616
sample_05,8794,31112,152685.0,8408772.5,0.012274904176592827,0.0030739223584532738
sample_05,8794,31113,152690.0,8408772.5,0.0005145638715475798,0.01654258742928505
sample_05,8794,31114,152695.0,8408772.5,0.00019773453823290765,0.014480164274573326
sample_05,8794,31115,152700.0,8408772.5,0.006550190970301628,0.002395426854491234
sample_05,8794,31116,152705.0,8408772.5,0.01240017730742693,0.015433033928275108
sample_05,8794,31117,152710.0,8408772.5,0.0028237246442586184,0.004118331708014011
sample_05,8794,31118,152715.0,8408772.5,0.00285162846557796,0.002215942833572626
sample_05,8794,31119,152720.0,8408772.5,0.009161957539618015,0.0019888784736394882
sample_05,8794,31120,152725.0,8408772.5,0.011386292055249214,0.006549349054694176
sample_05,8794,31121,152730.0,8408772.5,0.006573514547199011,0.0058848243206739426
sample_05,8794,31122,152735.0,8408772.5,0.004991956986486912,0.014594144187867641
sample_05,8794,31123,152740.0,8408772.5,0.006906172260642052,0.0029482021927833557
sample_05,8794,31124,152745.0,8408772.5,0.012726410292088985,0.001882096752524376
sample_05,8794,31125,152750.0,8408772.5,0.004242446273565292,0.0017502184491604567
sample_05,8794,31126,152755.0,8408772.5,0.007633914239704609,0.005247867200523615
sample_05,8794,31127,152760.0,8408772.5,0.004592682234942913,0.004630479961633682
sample_05,8794,31128,152765.0,8408772.5,0.005214861128479242,0.007017462980002165
sample_05,8794,31129,152770.0,8408772.5,0.0006765567231923342,0.000571504351682961
sample_05,8794,31130,152775.0,8408772.5,0.0012558314483612776,0.0011904793791472912
sample_05,8794,31131,152780.0,8408772.5,0.009807007387280464,0.0010517874034121633
sample_05,8794,31132,152785.0,8408772.5,0.0038640149869024754,0.003657388035207987
sample_05,8794,31133,152790.0,8408772.5,0.017067084088921547,0.0035844126250594854
sample_05,8794,31134,152795.0,8408772.5,0.018377522006630898,0.006630606018006802
sample_05,8794,31135,152800.0,8408772.5,0.003899879287928343,0.0010573891922831535
sample_05,8794,31136,152805.0,8408772.5,0.002762943273410201,0.006185211706906557
sample_05,8794,31137,152810.0,8408772.5,0.010153558105230331,0.00454679736867547
sample_05,8794,31138,152815.0,8408772.5,0.004358087666332722,0.001454806188121438
sample_05,8794,31139,152820.0,8408772.5,0.013493547216057777,0.0023429980501532555
sample_05,8794,31140,152825.0,8408772.5,0.006289959419518709,0.002847801661118865
sample_05,8794,31141,152830.0,8408772.5,0.006267372984439135,0.005044310353696346
sample_05,8794,31142,152835.0,8408772.5,0.0052327681332826614,0.008541364222764969
sample_05,8794,31143,152840.0,8408772.5,0.011750183999538422,0.0013556088088080287
sample_05,8794,31144,152845.0,8408772.5,0.009576534852385521,0.001691442565061152
sample_05,8794,31145,152850.0,8408772.5,0.002405808074399829,0.0066893515177071095
sample_05,8794,31146,152855.0,8408772.5,0.010333875194191933,0.008872274309396744
sample_05,8794,31147,152860.0,8408772.5,0.022308340296149254,0.013720866292715073
sample_05,8794,31148,152865.0,8408772.5,0.005716047249734402,0.007813696749508381
sample_05,8794,31149,152870.0,8408772.5,0.006884201429784298,0.00464886287227273
sample_05,8794,31150,152875.0,8408772.5,0.016231520101428032,0.001275045913644135
sample_05,8795,31112,152685.0,8408762.5,0.0068184249103069305,0.003988956566900015
sample_05,8795,31113,152690.0,8408762.5,0.0167863667011261,0.0017855771584436297
sample_05,8795,31114,152695.0,8408762.5,0.00669719697907567,0.0042519657872617245
sample_05,8795,31115,152700.0,8408762.5,0.012934168800711632,0.009793884120881557
sample_05,8795,31116,152705.0,8408762.5,0.005748160183429718,0.005955377593636513
sample_05,8795,31117,152710.0,8408762.5,0.001440013526007533,0.0012563301715999842
sample_05,8795,31118,152715.0,8408762.5,0.012384572066366673,0.003614002140238881
sample_05,8795,31119,152720.0,8408762.5,0.0059098852798342705,0.0020263241603970528
sample_05,8795,31120,152725.0,8408762.5,0.0049774786457419395,0.006455934606492519
sample_05,8795,31121,152730.0,8408762.5,0.02404744178056717,0.00531563488766551
sample_05,8795,31122,152735.0,8408762.5,0.03301393240690231,0.001951598678715527
sample_05,8795,31123,152740.0,8408762.5,0.015831999480724335,0.002885353984311223
sample_05,8795,31124,152745.0,8408762.5,0.008228478953242302,0.00399547815322876
sample_05,8795,31125,152750.0,8408762.5,0.016124606132507324,0.009470390155911446
sample_05,8795,31126,152755.0,8408762.5,0.011527612805366516,0.009558367542922497
sample_05,8795,31127,152760.0,8408762.5,0.008321154862642288,0.007140107918530703
sample_05,8795,31128,152765.0,8408762.5,0.008019852451980114,0.009132331237196922
sample_05,8795,31129,152770.0,8408762.5,0.008961505256593227,0.002808064455166459
sample_05,8795,31130,152775.0,8408762.5,0.014732352457940578,0.00711946003139019
sample_05,8795,31131,152780.0,8408762.5,0.008170721121132374,0.0022486154921352863
sample_05,8795,31132,152785.0,8408762.5,0.01270732656121254,0.0036653673741966486
sample_05,8795,31133,152790.0,8408762.5,0.0010600876994431019,0.0035059736110270023
sample_05,8795,31134,152795.0,8408762.5,0.008622199296951294,0.002563219051808119
sample_05,8795,31135,152800.0,8408762.5,0.007084554061293602,0.004735083319246769
sample_05,8795,31136,152805.0,8408762.5,0.011180851608514786,0.003152102930471301
sample_05,8795,31137,152810.0,8408762.5,0.011452613398432732,0.00787592213600874
sample_05,8795,31138,152815.0,8408762.5,0.005074734799563885,0.0055382139980793
sample_05,8795,31139,152820.0,8408762.5,0.008665353059768677,0.003351208521053195
sample_05,8795,31140,152825.0,8408762.5,0.004846523515880108,0.00257017370313406
sample_05,8795,31141,152830.0,8408762.5,0.006218099035322666,0.005149167962372303
sample_05,8795,31142,152835.0,8408762.5,0.012849550694227219,0.00954555906355381
sample_05,8795,31143,152840.0,8408762.5,0.009899277240037918,0.009850447997450829
sample_05,8795,31144,152845.0,8408762.5,0.00454276567324996,0.0021826778538525105
sample_05,8795,31145,152850.0,8408762.5,0.023135971277952194,0.003971155267208815
sample_05,8795,31146,152855.0,8408762.5,0.014059687964618206,0.0010525390971451998
sample_05,8795,31147,152860.0,8408762.5,0.0031357314437627792,0.0055860914289951324
sample_05,8795,31148,152865.0,8408762.5,0.0005082716234028339,0.0007382470648735762
sample_05,8795,31149,152870.0,8408762.5,0.006315018981695175,0.00120460893958807
sample_05,8795,31150,152875.0,8408762.5,0.00631602481007576,0.0032894923351705074
sample_05,8796,31112,152685.0,8408752.5,0.004467620048671961,0.00291224243119359
sample_05,8796,31113,152690.0,8408752.5,0.011053455993533134,0.0032895987387746572
sample_05,8796,31114,152695.0,8408752.5,0.019268251955509186,0.001167809241451323
sample_05,8796,31115,152700.0,8408752.5,0.021240103989839554,0.004729720298200846
sample_05,8796,31116,152705.0,8408752.5,0.01077313907444477,0.005079503171145916
sample_05,8796,31117,152710.0,8408752.5,0.01046611275523901,0.0017565094167366624
sample_05,8796,31118,152715.0,8408752.5,0.03164248168468475,0.004856067709624767
sample_05,8796,31119,152720.0,8408752.5,0.01459591556340456,0.0005442026886157691
sample_05,8796,31120,152725.0,8408752.5,0.010399478487670422,0.0017908645095303655
sample_05,8796,31121,152730.0,8408752.5,0.0035033042076975107,0.002487961435690522
sample_05,8796,31122,152735.0,8408752.5,0.016903426498174667,0.000660476041957736
sample_05,8796,31123,152740.0,8408752.5,0.0034430082887411118,0.00200650398619473
sample_05,8796,31124,152745.0,8408752.5,0.003164352849125862,0.001681467518210411
sample_05,8796,31125,152750.0,8408752.5,0.0016445766668766737,0.000694440386723727
sample_05,8796,31126,152755.0,8408752.5,0.00402551144361496,0.00641503743827343
sample_05,8796,31127,152760.0,8408752.5,0.00033182650804519653,0.0069916946813464165
sample_05,8796,31128,152765.0,8408752.5,0.0014973292127251625,0.0037899366579949856
sample_05,8796,31129,152770.0,8408752.5,0.006412333808839321,0.003366125049069524
sample_05,8796,31130,152775.0,8408752.5,0.004543812945485115,0.002564487047493458
sample_05,8796,31131,152780.0,8408752.5,0.02333948388695717,0.011216540820896626
sample_05,8796,31132,152785.0,8408752.5,0.012180532328784466,0.0013561820378527045
sample_05,8796,31133,152790.0,8408752.5,0.0027876081876456738,0.004376239143311977
sample_05,8796,31134,152795.0,8408752.5,0.002799941459670663,0.010242575779557228
sample_05,8796,31135,152800.0,8408752.5,0.005737316329032183,0.0023526917211711407
sample_05,8796,31136,152805.0,8408752.5,0.01170289982110262,0.0011259588645771146
sample_05,8796,31137,152810.0,8408752.5,0.007519806269556284,0.001171710668131709
sample_05,8796,31138,152815.0,8408752.5,0.011553602293133736,0.00354581861756742
sample_05,8796,31139,152820.0,8408752.5,0.01584538072347641,0.0022026554215699434
sample_05,8796,31140,152825.0,8408752.5,0.007158627733588219,0.002591086784377694
sample_05,8796,31141,152830.0,8408752.5,0.011635743081569672,0.015548886731266975
sample_05,8796,31142,152835.0,8408752.5,0.0021907805930823088,0.00529562309384346
sample_05,8796,31143,152840.0,8408752.5,0.01365766953676939,0.0018400026019662619
sample_05,8796,31144,152845.0,8408752.5,0.01658908650279045,0.006615012884140015
sample_05,8796,31145,152850.0,8408752.5,0.005098594818264246,0.00526528712362051
sample_05,8796,31146,152855.0,8408752.5,0.0070539191365242004,0.002722102450206876
sample_05,8796,31147,152860.0,8408752.5,0.009579424746334553,0.0026085679419338703
sample_05,8796,31148,152865.0,8408752.5,0.0047821528278291225,0.0023045772686600685
sample_05,8796,31149,152870.0,8408752.5,0.0052139414474368095,0.004118463955819607
sample_05,8796,31150,152875.0,8408752.5,0.00696092564612627,0.0028123795054852962
sample_05,8797,31112,152685.0,8408742.5,0.02370544895529747,0.0065714591182768345
sample_05,8797,31113,152690.0,8408742.5,0.012687282636761665,0.006000841502100229
sample_05,8797,31114,152695.0,8408742.5,0.010700872167944908,0.005060323514044285
sample_05,8797,31115,152700.0,8408742.5,0.0022082903888076544,0.005344173405319452
sample_05,8797,31116,152705.0,8408742.5,0.005491902120411396,0.005241313949227333
sample_05,8797,31117,152710.0,8408742.5,0.00486851017922163,0.004452867899090052
sample_05,8797,31118,152715.0,8408742.5,0.03650923818349838,0.004537442233413458
sample_05,8797,31119,152720.0,8408742.5,0.032590582966804504,0.000915602024178952
sample_05,8797,31120,152725.0,8408742.5,0.011927533894777298,0.005023587495088577
sample_05,8797,31121,152730.0,8408742.5,0.0071997493505477905,0.008578594774007797
sample_05,8797,31122,152735.0,8408742.5,0.0012604789808392525,0.006936125457286835
sample_05,8797,31123,152740.0,8408742.5,0.007487053517252207,0.009081591852009296
sample_05,8797,31124,152745.0,8408742.5,0.024519318714737892,0.012311617843806744
sample_05,8797,31125,152750.0,8408742.5,0.010542313568294048,0.0015871638897806406
sample_05,8797,31126,152755.0,8408742.5,0.010717942379415035,0.005134698003530502
sample_05,8797,31127,152760.0,8408742.5,0.013817760162055492,0.0056332251988351345
sample_05,8797,31128,152765.0,8408742.5,0.0020756025332957506,0.0050055282190442085
sample_05,8797,31129,152770.0,8408742.5,0.005649171303957701,0.0009924689074978232
sample_05,8797,31130,152775.0,8408742.5,0.01776720955967903,0.004792841617017984
sample_05,8797,31131,152780.0,8408742.5,0.01728827878832817,0.005080563481897116
sample_05,8797,31132,152785.0,8408742.5,0.006437120959162712,0.0028221968095749617
sample_05,8797,31133,152790.0,8408742.5,0.0111731868237257,0.0034867620561271906
sample_05,8797,31134,152795.0,8408742.5,0.004954193718731403,0.002518924418836832
sample_05,8797,31135,152800.0,8408742.5,0.029317937791347504,0.0015376239316537976
sample_05,8797,31136,152805.0,8408742.5,0.016888929530978203,0.0010777359129860997
sample_05,8797,31137,152810.0,8408742.5,0.005055089481174946,0.00029034644830971956
sample_05,8797,31138,152815.0,8408742.5,0.0176871158182621,0.0016640359535813332
sample_05,8797,31139,152820.0,8408742.5,0.009087437763810158,0.00012759854143951088
sample_05,8797,31140,152825.0,8408742.5,0.00445649866014719,0.007140632718801498
sample_05,8797,31141,152830.0,8408742.5,0.002781763207167387,0.00568237341940403
sample_05,8797,31142,152835.0,8408742.5,0.0016245286678895354,0.0011108816834166646
sample_05,8797,31143,152840.0,8408742.5,0.009457439184188843,0.009939715266227722
sample_05,8797,31144,152845.0,8408742.5,0.009738337248563766,0.008488218300044537
sample_05,8797,31145,152850.0,8408742.5,0.006569194607436657,0.004098393954336643
sample_05,8797,31146,152855.0,8408742.5,0.0029035070911049843,0.003954877611249685
sample_05,8797,31147,152860.0,8408742.5,0.008964641019701958,0.012411806732416153
sample_05,8797,31148,152865.0,8408742.5,0.014121676795184612,0.006016031838953495
sample_05,8797,31149,152870.0,8408742.5,0.006761465221643448,0.003510564099997282
sample_05,8797,31150,152875.0,8408742.5,0.014530734159052372,0.007922688499093056
sample_05,8798,31112,152685.0,8408732.5,0.010976744815707207,0.0017986694583669305
sample_05,8798,31113,152690.0,8408732.5,0.021656621247529984,0.0017497041262686253
sample_05,8798,31114,152695.0,8408732.5,0.01577100344002247,0.00355922756716609
sample_05,8798,31115,152700.0,8408732.5,0.003833131631836295,0.0061974478885531425
sample_05,8798,31116,152705.0,8408732.5,0.004035509657114744,0.004390559159219265
sample_05,8798,31117,152710.0,8408732.5,0.005503255873918533,0.0008168566273525357
sample_05,8798,31118,152715.0,8408732.5,0.005189124960452318,0.002551464596763253
sample_05,8798,31119,152720.0,8408732.5,0.004433098249137402,0.0069937389343976974
sample_05,8798,31120,152725.0,8408732.5,0.0045082722790539265,0.008170592598617077
sample_05,8798,31121,152730.0,8408732.5,0.016376657411456108,0.004071678500622511
sample_05,8798,31122,152735.0,8408732.5,0.009767292998731136,0.003134485799819231
sample_05,8798,31123,152740.0,8408732.5,0.017072414979338646,0.0013456379529088736
sample_05,8798,31124,152745.0,8408732.5,0.005308404564857483,0.006191822700202465
sample_05,8798,31125,152750.0,8408732.5,0.0035846454557031393,0.00830661877989769
sample_05,8798,31126,152755.0,8408732.5,0.004886254668235779,0.00371992914006114
sample_05,8798,31127,152760.0,8408732.5,0.015839776024222374,0.0064246742986142635
sample_05,8798,31128,152765.0,8408732.5,0.014608019962906837,0.002647949382662773
sample_05,8798,31129,152770.0,8408732.5,0.006045129150152206,0.006449535954743624
sample_05,8798,31130,152775.0,8408732.5,0.009091215208172798,0.005765100475400686
sample_05,8798,31131,152780.0,8408732.5,0.013557594269514084,0.00419721519574523
sample_05,8798,31132,152785.0,8408732.5,0.0027909951750189066,0.009431696496903896
sample_05,8798,31133,152790.0,8408732.5,0.005905583500862122,0.005158401094377041
sample_05,8798,31134,152795.0,8408732.5,0.004868877120316029,0.009703779593110085
sample_05,8798,31135,152800.0,8408732.5,0.004172534681856632,0.016899483278393745
sample_05,8798,31136,152805.0,8408732.5,0.010703878477215767,0.0027114024851471186
sample_05,8798,31137,152810.0,8408732.5,0.018535753712058067,0.006739746313542128
sample_05,8798,31138,152815.0,8408732.5,0.013732113875448704,0.008152387104928493
sample_05,8798,31139,152820.0,8408732.5,0.0019662894774228334,0.0015357842203229666
sample_05,8798,31140,152825.0,8408732.5,0.006615297868847847,0.005328879225999117
sample_05,8798,31141,152830.0,8408732.5,0.0036248797550797462,0.013484930619597435
sample_05,8798,31142,152835.0,8408732.5,0.01312347687780857,0.009099991992115974
sample_05,8798,31143,152840.0,8408732.5,0.028794080018997192,0.001110234996303916
sample_05,8798,31144,152845.0,8408732.5,0.004951209761202335,0.0009095682762563229
sample_05,8798,31145,152850.0,8408732.5,0.00027071614749729633,0.0074972421862185
sample_05,8798,31146,152855.0,8408732.5,0.009994513355195522,0.002937739249318838
sample_05,8798,31147,152860.0,8408732.5,0.0060585420578718185,0.012779751792550087
sample_05,8798,31148,152865.0,8408732.5,0.0005626456113532186,0.0027019442059099674
sample_05,8798,31149,152870.0,8408732.5,0.003548337845131755,0.0045981029979884624
sample_05,8798,31150,152875.0,8408732.5,0.005806590896099806,0.007497052662074566
sample_05,8799,31112,152685.0,8408722.5,0.010356465354561806,0.0024527721107006073
sample_05,8799,31113,152690.0,8408722.5,0.003993508871644735,0.007181235589087009
sample_05,8799,31114,152695.0,8408722.5,0.008565878495573997,0.004234939347952604
sample_05,8799,31115,152700.0,8408722.5,0.003394768573343754,0.00296122208237648
sample_05,8799,31116,152705.0,8408722.5,0.021714985370635986,0.012270803563296795
sample_05,8799,31117,152710.0,8408722.5,0.010355005972087383,0.008547869510948658
sample_05,8799,31118,152715.0,8408722.5,0.008866725489497185,0.0022076559253036976
sample_05,8799,31119,152720.0,8408722.5,0.010421203449368477,0.0014287714147940278
sample_05,8799,31120,152725.0,8408722.5,0.0030356780625879765,0.0016962377121672034
sample_05,8799,31121,152730.0,8408722.5,0.007565191015601158,0.002915787510573864
sample_05,8799,31122,152735.0,8408722.5,0.012772558256983757,0.003862102748826146
sample_05,8799,31123,152740.0,8408722.5,0.02988629974424839,0.001468128990381956
sample_05,8799,31124,152745.0,8408722.5,0.003804599866271019,0.0011242188047617674
sample_05,8799,31125,152750.0,8408722.5,0.005144469439983368,0.005288003943860531
sample_05,8799,31126,152755.0,8408722.5,0.019621839746832848,0.004333756398409605
sample_05,8799,31127,152760.0,8408722.5,0.006522543728351593,0.0023302328772842884
sample_05,8799,31128,152765.0,8408722.5,0.01169141847640276,0.003346027573570609
sample_05,8799,31129,152770.0,8408722.5,0.011809740215539932,0.002703099511563778
sample_05,8799,31130,152775.0,8408722.5,0.005906778387725353,0.002481180941686034
sample_05,8799,31131,152780.0,8408722.5,0.00037717437953688204,0.0038389144465327263
sample_05,8799,31132,152785.0,8408722.5,0.010132690891623497,0.005822084844112396
sample_05,8799,31133,152790.0,8408722.5,0.026455413550138474,0.0010112118907272816
sample_05,8799,31134,152795.0,8408722.5,0.011712074279785156,0.004916226491332054
sample_05,8799,31135,152800.0,8408722.5,0.014484243467450142,0.0026448043063282967
sample_05,8799,31136,152805.0,8408722.5,0.02235449105501175,0.007048112340271473
sample_05,8799,31137,152810.0,8408722.5,0.01437089592218399,0.0014350514393299818
sample_05,8799,31138,152815.0,8408722.5,0.01574930176138878,0.0034043993800878525
sample_05,8799,31139,152820.0,8408722.5,0.024151213467121124,0.0024253944866359234
sample_05,8799,31140,152825.0,8408722.5,0.00855143740773201,0.0024008105974644423
sample_05,8799,31141,152830.0,8408722.5,0.009196655824780464,0.0015116662252694368
sample_05,8799,31142,152835.0,8408722.5,0.0039460426196455956,0.0014192371163517237
sample_05,8799,31143,152840.0,8408722.5,0.01817466877400875,0.0016498593613505363
sample_05,8799,31144,152845.0,8408722.5,0.0258018858730793,0.0032555856741964817
sample_05,8799,31145,152850.0,8408722.5,0.0151431355625391,0.011155993677675724
sample_05,8799,31146,152855.0,8408722.5,0.008409175090491772,0.0074139125645160675
sample_05,8799,31147,152860.0,8408722.5,0.01444932073354721,0.003595347050577402
sample_05,8799,31148,152865.0,8408722.5,0.008744743652641773,0.0035784097854048014
sample_05,8799,31149,152870.0,8408722.5,0.001903546741232276,0.004358234815299511
sample_05,8799,31150,152875.0,8408722.5,0.009520705789327621,0.004361766390502453
sample_05,8800,31112,152685.0,8408712.5,0.023908372968435287,0.0038087102584540844
sample_05,8800,31113,152690.0,8408712.5,0.012534013018012047,0.01143025141209364
sample_05,8800,31114,152695.0,8408712.5,0.0022345087490975857,0.004420561250299215
sample_05,8800,31115,152700.0,8408712.5,0.006103463936597109,0.0029231675434857607
sample_05,8800,31116,152705.0,8408712.5,0.0014480907702818513,0.0029775265138596296
sample_05,8800,31117,152710.0,8408712.5,0.008172992616891861,0.013331038877367973
sample_05,8800,31118,152715.0,8408712.5,0.003703353926539421,0.0044426326639950275
sample_05,8800,31119,152720.0,8408712.5,0.008049234747886658,0.009166725911200047
sample_05,8800,31120,152725.0,8408712.5,0.001172127085737884,0.0027414467185735703
sample_05,8800,31121,152730.0,8408712.5,0.009123317897319794,0.008923472836613655
sample_05,8800,31122,152735.0,8408712.5,0.012062481604516506,0.008754538372159004
sample_05,8800,31123,152740.0,8408712.5,0.008658261969685555,0.0054847076535224915
sample_05,8800,31124,152745.0,8408712.5,0.00350654823705554,0.00250532990321517
sample_05,8800,31125,152750.0,8408712.5,0.0208534374833107,0.006267955526709557
sample_05,8800,31126,152755.0,8408712.5,0.014708632603287697,0.0036083192098885775
sample_05,8800,31127,152760.0,8408712.5,0.005954147316515446,0.008768970146775246
sample_05,8800,31128,152765.0,8408712.5,0.011967706494033337,0.004381170962005854
sample_05,8800,31129,152770.0,8408712.5,0.00318640423938632,0.0032304192427545786
sample_05,8800,31130,152775.0,8408712.5,0.0004728247586172074,0.004327225033193827
sample_05,8800,31131,152780.0,8408712.5,0.013240396976470947,0.0023950485046952963
sample_05,8800,31132,152785.0,8408712.5,0.0059417011216282845,0.004079614765942097
sample_05,8800,31133,152790.0,8408712.5,0.011495381593704224,0.0054715340957045555
sample_05,8800,31134,152795.0,8408712.5,0.005548994522541761,0.002199542475864291
sample_05,8800,31135,152800.0,8408712.5,0.02120567299425602,0.002540488028898835
sample_05,8800,31136,152805.0,8408712.5,0.007589023560285568,0.0008858927758410573
sample_05,8800,31137,152810.0,8408712.5,0.008964404463768005,0.0014265027130022645
sample_05,8800,31138,152815.0,8408712.5,0.007086756639182568,0.0017179652350023389
sample_06,11398,13411,64180.0,8382732.5,0.00927217211574316,0.0008161516161635518
sample_06,11398,13412,64185.0,8382732.5,0.01388104259967804,0.004718100652098656
sample_06,11398,13413,64190.0,8382732.5,0.021072888746857643,0.00989175122231245
sample_06,11398,13414,64195.0,8382732.5,0.028048323467373848,0.0017912940820679069
sample_06,11398,13415,64200.0,8382732.5,0.002037601312622428,0.007619092706590891
sample_06,11398,13416,64205.0,8382732.5,0.03715328499674797,0.0025531465653330088
sample_06,11398,13417,64210.0,8382732.5,0.008157857693731785,0.007413823157548904
sample_06,11398,13418,64215.0,8382732.5,0.012149379588663578,0.006536735687404871
sample_06,11398,13419,64220.0,8382732.5,0.006780838593840599,0.003678322769701481
sample_06,11398,13420,64225.0,8382732.5,0.04040326550602913,0.0029562944546341896
sample_06,11398,13421,64230.0,8382732.5,0.004631977062672377,0.008200433105230331
sample_06,11398,13422,64235.0,8382732.5,0.0353754498064518,0.01277027279138565
sample_06,11398,13423,64240.0,8382732.5,0.013331295922398567,0.0026854630559682846
sample_06,11398,13424,64245.0,8382732.5,0.006813468411564827,0.0074630859307944775
sample_06,11399,13386,64055.0,8382722.5,0.02473369613289833,0.0007210210897028446
sample_06,11399,13387,64060.0,8382722.5,0.01895171031355858,0.0046797217801213264
sample_06,11399,13388,64065.0,8382722.5,0.007114953361451626,0.0012235015165060759
sample_06,11399,13389,64070.0,8382722.5,0.013845273293554783,0.003562544472515583
sample_06,11399,13390,64075.0,8382722.5,0.006720773410052061,0.0020214314572513103
sample_06,11399,13391,64080.0,8382722.5,0.017016146332025528,0.005881191231310368
sample_06,11399,13392,64085.0,8382722.5,0.0036326595582067966,0.001090962439775467
sample_06,11399,13393,64090.0,8382722.5,0.031150029972195625,0.0014006204437464476
sample_06,11399,13394,64095.0,8382722.5,0.003019981551915407,0.0048287659883499146
sample_06,11399,13395,64100.0,8382722.5,0.00782354362308979,0.0068321069702506065
sample_06,11399,13396,64105.0,8382722.5,0.010073374025523663,0.008221039548516273
sample_06,11399,13397,64110.0,8382722.5,0.017792819067835808,0.0015058261342346668
sample_06,11399,13398,64115.0,8382722.5,0.014464244246482849,0.0022509489208459854
sample_06,11399,13399,64120.0,8382722.5,0.019558941945433617,0.0024850836489349604
sample_06,11399,13400,64125.0,8382722.5,0.0227045975625515,0.002889359835535288
sample_06,11399,13401,64130.0,8382722.5,0.015521869994699955,0.008693925105035305
sample_06,11399,13402,64135.0,8382722.5,0.01160547137260437,0.0017184431198984385
sample_06,11399,13403,64140.0,8382722.5,0.012135384604334831,0.001577054150402546
sample_06,11399,13404,64145.0,8382722.5,0.009646791033446789,0.010515465401113033
sample_06,11399,13405,64150.0,8382722.5,0.003726647235453129,0.0027972706593573093
sample_06,11399,13406,64155.0,8382722.5,0.0030883694998919964,0.0057802386581897736
sample_06,11399,13407,64160.0,8382722.5,0.011104549281299114,0.004216328728944063
sample_06,11399,13408,64165.0,8382722.5,0.009677599184215069,0.0017612918745726347
sample_06,11399,13409,64170.0,8382722.5,0.004678837489336729,0.003371821716427803
sample_06,11399,13410,64175.0,8382722.5,0.004141613841056824,0.0019655751530081034
sample_06,11399,13411,64180.0,8382722.5,0.008650556206703186,0.0034513985738158226
sample_06,11399,13412,64185.0,8382722.5,0.01071353629231453,0.003098901128396392
sample_06,11399,13413,64190.0,8382722.5,0.004895766731351614,0.0042274706065654755
sample_06,11399,13414,64195.0,8382722.5,0.014816002920269966,0.0003083811898250133
sample_06,11399,13415,64200.0,8382722.5,0.027650004252791405,0.0016415694262832403
sample_06,11399,13416,64205.0,8382722.5,0.007386102806776762,0.005787982605397701
sample_06,11399,13417,64210.0,8382722.5,0.01890208013355732,0.003723619505763054
sample_06,11399,13418,64215.0,8382722.5,0.0082875220105052,0.005092821083962917
sample_06,11399,13419,64220.0,8382722.5,0.02596420980989933,0.008587460964918137
sample_06,11399,13420,64225.0,8382722.5,0.009800869040191174,0.00703005027025938
sample_06,11399,13421,64230.0,8382722.5,0.004272847902029753,0.0010511449072510004
sample_06,11399,13422,64235.0,8382722.5,0.012947166338562965,0.009833182208240032
sample_06,11399,13423,64240.0,8382722.5,0.002681858604773879,0.00042799668153747916
sample_06,11399,13424,64245.0,8382722.5,0.008477824740111828,0.0024298825301229954
sample_06,11400,13386,64055.0,8382712.5,0.018247630447149277,0.002624859567731619
sample_06,11400,13387,64060.0,8382712.5,0.007163632195442915,0.004430548753589392
sample_06,11400,13388,64065.0,8382712.5,0.007757565472275019,0.008525125682353973
sample_06,11400,13389,64070.0,8382712.5,0.03194151446223259,0.005247588735073805
sample_06,11400,13390,64075.0,8382712.5,0.008858039043843746,0.004361977335065603
sample_06,11400,13391,64080.0,8382712.5,0.009783315472304821,0.0034246486611664295
sample_06,11400,13392,64085.0,8382712.5,0.011581193655729294,0.0034222383983433247
sample_06,11400,13393,64090.0,8382712.5,0.012857639230787754,0.0038036908954381943
sample_06,11400,13394,64095.0,8382712.5,0.026997419074177742,0.004056194331496954
sample_06,11400,13395,64100.0,8382712.5,0.007552712224423885,0.009029395878314972
sample_06,11400,13396,64105.0,8382712.5,0.009467940777540207,0.0020752018317580223
sample_06,11400,13397,64110.0,8382712.5,0.008792810142040253,0.005018660333007574
sample_06,11400,13398,64115.0,8382712.5,0.0004832486156374216,0.00694071501493454
sample_06,11400,13399,64120.0,8382712.5,0.0048914626240730286,0.008578818291425705
sample_06,11400,13400,64125.0,8382712.5,0.006975567899644375,0.004467553924769163
sample_06,11400,13401,64130.0,8382712.5,0.003616618923842907,0.000813670689240098
sample_06,11400,13402,64135.0,8382712.5,0.01815444603562355,0.0013625791762024164
sample_06,11400,13403,64140.0,8382712.5,0.009138130582869053,0.008815132081508636
sample_06,11400,13404,64145.0,8382712.5,0.017712872475385666,0.009121980518102646
sample_06,11400,13405,64150.0,8382712.5,0.010123243555426598,0.008076798170804977
sample_06,11400,13406,64155.0,8382712.5,0.003479026025161147,0.005671362392604351
sample_06,11400,13407,64160.0,8382712.5,0.0029390803538262844,0.0020331148989498615
sample_06,11400,13408,64165.0,8382712.5,0.003409501165151596,0.00024317458155564964
sample_06,11400,13409,64170.0,8382712.5,0.007034219801425934,0.0034637448843568563
sample_06,11400,13410,64175.0,8382712.5,0.00845812726765871,0.0018643767107278109
sample_06,11400,13411,64180.0,8382712.5,0.004660560749471188,0.0019042101921513677
sample_06,11400,13412,64185.0,8382712.5,0.008253412321209908,0.0036859605461359024
sample_06,11400,13413,64190.0,8382712.5,0.0071436879225075245,0.007171442732214928
sample_06,11400,13414,64195.0,8382712.5,0.00764042604714632,0.007059457711875439
sample_06,11400,13415,64200.0,8382712.5,0.003907017409801483,0.009366660378873348
sample_06,11400,13416,64205.0,8382712.5,0.015242102555930614,0.006181131117045879
sample_06,11400,13417,64210.0,8382712.5,0.00514626270160079,0.007066084071993828
sample_06,11400,13418,64215.0,8382712.5,0.0026463535614311695,0.004636652301996946
sample_06,11400,13419,64220.0,8382712.5,0.0027297907508909702,0.002348793437704444
sample_06,11400,13420,64225.0,8382712.5,0.009667471051216125,0.0023313225246965885
sample_06,11400,13421,64230.0,8382712.5,0.008000578731298447,0.002675466937944293
sample_06,11400,13422,64235.0,8382712.5,0.009079789742827415,0.0011879017110913992
sample_06,11400,13423,64240.0,8382712.5,0.008534610271453857,0.003044778248295188
sample_06,11400,13424,64245.0,8382712.5,0.0200527124106884,0.002725407714024186
sample_06,11401,13386,64055.0,8382702.5,0.00841610599309206,0.013933482579886913
sample_06,11401,13387,64060.0,8382702.5,0.005806191824376583,0.0031395466066896915
sample_06,11401,13388,64065.0,8382702.5,0.01155894622206688,0.008071205578744411
sample_06,11401,13389,64070.0,8382702.5,0.026601985096931458,0.0029860069043934345
sample_06,11401,13390,64075.0,8382702.5,0.013152295723557472,0.00041882158257067204
sample_06,11401,13391,64080.0,8382702.5,0.01380997896194458,0.004396833013743162
sample_06,11401,13392,64085.0,8382702.5,0.017855938524007797,0.006801777984946966
sample_06,11401,13393,64090.0,8382702.5,0.015427016653120518,0.004604846704751253
sample_06,11401,13394,64095.0,8382702.5,0.01264702808111906,0.007431569509208202
sample_06,11401,13395,64100.0,8382702.5,0.01617301255464554,0.0018091676756739616
sample_06,11401,13396,64105.0,8382702.5,0.0058983187191188335,0.005859367549419403
sample_06,11401,13397,64110.0,8382702.5,0.013872017152607441,0.003438700223341584
sample_06,11401,13398,64115.0,8382702.5,0.006723546423017979,0.004401806741952896
sample_06,11401,13399,64120.0,8382702.5,0.027283351868391037,0.0022839028388261795
sample_06,11401,13400,64125.0,8382702.5,0.004691467620432377,0.004681682214140892
sample_06,11401,13401,64130.0,8382702.5,0.006322001107037067,0.005162663757801056
sample_06,11401,13402,64135.0,8382702.5,0.004827065858989954,0.002683904953300953
sample_06,11401,13403,64140.0,8382702.5,0.014208810403943062,0.004284725524485111
sample_06,11401,13404,64145.0,8382702.5,0.010191211476922035,0.002211403101682663
sample_06,11401,13405,64150.0,8382702.5,0.016040896996855736,0.0074755484238266945
sample_06,11401,13406,64155.0,8382702.5,0.04110496863722801,0.0017927323933690786
sample_06,11401,13407,64160.0,8382702.5,0.007991836406290531,0.004057526588439941
sample_06,11401,13408,64165.0,8382702.5,0.007444207090884447,0.009917689487338066
sample_06,11401,13409,64170.0,8382702.5,0.006174703128635883,0.0043876697309315205
sample_06,11401,13410,64175.0,8382702.5,0.017486363649368286,0.00913955271244049
sample_06,11401,13411,64180.0,8382702.5,0.01042932365089655,0.003763440065085888
sample_06,11401,13412,64185.0,8382702.5,0.023024000227451324,0.0016072533326223493
sample_06,11401,13413,64190.0,8382702.5,0.003735852660611272,0.015514514409005642
sample_06,11401,13414,64195.0,8382702.5,0.002599736675620079,0.004608542192727327
sample_06,11401,13415,64200.0,8382702.5,0.018697693943977356,0.0005088226171210408
sample_06,11401,13416,64205.0,8382702.5,0.002246781950816512,0.0025837270077317953
sample_06,11401,13417,64210.0,8382702.5,0.004921698942780495,0.0024145725183188915
sample_06,11401,13418,64215.0,8382702.5,0.008443905040621758,0.014098924584686756
sample_06,11401,13419,64220.0,8382702.5,0.03412914276123047,0.0037021508906036615
sample_06,11401,13420,64225.0,8382702.5,0.0066775791347026825,0.0021026514004915953
sample_06,11401,13421,64230.0,8382702.5,0.007853380404412746,0.0034474392887204885
sample_06,11401,13422,64235.0,8382702.5,0.006721675395965576,0.0025207772850990295
sample_06,11401,13423,64240.0,8382702.5,0.008973734453320503,0.0038110765162855387
sample_06,11401,13424,64245.0,8382702.5,0.0025379424914717674,0.0032603228464722633
sample_06,11402,13386,64055.0,8382692.5,0.02447652257978916,0.007224255707114935
sample_06,11402,13387,64060.0,8382692.5,0.007827145047485828,0.0032432377338409424
sample_06,11402,13388,64065.0,8382692.5,0.005799894221127033,0.006949606351554394
sample_06,11402,13389,64070.0,8382692.5,0.007562557701021433,0.0032491076271981
sample_06,11402,13390,64075.0,8382692.5,0.004477840382605791,0.008816258981823921
sample_06,11402,13391,64080.0,8382692.5,0.005328224040567875,0.014560192823410034
sample_06,11402,13392,64085.0,8382692.5,0.005370927508920431,0.0033605133648961782
sample_06,11402,13393,64090.0,8382692.5,0.011079413816332817,0.001638823770917952
sample_06,11402,13394,64095.0,8382692.5,0.017919188365340233,0.01612386479973793
sample_06,11402,13395,64100.0,8382692.5,0.013543523848056793,0.007251151371747255
sample_06,11402,13396,64105.0,8382692.5,0.012524592690169811,0.004946201108396053
sample_06,11402,13397,64110.0,8382692.5,0.02227955497801304,0.006064006593078375
sample_06,11402,13398,64115.0,8382692.5,0.009202035143971443,0.003453737124800682
sample_06,11402,13399,64120.0,8382692.5,0.006288179196417332,0.007378112990409136
sample_06,11402,13400,64125.0,8382692.5,0.0021096125710755587,0.0030994070693850517
sample_06,11402,13401,64130.0,8382692.5,0.0024855020456016064,0.0004092163289897144
sample_06,11402,13402,64135.0,8382692.5,0.00862072966992855,0.0013550615403801203
sample_06,11402,13403,64140.0,8382692.5,0.006470777094364166,0.0035295793786644936
sample_06,11402,13404,64145.0,8382692.5,0.010464888997375965,0.005343979224562645
sample_06,11402,13405,64150.0,8382692.5,0.01550242118537426,0.0087644774466753
sample_06,11402,13406,64155.0,8382692.5,0.008783731609582901,0.016390446573495865
sample_06,11402,13407,64160.0,8382692.5,0.015077440068125725,0.0030675132293254137
sample_06,11402,13408,64165.0,8382692.5,0.014611486345529556,0.0033513924572616816
sample_06,11402,13409,64170.0,8382692.5,0.012310940772294998,0.002666443819180131
sample_06,11402,13410,64175.0,8382692.5,0.014895940199494362,0.0055015976540744305
sample_06,11402,13411,64180.0,8382692.5,0.005886436440050602,0.0013204963179305196
sample_06,11402,13412,64185.0,8382692.5,0.008162355050444603,0.003111808327957988
sample_06,11402,13413,64190.0,8382692.5,0.003372752107679844,0.002117434050887823
sample_06,11402,13414,64195.0,8382692.5,0.0016456416342407465,0.006355098448693752
sample_06,11402,13415,64200.0,8382692.5,0.01680983603000641,0.00490614864975214
sample_06,11402,13416,64205.0,8382692.5,0.0061608413234353065,0.006276444997638464
sample_06,11402,13417,64210.0,8382692.5,0.005936306901276112,0.004585644230246544
sample_06,11402,13418,64215.0,8382692.5,0.007964558899402618,0.0004270244389772415
sample_06,11402,13419,64220.0,8382692.5,0.0027467969339340925,0.008226615376770496
sample_06,11402,13420,64225.0,8382692.5,0.018963435664772987,0.001508813351392746
sample_06,11402,13421,64230.0,8382692.5,0.00636387849226594,0.00972417276352644
sample_06,11402,13422,64235.0,8382692.5,0.003782411105930805,0.009166039526462555
sample_06,11402,13423,64240.0,8382692.5,0.003989032004028559,0.0026263974141329527
sample_06,11402,13424,64245.0,8382692.5,0.010988868772983551,0.0023741230834275484
sample_06,11403,13386,64055.0,8382682.5,0.009247679263353348,6.803156429668888e-05
sample_06,11403,13387,64060.0,8382682.5,0.007993273437023163,0.013069964945316315
sample_06,11403,13388,64065.0,8382682.5,0.012387992814183235,0.01139960065484047
sample_06,11403,13389,64070.0,8382682.5,0.011178525164723396,0.004905098117887974
sample_06,11403,13390,64075.0,8382682.5,0.02888346090912819,0.0017642439343035221
sample_06,11403,13391,64080.0,8382682.5,0.0026907832361757755,0.000972030102275312
sample_06,11403,13392,64085.0,8382682.5,0.004862032365053892,0.003919291775673628
sample_06,11403,13393,64090.0,8382682.5,0.009696769528090954,0.0023714033886790276
sample_06,11403,13394,64095.0,8382682.5,0.00408861692994833,0.0074483915232121944
sample_06,11403,13395,64100.0,8382682.5,0.014359972439706326,0.0036407839506864548
sample_06,11403,13396,64105.0,8382682.5,0.01254469808191061,0.005278942175209522
sample_06,11403,13397,64110.0,8382682.5,0.013569016009569168,0.0006486935308203101
sample_06,11403,13398,64115.0,8382682.5,0.007904215715825558,0.005726286210119724
sample_06,11403,13399,64120.0,8382682.5,0.03601240739226341,0.0035607449244707823
sample_06,11403,13400,64125.0,8382682.5,0.0019760162103921175,0.0025808936916291714
sample_06,11403,13401,64130.0,8382682.5,0.008769731968641281,0.004370063543319702
sample_06,11403,13402,64135.0,8382682.5,0.00692717032507062,0.0021723718382418156
sample_06,11403,13403,64140.0,8382682.5,0.003052488900721073,0.009429608471691608
sample_06,11403,13404,64145.0,8382682.5,0.003467446193099022,0.006656690500676632
sample_06,11403,13405,64150.0,8382682.5,0.0002637481375131756,0.002255044411867857
sample_06,11403,13406,64155.0,8382682.5,0.010957837104797363,0.0031296401284635067
sample_06,11403,13407,64160.0,8382682.5,0.010748567059636116,0.002204083139076829
sample_06,11403,13408,64165.0,8382682.5,0.0006786807789467275,0.013275239616632462
sample_06,11403,13409,64170.0,8382682.5,0.02871052175760269,0.005241863429546356
sample_06,11403,13410,64175.0,8382682.5,0.013514239341020584,0.005845897831022739
sample_06,11403,13411,64180.0,8382682.5,0.00898358877748251,0.004698785021901131
sample_06,11403,13412,64185.0,8382682.5,0.006514563690871,0.004715185612440109
sample_06,11403,13413,64190.0,8382682.5,0.010649249888956547,0.0030207508243620396
sample_06,11403,13414,64195.0,8382682.5,0.012083195149898529,0.00598227558657527
sample_06,11403,13415,64200.0,8382682.5,0.01339040882885456,0.0034065479412674904
sample_06,11403,13416,64205.0,8382682.5,0.017440738156437874,0.007238732650876045
sample_06,11403,13417,64210.0,8382682.5,0.00496036047115922,0.0006804194999858737
sample_06,11403,13418,64215.0,8382682.5,0.01094187330454588,0.0031895071733742952
sample_06,11403,13419,64220.0,8382682.5,0.007514846045523882,0.0024035619571805
sample_06,11403,13420,64225.0,8382682.5,0.013802089728415012,0.00610071886330843
sample_06,11403,13421,64230.0,8382682.5,0.020606420934200287,0.00047741824528202415
sample_06,11403,13422,64235.0,8382682.5,0.0180448479950428,0.00419755931943655
sample_06,11403,13423,64240.0,8382682.5,0.00546684255823493,0.003714090446010232
sample_06,11403,13424,64245.0,8382682.5,0.010058916173875332,0.0011268282542005181
sample_06,11404,13386,64055.0,8382672.5,0.0294530987739563,0.0012051045196130872
sample_06,11404,13387,64060.0,8382672.5,0.017593251541256905,0.013668197207152843
sample_06,11404,13388,64065.0,8382672.5,0.0014548071194440126,0.004537712782621384
sample_06,11404,13389,64070.0,8382672.5,0.004600427113473415,0.0006196396425366402
sample_06,11404,13390,64075.0,8382672.5,0.007444353774189949,0.002314542653039098
sample_06,11404,13391,64080.0,8382672.5,0.030638976022601128,0.00814412534236908
sample_06,11404,13392,64085.0,8382672.5,0.015565267764031887,0.0066754682920873165
sample_06,11404,13393,64090.0,8382672.5,0.00927510391920805,0.0015721138333901763
sample_06,11404,13394,64095.0,8382672.5,0.004685505293309689,0.0025924250949174166
sample_06,11404,13395,64100.0,8382672.5,0.015328380279242992,0.003236284013837576
sample_06,11404,13396,64105.0,8382672.5,0.017650682479143143,0.004934066440910101
sample_06,11404,13397,64110.0,8382672.5,0.000965702929534018,0.003216305049136281
sample_06,11404,13398,64115.0,8382672.5,0.01199034508317709,0.004631259478628635
sample_06,11404,13399,64120.0,8382672.5,0.008380463346838951,0.006822995375841856
sample_06,11404,13400,64125.0,8382672.5,0.007369298487901688,0.0016280272975564003
sample_06,11404,13401,64130.0,8382672.5,0.01389772817492485,0.003534690709784627
sample_06,11404,13402,64135.0,8382672.5,0.010079297237098217,0.007897801697254181
sample_06,11404,13403,64140.0,8382672.5,0.002929236041381955,0.00022766977781429887
sample_06,11404,13404,64145.0,8382672.5,0.0040514408610761166,0.007849840447306633
sample_06,11404,13405,64150.0,8382672.5,0.007967826910316944,0.010303039103746414
sample_06,11404,13406,64155.0,8382672.5,0.011095214635133743,0.014496736228466034
sample_06,11404,13407,64160.0,8382672.5,0.00819201860576868,0.005747636780142784
sample_06,11404,13408,64165.0,8382672.5,0.004089535214006901,0.012664002366364002
sample_06,11404,13409,64170.0,8382672.5,0.013058304786682129,0.0004135497147217393
sample_06,11404,13410,64175.0,8382672.5,0.025676803663372993,0.001784014981240034
sample_06,11404,13411,64180.0,8382672.5,0.02043468877673149,0.004992708098143339
sample_06,11404,13412,64185.0,8382672.5,0.009694626554846764,0.0007152809994295239
sample_06,11404,13413,64190.0,8382672.5,0.017014523968100548,0.0011185292387381196
sample_06,11404,13414,64195.0,8382672.5,0.015642335638403893,0.001100019202567637
sample_06,11404,13415,64200.0,8382672.5,0.00845647044479847,0.007911947555840015
sample_06,11404,13416,64205.0,8382672.5,0.0009010768844746053,0.0055915177799761295
sample_06,11404,13417,64210.0,8382672.5,0.01208459585905075,0.0010854480788111687
sample_06,11404,13418,64215.0,8382672.5,0.011693978682160378,0.012079010717570782
sample_06,11404,13419,64220.0,8382672.5,0.009592228569090366,0.0044196415692567825
sample_06,11404,13420,64225.0,8382672.5,0.017559606581926346,0.00840237457305193
sample_06,11404,13421,64230.0,8382672.5,0.00825574528425932,0.008224138990044594
sample_06,11404,13422,64235.0,8382672.5,0.019535554572939873,0.007217081263661385
sample_06,11404,13423,64240.0,8382672.5,0.0011295758886262774,0.008121039718389511
sample_06,11404,13424,64245.0,8382672.5,0.008214162662625313,0.0037856223061680794
sample_06,11405,13386,64055.0,8382662.5,0.017924049869179726,0.0018435686361044645
sample_06,11405,13387,64060.0,8382662.5,0.028410660102963448,0.0018195746233686805
sample_06,11405,13388,64065.0,8382662.5,0.030425913631916046,0.0008257870795205235
sample_06,11405,13389,64070.0,8382662.5,0.006019970867782831,0.004399079829454422
sample_06,11405,13390,64075.0,8382662.5,0.008455056697130203,0.006613029167056084
sample_06,11405,13391,64080.0,8382662.5,0.006053675897419453,0.006329213734716177
sample_06,11405,13392,64085.0,8382662.5,0.007522481493651867,0.000317629222990945
sample_06,11405,13393,64090.0,8382662.5,0.016501732170581818,0.01002488099038601
sample_06,11405,13394,64095.0,8382662.5,0.008446641266345978,0.0035887558478862047
sample_06,11405,13395,64100.0,8382662.5,0.020665008574724197,0.0090417992323637
sample_06,11405,13396,64105.0,8382662.5,0.013202978298068047,0.0013008263194933534
sample_06,11405,13397,64110.0,8382662.5,0.009603953920304775,0.007397763896733522
sample_06,11405,13398,64115.0,8382662.5,0.005430908873677254,0.005177569575607777
sample_06,11405,13399,64120.0,8382662.5,0.0039049407932907343,0.0014362509828060865
sample_06,11405,13400,64125.0,8382662.5,0.0013003683416172862,0.002524510957300663
sample_06,11405,13401,64130.0,8382662.5,0.010119154118001461,0.0041600726544857025
sample_06,11405,13402,64135.0,8382662.5,0.010790552012622356,0.006510521750897169
sample_06,11405,13403,64140.0,8382662.5,0.012315656989812851,0.0034496234729886055
sample_06,11405,13404,64145.0,8382662.5,0.0049481759779155254,0.0021803476847708225
sample_06,11405,13405,64150.0,8382662.5,0.00874247308820486,0.0037288658786565065
sample_06,11405,13406,64155.0,8382662.5,0.021128909662365913,0.0063135139644145966
sample_06,11405,13407,64160.0,8382662.5,0.006100136786699295,0.0036985280457884073
sample_06,11405,13408,64165.0,8382662.5,0.004630135837942362,0.0006898892461322248
sample_06,11405,13409,64170.0,8382662.5,0.00948764942586422,0.0026076415088027716
sample_06,11405,13410,64175.0,8382662.5,0.0030488106422126293,0.002188770566135645
sample_06,11405,13411,64180.0,8382662.5,0.006314709782600403,0.003525333944708109
sample_06,11405,13412,64185.0,8382662.5,0.004566199146211147,0.009369337931275368
sample_06,11405,13413,64190.0,8382662.5,0.01836594194173813,0.005488367285579443
sample_06,11405,13414,64195.0,8382662.5,0.004215993452817202,0.0005708991084247828
sample_06,11405,13415,64200.0,8382662.5,0.00346427783370018,0.0010828787926584482
sample_06,11405,13416,64205.0,8382662.5,0.02301666885614395,0.002384329680353403
sample_06,11405,13417,64210.0,8382662.5,0.018666554242372513,0.0012361470144242048
sample_06,11405,13418,64215.0,8382662.5,0.00483101699501276,0.00476334011182189
sample_06,11405,13419,64220.0,8382662.5,0.0038230835925787687,0.007056744769215584
sample_06,11405,13420,64225.0,8382662.5,0.0048094745725393295,0.005160631611943245
sample_06,11405,13421,64230.0,8382662.5,0.007536797318607569,0.010973685421049595
sample_06,11405,13422,64235.0,8382662.5,0.02767779678106308,0.008330626413226128
sample_06,11405,13423,64240.0,8382662.5,0.005273348186165094,0.0050600613467395306
sample_06,11405,13424,64245.0,8382662.5,0.0017354462761431932,0.004904785193502903
sample_06,11406,13386,64055.0,8382652.5,0.01735687255859375,0.008357183076441288
sample_06,11406,13387,64060.0,8382652.5,0.00662264134734869,0.004212200175970793
sample_06,11406,13388,64065.0,8382652.5,0.012291572988033295,0.0017211113590747118
sample_06,11406,13389,64070.0,8382652.5,0.011635304428637028,0.006748449057340622
sample_06,11406,13390,64075.0,8382652.5,0.0018216983880847692,0.0016921339556574821
sample_06,11406,13391,64080.0,8382652.5,0.0051460047252476215,0.0027186251245439053
sample_06,11406,13392,64085.0,8382652.5,0.012592351995408535,0.0003185812383890152
sample_06,11406,13393,64090.0,8382652.5,0.0061426665633916855,0.00027153437258675694
sample_06,11406,13394,64095.0,8382652.5,0.002301693893969059,0.004675709642469883
sample_06,11406,13395,64100.0,8382652.5,0.004156790673732758,0.006864352151751518
sample_06,11406,13396,64105.0,8382652.5,0.001987041439861059,0.016534695401787758
sample_06,11406,13397,64110.0,8382652.5,0.018866579979658127,0.010302796959877014
sample_06,11406,13398,64115.0,8382652.5,0.012863672338426113,0.004361146595329046
sample_06,11406,13399,64120.0,8382652.5,0.014472611248493195,0.005975187290459871
sample_06,11406,13400,64125.0,8382652.5,0.010670246556401253,0.0034592142328619957
sample_06,11406,13401,64130.0,8382652.5,0.01213889941573143,0.002265568356961012
sample_06,11406,13402,64135.0,8382652.5,0.009771265089511871,0.0089636892080307
sample_06,11406,13403,64140.0,8382652.5,0.01605713553726673,0.014638103544712067
sample_06,11406,13404,64145.0,8382652.5,0.010713783092796803,0.005102868191897869
sample_06,11406,13405,64150.0,8382652.5,0.0032220655120909214,0.0019952734000980854
sample_06,11406,13406,64155.0,8382652.5,0.015997791662812233,0.0035640057176351547
sample_06,11406,13407,64160.0,8382652.5,0.01350400596857071,0.007430661004036665
sample_06,11406,13408,64165.0,8382652.5,0.0147702656686306,0.0026650300715118647
sample_06,11406,13409,64170.0,8382652.5,0.0004522311792243272,0.003007151884958148
sample_06,11406,13410,64175.0,8382652.5,0.004659986589103937,0.004014798905700445
sample_06,11406,13411,64180.0,8382652.5,0.008060452528297901,0.012010123580694199
sample_06,11406,13412,64185.0,8382652.5,0.0003467335773166269,0.000795255764387548
sample_06,11406,13413,64190.0,8382652.5,0.013400595635175705,0.008839120157063007
sample_06,11406,13414,64195.0,8382652.5,0.013362225145101547,0.00131616008002311
sample_06,11406,13415,64200.0,8382652.5,0.006063397042453289,0.016950542107224464
sample_06,11406,13416,64205.0,8382652.5,0.004458512645214796,0.011246029287576675
sample_06,11406,13417,64210.0,8382652.5,0.0009784976718947291,0.0025922167114913464
sample_06,11406,13418,64215.0,8382652.5,0.010941922664642334,0.0010300251888111234
sample_06,11406,13419,64220.0,8382652.5,0.0018603079952299595,0.004247207660228014
sample_06,11406,13420,64225.0,8382652.5,0.01101758424192667,0.006415442563593388
sample_06,11406,13421,64230.0,8382652.5,0.001477444893680513,0.010575477033853531
sample_06,11406,13422,64235.0,8382652.5,0.002133406698703766,0.0013605216518044472
sample_06,11406,13423,64240.0,8382652.5,0.014321910217404366,0.004544834140688181
sample_06,11406,13424,64245.0,8382652.5,0.015061168000102043,0.003324823919683695
sample_06,11407,13386,64055.0,8382642.5,0.007609585765749216,0.005231218878179789
sample_06,11407,13387,64060.0,8382642.5,0.00709877535700798,0.0035492179449647665
sample_06,11407,13388,64065.0,8382642.5,0.004947911947965622,0.004099668934941292
sample_06,11407,13389,64070.0,8382642.5,0.005302839912474155,0.005274094641208649
sample_06,11407,13390,64075.0,8382642.5,0.005185604561120272,0.004590398631989956
sample_06,11407,13391,64080.0,8382642.5,0.003485610708594322,0.00625603087246418
sample_06,11407,13392,64085.0,8382642.5,0.001929956953972578,0.00824456661939621
sample_06,11407,13393,64090.0,8382642.5,0.00943632423877716,0.0047569177113473415
sample_06,11407,13394,64095.0,8382642.5,0.01397416926920414,0.013161814771592617
sample_06,11407,13395,64100.0,8382642.5,0.0050481646321713924,0.0010041064815595746
sample_06,11407,13396,64105.0,8382642.5,0.010075025260448456,0.0028930953703820705
sample_06,11407,13397,64110.0,8382642.5,0.0006158353644423187,0.013009883463382721
sample_06,11407,13398,64115.0,8382642.5,0.012584812939167023,0.013134824112057686
sample_06,11407,13399,64120.0,8382642.5,0.02582704648375511,0.004471280612051487
sample_06,11407,13400,64125.0,8382642.5,0.008815682493150234,0.006599840708076954
sample_06,11407,13401,64130.0,8382642.5,0.005659362766891718,0.001458992250263691
sample_06,11407,13402,64135.0,8382642.5,0.010635589249432087,0.0017589688068255782
sample_06,11407,13403,64140.0,8382642.5,0.006798283662647009,0.0030018945690244436
sample_06,11407,13404,64145.0,8382642.5,0.011242746375501156,0.0034743291325867176
sample_06,11407,13405,64150.0,8382642.5,0.02588571608066559,0.004921245388686657
sample_06,11407,13406,64155.0,8382642.5,0.011119636707007885,0.003421566914767027
sample_06,11407,13407,64160.0,8382642.5,0.01227377075701952,0.0012469792272895575
sample_06,11407,13408,64165.0,8382642.5,0.005780444480478764,0.012028628960251808
sample_06,11407,13409,64170.0,8382642.5,0.0027411426417529583,0.013439778238534927
sample_06,11407,13410,64175.0,8382642.5,0.006717267446219921,0.0033858870156109333
sample_06,11407,13411,64180.0,8382642.5,0.00915652047842741,0.011057468131184578
sample_06,11407,13412,64185.0,8382642.5,0.02016225829720497,0.0017907069995999336
sample_06,11407,13413,64190.0,8382642.5,0.02523016929626465,0.004816174041479826
sample_06,11407,13414,64195.0,8382642.5,0.007044697646051645,0.0037573666777461767
sample_06,11407,13415,64200.0,8382642.5,0.004266663454473019,0.0005669777747243643
sample_06,11407,13416,64205.0,8382642.5,0.0038047991693019867,0.004517667926847935
sample_06,11407,13417,64210.0,8382642.5,0.010294023901224136,0.008555019274353981
sample_06,11407,13418,64215.0,8382642.5,0.00863734446465969,0.008019471541047096
sample_06,11407,13419,64220.0,8382642.5,0.011149592697620392,0.0014628046192228794
sample_06,11407,13420,64225.0,8382642.5,0.030005691573023796,0.005610238295048475
sample_06,11407,13421,64230.0,8382642.5,0.008597288280725479,0.0045458911918103695
sample_06,11407,13422,64235.0,8382642.5,0.0159672349691391,0.0010910407872870564
sample_06,11407,13423,64240.0,8382642.5,0.018029995262622833,0.00821741670370102
sample_06,11407,13424,64245.0,8382642.5,0.005855061579495668,0.008086122572422028
sample_06,11408,13386,64055.0,8382632.5,0.002632218413054943,0.0010795379057526588
sample_06,11408,13387,64060.0,8382632.5,0.013173189014196396,0.007042302750051022
sample_06,11408,13388,64065.0,8382632.5,0.0030233669094741344,0.005673523060977459
sample_06,11408,13389,64070.0,8382632.5,0.0030670096166431904,0.0018706240225583315
sample_06,11408,13390,64075.0,8382632.5,0.009802897460758686,0.004961012862622738
sample_06,11408,13391,64080.0,8382632.5,0.02253178507089615,0.0039046371821314096
sample_06,11408,13392,64085.0,8382632.5,0.012586046010255814,0.002064760774374008
sample_06,11408,13393,64090.0,8382632.5,0.009338555857539177,0.004283609800040722
sample_06,11408,13394,64095.0,8382632.5,0.004213219974189997,0.0019916482269763947
sample_06,11408,13395,64100.0,8382632.5,0.004040693864226341,0.0045576076954603195
sample_06,11408,13396,64105.0,8382632.5,0.002939675934612751,0.0006285708514042199
sample_06,11408,13397,64110.0,8382632.5,0.008789325132966042,0.007991362363100052
sample_06,11408,13398,64115.0,8382632.5,0.00786071177572012,0.005213463678956032
sample_06,11408,13399,64120.0,8382632.5,0.007249168120324612,0.004224792122840881
sample_06,11408,13400,64125.0,8382632.5,0.007508137263357639,0.007364060264080763
sample_06,11408,13401,64130.0,8382632.5,0.003992513753473759,0.0026257075369358063
sample_06,11408,13402,64135.0,8382632.5,0.002039930783212185,0.002650626003742218
sample_06,11408,13403,64140.0,8382632.5,0.00567575404420495,0.005263203289359808
sample_06,11408,13404,64145.0,8382632.5,0.007420537061989307,0.0018389965407550335
sample_06,11408,13405,64150.0,8382632.5,0.018106969073414803,0.0019484254298731685
sample_06,11408,13406,64155.0,8382632.5,0.0279100202023983,0.007580562494695187
sample_06,11408,13407,64160.0,8382632.5,0.003842855105176568,0.010662535205483437
sample_06,11408,13408,64165.0,8382632.5,0.010703365318477154,0.0014045792631804943
sample_06,11408,13409,64170.0,8382632.5,0.0006541034090332687,0.00484826834872365
sample_06,11408,13410,64175.0,8382632.5,0.013146932236850262,0.005248790606856346
sample_06,11408,13411,64180.0,8382632.5,0.0013965883990749717,0.002612719079479575
sample_06,11408,13412,64185.0,8382632.5,0.01626761071383953,0.0013923095539212227
sample_06,11408,13413,64190.0,8382632.5,0.012082112021744251,0.0020691086538136005
sample_06,11408,13414,64195.0,8382632.5,0.013296452350914478,0.0006450452492572367
sample_06,11408,13415,64200.0,8382632.5,0.03675518184900284,0.004256475251168013
sample_06,11408,13416,64205.0,8382632.5,0.003559853183105588,0.004888684023171663
sample_06,11408,13417,64210.0,8382632.5,0.00383848138153553,0.010868478566408157
sample_06,11408,13418,64215.0,8382632.5,0.01699163392186165,0.012853898108005524
sample_06,11408,13419,64220.0,8382632.5,0.01352677121758461,0.001234331401064992
sample_06,11408,13420,64225.0,8382632.5,0.011040260083973408,0.006288626231253147
sample_06,11408,13421,64230.0,8382632.5,0.004070200491696596,0.002664429834112525
sample_06,11408,13422,64235.0,8382632.5,0.007731961086392403,0.022853238508105278
sample_06,11408,13423,64240.0,8382632.5,0.008129747584462166,0.0035544775892049074
sample_06,11408,13424,64245.0,8382632.5,0.007605612277984619,0.0029162196442484856
sample_06,11409,13386,64055.0,8382622.5,0.007823152467608452,0.0007476982427760959
sample_06,11409,13387,64060.0,8382622.5,0.001584996934980154,0.0026476364582777023
sample_06,11409,13388,64065.0,8382622.5,0.0062028225511312485,0.004945156630128622
sample_06,11409,13389,64070.0,8382622.5,0.0019612114410847425,0.010477244853973389
sample_06,11409,13390,64075.0,8382622.5,0.008403565734624863,0.003924658987671137
sample_06,11409,13391,64080.0,8382622.5,0.003282118821516633,0.0014001205563545227
sample_06,11409,13392,64085.0,8382622.5,0.011249086819589138,0.0019979258067905903
sample_06,11409,13393,64090.0,8382622.5,0.009133937768638134,0.006413029972463846
sample_06,11409,13394,64095.0,8382622.5,0.014639397151768208,0.00011644569167401642
sample_06,11409,13395,64100.0,8382622.5,0.004533078521490097,0.0057616084814071655
sample_06,11409,13396,64105.0,8382622.5,0.006646426860243082,0.004045921377837658
sample_06,11409,13397,64110.0,8382622.5,0.0018674349412322044,0.00248709786683321
sample_06,11409,13398,64115.0,8382622.5,0.012058792635798454,0.003073070663958788
sample_06,11409,13399,64120.0,8382622.5,0.011306317523121834,0.002301119966432452
sample_06,11409,13400,64125.0,8382622.5,0.0114860525354743,0.008389762602746487
sample_06,11409,13401,64130.0,8382622.5,0.004617615137249231,0.0027095156256109476
sample_06,11409,13402,64135.0,8382622.5,0.0216522216796875,0.002863937523216009
sample_06,11409,13403,64140.0,8382622.5,0.00819262582808733,0.004006457515060902
sample_06,11409,13404,64145.0,8382622.5,0.009835992939770222,0.003034331602975726
sample_06,11409,13405,64150.0,8382622.5,0.006257988046854734,0.0024399138055741787
sample_06,11409,13406,64155.0,8382622.5,0.010436233133077621,0.004419504664838314
sample_06,11409,13407,64160.0,8382622.5,0.001710286713205278,0.004170212894678116
sample_06,11409,13408,64165.0,8382622.5,0.00402285810559988,0.00767506193369627
sample_06,11409,13409,64170.0,8382622.5,0.009980129078030586,0.0010947590926662087
sample_06,11409,13410,64175.0,8382622.5,0.0027824006974697113,0.0044745225459337234
sample_06,11409,13411,64180.0,8382622.5,0.02144724875688553,0.0038867138791829348
sample_06,11409,13412,64185.0,8382622.5,0.00947432778775692,0.00608099065721035
sample_06,11409,13413,64190.0,8382622.5,0.013815633952617645,0.010563835501670837
sample_06,11409,13414,64195.0,8382622.5,0.007299669552594423,0.00588069437071681
sample_06,11409,13415,64200.0,8382622.5,0.0017917284276336432,0.002831602469086647
sample_06,11409,13416,64205.0,8382622.5,0.009082060307264328,0.001263003214262426
sample_06,11409,13417,64210.0,8382622.5,0.017277587205171585,0.000813431921415031
sample_06,11409,13418,64215.0,8382622.5,0.011786139570176601,0.011137313209474087
sample_06,11409,13419,64220.0,8382622.5,0.01397542655467987,0.0009391074418090284
sample_06,11409,13420,64225.0,8382622.5,0.009000490419566631,0.0038765445351600647
sample_06,11409,13421,64230.0,8382622.5,0.0050809686072170734,0.0041421870701014996
sample_06,11409,13422,64235.0,8382622.5,0.015821505337953568,0.0012885790783911943
sample_06,11409,13423,64240.0,8382622.5,0.0030686312820762396,0.0012529604136943817
sample_06,11409,13424,64245.0,8382622.5,0.021790118888020515,0.008156481198966503
sample_06,11410,13386,64055.0,8382612.5,0.004625625908374786,0.0098218759521842
sample_06,11410,13387,64060.0,8382612.5,0.009938357397913933,0.0007435043808072805
sample_06,11410,13388,64065.0,8382612.5,0.005871142260730267,0.004067513160407543
sample_06,11410,13389,64070.0,8382612.5,0.010089938528835773,0.009394589811563492
sample_06,11410,13390,64075.0,8382612.5,0.011340499855577946,0.020662788301706314
sample_06,11410,13391,64080.0,8382612.5,0.004257520195096731,0.008654306642711163
sample_06,11410,13392,64085.0,8382612.5,0.0029160650447010994,0.006738647818565369
sample_06,11410,13393,64090.0,8382612.5,0.016663432121276855,0.0037682089023292065
sample_06,11410,13394,64095.0,8382612.5,0.0013140460941940546,0.002572685480117798
sample_06,11410,13395,64100.0,8382612.5,0.01795070432126522,0.004945654422044754
sample_06,11410,13396,64105.0,8382612.5,0.012939047999680042,0.008040186017751694
sample_06,11410,13397,64110.0,8382612.5,0.009884963743388653,0.001571994973346591
sample_06,11410,13398,64115.0,8382612.5,0.007240524515509605,0.002742989454418421
sample_06,11410,13399,64120.0,8382612.5,0.0065441555343568325,0.0012420143466442823
sample_06,11410,13400,64125.0,8382612.5,0.011281291954219341,0.006512821186333895
sample_06,11410,13401,64130.0,8382612.5,0.017104603350162506,0.00690522650256753
sample_06,11410,13402,64135.0,8382612.5,0.005944150499999523,0.002933428157120943
sample_06,11410,13403,64140.0,8382612.5,0.004367335233837366,0.007169872988015413
sample_06,11410,13404,64145.0,8382612.5,0.004207608290016651,0.0024722416419535875
sample_06,11410,13405,64150.0,8382612.5,0.010315689258277416,0.0022267962340265512
sample_06,11410,13406,64155.0,8382612.5,0.006001109257340431,0.0008694051066413522
sample_06,11410,13407,64160.0,8382612.5,0.006079385057091713,0.00230933609418571
sample_06,11410,13408,64165.0,8382612.5,0.006130805239081383,0.0017048437148332596
sample_06,11410,13409,64170.0,8382612.5,0.0034966228995472193,0.0009695512126199901
sample_06,11410,13410,64175.0,8382612.5,0.011174498125910759,0.007210953626781702
sample_06,11410,13411,64180.0,8382612.5,0.021977711468935013,0.004739103838801384
sample_06,11410,13412,64185.0,8382612.5,0.011404471471905708,0.003396316198632121
sample_06,11410,13413,64190.0,8382612.5,0.015258761122822762,0.0037775528617203236
sample_06,11410,13414,64195.0,8382612.5,0.03659217804670334,0.0052523864433169365
sample_06,11410,13415,64200.0,8382612.5,0.006252428516745567,0.002191288396716118
sample_06,11410,13416,64205.0,8382612.5,0.02747422456741333,0.0011204900220036507
sample_06,11410,13417,64210.0,8382612.5,0.0033250008709728718,0.0032279174774885178
sample_06,11410,13418,64215.0,8382612.5,0.006833987310528755,0.0019923592917621136
sample_06,11410,13419,64220.0,8382612.5,0.013184309005737305,0.0011850222945213318
sample_06,11410,13420,64225.0,8382612.5,0.0013992760796099901,0.006031417287886143
sample_06,11410,13421,64230.0,8382612.5,0.017567016184329987,0.008669305592775345
sample_06,11410,13422,64235.0,8382612.5,0.017341487109661102,0.005838850513100624
sample_06,11410,13423,64240.0,8382612.5,0.017610302194952965,0.005219713784754276
sample_06,11410,13424,64245.0,8382612.5,0.004130485467612743,0.0060979765839874744
sample_06,11411,13386,64055.0,8382602.5,0.018038585782051086,0.0025788708589971066
sample_06,11411,13387,64060.0,8382602.5,0.012028931640088558,0.0007662276620976627
sample_06,11411,13388,64065.0,8382602.5,0.006166136357933283,0.0014974079094827175
sample_06,11411,13389,64070.0,8382602.5,0.0019133043242618442,0.0010870271362364292
sample_06,11411,13390,64075.0,8382602.5,0.013419548980891705,0.003274708753451705
sample_06,11411,13391,64080.0,8382602.5,0.01815885491669178,0.005885272286832333
sample_06,11411,13392,64085.0,8382602.5,0.011425336822867393,0.003234356874600053
sample_06,11411,13393,64090.0,8382602.5,0.00988951325416565,0.005551369860768318
sample_06,11411,13394,64095.0,8382602.5,0.003277842653915286,0.0027739033102989197
sample_06,11411,13395,64100.0,8382602.5,0.005060785915702581,0.004799799993634224
sample_06,11411,13396,64105.0,8382602.5,0.01872989721596241,0.001292762695811689
sample_06,11411,13397,64110.0,8382602.5,0.009775908663868904,0.004781538620591164
sample_06,11411,13398,64115.0,8382602.5,0.02646113559603691,0.004884342662990093
sample_06,11411,13399,64120.0,8382602.5,0.00947510451078415,0.003167410846799612
sample_06,11411,13400,64125.0,8382602.5,0.009785975329577923,0.004194248933345079
sample_06,11411,13401,64130.0,8382602.5,0.009777405299246311,0.008296605199575424
sample_06,11411,13402,64135.0,8382602.5,0.012182764708995819,0.009440279565751553
sample_06,11411,13403,64140.0,8382602.5,0.003754974342882633,0.0016646255971863866
sample_06,11411,13404,64145.0,8382602.5,0.004108921159058809,0.002495852764695883
sample_06,11411,13405,64150.0,8382602.5,0.014539079740643501,0.003086024196818471
sample_06,11411,13406,64155.0,8382602.5,0.00799897126853466,0.0016672980273142457
sample_06,11411,13407,64160.0,8382602.5,0.0011277628364041448,0.0022430112585425377
sample_06,11411,13408,64165.0,8382602.5,0.008825687691569328,0.009599526412785053
sample_06,11411,13409,64170.0,8382602.5,0.010062741115689278,0.01217510737478733
sample_06,11411,13410,64175.0,8382602.5,0.008740274235606194,0.0036040793638676405
sample_06,11411,13411,64180.0,8382602.5,0.018495678901672363,0.0009524921188130975
sample_06,11411,13412,64185.0,8382602.5,0.008536167442798615,0.004080044571310282
sample_06,11411,13413,64190.0,8382602.5,0.012836577370762825,0.0025408947840332985
sample_06,11411,13414,64195.0,8382602.5,0.010248446837067604,0.0007285973406396806
sample_06,11411,13415,64200.0,8382602.5,0.01013877335935831,0.006737392395734787
sample_06,11411,13416,64205.0,8382602.5,0.014522138051688671,0.004870683420449495
sample_06,11411,13417,64210.0,8382602.5,0.0054338909685611725,0.00543186254799366
sample_06,11411,13418,64215.0,8382602.5,0.0013347355416044593,0.009176048450171947
sample_06,11411,13419,64220.0,8382602.5,0.012807460501790047,0.002787057776004076
sample_06,11411,13420,64225.0,8382602.5,0.014327510260045528,0.0027641872875392437
sample_06,11411,13421,64230.0,8382602.5,0.015164252370595932,0.008425382897257805
sample_06,11411,13422,64235.0,8382602.5,0.0026440932415425777,0.006402000319212675
sample_06,11411,13423,64240.0,8382602.5,0.00048810290172696114,0.00023947577574290335
sample_06,11411,13424,64245.0,8382602.5,0.01844141073524952,0.01076561864465475
sample_06,11411,13425,64250.0,8382602.5,0.02031044289469719,0.005104788579046726
sample_06,11412,13387,64060.0,8382592.5,0.004009421914815903,0.004055759869515896
sample_06,11412,13388,64065.0,8382592.5,0.01800810918211937,0.0025197933427989483
sample_06,11412,13389,64070.0,8382592.5,0.007315498776733875,0.002056990284472704
sample_06,11412,13390,64075.0,8382592.5,0.003201167332008481,0.00350578804500401
sample_06,11412,13391,64080.0,8382592.5,0.015841007232666016,0.009578706696629524
sample_06,11412,13392,64085.0,8382592.5,0.0031802658922970295,0.010039515793323517
sample_06,11412,13393,64090.0,8382592.5,0.009913135319948196,0.0010357555001974106
sample_06,11412,13394,64095.0,8382592.5,0.003967037424445152,0.0039862641133368015
sample_06,11412,13395,64100.0,8382592.5,0.0025709187611937523,0.006575967185199261
sample_06,11412,13396,64105.0,8382592.5,0.0035996357910335064,0.009059797041118145
sample_06,11412,13397,64110.0,8382592.5,0.0032323994673788548,0.000916070828679949
sample_06,11412,13398,64115.0,8382592.5,0.008046451956033707,0.006210010033100843
sample_06,11412,13399,64120.0,8382592.5,0.005941856652498245,0.0024272510781884193
sample_06,11412,13400,64125.0,8382592.5,0.007762680761516094,0.0030503212474286556
sample_06,11412,13401,64130.0,8382592.5,0.005696312990039587,0.004352896008640528
sample_06,11412,13402,64135.0,8382592.5,0.013070250861346722,0.007273249793797731
sample_06,11412,13403,64140.0,8382592.5,0.005638314411044121,0.00692326296120882
sample_06,11412,13404,64145.0,8382592.5,0.008815540000796318,0.007593198679387569
sample_06,11412,13405,64150.0,8382592.5,0.024505754932761192,0.0048213801346719265
sample_06,11412,13406,64155.0,8382592.5,0.014041480608284473,0.0013833825942128897
sample_06,11412,13407,64160.0,8382592.5,0.014779720455408096,0.007902623154222965
sample_06,11412,13408,64165.0,8382592.5,0.003893636865541339,0.0018638863693922758
sample_06,11412,13409,64170.0,8382592.5,0.006594272796064615,0.008057113736867905
sample_06,11412,13410,64175.0,8382592.5,0.005186672322452068,0.005435089580714703
sample_06,11412,13411,64180.0,8382592.5,0.013167472556233406,0.0081281503662467
sample_06,11412,13412,64185.0,8382592.5,0.00625243317335844,0.003239790676161647
sample_06,11412,13413,64190.0,8382592.5,0.0005422501708380878,0.003809915389865637
sample_06,11412,13414,64195.0,8382592.5,0.0035974225029349327,0.005476492457091808
sample_06,11412,13415,64200.0,8382592.5,0.006021932698786259,0.006028570234775543
sample_06,11412,13416,64205.0,8382592.5,0.014183326624333858,0.005122714210301638
sample_06,11412,13417,64210.0,8382592.5,0.023799123242497444,0.001045458484441042
sample_06,11412,13418,64215.0,8382592.5,0.025650691241025925,0.008658025413751602
sample_06,11412,13419,64220.0,8382592.5,0.008764194324612617,0.0038643204607069492
sample_06,11412,13420,64225.0,8382592.5,0.012989407405257225,0.0028640879318118095
sample_06,11412,13421,64230.0,8382592.5,0.024412937462329865,0.0050825621001422405
sample_06,11412,13422,64235.0,8382592.5,0.0005596540286205709,0.002239782828837633
sample_06,11412,13423,64240.0,8382592.5,0.01471428107470274,0.001598823699168861
sample_06,11412,13424,64245.0,8382592.5,0.009141203947365284,0.00974357035011053
sample_06,11412,13425,64250.0,8382592.5,0.010998381301760674,0.0020980280824005604
sample_06,11413,13387,64060.0,8382582.5,0.011959311552345753,0.0039478689432144165
sample_06,11413,13388,64065.0,8382582.5,0.005479366518557072,0.004805044271051884
sample_06,11413,13389,64070.0,8382582.5,0.01903391070663929,0.0033359897788614035
sample_06,11413,13390,64075.0,8382582.5,0.0027357395738363266,0.003303246106952429
sample_06,11413,13391,64080.0,8382582.5,0.0082893967628479,0.0001853892463259399
sample_06,11413,13392,64085.0,8382582.5,0.03201496973633766,0.009123030118644238
sample_06,11413,13393,64090.0,8382582.5,0.007738403510302305,0.003738436382263899
sample_06,11413,13394,64095.0,8382582.5,0.002403192687779665,0.002821023343130946
sample_06,11413,13395,64100.0,8382582.5,0.0060267080552875996,0.002191169885918498
sample_06,11413,13396,64105.0,8382582.5,0.016691450029611588,0.003314738627523184
sample_06,11413,13397,64110.0,8382582.5,0.01870010979473591,0.0030745717231184244
sample_06,11413,13398,64115.0,8382582.5,0.007986154407262802,0.007579006254673004
sample_06,11413,13399,64120.0,8382582.5,0.009407197125256062,0.007187306880950928
sample_06,11413,13400,64125.0,8382582.5,0.004390734247863293,0.0026595029048621655
sample_06,11413,13401,64130.0,8382582.5,0.004869427997618914,0.0068134465254843235
sample_06,11413,13402,64135.0,8382582.5,0.007669965270906687,0.0022116340696811676
sample_06,11413,13403,64140.0,8382582.5,0.011964662931859493,0.0010318949352949858
sample_06,11413,13404,64145.0,8382582.5,0.013279635459184647,0.004157684743404388
sample_06,11413,13405,64150.0,8382582.5,0.003874482586979866,0.0038343542255461216
sample_06,11413,13406,64155.0,8382582.5,0.011253111064434052,0.004873150959610939
sample_06,11413,13407,64160.0,8382582.5,0.021447381004691124,0.00670560821890831
sample_06,11413,13408,64165.0,8382582.5,0.01583642140030861,0.0012282708194106817
sample_06,11413,13409,64170.0,8382582.5,0.01092563197016716,0.006283843424171209
sample_06,11413,13410,64175.0,8382582.5,0.0032003389205783606,0.01115360390394926
sample_06,11413,13411,64180.0,8382582.5,0.010493703186511993,0.01498505100607872
sample_06,11413,13412,64185.0,8382582.5,0.010874416679143906,0.0019833906553685665
sample_06,11413,13413,64190.0,8382582.5,0.008161461912095547,0.0018572972621768713
sample_06,11413,13414,64195.0,8382582.5,0.008662753738462925,0.002545095980167389
sample_06,11413,13415,64200.0,8382582.5,0.005348721984773874,0.0027738320641219616
sample_06,11413,13416,64205.0,8382582.5,0.007590374443680048,0.0016349032521247864
sample_06,11413,13417,64210.0,8382582.5,0.013028861954808235,0.0020974306389689445
sample_06,11413,13418,64215.0,8382582.5,0.04003428667783737,0.007564316038042307
sample_06,11413,13419,64220.0,8382582.5,0.03656185790896416,0.0027338871732354164
sample_06,11413,13420,64225.0,8382582.5,0.0037801803555339575,0.001531447982415557
sample_06,11413,13421,64230.0,8382582.5,0.008543822914361954,0.0005549304187297821
sample_06,11413,13422,64235.0,8382582.5,0.012425282970070839,0.003319590585306287
sample_06,11413,13423,64240.0,8382582.5,0.00805959664285183,0.0052804239094257355
sample_06,11413,13424,64245.0,8382582.5,0.014167826622724533,0.00853781308978796
sample_06,11413,13425,64250.0,8382582.5,0.0033975960686802864,0.0024330620653927326
sample_07,12542,51107,252660.0,8371292.5,0.03837447240948677,0.004199833609163761
sample_07,12542,51108,252665.0,8371292.5,0.009805012494325638,0.009281503036618233
sample_07,12542,51109,252670.0,8371292.5,0.004172204993665218,0.004372503608465195
sample_07,12542,51110,252675.0,8371292.5,0.03269480913877487,0.006653180345892906
sample_07,12542,51111,252680.0,8371292.5,0.015613216906785965,0.006629257462918758
sample_07,12542,51112,252685.0,8371292.5,0.03470848873257637,0.003611284773796797
sample_07,12542,51113,252690.0,8371292.5,0.01388881728053093,0.00451562087982893
sample_07,12542,51114,252695.0,8371292.5,0.0015062036691233516,0.0025893906131386757
sample_07,12542,51115,252700.0,8371292.5,0.011424735188484192,0.0003339899703860283
sample_07,12542,51116,252705.0,8371292.5,0.006636422127485275,0.0023156977258622646
sample_07,12542,51117,252710.0,8371292.5,0.01811196655035019,0.0008290827972814441
sample_07,12542,51118,252715.0,8371292.5,0.01615525409579277,0.0015787044540047646
sample_07,12542,51119,252720.0,8371292.5,0.04005998745560646,0.0019158865325152874
sample_07,12542,51120,252725.0,8371292.5,0.01601993665099144,0.008856089785695076
sample_07,12543,51082,252535.0,8371282.5,0.01850462332367897,0.0015569194220006466
sample_07,12543,51083,252540.0,8371282.5,0.035101715475320816,0.0036069918423891068
sample_07,12543,51084,252545.0,8371282.5,0.0027382601983845234,0.006997170392423868
sample_07,12543,51085,252550.0,8371282.5,0.041394252330064774,0.0037823400925844908
sample_07,12543,51086,252555.0,8371282.5,0.019975777715444565,0.004971115849912167
sample_07,12543,51087,252560.0,8371282.5,0.010765472427010536,0.002124475548043847
sample_07,12543,51088,252565.0,8371282.5,0.008908817544579506,0.0003587467363104224
sample_07,12543,51089,252570.0,8371282.5,0.006761670112609863,0.0039416104555130005
sample_07,12543,51090,252575.0,8371282.5,0.014766553416848183,0.0045094359666109085
sample_07,12543,51091,252580.0,8371282.5,0.044989392161369324,0.011534888297319412
sample_07,12543,51092,252585.0,8371282.5,0.02427322417497635,0.001977040432393551
sample_07,12543,51093,252590.0,8371282.5,0.01293325424194336,0.0035585141740739346
sample_07,12543,51094,252595.0,8371282.5,0.003947657532989979,0.0032363352365791798
sample_07,12543,51095,252600.0,8371282.5,0.01604934222996235,0.0018116366118192673
sample_07,12543,51096,252605.0,8371282.5,0.004407190252095461,0.0051647028885781765
sample_07,12543,51097,252610.0,8371282.5,0.011464811861515045,0.0017047787550836802
sample_07,12543,51098,252615.0,8371282.5,0.01154979970306158,0.004889826290309429
sample_07,12543,51099,252620.0,8371282.5,0.04675067961215973,0.012997525744140148
sample_07,12543,51100,252625.0,8371282.5,0.032994091510772705,0.0025227342266589403
sample_07,12543,51101,252630.0,8371282.5,0.03414371609687805,0.0030808045994490385
sample_07,12543,51102,252635.0,8371282.5,0.022743787616491318,0.009141751565039158
sample_07,12543,51103,252640.0,8371282.5,0.02802436426281929,0.002909288741648197
sample_07,12543,51104,252645.0,8371282.5,0.008279561065137386,0.0023373791482299566
sample_07,12543,51105,252650.0,8371282.5,0.009484845213592052,0.0009421343565918505
sample_07,12543,51106,252655.0,8371282.5,0.031293317675590515,0.002773479325696826
sample_07,12543,51107,252660.0,8371282.5,0.02543211542069912,0.008291041478514671
sample_07,12543,51108,252665.0,8371282.5,0.02154543064534664,0.0027811327017843723
sample_07,12543,51109,252670.0,8371282.5,0.046212516725063324,0.004929464776068926
sample_07,12543,51110,252675.0,8371282.5,0.021194051951169968,0.0037060040049254894
sample_07,12543,51111,252680.0,8371282.5,0.022067805752158165,0.01122783962637186
sample_07,12543,51112,252685.0,8371282.5,0.04315295070409775,0.005741954781115055
sample_07,12543,51113,252690.0,8371282.5,0.006713374517858028,0.0033464476000517607
sample_07,12543,51114,252695.0,8371282.5,0.008270707912743092,0.0044777183793485165
sample_07,12543,51115,252700.0,8371282.5,0.009038764983415604,0.006705542095005512
sample_07,12543,51116,252705.0,8371282.5,0.007226404268294573,0.003282643621787429
sample_07,12543,51117,252710.0,8371282.5,0.002068455796688795,0.0018520784797146916
sample_07,12543,51118,252715.0,8371282.5,0.022198576480150223,0.0033675748854875565
sample_07,12543,51119,252720.0,8371282.5,0.05460498854517937,0.0006439518183469772
sample_07,12543,51120,252725.0,8371282.5,0.04255067929625511,0.015019694343209267
sample_07,12544,51082,252535.0,8371272.5,0.017147429287433624,0.002990386914461851
sample_07,12544,51083,252540.0,8371272.5,0.017866011708974838,0.007751121185719967
sample_07,12544,51084,252545.0,8371272.5,0.02716144174337387,0.0010360084706917405
sample_07,12544,51085,252550.0,8371272.5,0.01039486937224865,0.0006146191153675318
sample_07,12544,51086,252555.0,8371272.5,0.02210693061351776,0.001239268691278994
sample_07,12544,51087,252560.0,8371272.5,0.027721215039491653,0.002087939530611038
sample_07,12544,51088,252565.0,8371272.5,0.008545992895960808,0.006616655737161636
sample_07,12544,51089,252570.0,8371272.5,0.01332712359726429,0.005254742689430714
sample_07,12544,51090,252575.0,8371272.5,0.014610761776566505,0.004368291236460209
sample_07,12544,51091,252580.0,8371272.5,0.012532496824860573,0.008702672086656094
sample_07,12544,51092,252585.0,8371272.5,0.02389383316040039,0.0011209191288799047
sample_07,12544,51093,252590.0,8371272.5,0.01181731466203928,0.0039893086068332195
sample_07,12544,51094,252595.0,8371272.5,0.015925483778119087,0.0009815444936975837
sample_07,12544,51095,252600.0,8371272.5,0.015074869617819786,0.0008055203943513334
sample_07,12544,51096,252605.0,8371272.5,0.018367355689406395,0.0031804360914975405
sample_07,12544,51097,252610.0,8371272.5,0.009954089298844337,0.00517177814617753
sample_07,12544,51098,252615.0,8371272.5,0.00965142622590065,0.0034874449484050274
sample_07,12544,51099,252620.0,8371272.5,0.0061703575775027275,0.003812226001173258
sample_07,12544,51100,252625.0,8371272.5,0.01250000111758709,0.0033919955603778362
sample_07,12544,51101,252630.0,8371272.5,0.04195786267518997,0.00129300681874156
sample_07,12544,51102,252635.0,8371272.5,0.01905076950788498,0.002670396352186799
sample_07,12544,51103,252640.0,8371272.5,0.016466960310935974,0.012632830999791622
sample_07,12544,51104,252645.0,8371272.5,0.02398521825671196,0.005255013704299927
sample_07,12544,51105,252650.0,8371272.5,0.05726967379450798,0.006438758224248886
sample_07,12544,51106,252655.0,8371272.5,0.005229112692177296,0.0028527076356112957
sample_07,12544,51107,252660.0,8371272.5,0.05816805362701416,0.0066369445994496346
sample_07,12544,51108,252665.0,8371272.5,0.029581844806671143,0.004530550912022591
sample_07,12544,51109,252670.0,8371272.5,0.061612389981746674,0.004984946921467781
sample_07,12544,51110,252675.0,8371272.5,0.021635275334119797,0.005021008662879467
sample_07,12544,51111,252680.0,8371272.5,0.04566919431090355,0.0030469680204987526
sample_07,12544,51112,252685.0,8371272.5,0.05318043380975723,0.005844050087034702
sample_07,12544,51113,252690.0,8371272.5,0.015941116958856583,0.006927168928086758
sample_07,12544,51114,252695.0,8371272.5,0.0195308867841959,0.01105466764420271
sample_07,12544,51115,252700.0,8371272.5,0.007518758065998554,0.007027425803244114
sample_07,12544,51116,252705.0,8371272.5,0.011610166169703007,0.00034527669777162373
sample_07,12544,51117,252710.0,8371272.5,0.012229789048433304,0.002922016428783536
sample_07,12544,51118,252715.0,8371272.5,0.027086449787020683,0.00197168649174273
sample_07,12544,51119,252720.0,8371272.5,0.01027030311524868,0.002148798666894436
sample_07,12544,51120,252725.0,8371272.5,0.007450064178556204,0.0007080551004037261
sample_07,12545,51082,252535.0,8371262.5,0.0037788846530020237,0.0005687930388376117
sample_07,12545,51083,252540.0,8371262.5,0.036704812198877335,0.000967161264270544
sample_07,12545,51084,252545.0,8371262.5,0.04458843544125557,0.0013822217006236315
sample_07,12545,51085,252550.0,8371262.5,0.03930985927581787,0.002803068608045578
sample_07,12545,51086,252555.0,8371262.5,0.03213747590780258,0.0017267982475459576
sample_07,12545,51087,252560.0,8371262.5,0.008171889930963516,0.00426757475361228
sample_07,12545,51088,252565.0,8371262.5,0.009002006612718105,0.002751655876636505
sample_07,12545,51089,252570.0,8371262.5,0.020588930696249008,0.0029009650461375713
sample_07,12545,51090,252575.0,8371262.5,0.017771247774362564,0.004498609341681004
sample_07,12545,51091,252580.0,8371262.5,0.03335513174533844,0.005394210573285818
sample_07,12545,51092,252585.0,8371262.5,0.00691040838137269,0.005508847534656525
sample_07,12545,51093,252590.0,8371262.5,0.02041243016719818,0.001323761884123087
sample_07,12545,51094,252595.0,8371262.5,0.004351247102022171,0.0031474155839532614
sample_07,12545,51095,252600.0,8371262.5,0.008774161338806152,0.004978854209184647
sample_07,12545,51096,252605.0,8371262.5,0.008123883046209812,0.004244571551680565
sample_07,12545,51097,252610.0,8371262.5,0.02012948878109455,0.0037499633617699146
sample_07,12545,51098,252615.0,8371262.5,0.03958626464009285,0.0006310977041721344
sample_07,12545,51099,252620.0,8371262.5,0.012895365245640278,0.007714829407632351
sample_07,12545,51100,252625.0,8371262.5,0.07053650915622711,0.003118275199085474
sample_07,12545,51101,252630.0,8371262.5,0.05165182054042816,0.003028322709724307
sample_07,12545,51102,252635.0,8371262.5,0.019460350275039673,0.004315368831157684
sample_07,12545,51103,252640.0,8371262.5,0.0074424343183636665,0.012188107706606388
sample_07,12545,51104,252645.0,8371262.5,0.006971940863877535,0.004297962877899408
sample_07,12545,51105,252650.0,8371262.5,0.03748004138469696,9.561111801303923e-05
sample_07,12545,51106,252655.0,8371262.5,0.013888734392821789,0.004255917388945818
sample_07,12545,51107,252660.0,8371262.5,0.031768783926963806,0.006493661552667618
sample_07,12545,51108,252665.0,8371262.5,0.04122365266084671,0.0007175329956226051
sample_07,12545,51109,252670.0,8371262.5,0.052602723240852356,0.010497055947780609
sample_07,12545,51110,252675.0,8371262.5,0.023544320836663246,0.007424552459269762
sample_07,12545,51111,252680.0,8371262.5,0.011521544307470322,0.009878271259367466
sample_07,12545,51112,252685.0,8371262.5,0.01981576904654503,0.011532474309206009
sample_07,12545,51113,252690.0,8371262.5,0.006922717671841383,0.001251520006917417
sample_07,12545,51114,252695.0,8371262.5,0.013484110124409199,0.0018471271032467484
sample_07,12545,51115,252700.0,8371262.5,0.029129281640052795,0.0034324554726481438
sample_07,12545,51116,252705.0,8371262.5,0.0014341495698317885,0.0019965495448559523
sample_07,12545,51117,252710.0,8371262.5,0.01687430962920189,0.0016220875550061464
sample_07,12545,51118,252715.0,8371262.5,0.008563192561268806,0.004507078789174557
sample_07,12545,51119,252720.0,8371262.5,0.016249319538474083,0.0018470723880454898
sample_07,12545,51120,252725.0,8371262.5,0.014239049516618252,0.007126620505005121
sample_07,12546,51082,252535.0,8371252.5,0.006193209905177355,0.0022790366783738136
sample_07,12546,51083,252540.0,8371252.5,0.01635071262717247,0.0025380614679306746
sample_07,12546,51084,252545.0,8371252.5,0.059148091822862625,0.0033939285203814507
sample_07,12546,51085,252550.0,8371252.5,0.05148417502641678,0.000796118751168251
sample_07,12546,51086,252555.0,8371252.5,0.007451164536178112,0.004414448514580727
sample_07,12546,51087,252560.0,8371252.5,0.023791875690221786,0.007264269515872002
sample_07,12546,51088,252565.0,8371252.5,0.029885582625865936,0.0040453351102769375
sample_07,12546,51089,252570.0,8371252.5,0.013596094213426113,0.005728187970817089
sample_07,12546,51090,252575.0,8371252.5,0.037082623690366745,0.0038803366478532553
sample_07,12546,51091,252580.0,8371252.5,0.022927330806851387,0.01220869179815054
sample_07,12546,51092,252585.0,8371252.5,0.035324908792972565,0.003932193852961063
sample_07,12546,51093,252590.0,8371252.5,0.028369922190904617,0.00765193160623312
sample_07,12546,51094,252595.0,8371252.5,0.01438181847333908,0.011874709278345108
sample_07,12546,51095,252600.0,8371252.5,0.035140734165906906,0.004709376487880945
sample_07,12546,51096,252605.0,8371252.5,0.02182074449956417,0.0043561337515711784
sample_07,12546,51097,252610.0,8371252.5,0.014929397031664848,0.004067420959472656
sample_07,12546,51098,252615.0,8371252.5,0.03591938689351082,0.005314749665558338
sample_07,12546,51099,252620.0,8371252.5,0.05607039853930473,0.006476515904068947
sample_07,12546,51100,252625.0,8371252.5,0.02799193747341633,0.002155645750463009
sample_07,12546,51101,252630.0,8371252.5,0.03533731773495674,0.0021814294159412384
sample_07,12546,51102,252635.0,8371252.5,0.017812011763453484,0.014772022143006325
sample_07,12546,51103,252640.0,8371252.5,0.020872149616479874,0.00330376042984426
sample_07,12546,51104,252645.0,8371252.5,0.05103175342082977,0.009860513731837273
sample_07,12546,51105,252650.0,8371252.5,0.041569340974092484,0.004815125837922096
sample_07,12546,51106,252655.0,8371252.5,0.00800673384219408,0.002433926798403263
sample_07,12546,51107,252660.0,8371252.5,0.030225688591599464,0.003968462347984314
sample_07,12546,51108,252665.0,8371252.5,0.012777278199791908,0.004827223718166351
sample_07,12546,51109,252670.0,8371252.5,0.008807453326880932,0.000957799144089222
sample_07,12546,51110,252675.0,8371252.5,0.03088570386171341,0.0021497169509530067
sample_07,12546,51111,252680.0,8371252.5,0.0500020757317543,0.0026700131129473448
sample_07,12546,51112,252685.0,8371252.5,0.013375064358115196,0.003312722546979785
sample_07,12546,51113,252690.0,8371252.5,0.022549159824848175,0.002089389832690358
sample_07,12546,51114,252695.0,8371252.5,0.04307987540960312,0.0029768329113721848
sample_07,12546,51115,252700.0,8371252.5,0.023512978106737137,0.0010909602278843522
sample_07,12546,51116,252705.0,8371252.5,0.009344285354018211,0.00729407649487257
sample_07,12546,51117,252710.0,8371252.5,0.012971119023859501,0.003072660882025957
sample_07,12546,51118,252715.0,8371252.5,0.001239289646036923,0.0013306229375302792
sample_07,12546,51119,252720.0,8371252.5,0.02045239321887493,0.0017469932790845633
sample_07,12546,51120,252725.0,8371252.5,0.058675192296504974,0.00428434181958437
sample_07,12547,51082,252535.0,8371242.5,0.03435413911938667,0.0021761422976851463
sample_07,12547,51083,252540.0,8371242.5,0.0025428670924156904,0.0036423015408217907
sample_07,12547,51084,252545.0,8371242.5,0.0031449617817997932,0.002043952001258731
sample_07,12547,51085,252550.0,8371242.5,0.04984880983829498,0.0032030935399234295
sample_07,12547,51086,252555.0,8371242.5,0.02371843531727791,0.0035642259754240513
sample_07,12547,51087,252560.0,8371242.5,0.034647561609745026,0.0016041549388319254
sample_07,12547,51088,252565.0,8371242.5,0.005181876476854086,0.003711297642439604
sample_07,12547,51089,252570.0,8371242.5,0.015390561893582344,0.0034474036656320095
sample_07,12547,51090,252575.0,8371242.5,0.018898066133260727,0.006335426587611437
sample_07,12547,51091,252580.0,8371242.5,0.008498791605234146,0.007081771269440651
sample_07,12547,51092,252585.0,8371242.5,0.01670856773853302,0.00024125847266986966
sample_07,12547,51093,252590.0,8371242.5,0.02932227961719036,0.008654018864035606
sample_07,12547,51094,252595.0,8371242.5,0.01137305237352848,0.0049078152514994144
sample_07,12547,51095,252600.0,8371242.5,0.018099762499332428,0.007862142287194729
sample_07,12547,51096,252605.0,8371242.5,0.04060974717140198,0.0038254004903137684
sample_07,12547,51097,252610.0,8371242.5,0.06230118125677109,0.006767491810023785
sample_07,12547,51098,252615.0,8371242.5,0.01893453672528267,0.007442699745297432
sample_07,12547,51099,252620.0,8371242.5,0.008062073029577732,0.0030559320002794266
sample_07,12547,51100,252625.0,8371242.5,0.003451335011050105,0.001190682640299201
sample_07,12547,51101,252630.0,8371242.5,0.008714744821190834,0.0045701307244598866
sample_07,12547,51102,252635.0,8371242.5,0.006693835370242596,0.003194283228367567
sample_07,12547,51103,252640.0,8371242.5,0.00253623747266829,0.004051985684782267
sample_07,12547,51104,252645.0,8371242.5,0.012175116688013077,0.009342075325548649
sample_07,12547,51105,252650.0,8371242.5,0.015412167645990849,0.011483363807201385
sample_07,12547,51106,252655.0,8371242.5,0.014063593000173569,0.007149183191359043
sample_07,12547,51107,252660.0,8371242.5,0.006292913109064102,0.0035894070751965046
sample_07,12547,51108,252665.0,8371242.5,0.012269081547856331,0.0010675924131646752
sample_07,12547,51109,252670.0,8371242.5,0.0016139689832925797,0.001939368317835033
sample_07,12547,51110,252675.0,8371242.5,0.018332896754145622,0.004569802898913622
sample_07,12547,51111,252680.0,8371242.5,0.007413964718580246,0.0055190701968967915
sample_07,12547,51112,252685.0,8371242.5,0.013078521937131882,0.00637285690754652
sample_07,12547,51113,252690.0,8371242.5,0.019414257258176804,0.0013153157196938992
sample_07,12547,51114,252695.0,8371242.5,0.02540825866162777,0.003146942937746644
sample_07,12547,51115,252700.0,8371242.5,0.01175392884761095,0.011000877246260643
sample_07,12547,51116,252705.0,8371242.5,0.014431619085371494,0.00657681655138731
sample_07,12547,51117,252710.0,8371242.5,0.0038669207133352757,0.008155846036970615
sample_07,12547,51118,252715.0,8371242.5,0.01967955380678177,0.0070369550958275795
sample_07,12547,51119,252720.0,8371242.5,0.05309073626995087,0.005683316383510828
sample_07,12547,51120,252725.0,8371242.5,0.030867405235767365,0.002482389798387885
sample_07,12548,51082,252535.0,8371232.5,0.08600188791751862,0.0018423744477331638
sample_07,12548,51083,252540.0,8371232.5,0.05493095517158508,0.011758504435420036
sample_07,12548,51084,252545.0,8371232.5,0.0071199554949998856,0.008968984708189964
sample_07,12548,51085,252550.0,8371232.5,0.008149529807269573,0.000995954847894609
sample_07,12548,51086,252555.0,8371232.5,0.012989497743546963,0.005540334153920412
sample_07,12548,51087,252560.0,8371232.5,0.031658973544836044,0.0006623969529755414
sample_07,12548,51088,252565.0,8371232.5,0.007587107829749584,0.0022984163369983435
sample_07,12548,51089,252570.0,8371232.5,0.012420721352100372,0.0011952220229431987
sample_07,12548,51090,252575.0,8371232.5,0.03858524188399315,0.0017780147027224302
sample_07,12548,51091,252580.0,8371232.5,0.03785734623670578,0.005513488315045834
sample_07,12548,51092,252585.0,8371232.5,0.008760589174926281,0.003098052926361561
sample_07,12548,51093,252590.0,8371232.5,0.031312376260757446,0.0024212710559368134
sample_07,12548,51094,252595.0,8371232.5,0.024510465562343597,0.005030365660786629
sample_07,12548,51095,252600.0,8371232.5,0.01370945479720831,0.0029999609105288982
sample_07,12548,51096,252605.0,8371232.5,0.03729342669248581,0.0023839157074689865
sample_07,12548,51097,252610.0,8371232.5,0.010531213134527206,0.010974843055009842
sample_07,12548,51098,252615.0,8371232.5,0.0064380355179309845,0.00537566002458334
sample_07,12548,51099,252620.0,8371232.5,0.02733255736529827,0.0006084053311496973
sample_07,12548,51100,252625.0,8371232.5,0.025639574974775314,0.0035260766744613647
sample_07,12548,51101,252630.0,8371232.5,0.008130651898682117,0.003255990333855152
sample_07,12548,51102,252635.0,8371232.5,0.009347435086965561,0.004041038919240236
sample_07,12548,51103,252640.0,8371232.5,0.023964794352650642,0.002654633717611432
sample_07,12548,51104,252645.0,8371232.5,0.020075328648090363,0.0035248405765742064
sample_07,12548,51105,252650.0,8371232.5,0.025912512093782425,0.007609416265040636
sample_07,12548,51106,252655.0,8371232.5,0.007921991869807243,0.004829800687730312
sample_07,12548,51107,252660.0,8371232.5,0.01835455186665058,0.004570098593831062
sample_07,12548,51108,252665.0,8371232.5,0.01287922915071249,0.006152702029794455
sample_07,12548,51109,252670.0,8371232.5,0.020523689687252045,0.0014842466916888952
sample_07,12548,51110,252675.0,8371232.5,0.009441095404326916,0.0029130668845027685
sample_07,12548,51111,252680.0,8371232.5,0.010362118482589722,0.009173907339572906
sample_07,12548,51112,252685.0,8371232.5,0.04231496527791023,0.005277674645185471
sample_07,12548,51113,252690.0,8371232.5,0.08735508471727371,0.002503663767129183
sample_07,12548,51114,252695.0,8371232.5,0.008961193263530731,0.00395982014015317
sample_07,12548,51115,252700.0,8371232.5,0.011063188314437866,0.01016710139811039
sample_07,12548,51116,252705.0,8371232.5,0.008714286610484123,0.0005194582627154887
sample_07,12548,51117,252710.0,8371232.5,0.007377787493169308,0.012430435977876186
sample_07,12548,51118,252715.0,8371232.5,0.025942182168364525,0.010948050767183304
sample_07,12548,51119,252720.0,8371232.5,0.08490347862243652,0.011717960238456726
sample_07,12548,51120,252725.0,8371232.5,0.02874111384153366,0.004039563704282045
sample_07,12549,51082,252535.0,8371222.5,0.04352109134197235,0.0018746572313830256
sample_07,12549,51083,252540.0,8371222.5,0.006557730957865715,0.003872276982292533
sample_07,12549,51084,252545.0,8371222.5,0.003023422323167324,0.001637660781852901
sample_07,12549,51085,252550.0,8371222.5,0.0011872558388859034,0.0006871341029182076
sample_07,12549,51086,252555.0,8371222.5,0.03192092478275299,0.003523934166878462
sample_07,12549,51087,252560.0,8371222.5,0.0425865575671196,0.004406696185469627
sample_07,12549,51088,252565.0,8371222.5,0.031301259994506836,0.006539338268339634
sample_07,12549,51089,252570.0,8371222.5,0.052598994225263596,0.0012019394198432565
sample_07,12549,51090,252575.0,8371222.5,0.02419082075357437,0.005347853060811758
sample_07,12549,51091,252580.0,8371222.5,0.027352577075362206,0.010134832002222538
sample_07,12549,51092,252585.0,8371222.5,0.016073837876319885,0.010388799011707306
sample_07,12549,51093,252590.0,8371222.5,0.020124007016420364,0.004227476194500923
sample_07,12549,51094,252595.0,8371222.5,0.03860437124967575,0.0015611929120495915
sample_07,12549,51095,252600.0,8371222.5,0.007264187093824148,0.002978496253490448
sample_07,12549,51096,252605.0,8371222.5,0.02639906480908394,0.006255603861063719
sample_07,12549,51097,252610.0,8371222.5,0.011064020916819572,0.01140640676021576
sample_07,12549,51098,252615.0,8371222.5,0.024977341294288635,0.008124103769659996
sample_07,12549,51099,252620.0,8371222.5,0.007981324568390846,0.0028129725251346827
sample_07,12549,51100,252625.0,8371222.5,0.005768658593297005,0.0015737875364720821
sample_07,12549,51101,252630.0,8371222.5,0.040774598717689514,0.004683186300098896
sample_07,12549,51102,252635.0,8371222.5,0.005459465552121401,0.005851838272064924
sample_07,12549,51103,252640.0,8371222.5,0.0626114010810852,0.0036577237769961357
sample_07,12549,51104,252645.0,8371222.5,0.007168744690716267,0.006805990822613239
sample_07,12549,51105,252650.0,8371222.5,0.009490346536040306,0.004902580752968788
sample_07,12549,51106,252655.0,8371222.5,0.04782205820083618,0.0032759797759354115
sample_07,12549,51107,252660.0,8371222.5,0.029736317694187164,0.003627477213740349
sample_07,12549,51108,252665.0,8371222.5,0.0077948677353560925,0.005885870195925236
sample_07,12549,51109,252670.0,8371222.5,0.024576883763074875,0.009032701142132282
sample_07,12549,51110,252675.0,8371222.5,0.0232758279889822,0.008402158506214619
sample_07,12549,51111,252680.0,8371222.5,0.02374005690217018,0.002819519955664873
sample_07,12549,51112,252685.0,8371222.5,0.002465006662532687,0.003740564687177539
sample_07,12549,51113,252690.0,8371222.5,0.01576661318540573,0.004921666346490383
sample_07,12549,51114,252695.0,8371222.5,0.01913844794034958,0.0016383734764531255
sample_07,12549,51115,252700.0,8371222.5,0.027696743607521057,0.0036378749646246433
sample_07,12549,51116,252705.0,8371222.5,0.10346145927906036,0.003137709805741906
sample_07,12549,51117,252710.0,8371222.5,0.05915900319814682,0.0044220504350960255
sample_07,12549,51118,252715.0,8371222.5,0.05465708300471306,0.009788013063371181
sample_07,12549,51119,252720.0,8371222.5,0.06393825262784958,0.007973713800311089
sample_07,12549,51120,252725.0,8371222.5,0.04728756099939346,0.0030397872906178236
sample_07,12550,51082,252535.0,8371212.5,0.013656340539455414,0.007854441180825233
sample_07,12550,51083,252540.0,8371212.5,0.0067932745441794395,0.003810387570410967
sample_07,12550,51084,252545.0,8371212.5,0.021339476108551025,0.0076464382000267506
sample_07,12550,51085,252550.0,8371212.5,0.013329735957086086,0.005861453711986542
sample_07,12550,51086,252555.0,8371212.5,0.07891259342432022,0.0018216086318716407
sample_07,12550,51087,252560.0,8371212.5,0.02058730460703373,0.0037271021865308285
sample_07,12550,51088,252565.0,8371212.5,0.022069521248340607,0.003234907053411007
sample_07,12550,51089,252570.0,8371212.5,0.02884833887219429,0.004521871916949749
sample_07,12550,51090,252575.0,8371212.5,0.021469108760356903,0.002509976038709283
sample_07,12550,51091,252580.0,8371212.5,0.04097229614853859,0.005196721758693457
sample_07,12550,51092,252585.0,8371212.5,0.050861526280641556,0.00302589638158679
sample_07,12550,51093,252590.0,8371212.5,0.03223469853401184,0.006020519882440567
sample_07,12550,51094,252595.0,8371212.5,0.02646753191947937,0.00307103106752038
sample_07,12550,51095,252600.0,8371212.5,0.028968598693609238,0.00924379751086235
sample_07,12550,51096,252605.0,8371212.5,0.010224226862192154,0.0021635417360812426
sample_07,12550,51097,252610.0,8371212.5,0.004059295170009136,0.006981282494962215
sample_07,12550,51098,252615.0,8371212.5,0.04499685764312744,0.0014665297931060195
sample_07,12550,51099,252620.0,8371212.5,0.0171640757471323,0.0006442505982704461
sample_07,12550,51100,252625.0,8371212.5,0.014535869471728802,0.003356651635840535
sample_07,12550,51101,252630.0,8371212.5,0.009687721729278564,0.007544569671154022
sample_07,12550,51102,252635.0,8371212.5,0.005358971655368805,0.0061777494847774506
sample_07,12550,51103,252640.0,8371212.5,0.013612533919513226,0.00577187817543745
sample_07,12550,51104,252645.0,8371212.5,0.06326352804899216,0.0012783842394128442
sample_07,12550,51105,252650.0,8371212.5,0.007620926480740309,0.007816377095878124
sample_07,12550,51106,252655.0,8371212.5,0.03233315423130989,0.004024278372526169
sample_07,12550,51107,252660.0,8371212.5,0.07158450782299042,0.004584879614412785
sample_07,12550,51108,252665.0,8371212.5,0.021275142207741737,0.0009293860057368875
sample_07,12550,51109,252670.0,8371212.5,0.022427579388022423,0.003517958102747798
sample_07,12550,51110,252675.0,8371212.5,0.02701997011899948,0.0017368394182994962
sample_07,12550,51111,252680.0,8371212.5,0.05512625724077225,0.006448741070926189
sample_07,12550,51112,252685.0,8371212.5,0.028942875564098358,0.0003174517769366503
sample_07,12550,51113,252690.0,8371212.5,0.004707775544375181,0.004840608220547438
sample_07,12550,51114,252695.0,8371212.5,0.02007666975259781,0.0012855947716161609
sample_07,12550,51115,252700.0,8371212.5,0.036288704723119736,0.0009473592508584261
sample_07,12550,51116,252705.0,8371212.5,0.044136855751276016,0.0031559974886476994
sample_07,12550,51117,252710.0,8371212.5,0.05954725295305252,0.0017123757861554623
sample_07,12550,51118,252715.0,8371212.5,0.04869719222187996,0.00355690554715693
sample_07,12550,51119,252720.0,8371212.5,0.029658760875463486,0.0037429204676300287
sample_07,12550,51120,252725.0,8371212.5,0.013339775614440441,0.004715446848422289
sample_07,12551,51082,252535.0,8371202.5,0.019296877086162567,0.0003354020300321281
sample_07,12551,51083,252540.0,8371202.5,0.014005337841808796,0.0009405086748301983
sample_07,12551,51084,252545.0,8371202.5,0.03654133901000023,0.008175959810614586
sample_07,12551,51085,252550.0,8371202.5,0.04262258857488632,0.011927036568522453
sample_07,12551,51086,252555.0,8371202.5,0.016440169885754585,0.0011461026733741164
sample_07,12551,51087,252560.0,8371202.5,0.04080537334084511,0.004849637392908335
sample_07,12551,51088,252565.0,8371202.5,0.012854475528001785,0.003376561449840665
sample_07,12551,51089,252570.0,8371202.5,0.02243158407509327,0.004342543892562389
sample_07,12551,51090,252575.0,8371202.5,0.0013081906363368034,0.002330751856788993
sample_07,12551,51091,252580.0,8371202.5,0.010666940361261368,0.002944064326584339
sample_07,12551,51092,252585.0,8371202.5,0.06784514337778091,0.0045236460864543915
sample_07,12551,51093,252590.0,8371202.5,0.08462921530008316,0.002074772259220481
sample_07,12551,51094,252595.0,8371202.5,0.024215349927544594,0.003798525780439377
sample_07,12551,51095,252600.0,8371202.5,0.000577690196223557,0.004424700513482094
sample_07,12551,51096,252605.0,8371202.5,0.022703252732753754,0.012173610739409924
sample_07,12551,51097,252610.0,8371202.5,0.040518444031476974,0.00554120447486639
sample_07,12551,51098,252615.0,8371202.5,0.03496883064508438,0.0019214549101889133
sample_07,12551,51099,252620.0,8371202.5,0.03909642621874809,0.0022274458315223455
sample_07,12551,51100,252625.0,8371202.5,0.056784264743328094,0.0029957666993141174
sample_07,12551,51101,252630.0,8371202.5,0.026669491082429886,0.011506299488246441
sample_07,12551,51102,252635.0,8371202.5,0.005614825524389744,0.0036854473873972893
sample_07,12551,51103,252640.0,8371202.5,0.027475228533148766,0.002894975244998932
sample_07,12551,51104,252645.0,8371202.5,0.05561254173517227,0.0012763944687321782
sample_07,12551,51105,252650.0,8371202.5,0.018325548619031906,0.0018737867940217257
sample_07,12551,51106,252655.0,8371202.5,0.020186666399240494,0.004232639912515879
sample_07,12551,51107,252660.0,8371202.5,0.02530599571764469,0.00878986157476902
sample_07,12551,51108,252665.0,8371202.5,0.016081519424915314,0.011958733201026917
sample_07,12551,51109,252670.0,8371202.5,0.028379376977682114,0.008845046162605286
sample_07,12551,51110,252675.0,8371202.5,0.01632276363670826,0.0011968470644205809
sample_07,12551,51111,252680.0,8371202.5,0.01235818862915039,0.007678562309592962
sample_07,12551,51112,252685.0,8371202.5,0.04798034578561783,0.0030105989426374435
sample_07,12551,51113,252690.0,8371202.5,0.007670291233807802,0.004806471988558769
sample_07,12551,51114,252695.0,8371202.5,0.025797396898269653,0.0025670663453638554
sample_07,12551,51115,252700.0,8371202.5,0.03320106491446495,0.004970003385096788
sample_07,12551,51116,252705.0,8371202.5,0.015076665207743645,0.0015498270513489842
sample_07,12551,51117,252710.0,8371202.5,0.01010980550199747,0.0024252738803625107
sample_07,12551,51118,252715.0,8371202.5,0.0014422220410779119,0.0001402307825628668
sample_07,12551,51119,252720.0,8371202.5,0.018909839913249016,0.0032006388064473867
sample_07,12551,51120,252725.0,8371202.5,0.003731442615389824,0.0027622762136161327
sample_07,12552,51082,252535.0,8371192.5,0.02204395830631256,0.0002779315982479602
sample_07,12552,51083,252540.0,8371192.5,0.009101723320782185,0.004803159274160862
sample_07,12552,51084,252545.0,8371192.5,0.04194074869155884,0.003815652336925268
sample_07,12552,51085,252550.0,8371192.5,0.04444652050733566,0.0054262313060462475
sample_07,12552,51086,252555.0,8371192.5,0.017821457237005234,0.0019652587361633778
sample_07,12552,51087,252560.0,8371192.5,0.05246006324887276,0.000912412186153233
sample_07,12552,51088,252565.0,8371192.5,0.011343247257173061,0.005809384398162365
sample_07,12552,51089,252570.0,8371192.5,0.017476661130785942,0.004245970398187637
sample_07,12552,51090,252575.0,8371192.5,0.038137782365083694,0.005304424092173576
sample_07,12552,51091,252580.0,8371192.5,0.04617878049612045,0.0037071409169584513
sample_07,12552,51092,252585.0,8371192.5,0.01016249880194664,0.0052345870062708855
sample_07,12552,51093,252590.0,8371192.5,0.004662277642637491,0.0013354937545955181
sample_07,12552,51094,252595.0,8371192.5,0.05980265885591507,0.0010316004045307636
sample_07,12552,51095,252600.0,8371192.5,0.0749116986989975,0.006937805563211441
sample_07,12552,51096,252605.0,8371192.5,0.030404487624764442,0.005916265305131674
sample_07,12552,51097,252610.0,8371192.5,0.07180751115083694,0.007173282094299793
sample_07,12552,51098,252615.0,8371192.5,0.051273640245199203,0.0033827400766313076
sample_07,12552,51099,252620.0,8371192.5,0.030068829655647278,0.005195036996155977
sample_07,12552,51100,252625.0,8371192.5,0.03667522594332695,0.004573269281536341
sample_07,12552,51101,252630.0,8371192.5,0.015172261744737625,0.005457250867038965
sample_07,12552,51102,252635.0,8371192.5,0.01910257898271084,0.0029993972275406122
sample_07,12552,51103,252640.0,8371192.5,0.039746180176734924,0.007676871493458748
sample_07,12552,51104,252645.0,8371192.5,0.025669299066066742,0.004136168863624334
sample_07,12552,51105,252650.0,8371192.5,0.0035059882793575525,0.0006302527035586536
sample_07,12552,51106,252655.0,8371192.5,0.0495898611843586,0.0020229772198945284
sample_07,12552,51107,252660.0,8371192.5,0.04117982089519501,0.002449505729600787
sample_07,12552,51108,252665.0,8371192.5,0.011335736140608788,0.0009448220953345299
sample_07,12552,51109,252670.0,8371192.5,0.007173341698944569,0.003133977297693491
sample_07,12552,51110,252675.0,8371192.5,0.016211392357945442,0.008759519085288048
sample_07,12552,51111,252680.0,8371192.5,0.015896502882242203,0.0015206835232675076
sample_07,12552,51112,252685.0,8371192.5,0.039602331817150116,0.004542766138911247
sample_07,12552,51113,252690.0,8371192.5,0.0787113606929779,0.004250154364854097
sample_07,12552,51114,252695.0,8371192.5,0.04879482835531235,0.005210940260440111
sample_07,12552,51115,252700.0,8371192.5,0.02677159383893013,0.003263021819293499
sample_07,12552,51116,252705.0,8371192.5,0.02283080480992794,0.0020243877079337835
sample_07,12552,51117,252710.0,8371192.5,0.057890601456165314,0.004950179252773523
sample_07,12552,51118,252715.0,8371192.5,0.029825333505868912,0.0018048813799396157
sample_07,12552,51119,252720.0,8371192.5,0.012775981798768044,0.002953193848952651
sample_07,12552,51120,252725.0,8371192.5,0.04943200945854187,0.0045468006283044815
sample_07,12553,51082,252535.0,8371182.5,0.050354816019535065,0.0026657232083380222
sample_07,12553,51083,252540.0,8371182.5,0.052279405295848846,0.0016373763792216778
sample_07,12553,51084,252545.0,8371182.5,0.02206861414015293,0.005615479312837124
sample_07,12553,51085,252550.0,8371182.5,0.050840824842453,0.006298210937529802
sample_07,12553,51086,252555.0,8371182.5,0.03817087411880493,0.00047667999751865864
sample_07,12553,51087,252560.0,8371182.5,0.08311568200588226,0.0016115282196551561
sample_07,12553,51088,252565.0,8371182.5,0.026610996574163437,0.0016072673024609685
sample_07,12553,51089,252570.0,8371182.5,0.053629353642463684,0.0010042361682280898
sample_07,12553,51090,252575.0,8371182.5,0.021157603710889816,0.0029288241639733315
sample_07,12553,51091,252580.0,8371182.5,0.012795562855899334,0.006677575409412384
sample_07,12553,51092,252585.0,8371182.5,0.010615161620080471,0.0042276144959032536
sample_07,12553,51093,252590.0,8371182.5,0.026670027524232864,0.00800821278244257
sample_07,12553,51094,252595.0,8371182.5,0.012854041531682014,0.003806684399023652
sample_07,12553,51095,252600.0,8371182.5,0.01787940040230751,0.0006842651637271047
sample_07,12553,51096,252605.0,8371182.5,0.014316320419311523,0.001073100371286273
sample_07,12553,51097,252610.0,8371182.5,0.025788044556975365,0.0038967453874647617
sample_07,12553,51098,252615.0,8371182.5,0.013272041454911232,0.007244610693305731
sample_07,12553,51099,252620.0,8371182.5,0.04956114664673805,0.0021897368133068085
sample_07,12553,51100,252625.0,8371182.5,0.05706224590539932,0.009262673556804657
sample_07,12553,51101,252630.0,8371182.5,0.019931333139538765,0.009584717452526093
sample_07,12553,51102,252635.0,8371182.5,0.0070693944580852985,0.00891881249845028
sample_07,12553,51103,252640.0,8371182.5,0.0236747357994318,0.003197416663169861
sample_07,12553,51104,252645.0,8371182.5,0.023204363882541656,0.0008555624517612159
sample_07,12553,51105,252650.0,8371182.5,0.04653528705239296,0.0028095198795199394
sample_07,12553,51106,252655.0,8371182.5,0.035320550203323364,0.0004119930963497609
sample_07,12553,51107,252660.0,8371182.5,0.01804923638701439,0.006435221992433071
sample_07,12553,51108,252665.0,8371182.5,0.01484149880707264,0.004311812110245228
sample_07,12553,51109,252670.0,8371182.5,0.004010719247162342,0.0007713246741332114
sample_07,12553,51110,252675.0,8371182.5,0.004428093321621418,0.0032224475871771574
sample_07,12553,51111,252680.0,8371182.5,0.010685611516237259,0.003878421615809202
sample_07,12553,51112,252685.0,8371182.5,0.059246744960546494,0.0017890979070216417
sample_07,12553,51113,252690.0,8371182.5,0.04348092898726463,0.0031174435280263424
sample_07,12553,51114,252695.0,8371182.5,0.040268439799547195,0.0055871447548270226
sample_07,12553,51115,252700.0,8371182.5,0.013703195378184319,0.0023281907197088003
sample_07,12553,51116,252705.0,8371182.5,0.01903153583407402,0.004557757638394833
sample_07,12553,51117,252710.0,8371182.5,0.007844875566661358,0.007957546971738338
sample_07,12553,51118,252715.0,8371182.5,0.01257405523210764,0.005716764368116856
sample_07,12553,51119,252720.0,8371182.5,0.03315572440624237,0.003382790135219693
sample_07,12553,51120,252725.0,8371182.5,0.03969240188598633,0.005667120683938265
sample_07,12554,51082,252535.0,8371172.5,0.02277534082531929,0.005235331133008003
sample_07,12554,51083,252540.0,8371172.5,0.0752003937959671,0.0017608152702450752
sample_07,12554,51084,252545.0,8371172.5,0.04377653822302818,0.011360098607838154
sample_07,12554,51085,252550.0,8371172.5,0.007881013676524162,0.003630962921306491
sample_07,12554,51086,252555.0,8371172.5,0.028897225856781006,0.0028788885101675987
sample_07,12554,51087,252560.0,8371172.5,0.03633018583059311,0.0030915974639356136
sample_07,12554,51088,252565.0,8371172.5,0.021095486357808113,0.009512495249509811
sample_07,12554,51089,252570.0,8371172.5,0.00706158671528101,0.0013927954714745283
sample_07,12554,51090,252575.0,8371172.5,0.010368064045906067,0.0018125665374100208
sample_07,12554,51091,252580.0,8371172.5,0.010032874532043934,0.015832949429750443
sample_07,12554,51092,252585.0,8371172.5,0.005306413397192955,0.015262588858604431
sample_07,12554,51093,252590.0,8371172.5,0.020415659993886948,0.003207952482625842
sample_07,12554,51094,252595.0,8371172.5,0.057104069739580154,0.006759158335626125
sample_07,12554,51095,252600.0,8371172.5,0.020714357495307922,0.004418917931616306
sample_07,12554,51096,252605.0,8371172.5,0.006268676370382309,0.00039424392161890864
sample_07,12554,51097,252610.0,8371172.5,0.0008268157835118473,0.0018035763641819358
sample_07,12554,51098,252615.0,8371172.5,0.0011176293483003974,0.004505280405282974
sample_07,12554,51099,252620.0,8371172.5,0.03355783969163895,0.002660065656527877
sample_07,12554,51100,252625.0,8371172.5,0.006291241850703955,0.005657740868628025
sample_07,12554,51101,252630.0,8371172.5,0.018136434257030487,0.004818369634449482
sample_07,12554,51102,252635.0,8371172.5,0.007869552820920944,0.0037291543558239937
sample_07,12554,51103,252640.0,8371172.5,0.02461957186460495,0.003275737166404724
sample_07,12554,51104,252645.0,8371172.5,0.013850795105099678,0.007452978286892176
sample_07,12554,51105,252650.0,8371172.5,0.017786361277103424,0.0033575762063264847
sample_07,12554,51106,252655.0,8371172.5,0.027764633297920227,0.003109852783381939
sample_07,12554,51107,252660.0,8371172.5,0.009816412813961506,0.00259615876711905
sample_07,12554,51108,252665.0,8371172.5,0.013063020072877407,0.00403200788423419
sample_07,12554,51109,252670.0,8371172.5,0.018078751862049103,0.004236569162458181
sample_07,12554,51110,252675.0,8371172.5,0.02240726724267006,0.00875169225037098
sample_07,12554,51111,252680.0,8371172.5,0.032656386494636536,0.0014772561844438314
sample_07,12554,51112,252685.0,8371172.5,0.026385024189949036,0.0017449925653636456
sample_07,12554,51113,252690.0,8371172.5,0.028713300824165344,0.004279324784874916
sample_07,12554,51114,252695.0,8371172.5,0.02033834531903267,0.004356982186436653
sample_07,12554,51115,252700.0,8371172.5,0.0015288153663277626,0.0047127422876656055
sample_07,12554,51116,252705.0,8371172.5,0.02654353529214859,0.004591221921145916
sample_07,12554,51117,252710.0,8371172.5,0.0509895458817482,0.0038585520815104246
sample_07,12554,51118,252715.0,8371172.5,0.005270712077617645,0.005509934388101101
sample_07,12554,51119,252720.0,8371172.5,0.003309980733320117,0.0008071647607721388
sample_07,12554,51120,252725.0,8371172.5,0.019150150939822197,0.008254742249846458
sample_07,12555,51082,252535.0,8371162.5,0.03172525763511658,0.0012536157155409455
sample_07,12555,51083,252540.0,8371162.5,0.013239342719316483,0.0013646171428263187
sample_07,12555,51084,252545.0,8371162.5,0.020690083503723145,0.0012119446182623506
sample_07,12555,51085,252550.0,8371162.5,0.02614615671336651,0.008403580635786057
sample_07,12555,51086,252555.0,8371162.5,0.026772357523441315,0.006409455556422472
sample_07,12555,51087,252560.0,8371162.5,0.04759441688656807,0.0010769059881567955
sample_07,12555,51088,252565.0,8371162.5,0.02964441105723381,0.006437661591917276
sample_07,12555,51089,252570.0,8371162.5,0.018303008750081062,0.004657115787267685
sample_07,12555,51090,252575.0,8371162.5,0.029863057658076286,0.011830173432826996
sample_07,12555,51091,252580.0,8371162.5,0.048917435109615326,0.004606964997947216
sample_07,12555,51092,252585.0,8371162.5,0.017553579062223434,0.0067023346200585365
sample_07,12555,51093,252590.0,8371162.5,0.031734831631183624,0.008331586606800556
sample_07,12555,51094,252595.0,8371162.5,0.03739719092845917,0.0003472107637207955
sample_07,12555,51095,252600.0,8371162.5,0.06779573857784271,0.0012854638043791056
sample_07,12555,51096,252605.0,8371162.5,0.0384049154818058,0.004912663716822863
sample_07,12555,51097,252610.0,8371162.5,0.017924554646015167,0.007813596166670322
sample_07,12555,51098,252615.0,8371162.5,0.011211123317480087,0.009099151939153671
sample_07,12555,51099,252620.0,8371162.5,0.00296129216440022,0.0015019350685179234
sample_07,12555,51100,252625.0,8371162.5,0.023177534341812134,0.0005045848083682358
sample_07,12555,51101,252630.0,8371162.5,0.007526249159127474,0.0017288122326135635
sample_07,12555,51102,252635.0,8371162.5,0.07648088783025742,0.0035313121043145657
sample_07,12555,51103,252640.0,8371162.5,0.00712269451469183,0.006725728511810303
sample_07,12555,51104,252645.0,8371162.5,0.0054489015601575375,0.005716417450457811
sample_07,12555,51105,252650.0,8371162.5,0.0035493029281497,0.00038218958070501685
sample_07,12555,51106,252655.0,8371162.5,0.01700657419860363,0.00039227568777278066
sample_07,12555,51107,252660.0,8371162.5,0.04151718690991402,0.004323219880461693
sample_07,12555,51108,252665.0,8371162.5,0.021005701273679733,0.005119157023727894
sample_07,12555,51109,252670.0,8371162.5,0.051038388162851334,0.0027565876953303814
sample_07,12555,51110,252675.0,8371162.5,0.04534781724214554,0.004223689436912537
sample_07,12555,51111,252680.0,8371162.5,0.018943196162581444,0.0009682555100880563
sample_07,12555,51112,252685.0,8371162.5,0.007076531648635864,0.00192634342238307
sample_07,12555,51113,252690.0,8371162.5,0.02320263721048832,0.003719752188771963
sample_07,12555,51114,252695.0,8371162.5,0.014077835716307163,0.00447547622025013
sample_07,12555,51115,252700.0,8371162.5,0.015643931925296783,0.008696084842085838
sample_07,12555,51116,252705.0,8371162.5,0.019655155017971992,0.0032266671769320965
sample_07,12555,51117,252710.0,8371162.5,0.007353906985372305,0.00841029267758131
sample_07,12555,51118,252715.0,8371162.5,0.005976215470582247,0.000768358469940722
sample_07,12555,51119,252720.0,8371162.5,0.004198274575173855,0.008155714720487595
sample_07,12555,51120,252725.0,8371162.5,0.020276688039302826,0.0013580163940787315
sample_07,12556,51082,252535.0,8371152.5,0.03999566659331322,0.010487169027328491
sample_07,12556,51083,252540.0,8371152.5,0.02807442843914032,0.006653526797890663
sample_07,12556,51084,252545.0,8371152.5,0.007631758693605661,0.0069075156934559345
sample_07,12556,51085,252550.0,8371152.5,0.02149377204477787,0.005795522592961788
sample_07,12556,51086,252555.0,8371152.5,0.07057423889636993,0.0017435055924579501
sample_07,12556,51087,252560.0,8371152.5,0.020490432158112526,0.004565590992569923
sample_07,12556,51088,252565.0,8371152.5,0.06116226688027382,0.0006520538590848446
sample_07,12556,51089,252570.0,8371152.5,0.09470757097005844,0.002666318556293845
sample_07,12556,51090,252575.0,8371152.5,0.07774002850055695,0.0027786563150584698
sample_07,12556,51091,252580.0,8371152.5,0.07954703271389008,0.003914606291800737
sample_07,12556,51092,252585.0,8371152.5,0.031633637845516205,0.007983922027051449
sample_07,12556,51093,252590.0,8371152.5,0.013338196091353893,0.0006722747348248959
sample_07,12556,51094,252595.0,8371152.5,0.007767418399453163,0.009869433008134365
sample_07,12556,51095,252600.0,8371152.5,0.0155716547742486,0.012153035029768944
sample_07,12556,51096,252605.0,8371152.5,0.012899036519229412,0.007404344622045755
sample_07,12556,51097,252610.0,8371152.5,0.03932678699493408,0.00310061639174819
sample_07,12556,51098,252615.0,8371152.5,0.011617039330303669,0.0011646081693470478
sample_07,12556,51099,252620.0,8371152.5,0.07292477041482925,0.004159766715019941
sample_07,12556,51100,252625.0,8371152.5,0.004217380657792091,0.002602724824100733
sample_07,12556,51101,252630.0,8371152.5,0.020587190985679626,0.007469505071640015
sample_07,12556,51102,252635.0,8371152.5,0.03834637627005577,0.002659530844539404
sample_07,12556,51103,252640.0,8371152.5,0.024963226169347763,0.0030029090121388435
sample_07,12556,51104,252645.0,8371152.5,0.03852372244000435,0.004003439098596573
sample_07,12556,51105,252650.0,8371152.5,0.011819679290056229,0.0015063374303281307
sample_07,12556,51106,252655.0,8371152.5,0.007732527796179056,0.0012526990612968802
sample_07,12556,51107,252660.0,8371152.5,0.01912079006433487,0.004070577677339315
sample_07,12556,51108,252665.0,8371152.5,0.015647688880562782,0.0026529706083238125
sample_07,12556,51109,252670.0,8371152.5,0.02959730476140976,0.00921194814145565
sample_07,12556,51110,252675.0,8371152.5,0.011281641200184822,0.00756862573325634
sample_07,12556,51111,252680.0,8371152.5,0.022231873124837875,0.006256761960685253
sample_07,12556,51112,252685.0,8371152.5,0.06313371658325195,0.007399901282042265
sample_07,12556,51113,252690.0,8371152.5,0.013038494624197483,0.0021693145390599966
sample_07,12556,51114,252695.0,8371152.5,0.03494354337453842,0.0018013687804341316
sample_07,12556,51115,252700.0,8371152.5,0.016127364709973335,0.006714678835123777
sample_07,12556,51116,252705.0,8371152.5,0.016335446387529373,0.001920986920595169
sample_07,12556,51117,252710.0,8371152.5,0.028937511146068573,0.002856553066521883
sample_07,12556,51118,252715.0,8371152.5,0.015340721234679222,0.0011399415088817477
sample_07,12556,51119,252720.0,8371152.5,0.020212892442941666,0.006082880310714245
sample_07,12556,51120,252725.0,8371152.5,0.011703873984515667,0.0012601243797689676
sample_07,12557,51082,252535.0,8371142.5,0.018388954922556877,0.0013997186906635761
sample_07,12557,51083,252540.0,8371142.5,0.031167831271886826,0.003065417055040598
sample_07,12557,51084,252545.0,8371142.5,0.031608231365680695,0.0020772889256477356
sample_07,12557,51085,252550.0,8371142.5,0.03449740260839462,0.011790594086050987
sample_07,12557,51086,252555.0,8371142.5,0.004445530008524656,0.004663852043449879
sample_07,12557,51087,252560.0,8371142.5,0.06201258674263954,0.006575745064765215
sample_07,12557,51088,252565.0,8371142.5,0.078299880027771,0.001597100985236466
sample_07,12557,51089,252570.0,8371142.5,0.027702707797288895,0.003324628807604313
sample_07,12557,51090,252575.0,8371142.5,0.007546038832515478,0.009117646142840385
sample_07,12557,51091,252580.0,8371142.5,0.03563040867447853,0.005677113309502602
sample_07,12557,51092,252585.0,8371142.5,0.06591727584600449,0.006528959609568119
sample_07,12557,51093,252590.0,8371142.5,0.021600820124149323,0.005524628795683384
sample_07,12557,51094,252595.0,8371142.5,0.009141979739069939,0.00508347200229764
sample_07,12557,51095,252600.0,8371142.5,0.0160741675645113,0.005778428167104721
sample_07,12557,51096,252605.0,8371142.5,0.017026113346219063,0.0002822123351506889
sample_07,12557,51097,252610.0,8371142.5,0.005542281549423933,0.005393997300416231
sample_07,12557,51098,252615.0,8371142.5,0.02276340313255787,0.0017017927020788193
sample_07,12557,51099,252620.0,8371142.5,0.0014761851634830236,0.00374567206017673
sample_07,12557,51100,252625.0,8371142.5,0.0023830640129745007,0.008026315830647945
sample_07,12557,51101,252630.0,8371142.5,0.059176698327064514,0.003225068561732769
sample_07,12557,51102,252635.0,8371142.5,0.02955845557153225,0.003552170004695654
sample_07,12557,51103,252640.0,8371142.5,0.020613066852092743,0.005865815561264753
sample_07,12557,51104,252645.0,8371142.5,0.009771481156349182,0.001279345597140491
sample_07,12557,51105,252650.0,8371142.5,0.01137453131377697,0.002917697886005044
sample_07,12557,51106,252655.0,8371142.5,0.052096158266067505,0.0023944678250700235
sample_07,12557,51107,252660.0,8371142.5,0.021767348051071167,0.0010230967309325933
sample_07,12557,51108,252665.0,8371142.5,0.06470204889774323,0.002347430679947138
sample_07,12557,51109,252670.0,8371142.5,0.021532775834202766,0.004631689749658108
sample_07,12557,51110,252675.0,8371142.5,0.026748422533273697,0.00328086968511343
sample_07,12557,51111,252680.0,8371142.5,0.02690596878528595,0.0005615563131868839
sample_07,12557,51112,252685.0,8371142.5,0.01511797122657299,0.005733516067266464
sample_07,12557,51113,252690.0,8371142.5,0.006309677381068468,0.008312596008181572
sample_07,12557,51114,252695.0,8371142.5,0.037367142736911774,0.0036205973010510206
sample_07,12557,51115,252700.0,8371142.5,0.03381501883268356,0.002307288581505418
sample_07,12557,51116,252705.0,8371142.5,0.018263470381498337,0.009001147001981735
sample_07,12557,51117,252710.0,8371142.5,0.011894109658896923,0.004400203470140696
sample_07,12557,51118,252715.0,8371142.5,0.011615793220698833,0.006419608369469643
sample_07,12557,51119,252720.0,8371142.5,0.015763532370328903,0.014339640736579895
sample_07,12557,51120,252725.0,8371142.5,0.01656709611415863,0.00045161382877267897
sample_08,5367,29072,142485.0,8443042.5,0.03256049007177353,0.0031683517154306173
sample_08,5367,29073,142490.0,8443042.5,0.006198913790285587,0.0004652668139897287
sample_08,5367,29074,142495.0,8443042.5,0.017412060871720314,0.002253672108054161
sample_08,5367,29075,142500.0,8443042.5,0.010738978162407875,0.0007078691851347685
sample_08,5367,29076,142505.0,8443042.5,0.009459847584366798,0.0045666382648050785
sample_08,5367,29077,142510.0,8443042.5,0.009756323881447315,0.009060245007276535
sample_08,5367,29078,142515.0,8443042.5,0.006213538348674774,0.004430735949426889
sample_08,5367,29079,142520.0,8443042.5,0.0119824493303895,0.0005469931638799608
sample_08,5367,29080,142525.0,8443042.5,0.023980826139450073,0.0011021255049854517
sample_08,5367,29081,142530.0,8443042.5,0.003310214029625058,0.0029793777503073215
sample_08,5367,29082,142535.0,8443042.5,0.003200897481292486,0.0014122240245342255
sample_08,5367,29083,142540.0,8443042.5,0.025307368487119675,0.002010541968047619
sample_08,5367,29084,142545.0,8443042.5,0.0122712142765522,0.0036874949000775814
sample_08,5367,29085,142550.0,8443042.5,0.008589103817939758,0.0005066788289695978
sample_08,5367,29086,142555.0,8443042.5,0.024602307006716728,0.0019138004863634706
sample_08,5367,29087,142560.0,8443042.5,0.010755538009107113,0.0038235150277614594
sample_08,5367,29088,142565.0,8443042.5,0.029329722747206688,0.0033627371303737164
sample_08,5367,29089,142570.0,8443042.5,0.037516482174396515,0.0001561379322083667
sample_08,5367,29090,142575.0,8443042.5,0.005395873449742794,0.005524481646716595
sample_08,5367,29091,142580.0,8443042.5,0.007805665954947472,0.00156230921857059
sample_08,5367,29092,142585.0,8443042.5,0.012924549169838428,0.0020546645391732454
sample_08,5367,29093,142590.0,8443042.5,0.00029836653266102076,0.0010692941723391414
sample_08,5367,29094,142595.0,8443042.5,0.004470597021281719,0.005721938330680132
sample_08,5367,29095,142600.0,8443042.5,0.007586300373077393,0.005522408057004213
sample_08,5367,29096,142605.0,8443042.5,0.016910430043935776,0.0028914418071508408
sample_08,5367,29097,142610.0,8443042.5,0.016039814800024033,0.0014995383098721504
sample_08,5367,29098,142615.0,8443042.5,0.009551838040351868,0.002935216762125492
sample_08,5367,29099,142620.0,8443042.5,0.008976507000625134,0.002778443042188883
sample_08,5367,29100,142625.0,8443042.5,0.034013111144304276,0.0010852519189938903
sample_08,5367,29101,142630.0,8443042.5,0.00963129848241806,0.008958195336163044
sample_08,5367,29102,142635.0,8443042.5,0.0078043644316494465,0.00251448224298656
sample_08,5367,29103,142640.0,8443042.5,0.014579989947378635,0.005769364535808563
sample_08,5367,29104,142645.0,8443042.5,0.0052343979477882385,0.008119114674627781
sample_08,5367,29105,142650.0,8443042.5,0.016075164079666138,0.002501468174159527
sample_08,5367,29106,142655.0,8443042.5,0.004843453876674175,0.0015088096261024475
sample_08,5367,29107,142660.0,8443042.5,0.00650106742978096,0.004442766308784485
sample_08,5367,29108,142665.0,8443042.5,0.015696564689278603,0.0034161023795604706
sample_08,5367,29109,142670.0,8443042.5,0.013522950001060963,0.0014320433838292956
sample_08,5367,29110,142675.0,8443042.5,0.022890472784638405,0.002805425552651286
sample_08,5367,29111,142680.0,8443042.5,0.016918305307626724,0.006959027610719204
sample_08,5368,29073,142490.0,8443032.5,0.028421925380825996,0.002419894328340888
sample_08,5368,29074,142495.0,8443032.5,0.012064709328114986,0.0033138212747871876
sample_08,5368,29075,142500.0,8443032.5,0.016854343935847282,0.0027960597071796656
sample_08,5368,29076,142505.0,8443032.5,0.019064251333475113,0.0031089417170733213
sample_08,5368,29077,142510.0,8443032.5,0.043926019221544266,0.0016431087860837579
sample_08,5368,29078,142515.0,8443032.5,0.04002752900123596,0.001500788377597928
sample_08,5368,29079,142520.0,8443032.5,0.0074976421892642975,0.0017423492390662432
sample_08,5368,29080,142525.0,8443032.5,0.02190512977540493,0.004101861268281937
sample_08,5368,29081,142530.0,8443032.5,0.0036565393675118685,0.004299709107726812
sample_08,5368,29082,142535.0,8443032.5,0.004532868042588234,0.0013581837993115187
sample_08,5368,29083,142540.0,8443032.5,0.01632489636540413,0.003727821633219719
sample_08,5368,29084,142545.0,8443032.5,0.024132350459694862,0.0022558250930160284
sample_08,5368,29085,142550.0,8443032.5,0.0056869350373744965,0.001355148502625525
sample_08,5368,29086,142555.0,8443032.5,0.02328113466501236,0.0016078889602795243
sample_08,5368,29087,142560.0,8443032.5,0.008718665689229965,0.009312276728451252
sample_08,5368,29088,142565.0,8443032.5,0.009786314330995083,0.005772710777819157
sample_08,5368,29089,142570.0,8443032.5,0.016411196440458298,0.005949540063738823
sample_08,5368,29090,142575.0,8443032.5,0.006801092531532049,0.00667915865778923
sample_08,5368,29091,142580.0,8443032.5,0.036298781633377075,0.004004891961812973
sample_08,5368,29092,142585.0,8443032.5,0.002006084192544222,0.005124341696500778
sample_08,5368,29093,142590.0,8443032.5,0.02568165957927704,0.0002360887883696705
sample_08,5368,29094,142595.0,8443032.5,0.008867565542459488,0.004137546755373478
sample_08,5368,29095,142600.0,8443032.5,0.009298359043896198,0.0017039603553712368
sample_08,5368,29096,142605.0,8443032.5,0.01126877497881651,0.0003413448284845799
sample_08,5368,29097,142610.0,8443032.5,0.016293304041028023,0.0007835538126528263
sample_08,5368,29098,142615.0,8443032.5,0.023729601874947548,0.0017731821862980723
sample_08,5368,29099,142620.0,8443032.5,0.029332410544157028,0.0004792174440808594
sample_08,5368,29100,142625.0,8443032.5,0.013171721249818802,0.000374861090676859
sample_08,5368,29101,142630.0,8443032.5,0.005668230354785919,0.0024344255216419697
sample_08,5368,29102,142635.0,8443032.5,0.004975426010787487,0.007380866911262274
sample_08,5368,29103,142640.0,8443032.5,0.011669116094708443,0.002195001346990466
sample_08,5368,29104,142645.0,8443032.5,0.0007143221446312964,0.0007769580697640777
sample_08,5368,29105,142650.0,8443032.5,0.011038004420697689,0.006824153009802103
sample_08,5368,29106,142655.0,8443032.5,0.009343224577605724,0.00694178557023406
sample_08,5368,29107,142660.0,8443032.5,0.008241565898060799,0.0015248153358697891
sample_08,5368,29108,142665.0,8443032.5,0.030641667544841766,0.008601071313023567
sample_08,5368,29109,142670.0,8443032.5,0.021004419773817062,0.006711266934871674
sample_08,5368,29110,142675.0,8443032.5,0.009595438838005066,0.0045655835419893265
sample_08,5368,29111,142680.0,8443032.5,0.011452330276370049,0.004045963753014803
sample_08,5369,29073,142490.0,8443022.5,0.04083644971251488,0.007771231234073639
sample_08,5369,29074,142495.0,8443022.5,0.009884693659842014,0.003989138174802065
sample_08,5369,29075,142500.0,8443022.5,0.007993411272764206,0.0014101051492616534
sample_08,5369,29076,142505.0,8443022.5,0.01921735517680645,0.0007978873909451067
sample_08,5369,29077,142510.0,8443022.5,0.04152338206768036,0.0010135434567928314
sample_08,5369,29078,142515.0,8443022.5,0.0122923469170928,0.0012459340505301952
sample_08,5369,29079,142520.0,8443022.5,0.006657229736447334,0.001901832758449018
sample_08,5369,29080,142525.0,8443022.5,0.044485632330179214,0.005627588834613562
sample_08,5369,29081,142530.0,8443022.5,0.03746570646762848,0.0027710688300430775
sample_08,5369,29082,142535.0,8443022.5,0.0044117821380496025,0.006663772277534008
sample_08,5369,29083,142540.0,8443022.5,0.01106079202145338,0.0035554359201341867
sample_08,5369,29084,142545.0,8443022.5,0.0046240827068686485,0.0027579187881201506
sample_08,5369,29085,142550.0,8443022.5,0.011550688184797764,0.0014897463843226433
sample_08,5369,29086,142555.0,8443022.5,0.008784480392932892,0.003946654498577118
sample_08,5369,29087,142560.0,8443022.5,0.02099643647670746,0.006353879347443581
sample_08,5369,29088,142565.0,8443022.5,0.013309710659086704,0.004341293592005968
sample_08,5369,29089,142570.0,8443022.5,0.006596967577934265,0.0018486942863091826
sample_08,5369,29090,142575.0,8443022.5,0.014354681596159935,0.00677999434992671
sample_08,5369,29091,142580.0,8443022.5,0.01718936301767826,0.001870537525974214
sample_08,5369,29092,142585.0,8443022.5,0.0016870510298758745,0.00460260221734643
sample_08,5369,29093,142590.0,8443022.5,0.001495273900218308,0.009737465530633926
sample_08,5369,29094,142595.0,8443022.5,0.010889168828725815,0.002867241157218814
sample_08,5369,29095,142600.0,8443022.5,0.005699601490050554,0.004239869769662619
sample_08,5369,29096,142605.0,8443022.5,0.01716076023876667,0.0025806077755987644
sample_08,5369,29097,142610.0,8443022.5,0.037173815071582794,0.005320090800523758
sample_08,5369,29098,142615.0,8443022.5,0.018360398709774017,0.0031888792291283607
sample_08,5369,29099,142620.0,8443022.5,0.00589843699708581,0.00600667018443346
sample_08,5369,29100,142625.0,8443022.5,0.013810623437166214,0.0022926938254386187
sample_08,5369,29101,142630.0,8443022.5,0.021564044058322906,0.0018220252823084593
sample_08,5369,29102,142635.0,8443022.5,0.01047665998339653,0.002726518316194415
sample_08,5369,29103,142640.0,8443022.5,0.012064528651535511,0.0024032052606344223
sample_08,5369,29104,142645.0,8443022.5,0.009586825966835022,0.004171350039541721
sample_08,5369,29105,142650.0,8443022.5,0.008009346202015877,0.008038967847824097
sample_08,5369,29106,142655.0,8443022.5,0.009296154603362083,0.003033893648535013
sample_08,5369,29107,142660.0,8443022.5,0.02818269282579422,0.00038399550248868763
sample_08,5369,29108,142665.0,8443022.5,0.008803343400359154,0.003940207418054342
sample_08,5369,29109,142670.0,8443022.5,0.007631839253008366,0.0016974827740341425
sample_08,5369,29110,142675.0,8443022.5,0.0030005041044205427,0.0015155109576880932
sample_08,5369,29111,142680.0,8443022.5,0.009265411645174026,0.0022500641644001007
sample_08,5370,29073,142490.0,8443012.5,0.004482662305235863,0.003130072494968772
sample_08,5370,29074,142495.0,8443012.5,0.008464076556265354,0.0020519320387393236
sample_08,5370,29075,142500.0,8443012.5,0.004474216140806675,0.0010043998481705785
sample_08,5370,29076,142505.0,8443012.5,0.002861534710973501,0.0015448807971552014
sample_08,5370,29077,142510.0,8443012.5,0.0037031425163149834,0.003405118826776743
sample_08,5370,29078,142515.0,8443012.5,0.009467985481023788,0.008809389546513557
sample_08,5370,29079,142520.0,8443012.5,0.010209647007286549,0.007150324061512947
sample_08,5370,29080,142525.0,8443012.5,0.030352439731359482,0.004223100375384092
sample_08,5370,29081,142530.0,8443012.5,0.015710575506091118,0.002909337170422077
sample_08,5370,29082,142535.0,8443012.5,0.015837667509913445,0.0055765677243471146
sample_08,5370,29083,142540.0,8443012.5,0.028351472690701485,0.0032101639080792665
sample_08,5370,29084,142545.0,8443012.5,0.0034806574694812298,0.004300760570913553
sample_08,5370,29085,142550.0,8443012.5,0.019098177552223206,0.003948122262954712
sample_08,5370,29086,142555.0,8443012.5,0.01628587394952774,0.0029399562627077103
sample_08,5370,29087,142560.0,8443012.5,0.009582852013409138,0.006030288990586996
sample_08,5370,29088,142565.0,8443012.5,0.008256818167865276,0.0049865953624248505
sample_08,5370,29089,142570.0,8443012.5,0.010938666760921478,0.0019730909261852503
sample_08,5370,29090,142575.0,8443012.5,0.018903087824583054,0.0022318067494779825
sample_08,5370,29091,142580.0,8443012.5,0.015948476269841194,0.0027888913173228502
sample_08,5370,29092,142585.0,8443012.5,0.019039953127503395,0.0016088886186480522
sample_08,5370,29093,142590.0,8443012.5,0.005108486395329237,0.004890100564807653
sample_08,5370,29094,142595.0,8443012.5,0.019207637757062912,0.012027132324874401
sample_08,5370,29095,142600.0,8443012.5,0.007931615225970745,0.0013127662241458893
sample_08,5370,29096,142605.0,8443012.5,0.025144878774881363,0.002024340210482478
sample_08,5370,29097,142610.0,8443012.5,0.008601397275924683,0.005534944590181112
sample_08,5370,29098,142615.0,8443012.5,0.01359119638800621,0.0026696582790464163
sample_08,5370,29099,142620.0,8443012.5,0.018975701183080673,0.008795796893537045
sample_08,5370,29100,142625.0,8443012.5,0.004658048506826162,0.0012095652054995298
sample_08,5370,29101,142630.0,8443012.5,0.017879322171211243,0.002641899511218071
sample_08,5370,29102,142635.0,8443012.5,0.008078839629888535,0.009501948952674866
sample_08,5370,29103,142640.0,8443012.5,0.013502703979611397,0.0019698943942785263
sample_08,5370,29104,142645.0,8443012.5,0.002770275343209505,0.0003482168831396848
sample_08,5370,29105,142650.0,8443012.5,0.010597804561257362,0.0007612713379785419
sample_08,5370,29106,142655.0,8443012.5,0.029058024287223816,0.0022367676720023155
sample_08,5370,29107,142660.0,8443012.5,0.01588320918381214,0.0008394367760047317
sample_08,5370,29108,142665.0,8443012.5,0.031211771070957184,0.002407240914180875
sample_08,5370,29109,142670.0,8443012.5,0.010662821121513844,0.0017835169564932585
sample_08,5370,29110,142675.0,8443012.5,0.0062861936166882515,0.0019777072593569756
sample_08,5370,29111,142680.0,8443012.5,0.00949177984148264,0.0003106292861048132
sample_08,5371,29073,142490.0,8443002.5,0.01447734422981739,0.0040359338745474815
sample_08,5371,29074,142495.0,8443002.5,0.009618639945983887,0.0019812616519629955
sample_08,5371,29075,142500.0,8443002.5,0.005844485480338335,0.0028261574916541576
sample_08,5371,29076,142505.0,8443002.5,0.0007862728671170771,0.004267058335244656
sample_08,5371,29077,142510.0,8443002.5,0.006511574611067772,0.009181182831525803
sample_08,5371,29078,142515.0,8443002.5,0.026186665520071983,0.0067176553420722485
sample_08,5371,29079,142520.0,8443002.5,0.009285010397434235,0.009258792735636234
sample_08,5371,29080,142525.0,8443002.5,0.03325306624174118,0.006886115297675133
sample_08,5371,29081,142530.0,8443002.5,0.017508581280708313,0.0003678039356600493
sample_08,5371,29082,142535.0,8443002.5,0.0017554936930537224,0.0012768362648785114
sample_08,5371,29083,142540.0,8443002.5,0.010728328488767147,0.0018516415730118752
sample_08,5371,29084,142545.0,8443002.5,0.003744793124496937,0.009295905008912086
sample_08,5371,29085,142550.0,8443002.5,0.014036035165190697,0.0030743691604584455
sample_08,5371,29086,142555.0,8443002.5,0.041328802704811096,0.003413326572626829
sample_08,5371,29087,142560.0,8443002.5,0.025495829060673714,0.003785500768572092
sample_08,5371,29088,142565.0,8443002.5,0.005437043495476246,0.001892812317237258
sample_08,5371,29089,142570.0,8443002.5,0.011713525280356407,0.0022515852469950914
sample_08,5371,29090,142575.0,8443002.5,0.00869532860815525,0.002341233193874359
sample_08,5371,29091,142580.0,8443002.5,0.008287324570119381,0.006012131460011005
sample_08,5371,29092,142585.0,8443002.5,0.012337165884673595,0.0006878223503008485
sample_08,5371,29093,142590.0,8443002.5,0.00904685165733099,0.0057719117030501366
sample_08,5371,29094,142595.0,8443002.5,0.003785390406847,0.0036968591157346964
sample_08,5371,29095,142600.0,8443002.5,0.01855630613863468,0.003969548735767603
sample_08,5371,29096,142605.0,8443002.5,0.01655237190425396,0.004206711892038584
sample_08,5371,29097,142610.0,8443002.5,0.02590089477598667,0.004462510347366333
sample_08,5371,29098,142615.0,8443002.5,0.008276373147964478,0.004196887835860252
sample_08,5371,29099,142620.0,8443002.5,0.00964638963341713,0.0049033998511731625
sample_08,5371,29100,142625.0,8443002.5,0.02421894483268261,0.0050111073069274426
sample_08,5371,29101,142630.0,8443002.5,0.006678156554698944,0.0016875125002115965
sample_08,5371,29102,142635.0,8443002.5,0.018302790820598602,0.0015798669774085283
sample_08,5371,29103,142640.0,8443002.5,0.0048144105821847916,0.0025046004448086023
sample_08,5371,29104,142645.0,8443002.5,0.01810513623058796,0.004278264008462429
sample_08,5371,29105,142650.0,8443002.5,0.017306096851825714,0.0026109740138053894
sample_08,5371,29106,142655.0,8443002.5,0.019416335970163345,0.0008815904147922993
sample_08,5371,29107,142660.0,8443002.5,0.00882353913038969,0.0023170989006757736
sample_08,5371,29108,142665.0,8443002.5,0.009611111134290695,0.0023103957064449787
sample_08,5371,29109,142670.0,8443002.5,0.013259023427963257,0.0017038012156262994
sample_08,5371,29110,142675.0,8443002.5,0.012096794322133064,0.001183675485663116
sample_08,5371,29111,142680.0,8443002.5,0.0056590731255710125,0.0001840729673858732
sample_08,5372,29073,142490.0,8442992.5,0.006364249158650637,0.002535568317398429
sample_08,5372,29074,142495.0,8442992.5,0.018105901777744293,0.0038865087553858757
sample_08,5372,29075,142500.0,8442992.5,0.008849507197737694,0.003314246190711856
sample_08,5372,29076,142505.0,8442992.5,0.004460516385734081,0.0022180357482284307
sample_08,5372,29077,142510.0,8442992.5,0.01644371822476387,0.006834414787590504
sample_08,5372,29078,142515.0,8442992.5,0.02264227345585823,0.0031371773220598698
sample_08,5372,29079,142520.0,8442992.5,0.004464189521968365,0.001277711009606719
sample_08,5372,29080,142525.0,8442992.5,0.023875728249549866,0.006083037704229355
sample_08,5372,29081,142530.0,8442992.5,0.011885810643434525,0.01112411543726921
sample_08,5372,29082,142535.0,8442992.5,0.011512797325849533,0.0013857409358024597
sample_08,5372,29083,142540.0,8442992.5,0.029010728001594543,0.0008637320715934038
sample_08,5372,29084,142545.0,8442992.5,0.031052865087985992,0.003207959234714508
sample_08,5372,29085,142550.0,8442992.5,0.004618086852133274,0.01121722161769867
sample_08,5372,29086,142555.0,8442992.5,0.007138452026993036,0.003194792428985238
sample_08,5372,29087,142560.0,8442992.5,0.010225065983831882,0.0034814646933227777
sample_08,5372,29088,142565.0,8442992.5,0.03373423218727112,0.00631524296477437
sample_08,5372,29089,142570.0,8442992.5,0.02519094944000244,0.003049951745197177
sample_08,5372,29090,142575.0,8442992.5,0.01955481991171837,0.0005890398751944304
sample_08,5372,29091,142580.0,8442992.5,0.021244842559099197,0.0015951115638017654
sample_08,5372,29092,142585.0,8442992.5,0.020352473482489586,0.008241873234510422
sample_08,5372,29093,142590.0,8442992.5,0.012677496299147606,0.005725909024477005
sample_08,5372,29094,142595.0,8442992.5,0.003954981453716755,0.005427505820989609
sample_08,5372,29095,142600.0,8442992.5,0.02802041918039322,0.0006043696193955839
sample_08,5372,29096,142605.0,8442992.5,0.013587144203484058,0.0018067872151732445
sample_08,5372,29097,142610.0,8442992.5,0.02308158203959465,0.00809058640152216
sample_08,5372,29098,142615.0,8442992.5,0.007339426316320896,0.001902635907754302
sample_08,5372,29099,142620.0,8442992.5,0.022299887612462044,0.00750831188634038
sample_08,5372,29100,142625.0,8442992.5,0.004248032346367836,0.0014680722961202264
sample_08,5372,29101,142630.0,8442992.5,0.01973891444504261,0.0007439310429617763
sample_08,5372,29102,142635.0,8442992.5,0.03403131291270256,0.0013875056756660342
sample_08,5372,29103,142640.0,8442992.5,0.01283947378396988,0.0005098555702716112
sample_08,5372,29104,142645.0,8442992.5,0.0032547516748309135,0.0011388597777113318
sample_08,5372,29105,142650.0,8442992.5,0.004196035675704479,0.0011492897756397724
sample_08,5372,29106,142655.0,8442992.5,0.016616756096482277,0.0011062005069106817
sample_08,5372,29107,142660.0,8442992.5,0.006800654344260693,0.006324766203761101
sample_08,5372,29108,142665.0,8442992.5,0.02093566581606865,0.005163091700524092
sample_08,5372,29109,142670.0,8442992.5,0.00391962006688118,0.005109051242470741
sample_08,5372,29110,142675.0,8442992.5,0.008066637441515923,0.008522224612534046
sample_08,5372,29111,142680.0,8442992.5,0.0024536228738725185,0.003254274372011423
sample_08,5373,29073,142490.0,8442982.5,0.030807221308350563,0.0010663678403943777
sample_08,5373,29074,142495.0,8442982.5,0.007572093978524208,0.0026779593899846077
sample_08,5373,29075,142500.0,8442982.5,0.006221018265932798,0.0027739417273551226
sample_08,5373,29076,142505.0,8442982.5,0.028107840567827225,0.0037790609057992697
sample_08,5373,29077,142510.0,8442982.5,0.027542101219296455,0.0008537550456821918
sample_08,5373,29078,142515.0,8442982.5,0.018513161689043045,0.007575893308967352
sample_08,5373,29079,142520.0,8442982.5,0.026775555685162544,0.0026542034465819597
sample_08,5373,29080,142525.0,8442982.5,0.01490747556090355,0.0019248868338763714
sample_08,5373,29081,142530.0,8442982.5,0.014114719815552235,0.0014059587847441435
sample_08,5373,29082,142535.0,8442982.5,0.016356661915779114,0.003626086749136448
sample_08,5373,29083,142540.0,8442982.5,0.009753051213920116,0.00389466411434114
sample_08,5373,29084,142545.0,8442982.5,0.01001847255975008,0.0008733520517125726
sample_08,5373,29085,142550.0,8442982.5,0.02044757828116417,0.0058122314512729645
sample_08,5373,29086,142555.0,8442982.5,0.0028327414765954018,0.0032150186598300934
sample_08,5373,29087,142560.0,8442982.5,0.021813800558447838,0.0029643899761140347
sample_08,5373,29088,142565.0,8442982.5,0.01938692480325699,0.00379179697483778
sample_08,5373,29089,142570.0,8442982.5,0.00600140867754817,0.0019187068101018667
sample_08,5373,29090,142575.0,8442982.5,0.01405480969697237,0.0007750147487968206
sample_08,5373,29091,142580.0,8442982.5,0.004656408913433552,0.004584711045026779
sample_08,5373,29092,142585.0,8442982.5,0.006497975438833237,0.010532554239034653
sample_08,5373,29093,142590.0,8442982.5,0.0042014229111373425,0.006463624071329832
sample_08,5373,29094,142595.0,8442982.5,0.012144172564148903,0.003506995737552643
sample_08,5373,29095,142600.0,8442982.5,0.0029594877269119024,0.0012166582746431231
sample_08,5373,29096,142605.0,8442982.5,0.04577634856104851,0.0009530626703053713
sample_08,5373,29097,142610.0,8442982.5,0.018844416365027428,0.004388201050460339
sample_08,5373,29098,142615.0,8442982.5,0.001480818260461092,0.007016352377831936
sample_08,5373,29099,142620.0,8442982.5,0.0019498380133882165,0.0006684683030471206
sample_08,5373,29100,142625.0,8442982.5,0.023039579391479492,0.0051199160516262054
sample_08,5373,29101,142630.0,8442982.5,0.012071710079908371,0.007748597301542759
sample_08,5373,29102,142635.0,8442982.5,0.014111826196312904,0.005141898058354855
sample_08,5373,29103,142640.0,8442982.5,0.0006386573077179492,0.004229490179568529
sample_08,5373,29104,142645.0,8442982.5,0.019686555489897728,0.0013627558946609497
sample_08,5373,29105,142650.0,8442982.5,0.00041074244654737413,0.001270350068807602
sample_08,5373,29106,142655.0,8442982.5,0.025605445727705956,0.0022582353558391333
sample_08,5373,29107,142660.0,8442982.5,0.008097296580672264,0.00363474665209651
sample_08,5373,29108,142665.0,8442982.5,0.03862267732620239,0.00807885266840458
sample_08,5373,29109,142670.0,8442982.5,0.0033777491189539433,0.0015438578557223082
sample_08,5373,29110,142675.0,8442982.5,0.06802248954772949,0.0034178411588072777
sample_08,5373,29111,142680.0,8442982.5,0.027011336758732796,0.005212761461734772
sample_08,5374,29073,142490.0,8442972.5,0.014120306819677353,0.003663700306788087
sample_08,5374,29074,142495.0,8442972.5,0.054259493947029114,0.003042085561901331
sample_08,5374,29075,142500.0,8442972.5,0.011503824032843113,0.005116158630698919
sample_08,5374,29076,142505.0,8442972.5,0.009678914211690426,0.007118262816220522
sample_08,5374,29077,142510.0,8442972.5,0.009191222488880157,0.007217771839350462
sample_08,5374,29078,142515.0,8442972.5,0.015981649979948997,0.0009165016235783696
sample_08,5374,29079,142520.0,8442972.5,0.011537582613527775,0.003343676682561636
sample_08,5374,29080,142525.0,8442972.5,0.0046750218607485294,0.0022429185919463634
sample_08,5374,29081,142530.0,8442972.5,0.0026651094667613506,0.010510746389627457
sample_08,5374,29082,142535.0,8442972.5,0.009180333465337753,0.006527115125209093
sample_08,5374,29083,142540.0,8442972.5,0.03287333995103836,0.0011948627652600408
sample_08,5374,29084,142545.0,8442972.5,0.012007931247353554,0.003509980859234929
sample_08,5374,29085,142550.0,8442972.5,0.023212650790810585,0.0022714973893016577
sample_08,5374,29086,142555.0,8442972.5,0.009473830461502075,0.0011495787184685469
sample_08,5374,29087,142560.0,8442972.5,0.018313542008399963,0.003704520408064127
sample_08,5374,29088,142565.0,8442972.5,0.021692872047424316,0.0008159771095961332
sample_08,5374,29089,142570.0,8442972.5,0.001345830736681819,0.0008813346503302455
sample_08,5374,29090,142575.0,8442972.5,0.006269232369959354,0.0010864613577723503
sample_08,5374,29091,142580.0,8442972.5,0.0050214664079248905,0.005838970188051462
sample_08,5374,29092,142585.0,8442972.5,0.007619423326104879,0.0037806564942002296
sample_08,5374,29093,142590.0,8442972.5,0.006160996854305267,0.002288288436830044
sample_08,5374,29094,142595.0,8442972.5,0.014227139763534069,0.0009804129367694259
sample_08,5374,29095,142600.0,8442972.5,0.03081396222114563,0.0019175332272425294
sample_08,5374,29096,142605.0,8442972.5,0.013284463435411453,0.0014132526703178883
sample_08,5374,29097,142610.0,8442972.5,0.015347359701991081,0.0022601867094635963
sample_08,5374,29098,142615.0,8442972.5,0.022599700838327408,0.0005899456446059048
sample_08,5374,29099,142620.0,8442972.5,0.02219219133257866,0.0005081132403574884
sample_08,5374,29100,142625.0,8442972.5,0.003415609011426568,0.001082808244973421
sample_08,5374,29101,142630.0,8442972.5,0.0171024389564991,0.0054235379211604595
sample_08,5374,29102,142635.0,8442972.5,0.01431403961032629,0.0016422523185610771
sample_08,5374,29103,142640.0,8442972.5,0.013280079700052738,0.00046591495629400015
sample_08,5374,29104,142645.0,8442972.5,0.035220276564359665,0.004601825028657913
sample_08,5374,29105,142650.0,8442972.5,0.0026865224353969097,0.001423487439751625
sample_08,5374,29106,142655.0,8442972.5,0.0028413119725883007,0.0014603747986257076
sample_08,5374,29107,142660.0,8442972.5,0.005395189858973026,0.002365569584071636
sample_08,5374,29108,142665.0,8442972.5,0.04272116348147392,0.0032136510126292706
sample_08,5374,29109,142670.0,8442972.5,0.010406790301203728,6.349561590468511e-05
sample_08,5374,29110,142675.0,8442972.5,0.01913861557841301,0.003770995419472456
sample_08,5374,29111,142680.0,8442972.5,0.01090025994926691,0.0012241578660905361
sample_08,5375,29073,142490.0,8442962.5,0.014659377746284008,0.003816836979240179
sample_08,5375,29074,142495.0,8442962.5,0.031747687608003616,0.0007126338896341622
sample_08,5375,29075,142500.0,8442962.5,0.02010364830493927,0.002822697628289461
sample_08,5375,29076,142505.0,8442962.5,0.02830353192985058,0.005001555662602186
sample_08,5375,29077,142510.0,8442962.5,0.02872621640563011,0.0022865519858896732
sample_08,5375,29078,142515.0,8442962.5,0.012923946604132652,0.002591766184195876
sample_08,5375,29079,142520.0,8442962.5,0.034937091171741486,0.0022086105309426785
sample_08,5375,29080,142525.0,8442962.5,0.01175032090395689,0.0014539142139256
sample_08,5375,29081,142530.0,8442962.5,0.002404851373285055,0.000845238275360316
sample_08,5375,29082,142535.0,8442962.5,0.007218440994620323,0.001967258984223008
sample_08,5375,29083,142540.0,8442962.5,0.03805562108755112,0.0053923651576042175
sample_08,5375,29084,142545.0,8442962.5,0.03832794725894928,0.0027521250303834677
sample_08,5375,29085,142550.0,8442962.5,0.0241424310952425,0.006782170385122299
sample_08,5375,29086,142555.0,8442962.5,0.013525843620300293,0.0006027421914041042
sample_08,5375,29087,142560.0,8442962.5,0.011283723637461662,0.003302420722320676
sample_08,5375,29088,142565.0,8442962.5,0.008197952061891556,0.002892725635319948
sample_08,5375,29089,142570.0,8442962.5,0.006317060440778732,0.0032432449515908957
sample_08,5375,29090,142575.0,8442962.5,0.021001985296607018,0.003671528771519661
sample_08,5375,29091,142580.0,8442962.5,0.003946665208786726,0.0010845272336155176
sample_08,5375,29092,142585.0,8442962.5,0.014415506273508072,0.00246030418202281
sample_08,5375,29093,142590.0,8442962.5,0.06788577139377594,0.003601127304136753
sample_08,5375,29094,142595.0,8442962.5,0.05702713504433632,0.004114645533263683
sample_08,5375,29095,142600.0,8442962.5,0.010577449575066566,0.0009329761378467083
sample_08,5375,29096,142605.0,8442962.5,0.054191429167985916,0.0007342339958995581
sample_08,5375,29097,142610.0,8442962.5,0.014762559905648232,0.006240625865757465
sample_08,5375,29098,142615.0,8442962.5,0.017292402684688568,0.003205082844942808
sample_08,5375,29099,142620.0,8442962.5,0.018381966277956963,0.00324997678399086
sample_08,5375,29100,142625.0,8442962.5,0.021974880248308182,0.0026334873400628567
sample_08,5375,29101,142630.0,8442962.5,0.01151782926172018,0.002113800495862961
sample_08,5375,29102,142635.0,8442962.5,0.012672752141952515,0.0029099024832248688
sample_08,5375,29103,142640.0,8442962.5,0.003953061997890472,0.0012305695563554764
sample_08,5375,29104,142645.0,8442962.5,0.002468651160597801,0.004418160766363144
sample_08,5375,29105,142650.0,8442962.5,0.016642315313220024,0.008390343748033047
sample_08,5375,29106,142655.0,8442962.5,0.01741054281592369,0.00401455070823431
sample_08,5375,29107,142660.0,8442962.5,0.007313923444598913,0.00491961557418108
sample_08,5375,29108,142665.0,8442962.5,0.011760024353861809,0.008038783445954323
sample_08,5375,29109,142670.0,8442962.5,0.005381642375141382,0.00028917938470840454
sample_08,5375,29110,142675.0,8442962.5,0.0071879299357533455,0.0013568383874371648
sample_08,5375,29111,142680.0,8442962.5,0.008753055706620216,0.0030159400776028633
sample_08,5376,29073,142490.0,8442952.5,0.013698454946279526,0.005905573721975088
sample_08,5376,29074,142495.0,8442952.5,0.004853659309446812,0.0015940438024699688
sample_08,5376,29075,142500.0,8442952.5,0.01631869561970234,0.001252941321581602
sample_08,5376,29076,142505.0,8442952.5,0.02906627207994461,0.00013878144090995193
sample_08,5376,29077,142510.0,8442952.5,0.030795250087976456,0.006703597493469715
sample_08,5376,29078,142515.0,8442952.5,0.00605399627238512,0.0031647963915020227
sample_08,5376,29079,142520.0,8442952.5,0.014240695163607597,0.0013016482116654515
sample_08,5376,29080,142525.0,8442952.5,0.0031539718620479107,0.001480079721659422
sample_08,5376,29081,142530.0,8442952.5,0.011271903291344643,0.0006912878016009927
sample_08,5376,29082,142535.0,8442952.5,0.023635653778910637,0.0005212111864238977
sample_08,5376,29083,142540.0,8442952.5,0.013667702674865723,0.003540278412401676
sample_08,5376,29084,142545.0,8442952.5,0.005809555761516094,0.002035255776718259
sample_08,5376,29085,142550.0,8442952.5,0.00216668751090765,0.0004089896974619478
sample_08,5376,29086,142555.0,8442952.5,0.033520180732011795,0.0022840932942926884
sample_08,5376,29087,142560.0,8442952.5,0.048535436391830444,0.004468922503292561
sample_08,5376,29088,142565.0,8442952.5,0.0025198685470968485,0.0029557363595813513
sample_08,5376,29089,142570.0,8442952.5,0.0033573179971426725,0.002296332735568285
sample_08,5376,29090,142575.0,8442952.5,0.006654021330177784,0.0020945840515196323
sample_08,5376,29091,142580.0,8442952.5,0.013739699497818947,0.0037186776753515005
sample_08,5376,29092,142585.0,8442952.5,0.0059020319022238255,0.0014773326693102717
sample_08,5376,29093,142590.0,8442952.5,0.005553208291530609,0.003099683439359069
sample_08,5376,29094,142595.0,8442952.5,0.002201003022491932,0.0030483417212963104
sample_08,5376,29095,142600.0,8442952.5,0.012895083986222744,0.00416700541973114
sample_08,5376,29096,142605.0,8442952.5,0.0032076279167085886,0.00042044714791700244
sample_08,5376,29097,142610.0,8442952.5,0.005132481921464205,0.001980910776183009
sample_08,5376,29098,142615.0,8442952.5,0.00402148999273777,0.0006107949884608388
sample_08,5376,29099,142620.0,8442952.5,0.028946438804268837,0.004536435939371586
sample_08,5376,29100,142625.0,8442952.5,0.031176669523119926,0.002075805328786373
sample_08,5376,29101,142630.0,8442952.5,0.008805403485894203,0.0018647538963705301
sample_08,5376,29102,142635.0,8442952.5,0.020311225205659866,0.00319161475636065
sample_08,5376,29103,142640.0,8442952.5,0.006667636334896088,0.005342093296349049
sample_08,5376,29104,142645.0,8442952.5,0.030673891305923462,0.0026972764171659946
sample_08,5376,29105,142650.0,8442952.5,0.0031280466355383396,0.00024601467885077
sample_08,5376,29106,142655.0,8442952.5,0.009012450464069843,0.0036266569513827562
sample_08,5376,29107,142660.0,8442952.5,0.0052179815247654915,0.0024576387368142605
sample_08,5376,29108,142665.0,8442952.5,0.0171938706189394,0.003601913107559085
sample_08,5376,29109,142670.0,8442952.5,0.022880515083670616,0.003533117240294814
sample_08,5376,29110,142675.0,8442952.5,0.010813530534505844,0.005724490620195866
sample_08,5376,29111,142680.0,8442952.5,0.030148347839713097,0.003199133090674877
sample_08,5377,29073,142490.0,8442942.5,0.006673171650618315,0.0009107716614380479
sample_08,5377,29074,142495.0,8442942.5,0.02580462582409382,0.001779821701347828
sample_08,5377,29075,142500.0,8442942.5,0.014171234332025051,0.004368392750620842
sample_08,5377,29076,142505.0,8442942.5,0.01847141608595848,0.0028581563383340836
sample_08,5377,29077,142510.0,8442942.5,0.0058858622796833515,0.00013917929027229548
sample_08,5377,29078,142515.0,8442942.5,0.003417979460209608,0.000859434949234128
sample_08,5377,29079,142520.0,8442942.5,0.019206145778298378,0.007475737016648054
sample_08,5377,29080,142525.0,8442942.5,0.019193820655345917,0.004396963398903608
sample_08,5377,29081,142530.0,8442942.5,0.019523074850440025,0.0043853046372532845
sample_08,5377,29082,142535.0,8442942.5,0.011203069239854813,0.002092327456921339
sample_08,5377,29083,142540.0,8442942.5,0.007964348420500755,0.0022902784403413534
sample_08,5377,29084,142545.0,8442942.5,0.004820133093744516,0.00350042711943388
sample_08,5377,29085,142550.0,8442942.5,0.0041163102723658085,0.005505722481757402
sample_08,5377,29086,142555.0,8442942.5,0.021433323621749878,0.0010908122640103102
sample_08,5377,29087,142560.0,8442942.5,0.011555382050573826,0.006142925936728716
sample_08,5377,29088,142565.0,8442942.5,0.016183480620384216,0.008865594863891602
sample_08,5377,29089,142570.0,8442942.5,0.029983356595039368,0.007724807597696781
sample_08,5377,29090,142575.0,8442942.5,0.023749496787786484,0.0004943630774505436
sample_08,5377,29091,142580.0,8442942.5,0.01918153464794159,0.0028666462749242783
sample_08,5377,29092,142585.0,8442942.5,0.01262509636580944,0.0028573835734277964
sample_08,5377,29093,142590.0,8442942.5,0.0072163185104727745,0.004737740848213434
sample_08,5377,29094,142595.0,8442942.5,0.0027009635232388973,0.007906490005552769
sample_08,5377,29095,142600.0,8442942.5,0.007303257938474417,0.0039282008074223995
sample_08,5377,29096,142605.0,8442942.5,0.01610250025987625,0.003512932686135173
sample_08,5377,29097,142610.0,8442942.5,0.017875533550977707,0.0021497090347111225
sample_08,5377,29098,142615.0,8442942.5,0.007637576200067997,0.0033431940246373415
sample_08,5377,29099,142620.0,8442942.5,0.0407828651368618,0.0036398745141923428
sample_08,5377,29100,142625.0,8442942.5,0.0045569962821900845,0.0007633073255419731
sample_08,5377,29101,142630.0,8442942.5,0.017214510589838028,0.003208319190889597
sample_08,5377,29102,142635.0,8442942.5,0.001352318562567234,0.0014686111826449633
sample_08,5377,29103,142640.0,8442942.5,0.006770148873329163,0.0058646900579333305
sample_08,5377,29104,142645.0,8442942.5,0.018424296751618385,0.003721135202795267
sample_08,5377,29105,142650.0,8442942.5,0.040723174810409546,0.0009056644630618393
sample_08,5377,29106,142655.0,8442942.5,0.013620076701045036,0.004463731776922941
sample_08,5377,29107,142660.0,8442942.5,0.03380510210990906,0.008875129744410515
sample_08,5377,29108,142665.0,8442942.5,0.0026910430751740932,0.004240754991769791
sample_08,5377,29109,142670.0,8442942.5,0.021359331905841827,0.0040231854654848576
sample_08,5377,29110,142675.0,8442942.5,0.0336683951318264,0.002147451974451542
sample_08,5377,29111,142680.0,8442942.5,0.0335422158241272,0.00509282061830163
sample_08,5378,29073,142490.0,8442932.5,0.002687145257368684,0.0013233690988272429
sample_08,5378,29074,142495.0,8442932.5,0.024788780137896538,0.0020314850844442844
sample_08,5378,29075,142500.0,8442932.5,0.0020153226796537638,0.002193621126934886
sample_08,5378,29076,142505.0,8442932.5,0.032353274524211884,0.006888165138661861
sample_08,5378,29077,142510.0,8442932.5,0.007007206790149212,0.004026283510029316
sample_08,5378,29078,142515.0,8442932.5,0.015310664661228657,0.0026927839498966932
sample_08,5378,29079,142520.0,8442932.5,0.023578383028507233,0.006860414519906044
sample_08,5378,29080,142525.0,8442932.5,0.04189489781856537,0.01000487431883812
sample_08,5378,29081,142530.0,8442932.5,0.0027365072164684534,0.002218866953626275
sample_08,5378,29082,142535.0,8442932.5,0.035240739583969116,0.0015623059589415789
sample_08,5378,29083,142540.0,8442932.5,0.00130369677208364,0.0033955490216612816
sample_08,5378,29084,142545.0,8442932.5,0.004834786988794804,0.010354014113545418
sample_08,5378,29085,142550.0,8442932.5,0.0075448486022651196,0.005182935856282711
sample_08,5378,29086,142555.0,8442932.5,0.018987581133842468,0.010782075114548206
sample_08,5378,29087,142560.0,8442932.5,0.00219123438000679,0.002947843400761485
sample_08,5378,29088,142565.0,8442932.5,0.03974102810025215,0.0010222174460068345
sample_08,5378,29089,142570.0,8442932.5,0.026145299896597862,0.002880471758544445
sample_08,5378,29090,142575.0,8442932.5,0.010514859110116959,0.005274735391139984
sample_08,5378,29091,142580.0,8442932.5,0.010959185659885406,0.0028869202360510826
sample_08,5378,29092,142585.0,8442932.5,0.02137775905430317,0.001526688109152019
sample_08,5378,29093,142590.0,8442932.5,0.012762099504470825,0.0020867956336587667
sample_08,5378,29094,142595.0,8442932.5,0.030731892213225365,0.004201010800898075
sample_08,5378,29095,142600.0,8442932.5,0.0026597720570862293,0.00499423872679472
sample_08,5378,29096,142605.0,8442932.5,0.010362096130847931,0.00658926647156477
sample_08,5378,29097,142610.0,8442932.5,0.02103329822421074,0.005043971352279186
sample_08,5378,29098,142615.0,8442932.5,0.018606139346957207,0.005400294903665781
sample_08,5378,29099,142620.0,8442932.5,0.012889512814581394,0.001424944493919611
sample_08,5378,29100,142625.0,8442932.5,0.010708676651120186,0.0031093829311430454
sample_08,5378,29101,142630.0,8442932.5,0.005067564081400633,0.0019737030379474163
sample_08,5378,29102,142635.0,8442932.5,0.0036642970517277718,0.0029528019949793816
sample_08,5378,29103,142640.0,8442932.5,0.010031556710600853,0.004486741963773966
sample_08,5378,29104,142645.0,8442932.5,0.019378196448087692,0.0031671596225351095
sample_08,5378,29105,142650.0,8442932.5,0.01867716759443283,0.0013021054910495877
sample_08,5378,29106,142655.0,8442932.5,0.002692784182727337,0.013130641542375088
sample_08,5378,29107,142660.0,8442932.5,0.004241758957505226,0.0016385801136493683
sample_08,5378,29108,142665.0,8442932.5,0.009204470552504063,0.001927203731611371
sample_08,5378,29109,142670.0,8442932.5,0.01862793043255806,0.011536361649632454
sample_08,5378,29110,142675.0,8442932.5,0.012821001932024956,0.00045637611765414476
sample_08,5378,29111,142680.0,8442932.5,0.007053686771541834,0.0017674509435892105
sample_08,5379,29073,142490.0,8442922.5,0.021835623309016228,0.012899581342935562
sample_08,5379,29074,142495.0,8442922.5,0.025859259068965912,0.0024740153457969427
sample_08,5379,29075,142500.0,8442922.5,0.008579430170357227,0.0030125691555440426
sample_08,5379,29076,142505.0,8442922.5,0.02899332344532013,0.0010440268088132143
sample_08,5379,29077,142510.0,8442922.5,0.013591328635811806,0.0019376549171283841
sample_08,5379,29078,142515.0,8442922.5,0.003971694968640804,0.006774222943931818
sample_08,5379,29079,142520.0,8442922.5,0.028545549139380455,0.011534459888935089
sample_08,5379,29080,142525.0,8442922.5,0.02196192368865013,0.0022898963652551174
sample_08,5379,29081,142530.0,8442922.5,0.013410177081823349,0.0036438368260860443
sample_08,5379,29082,142535.0,8442922.5,0.009874946437776089,0.00030622404301539063
sample_08,5379,29083,142540.0,8442922.5,0.029754146933555603,0.0024185574147850275
sample_08,5379,29084,142545.0,8442922.5,0.00584026426076889,0.002998267998918891
sample_08,5379,29085,142550.0,8442922.5,0.029624303802847862,0.00304093724116683
sample_08,5379,29086,142555.0,8442922.5,0.01391926221549511,0.0018989045638591051
sample_08,5379,29087,142560.0,8442922.5,0.0059919836930930614,0.0014992337673902512
sample_08,5379,29088,142565.0,8442922.5,0.016825838014483452,0.004400116857141256
sample_08,5379,29089,142570.0,8442922.5,0.009264636784791946,0.0007355323759838939
sample_08,5379,29090,142575.0,8442922.5,0.014398138970136642,0.0008404726395383477
sample_08,5379,29091,142580.0,8442922.5,0.017868895083665848,0.003358346177265048
sample_08,5379,29092,142585.0,8442922.5,0.023201847448945045,0.006879124790430069
sample_08,5379,29093,142590.0,8442922.5,0.019138609990477562,0.00608877744525671
sample_08,5379,29094,142595.0,8442922.5,0.033155906945466995,0.0017300588078796864
sample_08,5379,29095,142600.0,8442922.5,0.004111797083169222,0.0036380556412041187
sample_08,5379,29096,142605.0,8442922.5,0.039094217121601105,0.006421969272196293
sample_08,5379,29097,142610.0,8442922.5,0.037805672734975815,0.0072443983517587185
sample_08,5379,29098,142615.0,8442922.5,0.0025142852682620287,0.0034091915003955364
sample_08,5379,29099,142620.0,8442922.5,0.0236723180860281,0.004274921491742134
sample_08,5379,29100,142625.0,8442922.5,0.004723089747130871,0.0022242851555347443
sample_08,5379,29101,142630.0,8442922.5,0.03073801100254059,0.004416657146066427
sample_08,5379,29102,142635.0,8442922.5,0.010758531279861927,0.0029533386696130037
sample_08,5379,29103,142640.0,8442922.5,0.0039053307846188545,0.007523833774030209
sample_08,5379,29104,142645.0,8442922.5,0.005672941915690899,0.002975405426695943
sample_08,5379,29105,142650.0,8442922.5,0.02152281627058983,0.007425171788781881
sample_08,5379,29106,142655.0,8442922.5,0.009446542710065842,0.003929757513105869
sample_08,5379,29107,142660.0,8442922.5,0.0090289656072855,0.002051869872957468
sample_08,5379,29108,142665.0,8442922.5,0.0017759366892278194,0.0009209408308379352
sample_08,5379,29109,142670.0,8442922.5,0.007262778002768755,0.002115650102496147
sample_08,5379,29110,142675.0,8442922.5,0.00855598971247673,0.005152019672095776
sample_08,5379,29111,142680.0,8442922.5,0.0009321559919044375,0.0025705434381961823
sample_08,5380,29073,142490.0,8442912.5,0.007834123447537422,0.0022425183560699224
sample_08,5380,29074,142495.0,8442912.5,0.016246739774942398,0.00465540774166584
sample_08,5380,29075,142500.0,8442912.5,0.0042450884357094765,0.0036563777830451727
sample_08,5380,29076,142505.0,8442912.5,0.021608369424939156,0.00776359997689724
sample_08,5380,29077,142510.0,8442912.5,0.006297997198998928,0.003850041888654232
sample_08,5380,29078,142515.0,8442912.5,0.05284201726317406,0.0029224990867078304
sample_08,5380,29079,142520.0,8442912.5,0.008861538954079151,0.0023752418346703053
sample_08,5380,29080,142525.0,8442912.5,0.005831786431372166,0.004699821583926678
sample_08,5380,29081,142530.0,8442912.5,0.004208160098642111,0.0011024309787899256
sample_08,5380,29082,142535.0,8442912.5,0.01541915163397789,0.007904565893113613
sample_08,5380,29083,142540.0,8442912.5,0.024637721478939056,0.0025069660041481256
sample_08,5380,29084,142545.0,8442912.5,0.0135278832167387,0.0027521722950041294
sample_08,5380,29085,142550.0,8442912.5,0.011521185748279095,0.003696129657328129
sample_08,5380,29086,142555.0,8442912.5,0.027954822406172752,0.006949859205633402
sample_08,5380,29087,142560.0,8442912.5,0.016963297501206398,0.00550867198035121
sample_08,5380,29088,142565.0,8442912.5,0.015119345858693123,0.0034971432760357857
sample_08,5380,29089,142570.0,8442912.5,0.05280021205544472,0.002902004402130842
sample_08,5380,29090,142575.0,8442912.5,0.009778228588402271,0.005662912502884865
sample_08,5380,29091,142580.0,8442912.5,0.009456888772547245,0.0041225445456802845
sample_08,5380,29092,142585.0,8442912.5,0.014451565220952034,0.00662935059517622
sample_08,5380,29093,142590.0,8442912.5,0.008846772834658623,0.00022906973026692867
sample_08,5380,29094,142595.0,8442912.5,0.013608112931251526,0.002230471931397915
sample_08,5380,29095,142600.0,8442912.5,0.005260417237877846,0.0006830538623034954
sample_08,5380,29096,142605.0,8442912.5,0.03629463538527489,0.0016623575938865542
sample_08,5380,29097,142610.0,8442912.5,0.014708243310451508,0.0014976359670981765
sample_08,5380,29098,142615.0,8442912.5,0.008252814412117004,0.0027112390380352736
sample_08,5380,29099,142620.0,8442912.5,0.023653842508792877,0.0012058685533702374
sample_08,5380,29100,142625.0,8442912.5,0.01580147258937359,0.0019639243837445974
sample_08,5380,29101,142630.0,8442912.5,0.03967687487602234,0.003454828169196844
sample_08,5380,29102,142635.0,8442912.5,0.022472966462373734,0.002159559866413474
sample_08,5380,29103,142640.0,8442912.5,0.016897084191441536,0.004962778650224209
sample_08,5380,29104,142645.0,8442912.5,0.010092481970787048,0.002737677190452814
sample_08,5380,29105,142650.0,8442912.5,0.01459259632974863,0.003464767709374428
sample_08,5380,29106,142655.0,8442912.5,0.01100022904574871,0.0010964189423248172
sample_08,5380,29107,142660.0,8442912.5,0.024838192388415337,0.0007904429803602397
sample_08,5380,29108,142665.0,8442912.5,0.01592627726495266,0.0031015719287097454
sample_08,5380,29109,142670.0,8442912.5,0.01731790043413639,0.0029263971373438835
sample_08,5380,29110,142675.0,8442912.5,0.014390790835022926,0.0024620764888823032
sample_08,5380,29111,142680.0,8442912.5,0.017445940524339676,0.0009109240490943193
sample_08,5381,29073,142490.0,8442902.5,0.01611398532986641,0.0037410748191177845
sample_08,5381,29074,142495.0,8442902.5,0.0034007346257567406,0.0018151134718209505
sample_08,5381,29075,142500.0,8442902.5,0.033484719693660736,0.004963676445186138
sample_08,5381,29076,142505.0,8442902.5,0.0005740150809288025,0.0019662731792777777
sample_08,5381,29077,142510.0,8442902.5,0.023865029215812683,0.003944802563637495
sample_08,5381,29078,142515.0,8442902.5,0.008991703391075134,0.001552036264911294
sample_08,5381,29079,142520.0,8442902.5,0.009186391718685627,0.0008836277993395925
sample_08,5381,29080,142525.0,8442902.5,0.01582477241754532,0.003922028932720423
sample_08,5381,29081,142530.0,8442902.5,0.0020076115615665913,0.001382978050969541
sample_08,5381,29082,142535.0,8442902.5,0.011945683509111404,0.0006692399620078504
sample_08,5381,29083,142540.0,8442902.5,0.01766294427216053,0.009340117685496807
sample_08,5381,29084,142545.0,8442902.5,0.0024735969491302967,0.0011427856516093016
sample_08,5381,29085,142550.0,8442902.5,0.036999061703681946,0.0009961505420506
sample_08,5381,29086,142555.0,8442902.5,0.031949080526828766,0.0036644204519689083
sample_08,5381,29087,142560.0,8442902.5,0.01411457173526287,0.005333867855370045
sample_08,5381,29088,142565.0,8442902.5,0.007826186716556549,0.003479843260720372
sample_08,5381,29089,142570.0,8442902.5,0.02799445390701294,0.000287110946374014
sample_08,5381,29090,142575.0,8442902.5,0.03821927309036255,0.0049907974898815155
sample_08,5381,29091,142580.0,8442902.5,0.027756687253713608,0.004797859583050013
sample_08,5381,29092,142585.0,8442902.5,0.010043109767138958,0.0058272648602724075
sample_08,5381,29093,142590.0,8442902.5,0.010174218565225601,0.0008448169683106244
sample_08,5381,29094,142595.0,8442902.5,0.005245660897344351,0.0016353733371943235
sample_08,5381,29095,142600.0,8442902.5,0.012263777665793896,0.0023021427914500237
sample_08,5381,29096,142605.0,8442902.5,0.0024788049049675465,0.0030027921311557293
sample_08,5381,29097,142610.0,8442902.5,0.011199310421943665,0.0024037875700742006
sample_08,5381,29098,142615.0,8442902.5,0.019849056378006935,0.00282847648486495
sample_08,5381,29099,142620.0,8442902.5,0.040970105677843094,0.009873373433947563
sample_08,5381,29100,142625.0,8442902.5,0.028569094836711884,0.00039863830897957087
sample_08,5381,29101,142630.0,8442902.5,0.04360385611653328,0.0017249344382435083
sample_08,5381,29102,142635.0,8442902.5,0.04790474846959114,0.0019730976782739162
sample_08,5381,29103,142640.0,8442902.5,0.026928236708045006,0.003984430804848671
sample_08,5381,29104,142645.0,8442902.5,0.01263219490647316,0.003497291589155793
sample_08,5381,29105,142650.0,8442902.5,0.00931563414633274,0.002537249121814966
sample_08,5381,29106,142655.0,8442902.5,0.032609835267066956,0.0017862715758383274
sample_08,5381,29107,142660.0,8442902.5,0.04682738706469536,0.0038998918607831
sample_08,5381,29108,142665.0,8442902.5,0.0036502291914075613,0.005290440749377012
sample_08,5381,29109,142670.0,8442902.5,0.024855706840753555,0.003524124389514327
sample_08,5381,29110,142675.0,8442902.5,0.04832697659730911,0.0006616237224079669
sample_08,5381,29111,142680.0,8442902.5,0.009204372763633728,0.0032442407682538033
sample_08,5382,29073,142490.0,8442892.5,0.012260381132364273,0.00416127173230052
sample_08,5382,29074,142495.0,8442892.5,0.024540210142731667,0.011476312763988972
sample_08,5382,29075,142500.0,8442892.5,0.035695988684892654,0.0047128889709711075
sample_08,5382,29076,142505.0,8442892.5,0.00683024013414979,0.0016236715018749237
sample_09,5341,31917,156710.0,8443302.5,0.004230935592204332,0.003512351308017969
sample_09,5341,31918,156715.0,8443302.5,0.013777469284832478,0.0022041029296815395
sample_09,5341,31919,156720.0,8443302.5,0.009278228506445885,0.004967947956174612
sample_09,5341,31920,156725.0,8443302.5,0.00967906042933464,0.0003472263051662594
sample_09,5341,31921,156730.0,8443302.5,0.031219128519296646,0.007208094000816345
sample_09,5341,31922,156735.0,8443302.5,0.02847973443567753,0.005937078036367893
sample_09,5341,31923,156740.0,8443302.5,0.032851576805114746,0.0034986259415745735
sample_09,5341,31924,156745.0,8443302.5,0.004576941952109337,0.0045987693592906
sample_09,5341,31925,156750.0,8443302.5,0.005976527463644743,0.008734163828194141
sample_09,5341,31926,156755.0,8443302.5,0.02889910899102688,0.005925625097006559
sample_09,5341,31927,156760.0,8443302.5,0.022518359124660492,0.0047510662116110325
sample_09,5341,31928,156765.0,8443302.5,0.02375568076968193,0.0027121268212795258
sample_09,5341,31929,156770.0,8443302.5,0.017970332875847816,0.0038394248113036156
sample_09,5341,31930,156775.0,8443302.5,0.009251691401004791,0.008871780708432198
sample_09,5341,31931,156780.0,8443302.5,0.003289574757218361,0.001031976891681552
sample_09,5341,31932,156785.0,8443302.5,0.004691450856626034,0.0034360880963504314
sample_09,5341,31933,156790.0,8443302.5,0.011456241831183434,0.0040154228918254375
sample_09,5341,31934,156795.0,8443302.5,0.03418562933802605,0.00684231985360384
sample_09,5341,31935,156800.0,8443302.5,0.017480822280049324,0.013602854683995247
sample_09,5341,31936,156805.0,8443302.5,0.006847796030342579,0.004991873167455196
sample_09,5341,31937,156810.0,8443302.5,0.054877642542123795,0.0014446423156186938
sample_09,5341,31938,156815.0,8443302.5,0.027724750339984894,0.00530692283064127
sample_09,5341,31939,156820.0,8443302.5,0.012780440971255302,0.004985752049833536
sample_09,5341,31940,156825.0,8443302.5,0.013290546834468842,0.0032873735763132572
sample_09,5341,31941,156830.0,8443302.5,0.01651092991232872,0.005573151633143425
sample_09,5341,31942,156835.0,8443302.5,0.0026064033154398203,0.0023344899527728558
sample_09,5341,31943,156840.0,8443302.5,0.030249183997511864,0.002149035455659032
sample_09,5341,31944,156845.0,8443302.5,0.020209360867738724,0.0017429611179977655
sample_09,5341,31945,156850.0,8443302.5,0.02640215866267681,0.004965978674590588
sample_09,5341,31946,156855.0,8443302.5,0.010624146088957787,0.005543267820030451
sample_09,5341,31947,156860.0,8443302.5,0.024916283786296844,0.008995390497148037
sample_09,5341,31948,156865.0,8443302.5,0.029214251786470413,0.00733246561139822
sample_09,5341,31949,156870.0,8443302.5,0.00599336763843894,0.015061059035360813
sample_09,5341,31950,156875.0,8443302.5,0.0176819059997797,0.0044341133907437325
sample_09,5341,31951,156880.0,8443302.5,0.027187805622816086,0.0012760455720126629
sample_09,5341,31952,156885.0,8443302.5,0.02200336381793022,0.0038667963817715645
sample_09,5341,31953,156890.0,8443302.5,0.04308652505278587,0.009858598932623863
sample_09,5341,31954,156895.0,8443302.5,0.013592066243290901,0.006501426454633474
sample_09,5341,31955,156900.0,8443302.5,0.032160110771656036,0.002941360231488943
sample_09,5342,31917,156710.0,8443292.5,0.01845122128725052,0.00939248502254486
sample_09,5342,31918,156715.0,8443292.5,0.01900559291243553,0.009558898396790028
sample_09,5342,31919,156720.0,8443292.5,0.013673358596861362,0.0040008448995649815
sample_09,5342,31920,156725.0,8443292.5,0.01483038067817688,0.003427566960453987
sample_09,5342,31921,156730.0,8443292.5,0.009504282847046852,0.003445633454248309
sample_09,5342,31922,156735.0,8443292.5,0.015665685757994652,0.004235536325722933
sample_09,5342,31923,156740.0,8443292.5,0.01571553386747837,0.0034010561648756266
sample_09,5342,31924,156745.0,8443292.5,0.0013167314464226365,0.003111844649538398
sample_09,5342,31925,156750.0,8443292.5,0.009553392417728901,0.010460322722792625
sample_09,5342,31926,156755.0,8443292.5,0.004913791548460722,0.003977965097874403
sample_09,5342,31927,156760.0,8443292.5,0.013819660060107708,0.003408299060538411
sample_09,5342,31928,156765.0,8443292.5,0.02714516408741474,0.0010441939812153578
sample_09,5342,31929,156770.0,8443292.5,0.006318266037851572,0.0007007900858297944
sample_09,5342,31930,156775.0,8443292.5,0.01559427473694086,0.0007856885786168277
sample_09,5342,31931,156780.0,8443292.5,0.025418445467948914,0.006644652225077152
sample_09,5342,31932,156785.0,8443292.5,0.017773989588022232,0.006057265214622021
sample_09,5342,31933,156790.0,8443292.5,0.002728834515437484,0.0007498936029151082
sample_09,5342,31934,156795.0,8443292.5,0.014753427356481552,0.001430524978786707
sample_09,5342,31935,156800.0,8443292.5,0.004680338315665722,0.011500559747219086
sample_09,5342,31936,156805.0,8443292.5,0.006790724117308855,0.012005294673144817
sample_09,5342,31937,156810.0,8443292.5,0.01727600395679474,0.0026928046718239784
sample_09,5342,31938,156815.0,8443292.5,0.031925518065690994,0.0053015900775790215
sample_09,5342,31939,156820.0,8443292.5,0.027918297797441483,0.008196871727705002
sample_09,5342,31940,156825.0,8443292.5,0.04002385959029198,0.0010579231893643737
sample_09,5342,31941,156830.0,8443292.5,0.0307228472083807,0.001931678270921111
sample_09,5342,31942,156835.0,8443292.5,0.024303387850522995,0.004269850440323353
sample_09,5342,31943,156840.0,8443292.5,0.03721505030989647,0.0027913469821214676
sample_09,5342,31944,156845.0,8443292.5,0.007335505448281765,0.00304567813873291
sample_09,5342,31945,156850.0,8443292.5,0.009971743449568748,0.006417900789529085
sample_09,5342,31946,156855.0,8443292.5,0.004458924755454063,0.010542072355747223
sample_09,5342,31947,156860.0,8443292.5,0.038118839263916016,0.009506857953965664
sample_09,5342,31948,156865.0,8443292.5,0.02546391822397709,0.0052054692059755325
sample_09,5342,31949,156870.0,8443292.5,0.021505191922187805,0.014633371494710445
sample_09,5342,31950,156875.0,8443292.5,0.018867021426558495,0.0038214768283069134
sample_09,5342,31951,156880.0,8443292.5,0.006532907951623201,0.0019268753239884973
sample_09,5342,31952,156885.0,8443292.5,0.023923765867948532,0.008443218655884266
sample_09,5342,31953,156890.0,8443292.5,0.00635348167270422,0.0031677312217652798
sample_09,5342,31954,156895.0,8443292.5,0.0038199746049940586,0.0015815398655831814
sample_09,5342,31955,156900.0,8443292.5,0.025211777538061142,0.006529040168970823
sample_09,5343,31917,156710.0,8443282.5,0.005131502635776997,0.0006328023737296462
sample_09,5343,31918,156715.0,8443282.5,0.0015755934873595834,0.0015761492541059852
sample_09,5343,31919,156720.0,8443282.5,0.034793343394994736,0.01129993051290512
sample_09,5343,31920,156725.0,8443282.5,0.025995267555117607,0.019625769928097725
sample_09,5343,31921,156730.0,8443282.5,0.032958876341581345,0.003661144757643342
sample_09,5343,31922,156735.0,8443282.5,0.030757775530219078,0.004543988965451717
sample_09,5343,31923,156740.0,8443282.5,0.010022791102528572,0.0019466575467959046
sample_09,5343,31924,156745.0,8443282.5,0.020757408812642097,0.004709235392510891
sample_09,5343,31925,156750.0,8443282.5,0.006361075676977634,0.007565101608633995
sample_09,5343,31926,156755.0,8443282.5,0.003990348428487778,0.0022714328952133656
sample_09,5343,31927,156760.0,8443282.5,0.0035481180530041456,0.0018554453272372484
sample_09,5343,31928,156765.0,8443282.5,0.019797388464212418,0.0039058029651641846
sample_09,5343,31929,156770.0,8443282.5,0.03342761471867561,0.009704787284135818
sample_09,5343,31930,156775.0,8443282.5,0.04051119089126587,0.0040121967904269695
sample_09,5343,31931,156780.0,8443282.5,0.009654132649302483,0.005959928035736084
sample_09,5343,31932,156785.0,8443282.5,0.001707333023659885,0.001522317761555314
sample_09,5343,31933,156790.0,8443282.5,0.009304491803050041,0.0005231672548688948
sample_09,5343,31934,156795.0,8443282.5,0.037249136716127396,0.006845567841082811
sample_09,5343,31935,156800.0,8443282.5,0.00801786221563816,0.003401516005396843
sample_09,5343,31936,156805.0,8443282.5,0.021943211555480957,0.005886455066502094
sample_09,5343,31937,156810.0,8443282.5,0.004874524660408497,0.006349219940602779
sample_09,5343,31938,156815.0,8443282.5,0.020799916237592697,0.007056426256895065
sample_09,5343,31939,156820.0,8443282.5,0.005906128324568272,0.00658072205260396
sample_09,5343,31940,156825.0,8443282.5,0.02532925084233284,0.0020188679918646812
sample_09,5343,31941,156830.0,8443282.5,0.04851488769054413,0.008136373944580555
sample_09,5343,31942,156835.0,8443282.5,0.011899624019861221,0.007721662521362305
sample_09,5343,31943,156840.0,8443282.5,0.03437703102827072,0.00651979073882103
sample_09,5343,31944,156845.0,8443282.5,0.028767921030521393,0.0036153579130768776
sample_09,5343,31945,156850.0,8443282.5,0.030516482889652252,0.001218552002683282
sample_09,5343,31946,156855.0,8443282.5,0.01578492857515812,0.004039706662297249
sample_09,5343,31947,156860.0,8443282.5,0.022204693406820297,0.0035760856699198484
sample_09,5343,31948,156865.0,8443282.5,0.02678079903125763,0.0037784394808113575
sample_09,5343,31949,156870.0,8443282.5,0.03177808225154877,0.013769008219242096
sample_09,5343,31950,156875.0,8443282.5,0.04099627584218979,0.01444355770945549
sample_09,5343,31951,156880.0,8443282.5,0.011150338687002659,0.0025200138334184885
sample_09,5343,31952,156885.0,8443282.5,0.016169335693120956,0.010112390853464603
sample_09,5343,31953,156890.0,8443282.5,0.012587311677634716,0.002610191237181425
sample_09,5343,31954,156895.0,8443282.5,0.01751841977238655,0.0034056431613862514
sample_09,5343,31955,156900.0,8443282.5,0.014966440387070179,0.00542809721082449
sample_09,5344,31917,156710.0,8443272.5,0.007392462808638811,0.003943123854696751
sample_09,5344,31918,156715.0,8443272.5,0.00613862369209528,0.0011787350522354245
sample_09,5344,31919,156720.0,8443272.5,0.03046056628227234,0.0019850819371640682
sample_09,5344,31920,156725.0,8443272.5,0.00310690701007843,0.009526225738227367
sample_09,5344,31921,156730.0,8443272.5,0.00667260866612196,0.009820489212870598
sample_09,5344,31922,156735.0,8443272.5,0.015834784135222435,0.013993989676237106
sample_09,5344,31923,156740.0,8443272.5,0.017895396798849106,0.0065970406867563725
sample_09,5344,31924,156745.0,8443272.5,0.017137283459305763,0.003271843306720257
sample_09,5344,31925,156750.0,8443272.5,0.0038549103774130344,0.004163259174674749
sample_09,5344,31926,156755.0,8443272.5,0.0010983168613165617,0.005575194023549557
sample_09,5344,31927,156760.0,8443272.5,0.0052493903785943985,0.004061258863657713
sample_09,5344,31928,156765.0,8443272.5,0.007398320361971855,0.002259237924590707
sample_09,5344,31929,156770.0,8443272.5,0.000863941153511405,0.0011889442102983594
sample_09,5344,31930,156775.0,8443272.5,0.01731928065419197,0.006508808117359877
sample_09,5344,31931,156780.0,8443272.5,0.021080393344163895,0.007216861471533775
sample_09,5344,31932,156785.0,8443272.5,0.009750615805387497,0.007119159214198589
sample_09,5344,31933,156790.0,8443272.5,0.002528602257370949,0.003177350852638483
sample_09,5344,31934,156795.0,8443272.5,0.04188202694058418,0.0023284463677555323
sample_09,5344,31935,156800.0,8443272.5,0.011590448208153248,0.001884948811493814
sample_09,5344,31936,156805.0,8443272.5,0.002602080348879099,0.002083464991301298
sample_09,5344,31937,156810.0,8443272.5,0.015349096618592739,0.0014357904437929392
sample_09,5344,31938,156815.0,8443272.5,0.004822929855436087,0.007804220542311668
sample_09,5344,31939,156820.0,8443272.5,0.004800264723598957,0.001881111296825111
sample_09,5344,31940,156825.0,8443272.5,0.003824042621999979,0.014229480177164078
sample_09,5344,31941,156830.0,8443272.5,0.026738446205854416,0.006963119842112064
sample_09,5344,31942,156835.0,8443272.5,0.01541328988969326,0.003146446542814374
sample_09,5344,31943,156840.0,8443272.5,0.0011054648784920573,0.0012023214949294925
sample_09,5344,31944,156845.0,8443272.5,0.013319256715476513,0.0009065013728104532
sample_09,5344,31945,156850.0,8443272.5,0.04121428728103638,0.002827061340212822
sample_09,5344,31946,156855.0,8443272.5,0.02649233676493168,0.015620884485542774
sample_09,5344,31947,156860.0,8443272.5,0.01992049440741539,0.008237467147409916
sample_09,5344,31948,156865.0,8443272.5,0.012464667670428753,0.007004778366535902
sample_09,5344,31949,156870.0,8443272.5,0.010556403547525406,0.002853310899809003
sample_09,5344,31950,156875.0,8443272.5,0.0016501282807439566,0.0016792912501841784
sample_09,5344,31951,156880.0,8443272.5,0.004689251072704792,0.004412414506077766
sample_09,5344,31952,156885.0,8443272.5,0.02487480454146862,0.006119126453995705
sample_09,5344,31953,156890.0,8443272.5,0.02019410952925682,0.004970936104655266
sample_09,5344,31954,156895.0,8443272.5,0.021625809371471405,0.0044940500520169735
sample_09,5344,31955,156900.0,8443272.5,0.03724939003586769,0.01157412864267826
sample_09,5345,31917,156710.0,8443262.5,0.014256948605179787,0.001653627841733396
sample_09,5345,31918,156715.0,8443262.5,0.006993133574724197,0.0022891294211149216
sample_09,5345,31919,156720.0,8443262.5,0.01454635988920927,0.0025508496910333633
sample_09,5345,31920,156725.0,8443262.5,0.015190395526587963,0.004786525387316942
sample_09,5345,31921,156730.0,8443262.5,0.02579588256776333,0.00771589670330286
sample_09,5345,31922,156735.0,8443262.5,0.024935314431786537,0.01431608572602272
sample_09,5345,31923,156740.0,8443262.5,0.010078450664877892,0.005039382725954056
sample_09,5345,31924,156745.0,8443262.5,0.039106085896492004,0.001163759152404964
sample_09,5345,31925,156750.0,8443262.5,0.017186785116791725,0.0059716906398534775
sample_09,5345,31926,156755.0,8443262.5,0.04088447615504265,0.0033675129525363445
sample_09,5345,31927,156760.0,8443262.5,0.01590803451836109,0.0015806974843144417
sample_09,5345,31928,156765.0,8443262.5,0.0118416054174304,0.006189381703734398
sample_09,5345,31929,156770.0,8443262.5,0.009421419352293015,0.009331615641713142
sample_09,5345,31930,156775.0,8443262.5,0.011331787332892418,0.005408104043453932
sample_09,5345,31931,156780.0,8443262.5,0.02842678502202034,0.01027077529579401
sample_09,5345,31932,156785.0,8443262.5,0.012736426666378975,0.006776976864784956
sample_09,5345,31933,156790.0,8443262.5,0.010574068874120712,0.01639273762702942
sample_09,5345,31934,156795.0,8443262.5,0.00036442841519601643,0.005666169337928295
sample_09,5345,31935,156800.0,8443262.5,0.03848831728100777,0.010032512247562408
sample_09,5345,31936,156805.0,8443262.5,0.007736723870038986,0.001297309878282249
sample_09,5345,31937,156810.0,8443262.5,0.027723396196961403,0.0035980171523988247
sample_09,5345,31938,156815.0,8443262.5,0.003301575081422925,0.010293267667293549
sample_09,5345,31939,156820.0,8443262.5,0.01629195548593998,0.012613868340849876
sample_09,5345,31940,156825.0,8443262.5,0.010335208848118782,0.0036783386021852493
sample_09,5345,31941,156830.0,8443262.5,0.004588021896779537,0.003928277641534805
sample_09,5345,31942,156835.0,8443262.5,0.03588665649294853,0.00419446500018239
sample_09,5345,31943,156840.0,8443262.5,0.03705335035920143,0.0035990048199892044
sample_09,5345,31944,156845.0,8443262.5,0.019201699644327164,0.007587157189846039
sample_09,5345,31945,156850.0,8443262.5,0.023786595091223717,0.0028069731779396534
sample_09,5345,31946,156855.0,8443262.5,0.012118387967348099,0.00654593575745821
sample_09,5345,31947,156860.0,8443262.5,0.006792877800762653,0.0010516447946429253
sample_09,5345,31948,156865.0,8443262.5,0.05865582451224327,0.004528306890279055
sample_09,5345,31949,156870.0,8443262.5,0.061659812927246094,0.0034100054763257504
sample_09,5345,31950,156875.0,8443262.5,0.017738185822963715,0.006315657403320074
sample_09,5345,31951,156880.0,8443262.5,0.008044669404625893,0.002557282568886876
sample_09,5345,31952,156885.0,8443262.5,0.01033096108585596,0.004161547869443893
sample_09,5345,31953,156890.0,8443262.5,0.03379959613084793,0.004602286033332348
sample_09,5345,31954,156895.0,8443262.5,0.021085374057292938,0.0069735292345285416
sample_09,5345,31955,156900.0,8443262.5,0.008157391101121902,0.0018458208069205284
sample_09,5346,31917,156710.0,8443252.5,0.009529350325465202,0.0012855544919148088
sample_09,5346,31918,156715.0,8443252.5,0.00603870116174221,5.749657702835975e-06
sample_09,5346,31919,156720.0,8443252.5,0.009899163618683815,0.006974326446652412
sample_09,5346,31920,156725.0,8443252.5,0.010314969345927238,0.0016623202245682478
sample_09,5346,31921,156730.0,8443252.5,0.024143081158399582,0.005489862058311701
sample_09,5346,31922,156735.0,8443252.5,0.01148181315511465,0.004367658868432045
sample_09,5346,31923,156740.0,8443252.5,0.004288971424102783,0.003061725292354822
sample_09,5346,31924,156745.0,8443252.5,0.026392806321382523,0.006989536806941032
sample_09,5346,31925,156750.0,8443252.5,0.03134794533252716,0.0028583300299942493
sample_09,5346,31926,156755.0,8443252.5,0.0021854694932699203,0.0015512127429246902
sample_09,5346,31927,156760.0,8443252.5,0.014307498000562191,0.00387419480830431
sample_09,5346,31928,156765.0,8443252.5,0.005177099723368883,0.004066591616719961
sample_09,5346,31929,156770.0,8443252.5,0.011096544563770294,0.007097047287970781
sample_09,5346,31930,156775.0,8443252.5,0.018738681450486183,0.007914293557405472
sample_09,5346,31931,156780.0,8443252.5,0.012622442096471786,0.007208949886262417
sample_09,5346,31932,156785.0,8443252.5,0.015779243782162666,0.007811819668859243
sample_09,5346,31933,156790.0,8443252.5,0.010481724515557289,0.004487211816012859
sample_09,5346,31934,156795.0,8443252.5,0.03594284504652023,0.004499307833611965
sample_09,5346,31935,156800.0,8443252.5,0.008739382028579712,0.003144145244732499
sample_09,5346,31936,156805.0,8443252.5,0.009993684478104115,0.0019609909504652023
sample_09,5346,31937,156810.0,8443252.5,0.0022421819157898426,0.0038897129707038403
sample_09,5346,31938,156815.0,8443252.5,0.011335753835737705,0.007838703691959381
sample_09,5346,31939,156820.0,8443252.5,0.012934839352965355,0.004957733675837517
sample_09,5346,31940,156825.0,8443252.5,0.017169354483485222,0.004552231170237064
sample_09,5346,31941,156830.0,8443252.5,0.0034782825969159603,0.010412629693746567
sample_09,5346,31942,156835.0,8443252.5,0.026644280180335045,0.008013672195374966
sample_09,5346,31943,156840.0,8443252.5,0.014411836862564087,0.001770033617503941
sample_09,5346,31944,156845.0,8443252.5,0.02108057588338852,0.0019247448071837425
sample_09,5346,31945,156850.0,8443252.5,0.016028620302677155,0.0056129340082407
sample_09,5346,31946,156855.0,8443252.5,0.0067398520186543465,0.007567393593490124
sample_09,5346,31947,156860.0,8443252.5,0.012236031703650951,0.0018197011668235064
sample_09,5346,31948,156865.0,8443252.5,0.008244629949331284,0.004310924559831619
sample_09,5346,31949,156870.0,8443252.5,0.02176029235124588,0.0026738024316728115
sample_09,5346,31950,156875.0,8443252.5,0.02314247563481331,0.0027211331762373447
sample_09,5346,31951,156880.0,8443252.5,0.019673636183142662,0.003190053626894951
sample_09,5346,31952,156885.0,8443252.5,0.012371894903481007,0.012904291041195393
sample_09,5346,31953,156890.0,8443252.5,0.016187084838747978,0.0027900859713554382
sample_09,5346,31954,156895.0,8443252.5,0.006391862872987986,0.0034080096520483494
sample_09,5346,31955,156900.0,8443252.5,0.009279152378439903,0.009393781423568726
sample_09,5347,31917,156710.0,8443242.5,0.018253451213240623,0.007654370740056038
sample_09,5347,31918,156715.0,8443242.5,0.010805557481944561,0.01186305284500122
sample_09,5347,31919,156720.0,8443242.5,0.01385570876300335,0.010303382761776447
sample_09,5347,31920,156725.0,8443242.5,0.026231981813907623,0.010219281539320946
sample_09,5347,31921,156730.0,8443242.5,0.006011972203850746,0.005480024963617325
sample_09,5347,31922,156735.0,8443242.5,0.01862918958067894,0.006022369023412466
sample_09,5347,31923,156740.0,8443242.5,0.0076816026121377945,0.002862785244360566
sample_09,5347,31924,156745.0,8443242.5,0.040462981909513474,0.00029975015786476433
sample_09,5347,31925,156750.0,8443242.5,0.025939419865608215,0.002821365837007761
sample_09,5347,31926,156755.0,8443242.5,0.013798066414892673,0.008770864456892014
sample_09,5347,31927,156760.0,8443242.5,0.012623045593500137,0.007131345570087433
sample_09,5347,31928,156765.0,8443242.5,0.0024900943972170353,0.0008051545592024922
sample_09,5347,31929,156770.0,8443242.5,0.0038158828392624855,0.0068815164268016815
sample_09,5347,31930,156775.0,8443242.5,0.010140507481992245,0.009547805413603783
sample_09,5347,31931,156780.0,8443242.5,0.014469292014837265,0.004272203426808119
sample_09,5347,31932,156785.0,8443242.5,0.012376581318676472,0.001745932619087398
sample_09,5347,31933,156790.0,8443242.5,0.01021864265203476,0.002623756881803274
sample_09,5347,31934,156795.0,8443242.5,0.023895785212516785,0.0037745290901511908
sample_09,5347,31935,156800.0,8443242.5,0.010077477432787418,0.0008056308142840862
sample_09,5347,31936,156805.0,8443242.5,0.003252952126786113,0.004064397420734167
sample_09,5347,31937,156810.0,8443242.5,0.021246369928121567,0.0025660821702331305
sample_09,5347,31938,156815.0,8443242.5,0.016650641337037086,0.00899223517626524
sample_09,5347,31939,156820.0,8443242.5,0.00257808156311512,0.0048383790999650955
sample_09,5347,31940,156825.0,8443242.5,0.009577782824635506,0.002355769509449601
sample_09,5347,31941,156830.0,8443242.5,0.022747904062271118,0.009400645270943642
sample_09,5347,31942,156835.0,8443242.5,0.0028557823970913887,0.0011161413276568055
sample_09,5347,31943,156840.0,8443242.5,0.010331175290048122,0.013490764424204826
sample_09,5347,31944,156845.0,8443242.5,0.026216840371489525,0.003462036605924368
sample_09,5347,31945,156850.0,8443242.5,0.03789173811674118,0.0017985040321946144
sample_09,5347,31946,156855.0,8443242.5,0.004684938117861748,0.004559267312288284
sample_09,5347,31947,156860.0,8443242.5,0.005758911836892366,0.0008975700475275517
sample_09,5347,31948,156865.0,8443242.5,0.0052621979266405106,0.0030338536016643047
sample_09,5347,31949,156870.0,8443242.5,0.006662377156317234,0.0028582285158336163
sample_09,5347,31950,156875.0,8443242.5,0.02408706769347191,0.0014179310528561473
sample_09,5347,31951,156880.0,8443242.5,0.011323245242238045,0.0013594244373962283
sample_09,5347,31952,156885.0,8443242.5,0.004367596469819546,0.0015556009020656347
sample_09,5347,31953,156890.0,8443242.5,0.01491486094892025,0.0014322297647595406
sample_09,5347,31954,156895.0,8443242.5,0.050310682505369186,0.006686893757432699
sample_09,5347,31955,156900.0,8443242.5,0.009277306497097015,0.0020232549868524075
sample_09,5348,31917,156710.0,8443232.5,0.011227864772081375,0.0009518113220110536
sample_09,5348,31918,156715.0,8443232.5,0.015901271253824234,0.0008464045822620392
sample_09,5348,31919,156720.0,8443232.5,0.02118486352264881,0.000491669459734112
sample_09,5348,31920,156725.0,8443232.5,0.0013074956368654966,0.0011318923206999898
sample_09,5348,31921,156730.0,8443232.5,0.007409086916595697,0.0025000707246363163
sample_09,5348,31922,156735.0,8443232.5,0.008418294601142406,0.008905662223696709
sample_09,5348,31923,156740.0,8443232.5,0.003168306779116392,0.00363174919039011
sample_09,5348,31924,156745.0,8443232.5,0.0035886242985725403,0.0005820983205921948
sample_09,5348,31925,156750.0,8443232.5,0.007127486169338226,0.0022294248919934034
sample_09,5348,31926,156755.0,8443232.5,0.0012841438874602318,0.0008582970476709306
sample_09,5348,31927,156760.0,8443232.5,0.007235185708850622,0.0014921828405931592
sample_09,5348,31928,156765.0,8443232.5,0.008184594102203846,0.0015529983211308718
sample_09,5348,31929,156770.0,8443232.5,0.01471199095249176,0.004561976529657841
sample_09,5348,31930,156775.0,8443232.5,0.03128718584775925,0.002715212060138583
sample_09,5348,31931,156780.0,8443232.5,0.029420848935842514,0.00039701402420178056
sample_09,5348,31932,156785.0,8443232.5,0.016676880419254303,0.000472781655844301
sample_09,5348,31933,156790.0,8443232.5,0.018458016216754913,9.098573355004191e-05
sample_09,5348,31934,156795.0,8443232.5,0.043857142329216,0.0016655570361763239
sample_09,5348,31935,156800.0,8443232.5,0.006086644250899553,0.005711286794394255
sample_09,5348,31936,156805.0,8443232.5,0.023971309885382652,0.01429156493395567
sample_09,5348,31937,156810.0,8443232.5,0.029270503669977188,0.007973763160407543
sample_09,5348,31938,156815.0,8443232.5,0.0010456210002303123,0.003701196052134037
sample_09,5348,31939,156820.0,8443232.5,0.0026611220091581345,0.0071822525933384895
sample_09,5348,31940,156825.0,8443232.5,0.007315193768590689,0.0028125056996941566
sample_09,5348,31941,156830.0,8443232.5,0.028096474707126617,0.0020866342820227146
sample_09,5348,31942,156835.0,8443232.5,0.04123455286026001,0.002831988735124469
sample_09,5348,31943,156840.0,8443232.5,0.03354787454009056,0.0047546690329909325
sample_09,5348,31944,156845.0,8443232.5,0.018670644611120224,0.0020001432858407497
sample_09,5348,31945,156850.0,8443232.5,0.006786189507693052,0.004959960002452135
sample_09,5348,31946,156855.0,8443232.5,0.009491916745901108,0.00857437402009964
sample_09,5348,31947,156860.0,8443232.5,0.016170047223567963,0.00519179692491889
sample_09,5348,31948,156865.0,8443232.5,0.022716335952281952,0.0010158924851566553
sample_09,5348,31949,156870.0,8443232.5,0.015042467042803764,0.0009957350557669997
sample_09,5348,31950,156875.0,8443232.5,0.01834896206855774,0.0002688489912543446
sample_09,5348,31951,156880.0,8443232.5,0.012584288604557514,0.001854827394708991
sample_09,5348,31952,156885.0,8443232.5,0.019403237849473953,0.006703435909003019
sample_09,5348,31953,156890.0,8443232.5,0.03974636271595955,0.0010985095286741853
sample_09,5348,31954,156895.0,8443232.5,0.04503094404935837,0.00227797357365489
sample_09,5348,31955,156900.0,8443232.5,0.0059009576216340065,0.0011008225847035646
sample_09,5349,31917,156710.0,8443222.5,0.0064133876003324986,0.0037510162219405174
sample_09,5349,31918,156715.0,8443222.5,0.03591540455818176,0.00473589776083827
sample_09,5349,31919,156720.0,8443222.5,0.013827642425894737,0.012324679642915726
sample_09,5349,31920,156725.0,8443222.5,0.005802302621304989,0.0034578079357743263
sample_09,5349,31921,156730.0,8443222.5,0.007529964204877615,0.004922664258629084
sample_09,5349,31922,156735.0,8443222.5,0.02598533220589161,0.0023129284381866455
sample_09,5349,31923,156740.0,8443222.5,0.04287686198949814,0.0019205992575734854
sample_09,5349,31924,156745.0,8443222.5,0.0375472828745842,0.005077266599982977
sample_09,5349,31925,156750.0,8443222.5,0.036772944033145905,0.0008006777497939765
sample_09,5349,31926,156755.0,8443222.5,0.042111836373806,0.0036161576863378286
sample_09,5349,31927,156760.0,8443222.5,0.025032516568899155,0.005984783172607422
sample_09,5349,31928,156765.0,8443222.5,0.03789699822664261,0.002595157129690051
sample_09,5349,31929,156770.0,8443222.5,0.01298200711607933,0.00425319280475378
sample_09,5349,31930,156775.0,8443222.5,0.004152598790824413,0.004693963564932346
sample_09,5349,31931,156780.0,8443222.5,0.01899494230747223,0.0013547246344387531
sample_09,5349,31932,156785.0,8443222.5,0.014180565252900124,0.005941115785390139
sample_09,5349,31933,156790.0,8443222.5,0.014514634385704994,0.005560657009482384
sample_09,5349,31934,156795.0,8443222.5,0.023308701813220978,0.004599436651915312
sample_09,5349,31935,156800.0,8443222.5,0.065352663397789,0.002339498372748494
sample_09,5349,31936,156805.0,8443222.5,0.034038227051496506,0.0006832407088950276
sample_09,5349,31937,156810.0,8443222.5,0.03625553101301193,0.00549629982560873
sample_09,5349,31938,156815.0,8443222.5,0.009361845441162586,0.002659799996763468
sample_09,5349,31939,156820.0,8443222.5,0.0062644039280712605,0.0030961688607931137
sample_09,5349,31940,156825.0,8443222.5,0.028674986213445663,0.003525952808558941
sample_09,5349,31941,156830.0,8443222.5,0.019555382430553436,0.0037395379040390253
sample_09,5349,31942,156835.0,8443222.5,0.005855429917573929,0.001767433132044971
sample_09,5349,31943,156840.0,8443222.5,0.004259455483406782,0.0030951404478400946
sample_09,5349,31944,156845.0,8443222.5,0.005905450787395239,0.005094252526760101
sample_09,5349,31945,156850.0,8443222.5,0.016274822875857353,0.004691396374255419
sample_09,5349,31946,156855.0,8443222.5,0.007757062092423439,0.006915386766195297
sample_09,5349,31947,156860.0,8443222.5,0.03686913847923279,0.008010352961719036
sample_09,5349,31948,156865.0,8443222.5,0.01718645542860031,0.00685297604650259
sample_09,5349,31949,156870.0,8443222.5,0.005761448759585619,0.010248851031064987
sample_09,5349,31950,156875.0,8443222.5,0.010097150690853596,0.013932833448052406
sample_09,5349,31951,156880.0,8443222.5,0.02519701048731804,0.0004371240211185068
sample_09,5349,31952,156885.0,8443222.5,0.02429896965622902,0.00463703740388155
sample_09,5349,31953,156890.0,8443222.5,0.01769792102277279,0.006689717527478933
sample_09,5349,31954,156895.0,8443222.5,0.012863500975072384,0.008335910737514496
sample_09,5349,31955,156900.0,8443222.5,0.012856513261795044,0.010587643831968307
sample_09,5350,31917,156710.0,8443212.5,0.00512263597920537,0.010598849505186081
sample_09,5350,31918,156715.0,8443212.5,0.012757129967212677,0.008261002600193024
sample_09,5350,31919,156720.0,8443212.5,0.0063858674839138985,0.008388448506593704
sample_09,5350,31920,156725.0,8443212.5,0.012201465666294098,0.00041113520273938775
sample_09,5350,31921,156730.0,8443212.5,0.04246611148118973,0.01888858713209629
sample_09,5350,31922,156735.0,8443212.5,0.02087557502090931,0.01752910390496254
sample_09,5350,31923,156740.0,8443212.5,0.009532512165606022,0.004681694321334362
sample_09,5350,31924,156745.0,8443212.5,0.004817730747163296,0.0038844437804073095
sample_09,5350,31925,156750.0,8443212.5,0.0078043146058917046,0.0037806574255228043
sample_09,5350,31926,156755.0,8443212.5,0.02319464087486267,0.009453726932406425
sample_09,5350,31927,156760.0,8443212.5,0.008918633684515953,0.004976915195584297
sample_09,5350,31928,156765.0,8443212.5,0.01296592690050602,0.002106856321915984
sample_09,5350,31929,156770.0,8443212.5,0.020517520606517792,0.0011725127696990967
sample_09,5350,31930,156775.0,8443212.5,0.015458185225725174,0.0034831049852073193
sample_09,5350,31931,156780.0,8443212.5,0.008566242642700672,0.0024078446440398693
sample_09,5350,31932,156785.0,8443212.5,0.007023547776043415,0.009220900945365429
sample_09,5350,31933,156790.0,8443212.5,0.019838795065879822,0.013096912764012814
sample_09,5350,31934,156795.0,8443212.5,0.023331444710493088,0.007409356534481049
sample_09,5350,31935,156800.0,8443212.5,0.024016674607992172,0.008025912567973137
sample_09,5350,31936,156805.0,8443212.5,0.028491811826825142,0.0011510135373100638
sample_09,5350,31937,156810.0,8443212.5,0.04107608646154404,0.0029964325949549675
sample_09,5350,31938,156815.0,8443212.5,0.006049075163900852,0.014241738244891167
sample_09,5350,31939,156820.0,8443212.5,0.0031016424763947725,0.005128069780766964
sample_09,5350,31940,156825.0,8443212.5,0.017715752124786377,0.011103587225079536
sample_09,5350,31941,156830.0,8443212.5,0.019524816423654556,0.0006466472987085581
sample_09,5350,31942,156835.0,8443212.5,0.004889674950391054,0.004167471546679735
sample_09,5350,31943,156840.0,8443212.5,0.007963494397699833,0.010913297533988953
sample_09,5350,31944,156845.0,8443212.5,0.02316177636384964,0.002747745020315051
sample_09,5350,31945,156850.0,8443212.5,0.007531073875725269,0.0031518125906586647
sample_09,5350,31946,156855.0,8443212.5,0.009084692224860191,0.012625198811292648
sample_09,5350,31947,156860.0,8443212.5,0.014121746644377708,0.011336689814925194
sample_09,5350,31948,156865.0,8443212.5,0.021442905068397522,0.005362562835216522
sample_09,5350,31949,156870.0,8443212.5,0.05933092534542084,0.002269891556352377
sample_09,5350,31950,156875.0,8443212.5,0.03158384934067726,0.0076277065090835094
sample_09,5350,31951,156880.0,8443212.5,0.011795409955084324,0.005142740905284882
sample_09,5350,31952,156885.0,8443212.5,0.03162822499871254,0.00286799855530262
sample_09,5350,31953,156890.0,8443212.5,0.007972398772835732,0.001374022220261395
sample_09,5350,31954,156895.0,8443212.5,0.01347935851663351,0.0013394374400377274
sample_09,5350,31955,156900.0,8443212.5,0.03274790570139885,0.007044418249279261
sample_09,5351,31917,156710.0,8443202.5,0.01650223508477211,0.0008614128455519676
sample_09,5351,31918,156715.0,8443202.5,0.01709851808845997,0.007401926442980766
sample_09,5351,31919,156720.0,8443202.5,0.0018043085001409054,0.004438507370650768
sample_09,5351,31920,156725.0,8443202.5,0.006817622110247612,0.002397435251623392
sample_09,5351,31921,156730.0,8443202.5,0.017422588542103767,0.012711388990283012
sample_09,5351,31922,156735.0,8443202.5,0.010634314268827438,0.001886863959953189
sample_09,5351,31923,156740.0,8443202.5,0.03019353561103344,0.003271970432251692
sample_09,5351,31924,156745.0,8443202.5,0.019555937498807907,0.005417469888925552
sample_09,5351,31925,156750.0,8443202.5,0.030110443010926247,0.0017166121397167444
sample_09,5351,31926,156755.0,8443202.5,0.03737463429570198,0.0027044021990150213
sample_09,5351,31927,156760.0,8443202.5,0.01086820475757122,0.005825989414006472
sample_09,5351,31928,156765.0,8443202.5,0.018106406554579735,0.0018629448022693396
sample_09,5351,31929,156770.0,8443202.5,0.008356848731637001,0.0027051595970988274
sample_09,5351,31930,156775.0,8443202.5,0.03718981146812439,0.0005853040493093431
sample_09,5351,31931,156780.0,8443202.5,0.001358379260636866,0.004339109640568495
sample_09,5351,31932,156785.0,8443202.5,0.019486650824546814,8.207301289075986e-05
sample_09,5351,31933,156790.0,8443202.5,0.012514593079686165,0.00329892011359334
sample_09,5351,31934,156795.0,8443202.5,0.022802989929914474,0.006362329702824354
sample_09,5351,31935,156800.0,8443202.5,0.018331553786993027,0.00122038833796978
sample_09,5351,31936,156805.0,8443202.5,0.0019976855255663395,0.0010646292939782143
sample_09,5351,31937,156810.0,8443202.5,0.002431955188512802,0.00264979200437665
sample_09,5351,31938,156815.0,8443202.5,0.020104868337512016,0.010053817182779312
sample_09,5351,31939,156820.0,8443202.5,0.012418527156114578,0.00767911272123456
sample_09,5351,31940,156825.0,8443202.5,0.007429794408380985,0.007454152684658766
sample_09,5351,31941,156830.0,8443202.5,0.0039207953959703445,0.00490216538310051
sample_09,5351,31942,156835.0,8443202.5,0.006654609926044941,0.0037098051980137825
sample_09,5351,31943,156840.0,8443202.5,0.007044530473649502,0.015797208994627
sample_09,5351,31944,156845.0,8443202.5,0.026967637240886688,0.00530649721622467
sample_09,5351,31945,156850.0,8443202.5,0.003975791856646538,0.003599931485950947
sample_09,5351,31946,156855.0,8443202.5,0.024683687835931778,0.007204628549516201
sample_09,5351,31947,156860.0,8443202.5,0.020798981189727783,0.00033441290725022554
sample_09,5351,31948,156865.0,8443202.5,0.03064623288810253,0.0015540592139586806
sample_09,5351,31949,156870.0,8443202.5,0.007223736960440874,0.005077016539871693
sample_09,5351,31950,156875.0,8443202.5,0.03174670785665512,0.010541349649429321
sample_09,5351,31951,156880.0,8443202.5,0.0054165758192539215,0.014196870848536491
sample_09,5351,31952,156885.0,8443202.5,0.014497184194624424,0.007175158243626356
sample_09,5351,31953,156890.0,8443202.5,0.012752378359436989,0.0020563346333801746
sample_09,5351,31954,156895.0,8443202.5,0.036034610122442245,0.011003194376826286
sample_09,5351,31955,156900.0,8443202.5,0.008700164034962654,0.0009434069506824017
sample_09,5352,31917,156710.0,8443192.5,0.004897859878838062,0.004990412853658199
sample_09,5352,31918,156715.0,8443192.5,0.010026572272181511,0.00520481588318944
sample_09,5352,31919,156720.0,8443192.5,0.005794841330498457,0.006719490513205528
sample_09,5352,31920,156725.0,8443192.5,0.010091397911310196,0.0008136305259540677
sample_09,5352,31921,156730.0,8443192.5,0.002634589094668627,0.0028417527209967375
sample_09,5352,31922,156735.0,8443192.5,0.025052834302186966,0.0017476484645158052
sample_09,5352,31923,156740.0,8443192.5,0.008569974452257156,0.003266839310526848
sample_09,5352,31924,156745.0,8443192.5,0.024241112172603607,0.004140147939324379
sample_09,5352,31925,156750.0,8443192.5,0.00666227238252759,0.0065477220341563225
sample_09,5352,31926,156755.0,8443192.5,0.024541346356272697,0.005100852809846401
sample_09,5352,31927,156760.0,8443192.5,0.01175281498581171,0.0021420696284621954
sample_09,5352,31928,156765.0,8443192.5,0.012913892045617104,0.0022204043343663216
sample_09,5352,31929,156770.0,8443192.5,0.007208298891782761,0.007109723053872585
sample_09,5352,31930,156775.0,8443192.5,0.0031116337049752474,0.004540854133665562
sample_09,5352,31931,156780.0,8443192.5,0.006123698316514492,0.0036578483413904905
sample_09,5352,31932,156785.0,8443192.5,0.01550018135458231,0.003494684584438801
sample_09,5352,31933,156790.0,8443192.5,0.015850871801376343,0.0007333919638767838
sample_09,5352,31934,156795.0,8443192.5,0.02568884752690792,0.008160509169101715
sample_09,5352,31935,156800.0,8443192.5,0.012562001124024391,0.004097335506230593
sample_09,5352,31936,156805.0,8443192.5,0.015841539949178696,0.00375598412938416
sample_09,5352,31937,156810.0,8443192.5,0.04748132452368736,0.009469023905694485
sample_09,5352,31938,156815.0,8443192.5,0.02316173166036606,0.01356382854282856
sample_09,5352,31939,156820.0,8443192.5,0.014219367876648903,0.008445174433290958
sample_09,5352,31940,156825.0,8443192.5,0.03769787773489952,0.002923237858340144
sample_09,5352,31941,156830.0,8443192.5,0.02337603271007538,0.0019738369155675173
sample_09,5352,31942,156835.0,8443192.5,0.008789092302322388,0.005868162494152784
sample_09,5352,31943,156840.0,8443192.5,0.021927548572421074,0.01515495777130127
sample_09,5352,31944,156845.0,8443192.5,0.012361334636807442,0.0017849935684353113
sample_09,5352,31945,156850.0,8443192.5,0.035435132682323456,0.007251395843923092
sample_09,5352,31946,156855.0,8443192.5,0.020175768062472343,0.005120185203850269
sample_09,5352,31947,156860.0,8443192.5,0.010375059209764004,0.002129232045263052
sample_09,5352,31948,156865.0,8443192.5,0.0034315474331378937,0.0017091396730393171
sample_09,5352,31949,156870.0,8443192.5,0.003039777046069503,0.0032407480757683516
sample_09,5352,31950,156875.0,8443192.5,0.005082101561129093,0.009895047172904015
sample_09,5352,31951,156880.0,8443192.5,0.012733436189591885,0.006518343463540077
sample_09,5352,31952,156885.0,8443192.5,0.007597298361361027,0.0007771007949486375
sample_09,5352,31953,156890.0,8443192.5,0.036546699702739716,0.01567859947681427
sample_09,5352,31954,156895.0,8443192.5,0.02728208526968956,0.019778724759817123
sample_09,5352,31955,156900.0,8443192.5,0.010773197747766972,0.007566779851913452
sample_09,5353,31917,156710.0,8443182.5,0.034409888088703156,0.006501643918454647
sample_09,5353,31918,156715.0,8443182.5,0.006314076948910952,0.008641800843179226
sample_09,5353,31919,156720.0,8443182.5,0.036984432488679886,0.004007937852293253
sample_09,5353,31920,156725.0,8443182.5,0.012706572189927101,0.0039000988472253084
sample_09,5353,31921,156730.0,8443182.5,0.007658371236175299,0.005226144101470709
sample_09,5353,31922,156735.0,8443182.5,0.005718417465686798,0.006918076425790787
sample_09,5353,31923,156740.0,8443182.5,0.023451389744877815,0.0036500459536910057
sample_09,5353,31924,156745.0,8443182.5,0.015451513230800629,0.0018803415587171912
sample_09,5353,31925,156750.0,8443182.5,0.007102045230567455,0.00445039477199316
sample_09,5353,31926,156755.0,8443182.5,0.00506998086348176,0.0039868708699941635
sample_09,5353,31927,156760.0,8443182.5,0.00202292762696743,0.003449536394327879
sample_09,5353,31928,156765.0,8443182.5,0.028644828125834465,0.015364134684205055
sample_09,5353,31929,156770.0,8443182.5,0.006424248218536377,0.007127838209271431
sample_09,5353,31930,156775.0,8443182.5,0.003382135182619095,0.0029028011485934258
sample_09,5353,31931,156780.0,8443182.5,0.00985424593091011,0.005615347530692816
sample_09,5353,31932,156785.0,8443182.5,0.021500948816537857,0.004296298138797283
sample_09,5353,31933,156790.0,8443182.5,0.0053690774366259575,0.0024950336664915085
sample_09,5353,31934,156795.0,8443182.5,0.004320231266319752,0.004813309758901596
sample_09,5353,31935,156800.0,8443182.5,0.02838035672903061,0.001272378722205758
sample_09,5353,31936,156805.0,8443182.5,0.007423928938806057,0.00355151342228055
sample_09,5353,31937,156810.0,8443182.5,0.014640465378761292,0.005526136141270399
sample_09,5353,31938,156815.0,8443182.5,0.05146167427301407,0.0019954845774918795
sample_09,5353,31939,156820.0,8443182.5,0.016648083925247192,0.0013165550772100687
sample_09,5353,31940,156825.0,8443182.5,0.01796736568212509,0.0037611748557537794
sample_09,5353,31941,156830.0,8443182.5,0.002314066281542182,0.0009465472539886832
sample_09,5353,31942,156835.0,8443182.5,0.007401983719319105,0.0018885263707488775
sample_09,5353,31943,156840.0,8443182.5,0.022982152178883553,0.006134149618446827
sample_09,5353,31944,156845.0,8443182.5,0.02173473872244358,0.003549620509147644
sample_09,5353,31945,156850.0,8443182.5,0.022355083376169205,0.004156701732426882
sample_09,5353,31946,156855.0,8443182.5,0.02639935165643692,0.005911567714065313
sample_09,5353,31947,156860.0,8443182.5,0.015183502808213234,0.009594492614269257
sample_09,5353,31948,156865.0,8443182.5,0.014288756996393204,0.0011542874854058027
sample_09,5353,31949,156870.0,8443182.5,0.009487872011959553,0.00100941420532763
sample_09,5353,31950,156875.0,8443182.5,0.02695772424340248,0.0017909591551870108
sample_09,5353,31951,156880.0,8443182.5,0.005330346059054136,0.0037477989681065083
sample_09,5353,31952,156885.0,8443182.5,0.006710804533213377,0.01736142486333847
sample_09,5353,31953,156890.0,8443182.5,0.014650899916887283,0.011580932885408401
sample_09,5353,31954,156895.0,8443182.5,0.017488962039351463,0.002625366672873497
sample_09,5353,31955,156900.0,8443182.5,0.018315035849809647,0.0010635304497554898
sample_09,5354,31917,156710.0,8443172.5,0.011032786220312119,0.0037705800496041775
sample_09,5354,31918,156715.0,8443172.5,0.01429007388651371,0.0009336287621408701
sample_09,5354,31919,156720.0,8443172.5,0.07695593684911728,0.0004773800610564649
sample_09,5354,31920,156725.0,8443172.5,0.007412332110106945,0.000545628136023879
sample_09,5354,31921,156730.0,8443172.5,0.025371642783284187,0.003683186136186123
sample_09,5354,31922,156735.0,8443172.5,0.014644255861639977,0.006066039204597473
sample_09,5354,31923,156740.0,8443172.5,0.0069680651649832726,0.0048120697028934956
sample_09,5354,31924,156745.0,8443172.5,0.0047951373271644115,0.002746725454926491
sample_09,5354,31925,156750.0,8443172.5,0.005017193499952555,0.016447395086288452
sample_09,5354,31926,156755.0,8443172.5,0.038603775203228,0.006207458209246397
sample_09,5354,31927,156760.0,8443172.5,0.028471065685153008,0.012458131648600101
sample_09,5354,31928,156765.0,8443172.5,0.014571263454854488,0.007592395879328251
sample_09,5354,31929,156770.0,8443172.5,0.007437539752572775,0.005125862080603838
sample_09,5354,31930,156775.0,8443172.5,0.0009278357028961182,0.006446382496505976
sample_09,5354,31931,156780.0,8443172.5,0.00450111785903573,0.00065395183628425
sample_09,5354,31932,156785.0,8443172.5,0.01298072375357151,0.0025568781420588493
sample_09,5354,31933,156790.0,8443172.5,0.0076682004146277905,0.0008282838389277458
sample_09,5354,31934,156795.0,8443172.5,0.02490236982703209,0.0008469700696878135
sample_09,5354,31935,156800.0,8443172.5,0.00682700052857399,0.0062364134937524796
sample_09,5354,31936,156805.0,8443172.5,0.003507897723466158,0.004332591779530048
sample_09,5354,31937,156810.0,8443172.5,0.01622556895017624,0.002018941333517432
sample_09,5354,31938,156815.0,8443172.5,0.031618524342775345,0.000810417637694627
sample_09,5354,31939,156820.0,8443172.5,0.012868826277554035,0.01349596120417118
sample_09,5354,31940,156825.0,8443172.5,0.01368328370153904,0.015208760276436806
sample_09,5354,31941,156830.0,8443172.5,0.004972060676664114,0.0048080021515488625
sample_09,5354,31942,156835.0,8443172.5,0.002987598069012165,0.0014511831104755402
sample_09,5354,31943,156840.0,8443172.5,0.0056109679862856865,0.0012032545637339354
sample_09,5354,31944,156845.0,8443172.5,0.004059260711073875,0.012972909957170486
sample_09,5354,31945,156850.0,8443172.5,0.01182572916150093,0.007032087538391352
sample_09,5354,31946,156855.0,8443172.5,0.01584693230688572,0.005089490674436092
sample_09,5354,31947,156860.0,8443172.5,0.008782870136201382,0.0011336766183376312
sample_09,5354,31948,156865.0,8443172.5,0.0029632060322910547,0.0031922566704452038
sample_09,5354,31949,156870.0,8443172.5,0.015985941514372826,0.002191685140132904
sample_09,5354,31950,156875.0,8443172.5,0.006737704388797283,0.0017008599825203419
sample_09,5354,31951,156880.0,8443172.5,0.007874495349824429,0.0039606462232768536
sample_09,5354,31952,156885.0,8443172.5,0.0033872576896101236,0.0014644012553617358
sample_09,5354,31953,156890.0,8443172.5,0.003395532025024295,0.00043282227125018835
sample_09,5354,31954,156895.0,8443172.5,0.034489572048187256,0.003548793029040098
sample_09,5354,31955,156900.0,8443172.5,0.010366016067564487,0.004249625839293003
sample_09,5355,31917,156710.0,8443162.5,0.004305532667785883,0.00409134104847908
sample_09,5355,31918,156715.0,8443162.5,0.0036613827105611563,0.005536817945539951
sample_09,5355,31919,156720.0,8443162.5,0.0035828365944325924,0.00603523151949048
sample_09,5355,31920,156725.0,8443162.5,0.02044174075126648,0.0007191322511062026
sample_09,5355,31921,156730.0,8443162.5,0.018393805250525475,0.001564813544973731
sample_09,5355,31922,156735.0,8443162.5,0.019828371703624725,0.0038439843337982893
sample_09,5355,31923,156740.0,8443162.5,0.007390131242573261,0.010267469100654125
sample_09,5355,31924,156745.0,8443162.5,0.019816923886537552,0.009007314220070839
sample_09,5355,31925,156750.0,8443162.5,0.008779101073741913,0.01883414201438427
sample_09,5355,31926,156755.0,8443162.5,0.013072660192847252,0.022335540503263474
sample_09,5355,31927,156760.0,8443162.5,0.022760147228837013,0.006259594112634659
sample_09,5355,31928,156765.0,8443162.5,0.007225480861961842,0.02025148645043373
sample_09,5355,31929,156770.0,8443162.5,0.01159384474158287,0.014065059833228588
sample_09,5355,31930,156775.0,8443162.5,0.008033034391701221,0.009227187372744083
sample_09,5355,31931,156780.0,8443162.5,0.027348268777132034,0.0014866760466247797
sample_09,5355,31932,156785.0,8443162.5,0.00547245005145669,0.00639715138822794
sample_09,5355,31933,156790.0,8443162.5,0.004362082574516535,0.006067261565476656
sample_09,5355,31934,156795.0,8443162.5,0.03134441748261452,0.0033127451315522194
sample_09,5355,31935,156800.0,8443162.5,0.0038193492218852043,0.002534491242840886
sample_09,5355,31936,156805.0,8443162.5,0.008485332131385803,0.003939357120543718
sample_09,5355,31937,156810.0,8443162.5,0.011752316728234291,0.003447507740929723
sample_09,5355,31938,156815.0,8443162.5,0.006247193086892366,0.002056865021586418
sample_09,5355,31939,156820.0,8443162.5,0.022550785914063454,0.002687157830223441
sample_09,5355,31940,156825.0,8443162.5,0.009939790703356266,0.0008698420133441687
sample_09,5355,31941,156830.0,8443162.5,0.007090645842254162,0.0019520940259099007
sample_09,5355,31942,156835.0,8443162.5,0.014368872158229351,0.008193153887987137
sample_09,5355,31943,156840.0,8443162.5,0.0161434356123209,0.006435689516365528
sample_09,5355,31944,156845.0,8443162.5,0.002026539295911789,0.0048574963584542274
sample_09,5355,31945,156850.0,8443162.5,0.01279620174318552,0.0018298032227903605
sample_09,5355,31946,156855.0,8443162.5,0.01636718586087227,0.0015886148903518915
sample_09,5355,31947,156860.0,8443162.5,0.010940363630652428,0.004397465847432613
sample_09,5355,31948,156865.0,8443162.5,0.010036757215857506,0.0071412343531847
sample_09,5355,31949,156870.0,8443162.5,0.0518125481903553,0.005324460566043854
sample_09,5355,31950,156875.0,8443162.5,0.03329049050807953,0.00503192562609911
sample_09,5355,31951,156880.0,8443162.5,0.017797090113162994,0.009189145639538765
sample_09,5355,31952,156885.0,8443162.5,0.007697549182921648,0.009057693183422089
sample_09,5355,31953,156890.0,8443162.5,0.014404966495931149,0.008290301077067852
sample_09,5355,31954,156895.0,8443162.5,0.010247640311717987,0.003741019405424595
sample_09,5355,31955,156900.0,8443162.5,0.02464492805302143,0.00176760065369308
sample_09,5356,31917,156710.0,8443152.5,0.005331017542630434,0.007535748183727264
sample_09,5356,31918,156715.0,8443152.5,0.003014840418472886,0.010281892493367195
sample_09,5356,31919,156720.0,8443152.5,0.005460513290017843,0.012173540890216827
sample_09,5356,31920,156725.0,8443152.5,0.060039833188056946,0.0029242520686239004
sample_09,5356,31921,156730.0,8443152.5,0.032616958022117615,0.00696759857237339
sample_09,5356,31922,156735.0,8443152.5,0.011439267545938492,0.002230259822681546
sample_09,5356,31923,156740.0,8443152.5,0.05560268089175224,0.0037464890629053116
sample_09,5356,31924,156745.0,8443152.5,0.0295276902616024,0.008474697358906269
sample_09,5356,31925,156750.0,8443152.5,0.01897471211850643,0.008487342856824398
sample_09,5356,31926,156755.0,8443152.5,0.0234694704413414,0.002891440875828266
sample_09,5356,31927,156760.0,8443152.5,0.010344669222831726,0.00033563183387741446
sample_09,5356,31928,156765.0,8443152.5,0.014893397688865662,0.002243135590106249
sample_09,5356,31929,156770.0,8443152.5,0.018199462443590164,0.0030766944400966167
sample_09,5356,31930,156775.0,8443152.5,0.005326677113771439,0.002307174727320671
sample_10,6652,21821,106230.0,8430192.5,0.0045205033384263515,0.01000284869223833
sample_10,6652,21822,106235.0,8430192.5,0.008913751691579819,0.0019501002971082926
sample_10,6652,21823,106240.0,8430192.5,0.0016724176239222288,0.005038440693169832
sample_10,6652,21824,106245.0,8430192.5,0.016420625150203705,0.006050391122698784
sample_10,6652,21825,106250.0,8430192.5,0.01168074831366539,0.003740916261449456
sample_10,6652,21826,106255.0,8430192.5,0.008931108750402927,0.006555633619427681
sample_10,6652,21827,106260.0,8430192.5,0.00884745828807354,0.0034827974159270525
sample_10,6652,21828,106265.0,8430192.5,0.0017024045810103416,0.00132361997384578
sample_10,6652,21829,106270.0,8430192.5,0.02156664803624153,0.0005968368495814502
sample_10,6652,21830,106275.0,8430192.5,0.03277409076690674,0.0028229046147316694
sample_10,6652,21831,106280.0,8430192.5,0.01479741744697094,0.00036530575016513467
sample_10,6652,21832,106285.0,8430192.5,0.0018285532714799047,0.002211090875789523
sample_10,6652,21833,106290.0,8430192.5,0.014069626107811928,0.001867382787168026
sample_10,6652,21834,106295.0,8430192.5,0.007454624865204096,0.0018889401108026505
sample_10,6652,21835,106300.0,8430192.5,0.009510155767202377,0.0056611159816384315
sample_10,6652,21836,106305.0,8430192.5,0.008292491547763348,0.0029868395067751408
sample_10,6652,21837,106310.0,8430192.5,0.009502795524895191,0.002247333060950041
sample_10,6652,21838,106315.0,8430192.5,0.008474749512970448,0.004741617478430271
sample_10,6652,21839,106320.0,8430192.5,0.00647285021841526,0.0019375374540686607
sample_10,6652,21840,106325.0,8430192.5,0.00654816348105669,0.006336518097668886
sample_10,6652,21841,106330.0,8430192.5,0.017575213685631752,0.004101649392396212
sample_10,6652,21842,106335.0,8430192.5,0.08428231626749039,0.004026749171316624
sample_10,6652,21843,106340.0,8430192.5,0.01321900263428688,0.0019243602873757482
sample_10,6652,21844,106345.0,8430192.5,0.006373714189976454,0.004787812475115061
sample_10,6652,21845,106350.0,8430192.5,0.007160441018640995,0.002768967067822814
sample_10,6652,21846,106355.0,8430192.5,0.011600656434893608,0.0019502418581396341
sample_10,6652,21847,106360.0,8430192.5,0.0050661396235227585,0.006108027417212725
sample_10,6653,21809,106170.0,8430182.5,0.00045772636076435447,0.0038233015220612288
sample_10,6653,21810,106175.0,8430182.5,0.007102026604115963,0.0023260333109647036
sample_10,6653,21811,106180.0,8430182.5,0.006937233731150627,0.0003328346065245569
sample_10,6653,21812,106185.0,8430182.5,0.0032248999923467636,0.00293886405415833
sample_10,6653,21813,106190.0,8430182.5,0.004354018718004227,0.007960102520883083
sample_10,6653,21814,106195.0,8430182.5,0.006512429565191269,0.007487584371119738
sample_10,6653,21815,106200.0,8430182.5,0.010051782242953777,0.004987871740013361
sample_10,6653,21816,106205.0,8430182.5,0.023186244070529938,0.002783054718747735
sample_10,6653,21817,106210.0,8430182.5,0.021120866760611534,0.0001482864172430709
sample_10,6653,21818,106215.0,8430182.5,0.005035262554883957,0.004896082915365696
sample_10,6653,21819,106220.0,8430182.5,0.006528042256832123,0.004860601853579283
sample_10,6653,21820,106225.0,8430182.5,0.007017283700406551,0.008939557708799839
sample_10,6653,21821,106230.0,8430182.5,0.0031747957691550255,0.007205188274383545
sample_10,6653,21822,106235.0,8430182.5,0.016445357352495193,0.01049029640853405
sample_10,6653,21823,106240.0,8430182.5,0.009904329665005207,0.01244255993515253
sample_10,6653,21824,106245.0,8430182.5,0.016380550339818,0.0030227056704461575
sample_10,6653,21825,106250.0,8430182.5,0.007636179216206074,0.006355488672852516
sample_10,6653,21826,106255.0,8430182.5,0.007105161901563406,0.006358503829687834
sample_10,6653,21827,106260.0,8430182.5,0.014757689088582993,0.0064306436106562614
sample_10,6653,21828,106265.0,8430182.5,0.009922398254275322,0.00803266279399395
sample_10,6653,21829,106270.0,8430182.5,0.010453198105096817,0.0006028934149071574
sample_10,6653,21830,106275.0,8430182.5,0.010647591203451157,0.012165378779172897
sample_10,6653,21831,106280.0,8430182.5,0.007977312430739403,0.0012967493385076523
sample_10,6653,21832,106285.0,8430182.5,0.011445396579802036,0.001977540086954832
sample_10,6653,21833,106290.0,8430182.5,0.008747981861233711,0.015310635790228844
sample_10,6653,21834,106295.0,8430182.5,0.006878951098769903,0.006566112861037254
sample_10,6653,21835,106300.0,8430182.5,0.0026453600730746984,0.006211637519299984
sample_10,6653,21836,106305.0,8430182.5,0.020128469914197922,0.0008957829559221864
sample_10,6653,21837,106310.0,8430182.5,0.017205465584993362,0.008492300286889076
sample_10,6653,21838,106315.0,8430182.5,0.03226550668478012,0.008262429386377335
sample_10,6653,21839,106320.0,8430182.5,0.004761648364365101,0.0014090922195464373
sample_10,6653,21840,106325.0,8430182.5,0.02423039637506008,0.005819709971547127
sample_10,6653,21841,106330.0,8430182.5,0.005476127378642559,0.004359195940196514
sample_10,6653,21842,106335.0,8430182.5,0.002300467574968934,0.010888572782278061
sample_10,6653,21843,106340.0,8430182.5,0.014296622946858406,0.005465375259518623
sample_10,6653,21844,106345.0,8430182.5,0.006802997551858425,0.0027308915741741657
sample_10,6653,21845,106350.0,8430182.5,0.0013286509783938527,0.0033035038504749537
sample_10,6653,21846,106355.0,8430182.5,0.013870022259652615,0.006892440374940634
sample_10,6653,21847,106360.0,8430182.5,0.0025606132112443447,0.006378673017024994
sample_10,6654,21809,106170.0,8430172.5,0.019900141283869743,0.005984869785606861
sample_10,6654,21810,106175.0,8430172.5,0.0003467397764325142,0.004317637532949448
sample_10,6654,21811,106180.0,8430172.5,0.0257213544100523,0.0028892909176647663
sample_10,6654,21812,106185.0,8430172.5,0.005536679178476334,0.004107611253857613
sample_10,6654,21813,106190.0,8430172.5,0.0019987255800515413,0.00395044032484293
sample_10,6654,21814,106195.0,8430172.5,0.004541010595858097,0.0042886873707175255
sample_10,6654,21815,106200.0,8430172.5,0.007041118107736111,0.00606613839045167
sample_10,6654,21816,106205.0,8430172.5,0.00863892026245594,0.005072040017694235
sample_10,6654,21817,106210.0,8430172.5,0.002907139016315341,0.006829541642218828
sample_10,6654,21818,106215.0,8430172.5,0.007263822481036186,0.00420001894235611
sample_10,6654,21819,106220.0,8430172.5,0.00288786250166595,0.0043391212821006775
sample_10,6654,21820,106225.0,8430172.5,0.0030072247609496117,0.003338742535561323
sample_10,6654,21821,106230.0,8430172.5,0.0030312875751405954,0.00559397554025054
sample_10,6654,21822,106235.0,8430172.5,0.013328357599675655,0.005628717597573996
sample_10,6654,21823,106240.0,8430172.5,0.013994082808494568,0.007622892037034035
sample_10,6654,21824,106245.0,8430172.5,0.02933928556740284,0.004272333811968565
sample_10,6654,21825,106250.0,8430172.5,0.007962759584188461,0.0030907574109733105
sample_10,6654,21826,106255.0,8430172.5,0.00807658489793539,0.0040711648762226105
sample_10,6654,21827,106260.0,8430172.5,0.003072233870625496,0.009313995018601418
sample_10,6654,21828,106265.0,8430172.5,0.008456001058220863,0.004069535993039608
sample_10,6654,21829,106270.0,8430172.5,0.02365972474217415,0.00781523808836937
sample_10,6654,21830,106275.0,8430172.5,0.009648074395954609,0.003253730945289135
sample_10,6654,21831,106280.0,8430172.5,0.004361512139439583,0.00903886929154396
sample_10,6654,21832,106285.0,8430172.5,0.005227250978350639,0.0035881183575838804
sample_10,6654,21833,106290.0,8430172.5,0.018487121909856796,0.008593788370490074
sample_10,6654,21834,106295.0,8430172.5,0.007916299626231194,0.0063570281490683556
sample_10,6654,21835,106300.0,8430172.5,0.01249266229569912,0.0032075962517410517
sample_10,6654,21836,106305.0,8430172.5,0.018811699002981186,0.0063726212829351425
sample_10,6654,21837,106310.0,8430172.5,0.019910775125026703,0.011872926726937294
sample_10,6654,21838,106315.0,8430172.5,0.010624604299664497,0.003311093430966139
sample_10,6654,21839,106320.0,8430172.5,0.016600575298070908,0.015743708238005638
sample_10,6654,21840,106325.0,8430172.5,0.0201277993619442,0.0013217682717368007
sample_10,6654,21841,106330.0,8430172.5,0.019197598099708557,0.0009989747777581215
sample_10,6654,21842,106335.0,8430172.5,0.01709888130426407,0.005322094541043043
sample_10,6654,21843,106340.0,8430172.5,0.009966282173991203,0.004490254912525415
sample_10,6654,21844,106345.0,8430172.5,0.004356156103312969,0.009819748811423779
sample_10,6654,21845,106350.0,8430172.5,0.013419761322438717,0.003601320553570986
sample_10,6654,21846,106355.0,8430172.5,0.001785957021638751,0.003304801182821393
sample_10,6654,21847,106360.0,8430172.5,0.0038723188918083906,0.017452577129006386
sample_10,6655,21809,106170.0,8430162.5,0.0017240424640476704,0.0013175330823287368
sample_10,6655,21810,106175.0,8430162.5,0.008580712601542473,0.0048842644318938255
sample_10,6655,21811,106180.0,8430162.5,0.011390961706638336,0.00831734761595726
sample_10,6655,21812,106185.0,8430162.5,0.0033044908195734024,0.004796972032636404
sample_10,6655,21813,106190.0,8430162.5,0.036790233105421066,0.01023645419627428
sample_10,6655,21814,106195.0,8430162.5,0.008374561555683613,0.004111749120056629
sample_10,6655,21815,106200.0,8430162.5,0.005608127918094397,0.012415476143360138
sample_10,6655,21816,106205.0,8430162.5,0.02096201479434967,0.004818633198738098
sample_10,6655,21817,106210.0,8430162.5,0.007263751234859228,0.0031351924408227205
sample_10,6655,21818,106215.0,8430162.5,0.02048136666417122,0.0025487502571195364
sample_10,6655,21819,106220.0,8430162.5,0.00923336111009121,0.006128378212451935
sample_10,6655,21820,106225.0,8430162.5,0.006525093223899603,0.0035816440358757973
sample_10,6655,21821,106230.0,8430162.5,0.011193647980690002,0.0024232552386820316
sample_10,6655,21822,106235.0,8430162.5,0.03564584255218506,0.0028042306657880545
sample_10,6655,21823,106240.0,8430162.5,0.008794602006673813,0.0033190478570759296
sample_10,6655,21824,106245.0,8430162.5,0.01555667258799076,0.003654038067907095
sample_10,6655,21825,106250.0,8430162.5,0.0051128496415913105,0.002817331114783883
sample_10,6655,21826,106255.0,8430162.5,0.007619526237249374,0.006183231715112925
sample_10,6655,21827,106260.0,8430162.5,0.003947695717215538,0.0033770606387406588
sample_10,6655,21828,106265.0,8430162.5,0.005322176963090897,0.006526490673422813
sample_10,6655,21829,106270.0,8430162.5,0.0039269705303013325,0.001150693278759718
sample_10,6655,21830,106275.0,8430162.5,0.018249545246362686,0.001300535281188786
sample_10,6655,21831,106280.0,8430162.5,0.005509496666491032,0.0022195829078555107
sample_10,6655,21832,106285.0,8430162.5,0.003814126830548048,0.01003201398998499
sample_10,6655,21833,106290.0,8430162.5,0.013961557298898697,0.0017286912770941854
sample_10,6655,21834,106295.0,8430162.5,0.014286686666309834,0.0003967813972849399
sample_10,6655,21835,106300.0,8430162.5,0.03830990940332413,0.0034735582303255796
sample_10,6655,21836,106305.0,8430162.5,0.03536751866340637,0.0035325968638062477
sample_10,6655,21837,106310.0,8430162.5,0.009982401505112648,0.009091216139495373
sample_10,6655,21838,106315.0,8430162.5,0.002612724667415023,0.0028096584137529135
sample_10,6655,21839,106320.0,8430162.5,0.010460790246725082,0.00361612718552351
sample_10,6655,21840,106325.0,8430162.5,0.0038435307797044516,0.008679256774485111
sample_10,6655,21841,106330.0,8430162.5,0.010586346499621868,0.003366896416991949
sample_10,6655,21842,106335.0,8430162.5,0.011689655482769012,0.0028044150676578283
sample_10,6655,21843,106340.0,8430162.5,0.0061444430612027645,0.005166486371308565
sample_10,6655,21844,106345.0,8430162.5,0.009201365523040295,0.005624044686555862
sample_10,6655,21845,106350.0,8430162.5,0.015045799314975739,0.0024588375817984343
sample_10,6655,21846,106355.0,8430162.5,0.01249700877815485,0.0021308811847120523
sample_10,6655,21847,106360.0,8430162.5,0.0025549838319420815,0.0050147236324846745
sample_10,6656,21809,106170.0,8430152.5,0.0032089545857161283,0.001312553184106946
sample_10,6656,21810,106175.0,8430152.5,0.01039377972483635,0.00921090692281723
sample_10,6656,21811,106180.0,8430152.5,0.009147921577095985,0.005153900012373924
sample_10,6656,21812,106185.0,8430152.5,0.006786972284317017,0.0023145328741520643
sample_10,6656,21813,106190.0,8430152.5,0.0018482755403965712,0.008212746120989323
sample_10,6656,21814,106195.0,8430152.5,0.005270704161375761,0.005215444136410952
sample_10,6656,21815,106200.0,8430152.5,0.0017310826806351542,0.003829545807093382
sample_10,6656,21816,106205.0,8430152.5,0.004250356461852789,0.004463850986212492
sample_10,6656,21817,106210.0,8430152.5,0.005220779217779636,0.004015634767711163
sample_10,6656,21818,106215.0,8430152.5,0.009743996895849705,0.006781400181353092
sample_10,6656,21819,106220.0,8430152.5,0.01442450936883688,0.0023519680835306644
sample_10,6656,21820,106225.0,8430152.5,0.012098884209990501,0.008565670810639858
sample_10,6656,21821,106230.0,8430152.5,0.013133103027939796,0.003412599442526698
sample_10,6656,21822,106235.0,8430152.5,0.01210785936564207,0.005427127704024315
sample_10,6656,21823,106240.0,8430152.5,0.004467938095331192,0.003967628814280033
sample_10,6656,21824,106245.0,8430152.5,0.006995272822678089,0.009745036251842976
sample_10,6656,21825,106250.0,8430152.5,0.004808962810784578,0.004367873538285494
sample_10,6656,21826,106255.0,8430152.5,0.002710651373490691,0.004014643840491772
sample_10,6656,21827,106260.0,8430152.5,0.002119439886882901,0.009171012789011002
sample_10,6656,21828,106265.0,8430152.5,0.0072828372940421104,0.008099365048110485
sample_10,6656,21829,106270.0,8430152.5,0.01715766452252865,0.005072907079011202
sample_10,6656,21830,106275.0,8430152.5,0.005784562788903713,0.0054403021931648254
sample_10,6656,21831,106280.0,8430152.5,0.00160641607362777,0.0029821249190717936
sample_10,6656,21832,106285.0,8430152.5,0.025548283010721207,0.003605686128139496
sample_10,6656,21833,106290.0,8430152.5,0.028578709810972214,0.002795496489852667
sample_10,6656,21834,106295.0,8430152.5,0.007082272320985794,0.0022876181174069643
sample_10,6656,21835,106300.0,8430152.5,0.0028102160431444645,0.0015768614830449224
sample_10,6656,21836,106305.0,8430152.5,0.00926621537655592,0.00042826286517083645
sample_10,6656,21837,106310.0,8430152.5,0.0030897215474396944,0.0013459364417940378
sample_10,6656,21838,106315.0,8430152.5,0.004125659819692373,0.0018607813399285078
sample_10,6656,21839,106320.0,8430152.5,0.0023149987682700157,0.0022522760555148125
sample_10,6656,21840,106325.0,8430152.5,0.016315460205078125,0.0025651061441749334
sample_10,6656,21841,106330.0,8430152.5,0.0022503426298499107,0.0070840734988451
sample_10,6656,21842,106335.0,8430152.5,0.020021002739667892,0.002717964118346572
sample_10,6656,21843,106340.0,8430152.5,0.003524069907143712,0.007842364721000195
sample_10,6656,21844,106345.0,8430152.5,0.005794526543468237,0.006405833177268505
sample_10,6656,21845,106350.0,8430152.5,0.01059840340167284,0.00343310902826488
sample_10,6656,21846,106355.0,8430152.5,0.009956504218280315,0.0031360986176878214
sample_10,6656,21847,106360.0,8430152.5,0.012057268060743809,0.0012478905264288187
sample_10,6657,21809,106170.0,8430142.5,0.012549202889204025,0.0031014438718557358
sample_10,6657,21810,106175.0,8430142.5,0.011031326837837696,0.0008459391538053751
sample_10,6657,21811,106180.0,8430142.5,0.006508929189294577,0.003910058178007603
sample_10,6657,21812,106185.0,8430142.5,0.02641516551375389,0.002040887251496315
sample_10,6657,21813,106190.0,8430142.5,0.0011048862943425775,0.0011059982934966683
sample_10,6657,21814,106195.0,8430142.5,0.00805919710546732,0.003959746100008488
sample_10,6657,21815,106200.0,8430142.5,0.005567510612308979,0.010900272987782955
sample_10,6657,21816,106205.0,8430142.5,0.006308318115770817,0.008205888792872429
sample_10,6657,21817,106210.0,8430142.5,0.006228493992239237,0.0035808864049613476
sample_10,6657,21818,106215.0,8430142.5,0.006878893356770277,0.002081032143905759
sample_10,6657,21819,106220.0,8430142.5,0.02470462955534458,0.0037474781274795532
sample_10,6657,21820,106225.0,8430142.5,0.03353234753012657,0.004169459920376539
sample_10,6657,21821,106230.0,8430142.5,0.01779801957309246,0.002791755134239793
sample_10,6657,21822,106235.0,8430142.5,0.0070059336721897125,0.00875179935246706
sample_10,6657,21823,106240.0,8430142.5,0.004323911387473345,0.010624254122376442
sample_10,6657,21824,106245.0,8430142.5,0.00805754866451025,0.003348220605403185
sample_10,6657,21825,106250.0,8430142.5,0.002845193026587367,0.002442627679556608
sample_10,6657,21826,106255.0,8430142.5,0.0012742247199639678,0.0011500457767397165
sample_10,6657,21827,106260.0,8430142.5,0.019321897998452187,0.0018705378752201796
sample_10,6657,21828,106265.0,8430142.5,0.013692873530089855,0.0038135976064950228
sample_10,6657,21829,106270.0,8430142.5,0.007190065458416939,0.007563868537545204
sample_10,6657,21830,106275.0,8430142.5,0.02204471081495285,0.006770000793039799
sample_10,6657,21831,106280.0,8430142.5,0.006356758996844292,0.0007542034145444632
sample_10,6657,21832,106285.0,8430142.5,0.0037198783829808235,0.006783576682209969
sample_10,6657,21833,106290.0,8430142.5,0.005280139856040478,0.009335901588201523
sample_10,6657,21834,106295.0,8430142.5,0.005352220963686705,0.012817082926630974
sample_10,6657,21835,106300.0,8430142.5,0.005638623144477606,0.010819030925631523
sample_10,6657,21836,106305.0,8430142.5,0.012935184873640537,0.0072466060519218445
sample_10,6657,21837,106310.0,8430142.5,0.0029359827749431133,0.003839670680463314
sample_10,6657,21838,106315.0,8430142.5,0.009434123523533344,0.0012141562765464187
sample_10,6657,21839,106320.0,8430142.5,0.006778034847229719,0.0032740337774157524
sample_10,6657,21840,106325.0,8430142.5,0.005501884967088699,0.0029216695111244917
sample_10,6657,21841,106330.0,8430142.5,0.00573307927697897,0.004335416946560144
sample_10,6657,21842,106335.0,8430142.5,0.00908325333148241,0.0059710657224059105
sample_10,6657,21843,106340.0,8430142.5,0.019333718344569206,0.00351791363209486
sample_10,6657,21844,106345.0,8430142.5,0.0037838141433894634,0.004368961788713932
sample_10,6657,21845,106350.0,8430142.5,0.01611584611237049,0.003945659846067429
sample_10,6657,21846,106355.0,8430142.5,0.026119986549019814,0.007039363496005535
sample_10,6657,21847,106360.0,8430142.5,0.012490106746554375,0.0028787238989025354
sample_10,6658,21809,106170.0,8430132.5,0.015975404530763626,0.001829537213779986
sample_10,6658,21810,106175.0,8430132.5,0.013961714692413807,0.0032288453076034784
sample_10,6658,21811,106180.0,8430132.5,0.013491421937942505,0.002044890308752656
sample_10,6658,21812,106185.0,8430132.5,0.005515081342309713,0.0071935527957975864
sample_10,6658,21813,106190.0,8430132.5,0.004401089157909155,0.002210914622992277
sample_10,6658,21814,106195.0,8430132.5,0.015651648864150047,0.001522599603049457
sample_10,6658,21815,106200.0,8430132.5,0.0003521186881698668,0.0017741129267960787
sample_10,6658,21816,106205.0,8430132.5,0.024637436494231224,0.010934870690107346
sample_10,6658,21817,106210.0,8430132.5,0.016211386770009995,0.0012736384524032474
sample_10,6658,21818,106215.0,8430132.5,0.021906336769461632,0.004734027665108442
sample_10,6658,21819,106220.0,8430132.5,0.0048425039276480675,0.0010565409902483225
sample_10,6658,21820,106225.0,8430132.5,0.0211903378367424,0.0012378435349091887
sample_10,6658,21821,106230.0,8430132.5,0.02498072385787964,0.0011048404267057776
sample_10,6658,21822,106235.0,8430132.5,0.019637152552604675,0.0019990289583802223
sample_10,6658,21823,106240.0,8430132.5,0.023834649473428726,0.002830948680639267
sample_10,6658,21824,106245.0,8430132.5,0.04066447168588638,0.0016654864884912968
sample_10,6658,21825,106250.0,8430132.5,0.02730933390557766,0.0035323211923241615
sample_10,6658,21826,106255.0,8430132.5,0.014016229659318924,0.00391001021489501
sample_10,6658,21827,106260.0,8430132.5,0.006885309237986803,0.0049888757057487965
sample_10,6658,21828,106265.0,8430132.5,0.01338471844792366,0.009104875847697258
sample_10,6658,21829,106270.0,8430132.5,0.007234237622469664,0.001769253984093666
sample_10,6658,21830,106275.0,8430132.5,0.0008806496625766158,0.007869267836213112
sample_10,6658,21831,106280.0,8430132.5,0.012224916368722916,0.00477826502174139
sample_10,6658,21832,106285.0,8430132.5,0.009837944991886616,0.0044152215123176575
sample_10,6658,21833,106290.0,8430132.5,0.007203083951026201,0.007051045075058937
sample_10,6658,21834,106295.0,8430132.5,0.005331041291356087,0.006424802355468273
sample_10,6658,21835,106300.0,8430132.5,0.001710328971967101,0.013846107758581638
sample_10,6658,21836,106305.0,8430132.5,0.011150972917675972,0.003314083907753229
sample_10,6658,21837,106310.0,8430132.5,0.013149041682481766,0.003535006893798709
sample_10,6658,21838,106315.0,8430132.5,0.010019670240581036,0.0009931910317391157
sample_10,6658,21839,106320.0,8430132.5,0.014417300000786781,0.005908410530537367
sample_10,6658,21840,106325.0,8430132.5,0.027579251676797867,0.007071016356348991
sample_10,6658,21841,106330.0,8430132.5,0.010736098513007164,0.0037132524885237217
sample_10,6658,21842,106335.0,8430132.5,0.0031233460176736116,0.005412569735199213
sample_10,6658,21843,106340.0,8430132.5,0.005024428945034742,0.0054985578171908855
sample_10,6658,21844,106345.0,8430132.5,0.007233675569295883,0.0010371996322646737
sample_10,6658,21845,106350.0,8430132.5,0.005639241077005863,0.016802018508315086
sample_10,6658,21846,106355.0,8430132.5,0.006322468165308237,0.0036324835382401943
sample_10,6658,21847,106360.0,8430132.5,0.014989232644438744,0.00453855749219656
sample_10,6659,21809,106170.0,8430122.5,0.002581126056611538,0.007703887298703194
sample_10,6659,21810,106175.0,8430122.5,0.0055325934663414955,0.0006832961807958782
sample_10,6659,21811,106180.0,8430122.5,0.020184524357318878,0.002308279275894165
sample_10,6659,21812,106185.0,8430122.5,0.019391344860196114,0.0011062116827815771
sample_10,6659,21813,106190.0,8430122.5,0.016183070838451385,0.001459331251680851
sample_10,6659,21814,106195.0,8430122.5,0.010807819664478302,0.006115035619586706
sample_10,6659,21815,106200.0,8430122.5,0.028015244752168655,0.00425363564863801
sample_10,6659,21816,106205.0,8430122.5,0.07903411239385605,0.006642906926572323
sample_10,6659,21817,106210.0,8430122.5,0.0027739061042666435,0.008364778012037277
sample_10,6659,21818,106215.0,8430122.5,0.011612692847847939,0.006961032282561064
sample_10,6659,21819,106220.0,8430122.5,0.013756882399320602,0.0023649227805435658
sample_10,6659,21820,106225.0,8430122.5,0.0045960042625665665,0.005330007988959551
sample_10,6659,21821,106230.0,8430122.5,0.010449634864926338,0.00030663926736451685
sample_10,6659,21822,106235.0,8430122.5,0.026793185621500015,0.0018913401290774345
sample_10,6659,21823,106240.0,8430122.5,0.00809720903635025,0.0027213948778808117
sample_10,6659,21824,106245.0,8430122.5,0.031120438128709793,0.00933469831943512
sample_10,6659,21825,106250.0,8430122.5,0.00385872321203351,0.005153734236955643
sample_10,6659,21826,106255.0,8430122.5,0.0023102834820747375,0.01941186562180519
sample_10,6659,21827,106260.0,8430122.5,0.006276148371398449,0.018393080681562424
sample_10,6659,21828,106265.0,8430122.5,0.009336963295936584,0.011412102729082108
sample_10,6659,21829,106270.0,8430122.5,0.004476207308471203,0.004302645567804575
sample_10,6659,21830,106275.0,8430122.5,0.0040892064571380615,0.00592629611492157
sample_10,6659,21831,106280.0,8430122.5,0.023912420496344566,0.005357005633413792
sample_10,6659,21832,106285.0,8430122.5,0.008013426326215267,0.0027801438700407743
sample_10,6659,21833,106290.0,8430122.5,0.005785259883850813,0.0036059306003153324
sample_10,6659,21834,106295.0,8430122.5,0.004584783688187599,0.0016760341823101044
sample_10,6659,21835,106300.0,8430122.5,0.0018848946783691645,0.002433301415294409
sample_10,6659,21836,106305.0,8430122.5,0.011081516742706299,0.010063028894364834
sample_10,6659,21837,106310.0,8430122.5,0.011649751104414463,0.004371226765215397
sample_10,6659,21838,106315.0,8430122.5,0.005157588515430689,0.0020393598824739456
sample_10,6659,21839,106320.0,8430122.5,0.014457523822784424,0.01103229634463787
sample_10,6659,21840,106325.0,8430122.5,0.0016497340984642506,0.0022777768317610025
sample_10,6659,21841,106330.0,8430122.5,0.008652736432850361,0.007797848433256149
sample_10,6659,21842,106335.0,8430122.5,0.006731593981385231,0.002726082457229495
sample_10,6659,21843,106340.0,8430122.5,0.013325524516403675,0.006644517183303833
sample_10,6659,21844,106345.0,8430122.5,0.008506790734827518,0.003892267122864723
sample_10,6659,21845,106350.0,8430122.5,0.010967785492539406,0.0037135963793843985
sample_10,6659,21846,106355.0,8430122.5,0.01634424552321434,0.004080741200596094
sample_10,6659,21847,106360.0,8430122.5,0.00626328494399786,0.0013826647773385048
sample_10,6660,21809,106170.0,8430112.5,0.023598920553922653,0.0034686794970184565
sample_10,6660,21810,106175.0,8430112.5,0.02149604633450508,0.002823254559189081
sample_10,6660,21811,106180.0,8430112.5,0.007197164464741945,0.006229846738278866
sample_10,6660,21812,106185.0,8430112.5,0.009039684198796749,0.004912543576210737
sample_10,6660,21813,106190.0,8430112.5,0.031093409284949303,0.002358511555939913
sample_10,6660,21814,106195.0,8430112.5,0.0022832320537418127,0.011609198525547981
sample_10,6660,21815,106200.0,8430112.5,0.014662332832813263,0.004839341156184673
sample_10,6660,21816,106205.0,8430112.5,0.0328717939555645,0.002348453737795353
sample_10,6660,21817,106210.0,8430112.5,0.031222719699144363,0.006637436803430319
sample_10,6660,21818,106215.0,8430112.5,0.0069506531581282616,0.0026344999205321074
sample_10,6660,21819,106220.0,8430112.5,0.018821369856595993,0.003550173481926322
sample_10,6660,21820,106225.0,8430112.5,0.011752810329198837,0.0019327509216964245
sample_10,6660,21821,106230.0,8430112.5,0.016453903168439865,0.012869684025645256
sample_10,6660,21822,106235.0,8430112.5,0.010328762233257294,0.00418518204241991
sample_10,6660,21823,106240.0,8430112.5,0.012499632313847542,0.002088806126266718
sample_10,6660,21824,106245.0,8430112.5,0.013514725491404533,0.0032367976382374763
sample_10,6660,21825,106250.0,8430112.5,0.01755991205573082,0.0012509574880823493
sample_10,6660,21826,106255.0,8430112.5,0.008776089176535606,0.0028895249124616385
sample_10,6660,21827,106260.0,8430112.5,0.009620852768421173,0.00620949687436223
sample_10,6660,21828,106265.0,8430112.5,0.008860474452376366,0.0032598634716123343
sample_10,6660,21829,106270.0,8430112.5,0.007537737488746643,0.005139984656125307
sample_10,6660,21830,106275.0,8430112.5,0.009081415832042694,0.008115934208035469
sample_10,6660,21831,106280.0,8430112.5,0.017545074224472046,0.0050558289512991905
sample_10,6660,21832,106285.0,8430112.5,0.008028560318052769,0.0037635155022144318
sample_10,6660,21833,106290.0,8430112.5,0.0083220936357975,0.008200925774872303
sample_10,6660,21834,106295.0,8430112.5,0.013537746854126453,0.007802703883498907
sample_10,6660,21835,106300.0,8430112.5,0.018295645713806152,0.004339154809713364
sample_10,6660,21836,106305.0,8430112.5,0.00854936521500349,0.003006079699844122
sample_10,6660,21837,106310.0,8430112.5,0.0464833565056324,0.004075938835740089
sample_10,6660,21838,106315.0,8430112.5,0.014853768981993198,0.0017411207081750035
sample_10,6660,21839,106320.0,8430112.5,0.017897147685289383,0.0014056287473067641
sample_10,6660,21840,106325.0,8430112.5,0.028718221932649612,0.005294683389365673
sample_10,6660,21841,106330.0,8430112.5,0.012328005395829678,0.003924855496734381
sample_10,6660,21842,106335.0,8430112.5,0.0017873639008030295,0.0012990739196538925
sample_10,6660,21843,106340.0,8430112.5,0.015150786377489567,0.00626410311087966
sample_10,6660,21844,106345.0,8430112.5,0.00867470446974039,0.0017339549958705902
sample_10,6660,21845,106350.0,8430112.5,0.015122699551284313,0.0023890137672424316
sample_10,6660,21846,106355.0,8430112.5,0.008328770287334919,0.0015585278160870075
sample_10,6660,21847,106360.0,8430112.5,0.008242449723184109,0.0024823760613799095
sample_10,6661,21809,106170.0,8430102.5,0.009662823751568794,0.002664540894329548
sample_10,6661,21810,106175.0,8430102.5,0.0030079581774771214,0.0019675397779792547
sample_10,6661,21811,106180.0,8430102.5,0.003482538741081953,0.004139425233006477
sample_10,6661,21812,106185.0,8430102.5,0.02183786779642105,0.002072578063234687
sample_10,6661,21813,106190.0,8430102.5,0.008242562413215637,0.0017920423997566104
sample_10,6661,21814,106195.0,8430102.5,0.010665526613593102,0.0016325510805472732
sample_10,6661,21815,106200.0,8430102.5,0.011219007894396782,0.002925568725913763
sample_10,6661,21816,106205.0,8430102.5,0.023710189387202263,0.003985678311437368
sample_10,6661,21817,106210.0,8430102.5,0.007976812310516834,0.002644049469381571
sample_10,6661,21818,106215.0,8430102.5,0.002788705285638571,0.0015615841839462519
sample_10,6661,21819,106220.0,8430102.5,0.005133587867021561,0.001447912654839456
sample_10,6661,21820,106225.0,8430102.5,0.02825137972831726,0.0025528580881655216
sample_10,6661,21821,106230.0,8430102.5,0.006326843518763781,0.0034723137505352497
sample_10,6661,21822,106235.0,8430102.5,0.004464262165129185,0.005647554062306881
sample_10,6661,21823,106240.0,8430102.5,0.0028714160434901714,0.00120419985614717
sample_10,6661,21824,106245.0,8430102.5,0.00222922395914793,0.0034423305187374353
sample_10,6661,21825,106250.0,8430102.5,0.03868352621793747,0.0049879043363034725
sample_10,6661,21826,106255.0,8430102.5,0.040445178747177124,0.002951439004391432
sample_10,6661,21827,106260.0,8430102.5,0.013322297483682632,0.006380356848239899
sample_10,6661,21828,106265.0,8430102.5,0.009499616920948029,0.005454139783978462
sample_10,6661,21829,106270.0,8430102.5,0.011591486632823944,0.01560003962367773
sample_10,6661,21830,106275.0,8430102.5,0.007336295209825039,0.005102179478853941
sample_10,6661,21831,106280.0,8430102.5,0.005982368253171444,0.0037088943645358086
sample_10,6661,21832,106285.0,8430102.5,0.017089087516069412,0.0005705845542252064
sample_10,6661,21833,106290.0,8430102.5,0.010630535893142223,0.0050882454961538315
sample_10,6661,21834,106295.0,8430102.5,0.018222052603960037,0.00824605580419302
sample_10,6661,21835,106300.0,8430102.5,0.014341920614242554,0.002639005659148097
sample_10,6661,21836,106305.0,8430102.5,0.020676761865615845,0.007089825347065926
sample_10,6661,21837,106310.0,8430102.5,0.006828186102211475,0.00045868009328842163
sample_10,6661,21838,106315.0,8430102.5,0.01848750002682209,0.002615340519696474
sample_10,6661,21839,106320.0,8430102.5,0.008440228179097176,0.0011932735797017813
sample_10,6661,21840,106325.0,8430102.5,0.011115903034806252,0.006384456530213356
sample_10,6661,21841,106330.0,8430102.5,0.013214349746704102,0.0033565741032361984
sample_10,6661,21842,106335.0,8430102.5,0.015273410826921463,0.007271245587617159
sample_10,6661,21843,106340.0,8430102.5,0.01557440496981144,0.001762201776728034
sample_10,6661,21844,106345.0,8430102.5,0.0032096165232360363,0.0018825428560376167
sample_10,6661,21845,106350.0,8430102.5,0.012131059542298317,0.001174180069938302
sample_10,6661,21846,106355.0,8430102.5,0.010257761925458908,0.00654512969776988
sample_10,6661,21847,106360.0,8430102.5,0.0034951530396938324,0.004272571299225092
sample_10,6662,21809,106170.0,8430092.5,0.01904885470867157,0.0027322329115122557
sample_10,6662,21810,106175.0,8430092.5,0.0010655340738594532,0.009756810963153839
sample_10,6662,21811,106180.0,8430092.5,0.0054786792024970055,0.0032240762375295162
sample_10,6662,21812,106185.0,8430092.5,0.01694701798260212,0.008217892609536648
sample_10,6662,21813,106190.0,8430092.5,0.03025323525071144,0.010685669258236885
sample_10,6662,21814,106195.0,8430092.5,0.011283177882432938,0.00631635682657361
sample_10,6662,21815,106200.0,8430092.5,0.009468717500567436,0.0029809074476361275
sample_10,6662,21816,106205.0,8430092.5,0.001814506365917623,0.0023460048250854015
sample_10,6662,21817,106210.0,8430092.5,0.007984905503690243,0.002835294231772423
sample_10,6662,21818,106215.0,8430092.5,0.02547290176153183,0.0026031802408397198
sample_10,6662,21819,106220.0,8430092.5,0.026971695944666862,0.0014088856987655163
sample_10,6662,21820,106225.0,8430092.5,0.02546880394220352,0.008185649290680885
sample_10,6662,21821,106230.0,8430092.5,0.011299681849777699,0.0019843385089188814
sample_10,6662,21822,106235.0,8430092.5,0.008592531085014343,0.0030091721564531326
sample_10,6662,21823,106240.0,8430092.5,0.015984538942575455,0.001263017882592976
sample_10,6662,21824,106245.0,8430092.5,0.028744928538799286,0.002374105155467987
sample_10,6662,21825,106250.0,8430092.5,0.015104545280337334,0.004945984110236168
sample_10,6662,21826,106255.0,8430092.5,0.013337656855583191,0.001647809986025095
sample_10,6662,21827,106260.0,8430092.5,0.0034889704547822475,0.005208700895309448
sample_10,6662,21828,106265.0,8430092.5,0.005508108530193567,0.005191318690776825
sample_10,6662,21829,106270.0,8430092.5,0.005929921288043261,0.004242070019245148
sample_10,6662,21830,106275.0,8430092.5,0.021860800683498383,0.0011927770683541894
sample_10,6662,21831,106280.0,8430092.5,0.015679793432354927,0.0031124462839215994
sample_10,6662,21832,106285.0,8430092.5,0.009109930135309696,0.0031252678018063307
sample_10,6662,21833,106290.0,8430092.5,0.009574947878718376,0.00424491660669446
sample_10,6662,21834,106295.0,8430092.5,0.009985130280256271,0.0031588366255164146
sample_10,6662,21835,106300.0,8430092.5,0.0029386780224740505,0.003923916257917881
sample_10,6662,21836,106305.0,8430092.5,0.022379839792847633,0.00947000551968813
sample_10,6662,21837,106310.0,8430092.5,0.028724953532218933,0.0019692883361130953
sample_10,6662,21838,106315.0,8430092.5,0.022633951157331467,0.002619498409330845
sample_10,6662,21839,106320.0,8430092.5,0.015966694802045822,0.0019464142387732863
sample_10,6662,21840,106325.0,8430092.5,0.003959061577916145,0.004077588208019733
sample_10,6662,21841,106330.0,8430092.5,0.008083812892436981,0.0038499971851706505
sample_10,6662,21842,106335.0,8430092.5,0.011628576554358006,0.007423783652484417
sample_10,6662,21843,106340.0,8430092.5,0.005629201885312796,0.007439803332090378
sample_10,6662,21844,106345.0,8430092.5,0.005962886847555637,0.003705410985276103
sample_10,6662,21845,106350.0,8430092.5,0.005547224543988705,0.0014924737624824047
sample_10,6662,21846,106355.0,8430092.5,0.027655160054564476,0.0013616324868053198
sample_10,6662,21847,106360.0,8430092.5,0.017189379781484604,0.002685786224901676
sample_10,6663,21809,106170.0,8430082.5,0.03292132914066315,0.0016654602950438857
sample_10,6663,21810,106175.0,8430082.5,0.00301322597078979,0.002407581079751253
sample_10,6663,21811,106180.0,8430082.5,0.023732848465442657,0.0028332702349871397
sample_10,6663,21812,106185.0,8430082.5,0.013197068125009537,0.006167977582663298
sample_10,6663,21813,106190.0,8430082.5,0.00784786231815815,0.004924583248794079
sample_10,6663,21814,106195.0,8430082.5,0.05320864915847778,0.0042401994578540325
sample_10,6663,21815,106200.0,8430082.5,0.016539297997951508,0.006903503090143204
sample_10,6663,21816,106205.0,8430082.5,0.03895566985011101,0.007321976125240326
sample_10,6663,21817,106210.0,8430082.5,0.03109711781144142,0.0009922727476805449
sample_10,6663,21818,106215.0,8430082.5,0.0099053168669343,0.0006329785101115704
sample_10,6663,21819,106220.0,8430082.5,0.008134618401527405,0.00744256004691124
sample_10,6663,21820,106225.0,8430082.5,0.003648637793958187,0.002502295421436429
sample_10,6663,21821,106230.0,8430082.5,0.01868591271340847,0.0097900265827775
sample_10,6663,21822,106235.0,8430082.5,0.01796533539891243,0.006023256108164787
sample_10,6663,21823,106240.0,8430082.5,0.01550387218594551,0.00852993968874216
sample_10,6663,21824,106245.0,8430082.5,0.006784709170460701,0.004766515921801329
sample_10,6663,21825,106250.0,8430082.5,0.01657451130449772,0.0026274453848600388
sample_10,6663,21826,106255.0,8430082.5,0.003364395583048463,0.0010209615575149655
sample_10,6663,21827,106260.0,8430082.5,0.017986658960580826,0.0027841858100146055
sample_10,6663,21828,106265.0,8430082.5,0.0026142997667193413,0.002859934465959668
sample_10,6663,21829,106270.0,8430082.5,0.006103717256337404,0.007719377521425486
sample_10,6663,21830,106275.0,8430082.5,0.01908864639699459,0.0006135166622698307
sample_10,6663,21831,106280.0,8430082.5,0.015792278572916985,0.0022167155984789133
sample_10,6663,21832,106285.0,8430082.5,0.006646650843322277,0.0036918409168720245
sample_10,6663,21833,106290.0,8430082.5,0.018665658310055733,0.004226309712976217
sample_10,6663,21834,106295.0,8430082.5,0.017064807936549187,0.002130062086507678
sample_10,6663,21835,106300.0,8430082.5,0.013833995908498764,0.007717412430793047
sample_10,6663,21836,106305.0,8430082.5,0.0014946823939681053,0.0261509008705616
sample_10,6663,21837,106310.0,8430082.5,0.025113683193922043,0.005169748328626156
sample_10,6663,21838,106315.0,8430082.5,0.013924913480877876,0.004397012293338776
sample_10,6663,21839,106320.0,8430082.5,0.03822961449623108,0.0037308880127966404
sample_10,6663,21840,106325.0,8430082.5,0.009689116850495338,0.005284884944558144
sample_10,6663,21841,106330.0,8430082.5,0.019737400114536285,0.0009899457218125463
sample_10,6663,21842,106335.0,8430082.5,0.016436772421002388,0.006158997770398855
sample_10,6663,21843,106340.0,8430082.5,0.008750159293413162,0.006458511110395193
sample_10,6663,21844,106345.0,8430082.5,0.01937432587146759,0.007999238558113575
sample_10,6663,21845,106350.0,8430082.5,0.006850681733340025,0.0012200294295325875
sample_10,6663,21846,106355.0,8430082.5,0.010204927995800972,0.001655437285080552
sample_10,6663,21847,106360.0,8430082.5,0.03701937943696976,0.003552703419700265
sample_10,6664,21809,106170.0,8430072.5,0.02022758312523365,0.0022315781097859144
sample_10,6664,21810,106175.0,8430072.5,0.025271834805607796,0.0004337119171395898
sample_10,6664,21811,106180.0,8430072.5,0.009988333098590374,0.015173939988017082
sample_10,6664,21812,106185.0,8430072.5,0.007027941755950451,0.009371788240969181
sample_10,6664,21813,106190.0,8430072.5,0.024221573024988174,0.003187235677614808
sample_10,6664,21814,106195.0,8430072.5,0.009094297885894775,0.004712032154202461
sample_10,6664,21815,106200.0,8430072.5,0.02115168608725071,0.01716449111700058
sample_10,6664,21816,106205.0,8430072.5,0.014046113938093185,0.004323028493672609
sample_10,6664,21817,106210.0,8430072.5,0.009149285964667797,0.0009541191975586116
sample_10,6664,21818,106215.0,8430072.5,0.00473524397239089,0.005734506994485855
sample_10,6664,21819,106220.0,8430072.5,0.009381437674164772,0.007791880518198013
sample_10,6664,21820,106225.0,8430072.5,0.02037680335342884,0.011011557653546333
sample_10,6664,21821,106230.0,8430072.5,0.005858224350959063,0.0032680113799870014
sample_10,6664,21822,106235.0,8430072.5,0.013634584844112396,0.0037708869203925133
sample_10,6664,21823,106240.0,8430072.5,0.012767169624567032,0.011626949533820152
sample_10,6664,21824,106245.0,8430072.5,0.0020481497049331665,0.0023350934498012066
sample_10,6664,21825,106250.0,8430072.5,0.006950664333999157,0.002944153966382146
sample_10,6664,21826,106255.0,8430072.5,0.0155682023614645,0.0009020444704219699
sample_10,6664,21827,106260.0,8430072.5,0.007219751365482807,0.0005301725468598306
sample_10,6664,21828,106265.0,8430072.5,0.010695258155465126,0.007462908048182726
sample_10,6664,21829,106270.0,8430072.5,0.01151914894580841,0.0024198817554861307
sample_10,6664,21830,106275.0,8430072.5,0.0023312310222536325,0.00890284776687622
sample_10,6664,21831,106280.0,8430072.5,0.004448159597814083,0.007276469375938177
sample_10,6664,21832,106285.0,8430072.5,0.01921715959906578,0.0030707777477800846
sample_10,6664,21833,106290.0,8430072.5,0.007300459314137697,0.006616104394197464
sample_10,6664,21834,106295.0,8430072.5,0.03275406360626221,0.007816692814230919
sample_10,6664,21835,106300.0,8430072.5,0.0015289448201656342,0.004238712135702372
sample_10,6664,21836,106305.0,8430072.5,0.03029825910925865,0.0008848343277350068
sample_10,6664,21837,106310.0,8430072.5,0.047729842364788055,0.0048797582276165485
sample_10,6664,21838,106315.0,8430072.5,0.015481109730899334,0.003410032484680414
sample_10,6664,21839,106320.0,8430072.5,0.01979721710085869,0.0045216442085802555
sample_10,6664,21840,106325.0,8430072.5,0.03958995267748833,0.003938302397727966
sample_10,6664,21841,106330.0,8430072.5,0.0010272568324580789,0.0036141755990684032
sample_10,6664,21842,106335.0,8430072.5,0.02426915243268013,0.005870522931218147
sample_10,6664,21843,106340.0,8430072.5,0.02619381621479988,0.006902248598635197
sample_10,6664,21844,106345.0,8430072.5,0.014705093577504158,0.0009453665697947145
sample_10,6664,21845,106350.0,8430072.5,0.006016247905790806,0.008182929828763008
sample_10,6664,21846,106355.0,8430072.5,0.017078088596463203,0.004305637441575527
sample_10,6664,21847,106360.0,8430072.5,0.008924069814383984,0.004748058505356312
sample_10,6664,21848,106365.0,8430072.5,0.003582439851015806,0.019188091158866882
sample_10,6665,21810,106175.0,8430062.5,0.013494002632796764,0.007951967418193817
sample_10,6665,21811,106180.0,8430062.5,0.005755522288382053,0.006449836306273937
sample_10,6665,21812,106185.0,8430062.5,0.02340889722108841,0.004661014303565025
sample_10,6665,21813,106190.0,8430062.5,0.01566125825047493,0.012775280512869358
sample_10,6665,21814,106195.0,8430062.5,0.020745903253555298,0.006827408913522959
sample_10,6665,21815,106200.0,8430062.5,0.006526830140501261,0.0038107740692794323
sample_10,6665,21816,106205.0,8430062.5,0.06454296410083771,0.017063817009329796
sample_10,6665,21817,106210.0,8430062.5,0.017229638993740082,0.00673155952244997
sample_10,6665,21818,106215.0,8430062.5,0.011929525062441826,0.006739335134625435
sample_10,6665,21819,106220.0,8430062.5,0.00521156657487154,0.0038225706666707993
sample_10,6665,21820,106225.0,8430062.5,0.006917469669133425,0.0067243087105453014
sample_10,6665,21821,106230.0,8430062.5,0.005373130552470684,0.0017707200022414327
sample_10,6665,21822,106235.0,8430062.5,0.013279594480991364,0.002574424259364605
sample_10,6665,21823,106240.0,8430062.5,0.0035232421942055225,0.0036408784799277782
sample_10,6665,21824,106245.0,8430062.5,0.010020184330642223,0.00870491098612547
sample_10,6665,21825,106250.0,8430062.5,0.0160287506878376,0.00413235928863287
sample_10,6665,21826,106255.0,8430062.5,0.0050450898706912994,0.004538162145763636
sample_10,6665,21827,106260.0,8430062.5,0.011671342886984348,0.0023030873853713274
sample_10,6665,21828,106265.0,8430062.5,0.008290298283100128,0.006245128810405731
sample_10,6665,21829,106270.0,8430062.5,0.021579328924417496,0.003082450246438384
sample_10,6665,21830,106275.0,8430062.5,0.048140037804841995,0.004530515521764755
sample_10,6665,21831,106280.0,8430062.5,0.025810889899730682,0.0018074259860441089
sample_10,6665,21832,106285.0,8430062.5,0.017029782757163048,0.006836751941591501
sample_10,6665,21833,106290.0,8430062.5,0.010583415627479553,0.0021521677263081074
sample_10,6665,21834,106295.0,8430062.5,0.0033200650941580534,0.0014774968149140477
sample_10,6665,21835,106300.0,8430062.5,0.025844939053058624,0.005541957449167967
sample_10,6665,21836,106305.0,8430062.5,0.0266167763620615,0.0018458981066942215
sample_10,6665,21837,106310.0,8430062.5,0.015016632154583931,0.004389071371406317
sample_10,6665,21838,106315.0,8430062.5,0.003267816035076976,0.0038503326941281557
sample_10,6665,21839,106320.0,8430062.5,0.020260615274310112,0.007024712860584259
sample_10,6665,21840,106325.0,8430062.5,0.029469024389982224,0.0005963488365523517
sample_10,6665,21841,106330.0,8430062.5,0.029529377818107605,0.00043182348599657416
sample_10,6665,21842,106335.0,8430062.5,0.0010761123849079013,0.002287226030603051
sample_10,6665,21843,106340.0,8430062.5,0.011756489053368568,0.0035637409891933203
sample_10,6665,21844,106345.0,8430062.5,0.01813182234764099,0.008054671809077263
sample_10,6665,21845,106350.0,8430062.5,0.004531980492174625,0.010669431649148464
sample_10,6665,21846,106355.0,8430062.5,0.007662131451070309,0.007091040723025799
sample_10,6665,21847,106360.0,8430062.5,0.006243984680622816,0.0006295771454460919
sample_10,6665,21848,106365.0,8430062.5,0.015516985207796097,0.0065988535061478615
sample_10,6666,21810,106175.0,8430052.5,0.013846324756741524,0.0010687370086088777
sample_10,6666,21811,106180.0,8430052.5,0.009245557710528374,0.0022718063555657864
sample_10,6666,21812,106185.0,8430052.5,0.017522267997264862,0.001388526987284422
sample_10,6666,21813,106190.0,8430052.5,0.011389467865228653,0.0058992113918066025
sample_10,6666,21814,106195.0,8430052.5,0.006171640940010548,0.0028373966924846172
sample_10,6666,21815,106200.0,8430052.5,0.010792193934321404,0.0045606703497469425
sample_10,6666,21816,106205.0,8430052.5,0.01688385382294655,0.02815365046262741
sample_10,6666,21817,106210.0,8430052.5,0.050277918577194214,0.007736307568848133
sample_10,6666,21818,106215.0,8430052.5,0.01044420711696148,0.0010266241151839495
sample_10,6666,21819,106220.0,8430052.5,0.005311119835823774,0.009811945259571075
sample_10,6666,21820,106225.0,8430052.5,0.020628465339541435,0.012842231430113316
sample_10,6666,21821,106230.0,8430052.5,0.010450821369886398,0.006619510240852833
sample_10,6666,21822,106235.0,8430052.5,0.007246950175613165,0.007376554422080517
sample_10,6666,21823,106240.0,8430052.5,0.031218305230140686,0.00528935668990016
sample_10,6666,21824,106245.0,8430052.5,0.031001567840576172,0.00832730159163475
sample_10,6666,21825,106250.0,8430052.5,0.028025120496749878,0.005086375400424004
sample_10,6666,21826,106255.0,8430052.5,0.008560076355934143,0.00025760321295820177
sample_10,6666,21827,106260.0,8430052.5,0.009135635569691658,0.0017352127470076084
sample_10,6666,21828,106265.0,8430052.5,0.010725095868110657,0.002343334723263979
sample_10,6666,21829,106270.0,8430052.5,0.005290409550070763,0.0034143361262977123
sample_10,6666,21830,106275.0,8430052.5,0.0119060929864645,0.0006001724395900965
sample_10,6666,21831,106280.0,8430052.5,0.01687934808433056,0.003796648932620883
sample_10,6666,21832,106285.0,8430052.5,0.04743213579058647,0.009992723353207111
sample_10,6666,21833,106290.0,8430052.5,0.022462893277406693,0.005856340751051903
sample_10,6666,21834,106295.0,8430052.5,0.015552997589111328,0.005376364104449749
sample_10,6666,21835,106300.0,8430052.5,0.029029475525021553,0.00431286683306098
sample_10,6666,21836,106305.0,8430052.5,0.05495791509747505,0.005132628139108419
sample_10,6666,21837,106310.0,8430052.5,0.017775114625692368,0.005356156267225742
sample_10,6666,21838,106315.0,8430052.5,0.03005644679069519,0.0035453354939818382
sample_10,6666,21839,106320.0,8430052.5,0.008162846788764,0.005476607475429773
sample_10,6666,21840,106325.0,8430052.5,0.0028958958573639393,0.0022365180775523186
sample_10,6666,21841,106330.0,8430052.5,0.010589913465082645,0.0010410398244857788
sample_10,6666,21842,106335.0,8430052.5,0.001556718721985817,0.00570621807128191
sample_10,6666,21843,106340.0,8430052.5,0.011422001756727695,0.001280180993489921
sample_10,6666,21844,106345.0,8430052.5,0.012878833338618279,0.0012948464136570692
sample_10,6666,21845,106350.0,8430052.5,0.021304918453097343,0.005228552967309952
sample_10,6666,21846,106355.0,8430052.5,0.04901071637868881,0.004026984330266714
sample_10,6666,21847,106360.0,8430052.5,0.019546950235962868,0.005963465664535761
sample_10,6666,21848,106365.0,8430052.5,0.003777005011215806,0.0027070771902799606
sample_10,6667,21810,106175.0,8430042.5,0.021139774471521378,0.001169217866845429
sample_10,6667,21811,106180.0,8430042.5,0.03285009041428566,0.005322922952473164
sample_10,6667,21812,106185.0,8430042.5,0.033728327602148056,0.0034637844655662775
sample_10,6667,21813,106190.0,8430042.5,0.007090045139193535,0.0005677330773323774
sample_10,6667,21814,106195.0,8430042.5,0.018542394042015076,0.004438566975295544
sample_10,6667,21815,106200.0,8430042.5,0.0072103566490113735,0.002200015587732196
sample_10,6667,21816,106205.0,8430042.5,0.028589114546775818,0.002148987725377083
sample_10,6667,21817,106210.0,8430042.5,0.0037618260830640793,0.0025231309700757265
sample_10,6667,21818,106215.0,8430042.5,0.0005985853495076299,0.004626410081982613
sample_10,6667,21819,106220.0,8430042.5,0.005889918655157089,0.006996336858719587
sample_10,6667,21820,106225.0,8430042.5,0.008604658767580986,0.0042254142463207245
sample_10,6667,21821,106230.0,8430042.5,0.031835805624723434,0.0033816108480095863
sample_10,6667,21822,106235.0,8430042.5,0.02119569666683674,0.005465121474117041
sample_10,6667,21823,106240.0,8430042.5,0.015783172100782394,0.009978285059332848
sample_10,6667,21824,106245.0,8430042.5,0.00639649061486125,0.008093374781310558
sample_10,6667,21825,106250.0,8430042.5,0.0019822034519165754,0.004475236404687166
sample_10,6667,21826,106255.0,8430042.5,0.024338318035006523,0.0020781145431101322
sample_10,6667,21827,106260.0,8430042.5,0.010097051039338112,0.0010028108954429626
sample_10,6667,21828,106265.0,8430042.5,0.005686799064278603,0.0010276352986693382
sample_10,6667,21829,106270.0,8430042.5,0.030195437371730804,0.0010143241379410028
sample_10,6667,21830,106275.0,8430042.5,0.035890139639377594,0.013899387791752815
sample_10,6667,21831,106280.0,8430042.5,0.027169328182935715,0.00143909128382802
sample_10,6667,21832,106285.0,8430042.5,0.014552704989910126,0.004118354991078377
sample_10,6667,21833,106290.0,8430042.5,0.010234441608190536,0.0024165306240320206
sample_10,6667,21834,106295.0,8430042.5,0.012706794776022434,0.0049317460507154465
sample_10,6667,21835,106300.0,8430042.5,0.028898989781737328,0.0062827616930007935
sample_10,6667,21836,106305.0,8430042.5,0.043429769575595856,0.0010677737882360816
sample_10,6667,21837,106310.0,8430042.5,0.020460231229662895,0.004710425157099962
sample_10,6667,21838,106315.0,8430042.5,0.007080710958689451,0.0013411588734015822
sample_10,6667,21839,106320.0,8430042.5,0.003485752735286951,0.006419411860406399
sample_10,6667,21840,106325.0,8430042.5,0.03081386908888817,0.001286989776417613
sample_10,6667,21841,106330.0,8430042.5,0.046326957643032074,0.0073537686839699745
sample_10,6667,21842,106335.0,8430042.5,0.02509447932243347,0.006229104939848185
sample_10,6667,21843,106340.0,8430042.5,0.012731908820569515,0.008049573749303818
sample_10,6667,21844,106345.0,8430042.5,0.003106759861111641,0.009478593245148659
sample_10,6667,21845,106350.0,8430042.5,0.0005752341821789742,0.005925656761974096
sample_10,6667,21846,106355.0,8430042.5,0.0031384744215756655,0.001316016772761941
sample_10,6667,21847,106360.0,8430042.5,0.00886545144021511,0.0031946348026394844
sample_10,6667,21848,106365.0,8430042.5,0.003894749330356717,0.0032350756227970123
sample_11,10362,13542,64835.0,8393092.5,0.0020600215066224337,0.005000448320060968
sample_11,10362,13543,64840.0,8393092.5,0.012854807078838348,0.0009245197288691998
sample_11,10362,13544,64845.0,8393092.5,0.004861727356910706,0.009046358056366444
sample_11,10362,13545,64850.0,8393092.5,0.0052522760815918446,0.006342804525047541
sample_11,10362,13546,64855.0,8393092.5,0.01937287487089634,0.010476009920239449
sample_11,10362,13547,64860.0,8393092.5,0.0037697507068514824,0.0014768438413739204
sample_11,10362,13548,64865.0,8393092.5,0.00820633489638567,0.0035712316166609526
sample_11,10362,13549,64870.0,8393092.5,0.007518291939049959,0.0002072324277833104
sample_11,10362,13550,64875.0,8393092.5,0.01106397807598114,0.016777798533439636
sample_11,10362,13551,64880.0,8393092.5,0.01369257178157568,0.0015437735710293055
sample_11,10362,13552,64885.0,8393092.5,0.0030203291680663824,0.0034737747628241777
sample_11,10362,13553,64890.0,8393092.5,0.017214154824614525,0.005501538049429655
sample_11,10362,13554,64895.0,8393092.5,0.017138922587037086,0.0024754665791988373
sample_11,10362,13555,64900.0,8393092.5,0.005582554265856743,0.003128906711935997
sample_11,10362,13556,64905.0,8393092.5,0.0027509743813425303,0.006627831608057022
sample_11,10362,13557,64910.0,8393092.5,0.00790689792484045,0.006069685332477093
sample_11,10362,13558,64915.0,8393092.5,0.008167540654540062,0.002547565149143338
sample_11,10362,13559,64920.0,8393092.5,0.0034005665220320225,0.0020016173366457224
sample_11,10362,13560,64925.0,8393092.5,0.008529801853001118,0.0019662550184875727
sample_11,10363,13522,64735.0,8393082.5,0.010929013602435589,0.0018656211905181408
sample_11,10363,13523,64740.0,8393082.5,0.01008038129657507,0.0013220469700172544
sample_11,10363,13524,64745.0,8393082.5,0.009029651060700417,0.00604387978091836
sample_11,10363,13525,64750.0,8393082.5,0.011646592058241367,0.005591500084847212
sample_11,10363,13526,64755.0,8393082.5,0.0012553257402032614,0.00715470127761364
sample_11,10363,13527,64760.0,8393082.5,0.02642415463924408,0.008434147574007511
sample_11,10363,13528,64765.0,8393082.5,0.0032703953329473734,0.0045055788941681385
sample_11,10363,13529,64770.0,8393082.5,0.0153098339214921,0.003490874543786049
sample_11,10363,13530,64775.0,8393082.5,0.01235811784863472,0.0024796968791633844
sample_11,10363,13531,64780.0,8393082.5,0.0024819253012537956,0.005459839943796396
sample_11,10363,13532,64785.0,8393082.5,0.0022622612304985523,0.008988755755126476
sample_11,10363,13533,64790.0,8393082.5,0.02543085254728794,0.002784749260172248
sample_11,10363,13534,64795.0,8393082.5,0.006032271310687065,0.0037063206546008587
sample_11,10363,13535,64800.0,8393082.5,0.009365726262331009,0.0009470076765865088
sample_11,10363,13536,64805.0,8393082.5,0.012714507058262825,0.0020979864057153463
sample_11,10363,13537,64810.0,8393082.5,0.015105029568076134,0.0018879291601479053
sample_11,10363,13538,64815.0,8393082.5,0.015377432107925415,0.007390796206891537
sample_11,10363,13539,64820.0,8393082.5,0.00508779427036643,0.0017909889575093985
sample_11,10363,13540,64825.0,8393082.5,0.001931701204739511,0.0022299629636108875
sample_11,10363,13541,64830.0,8393082.5,0.00995677337050438,0.004387434106320143
sample_11,10363,13542,64835.0,8393082.5,0.0057913148775696754,0.0011046880390495062
sample_11,10363,13543,64840.0,8393082.5,0.013849543407559395,0.010336505249142647
sample_11,10363,13544,64845.0,8393082.5,0.01896679773926735,0.002915878314524889
sample_11,10363,13545,64850.0,8393082.5,0.0016099042259156704,0.004668109584599733
sample_11,10363,13546,64855.0,8393082.5,0.010086441412568092,0.010743062943220139
sample_11,10363,13547,64860.0,8393082.5,0.012702751904726028,0.0006062522879801691
sample_11,10363,13548,64865.0,8393082.5,0.0016812337562441826,0.000712519627995789
sample_11,10363,13549,64870.0,8393082.5,0.0005132302176207304,0.008594210259616375
sample_11,10363,13550,64875.0,8393082.5,0.005969636607915163,0.008558171801269054
sample_11,10363,13551,64880.0,8393082.5,0.0021537698339670897,0.0036303349770605564
sample_11,10363,13552,64885.0,8393082.5,0.009251699782907963,0.003957478329539299
sample_11,10363,13553,64890.0,8393082.5,0.008874233812093735,0.002579174702987075
sample_11,10363,13554,64895.0,8393082.5,0.006054280791431665,0.0023415128234773874
sample_11,10363,13555,64900.0,8393082.5,0.010234936140477657,0.0015234374441206455
sample_11,10363,13556,64905.0,8393082.5,0.012176409363746643,0.0011335781309753656
sample_11,10363,13557,64910.0,8393082.5,0.009666050784289837,0.0016703661531209946
sample_11,10363,13558,64915.0,8393082.5,0.006748330779373646,0.004154819995164871
sample_11,10363,13559,64920.0,8393082.5,0.015949977561831474,0.007898231968283653
sample_11,10363,13560,64925.0,8393082.5,0.005100626964122057,0.0028732186183333397
sample_11,10364,13522,64735.0,8393072.5,0.006407710257917643,0.0031322429422289133
sample_11,10364,13523,64740.0,8393072.5,0.010411213152110577,0.0015109415398910642
sample_11,10364,13524,64745.0,8393072.5,0.012190544977784157,0.009259998798370361
sample_11,10364,13525,64750.0,8393072.5,0.002450315747410059,0.008524436503648758
sample_11,10364,13526,64755.0,8393072.5,0.00380069762468338,0.012180034071207047
sample_11,10364,13527,64760.0,8393072.5,0.01607421599328518,0.004882416687905788
sample_11,10364,13528,64765.0,8393072.5,0.012678446248173714,0.0015292284078896046
sample_11,10364,13529,64770.0,8393072.5,0.023693665862083435,0.006951242685317993
sample_11,10364,13530,64775.0,8393072.5,0.011410042643547058,0.007892620749771595
sample_11,10364,13531,64780.0,8393072.5,0.006598750129342079,0.0050234682857990265
sample_11,10364,13532,64785.0,8393072.5,0.0016423171618953347,0.0029783586505800486
sample_11,10364,13533,64790.0,8393072.5,0.017191030085086823,0.0060842870734632015
sample_11,10364,13534,64795.0,8393072.5,0.013865540735423565,0.00426345132291317
sample_11,10364,13535,64800.0,8393072.5,0.0025252439081668854,0.0031298468820750713
sample_11,10364,13536,64805.0,8393072.5,0.005628785118460655,0.0009691650047898293
sample_11,10364,13537,64810.0,8393072.5,0.00785551406443119,0.004274790175259113
sample_11,10364,13538,64815.0,8393072.5,0.008562402799725533,0.00645214319229126
sample_11,10364,13539,64820.0,8393072.5,0.015989888459444046,0.002501342911273241
sample_11,10364,13540,64825.0,8393072.5,0.014375513419508934,0.005000414326786995
sample_11,10364,13541,64830.0,8393072.5,0.02013375610113144,0.0024849530309438705
sample_11,10364,13542,64835.0,8393072.5,0.0024336115457117558,0.0032363287173211575
sample_11,10364,13543,64840.0,8393072.5,0.009643539786338806,0.014633524231612682
sample_11,10364,13544,64845.0,8393072.5,0.004215773660689592,0.004452564287930727
sample_11,10364,13545,64850.0,8393072.5,0.024874646216630936,0.0046273889020085335
sample_11,10364,13546,64855.0,8393072.5,0.01132919080555439,0.00510698277503252
sample_11,10364,13547,64860.0,8393072.5,0.008387710899114609,0.008573397062718868
sample_11,10364,13548,64865.0,8393072.5,0.003226366825401783,0.0022190939635038376
sample_11,10364,13549,64870.0,8393072.5,0.005582956597208977,0.0029955231584608555
sample_11,10364,13550,64875.0,8393072.5,0.0062120649963617325,0.0015794048085808754
sample_11,10364,13551,64880.0,8393072.5,0.016979405656456947,0.00428721634671092
sample_11,10364,13552,64885.0,8393072.5,0.007065607234835625,0.0031644883565604687
sample_11,10364,13553,64890.0,8393072.5,0.019481442868709564,0.003367492463439703
sample_11,10364,13554,64895.0,8393072.5,0.00193658540956676,0.004965935833752155
sample_11,10364,13555,64900.0,8393072.5,0.016937250271439552,0.006096548400819302
sample_11,10364,13556,64905.0,8393072.5,0.004503182135522366,0.0008978009573183954
sample_11,10364,13557,64910.0,8393072.5,0.007358829956501722,0.0044598765671253204
sample_11,10364,13558,64915.0,8393072.5,0.006214966997504234,0.011655244044959545
sample_11,10364,13559,64920.0,8393072.5,0.0046006180346012115,0.00515839084982872
sample_11,10364,13560,64925.0,8393072.5,0.021512173116207123,0.00422577653080225
sample_11,10365,13522,64735.0,8393062.5,0.003637769026681781,0.010844516567885876
sample_11,10365,13523,64740.0,8393062.5,0.009473327547311783,0.0056993248872458935
sample_11,10365,13524,64745.0,8393062.5,0.0009069921215996146,0.006357332691550255
sample_11,10365,13525,64750.0,8393062.5,0.0027149212546646595,0.001615914748981595
sample_11,10365,13526,64755.0,8393062.5,0.006587174255400896,0.005570066627115011
sample_11,10365,13527,64760.0,8393062.5,0.010670246556401253,0.0031526917591691017
sample_11,10365,13528,64765.0,8393062.5,0.008460593409836292,0.0016538269119337201
sample_11,10365,13529,64770.0,8393062.5,0.005723200738430023,0.008915427140891552
sample_11,10365,13530,64775.0,8393062.5,0.014239998534321785,0.005333194509148598
sample_11,10365,13531,64780.0,8393062.5,0.00921229925006628,0.004227451980113983
sample_11,10365,13532,64785.0,8393062.5,0.01636962592601776,0.002350863767787814
sample_11,10365,13533,64790.0,8393062.5,0.014425662346184254,0.00047576052020303905
sample_11,10365,13534,64795.0,8393062.5,0.003488395595923066,0.008101044222712517
sample_11,10365,13535,64800.0,8393062.5,0.00040694233030080795,0.003407496027648449
sample_11,10365,13536,64805.0,8393062.5,0.00823147501796484,0.0023056850768625736
sample_11,10365,13537,64810.0,8393062.5,0.013917840085923672,0.019358886405825615
sample_11,10365,13538,64815.0,8393062.5,0.0032929666340351105,0.007607848849147558
sample_11,10365,13539,64820.0,8393062.5,0.011397463269531727,0.00940314307808876
sample_11,10365,13540,64825.0,8393062.5,0.01105412282049656,0.0035267951898276806
sample_11,10365,13541,64830.0,8393062.5,0.0019822760950773954,0.0014975572703406215
sample_11,10365,13542,64835.0,8393062.5,0.0016874729190021753,0.0017676507122814655
sample_11,10365,13543,64840.0,8393062.5,0.02252187579870224,0.008933184668421745
sample_11,10365,13544,64845.0,8393062.5,0.035317473113536835,0.002408249769359827
sample_11,10365,13545,64850.0,8393062.5,0.013161636888980865,0.0034401658922433853
sample_11,10365,13546,64855.0,8393062.5,0.008789082989096642,0.011067024432122707
sample_11,10365,13547,64860.0,8393062.5,0.012757139280438423,0.016662707552313805
sample_11,10365,13548,64865.0,8393062.5,0.0035501383244991302,0.008117441087961197
sample_11,10365,13549,64870.0,8393062.5,0.0037775079254060984,0.0039345379918813705
sample_11,10365,13550,64875.0,8393062.5,0.00806470401585102,0.0016600143862888217
sample_11,10365,13551,64880.0,8393062.5,0.004130488261580467,0.0036897354293614626
sample_11,10365,13552,64885.0,8393062.5,0.01785290800035,0.00411788746714592
sample_11,10365,13553,64890.0,8393062.5,0.012687886133790016,0.012929176911711693
sample_11,10365,13554,64895.0,8393062.5,0.010376130230724812,0.007517862133681774
sample_11,10365,13555,64900.0,8393062.5,0.00920676440000534,0.0009503784822300076
sample_11,10365,13556,64905.0,8393062.5,0.01845104806125164,0.007327262312173843
sample_11,10365,13557,64910.0,8393062.5,0.02054738625884056,0.005806304514408112
sample_11,10365,13558,64915.0,8393062.5,0.007951473817229271,0.0017365196254104376
sample_11,10365,13559,64920.0,8393062.5,0.021646937355399132,0.005456239450722933
sample_11,10365,13560,64925.0,8393062.5,0.011924765072762966,0.004089436959475279
sample_11,10366,13522,64735.0,8393052.5,0.011549258604645729,0.007114870473742485
sample_11,10366,13523,64740.0,8393052.5,0.019031912088394165,0.004858037922531366
sample_11,10366,13524,64745.0,8393052.5,0.00409570150077343,0.0037855093833059072
sample_11,10366,13525,64750.0,8393052.5,0.01985805295407772,0.008306706324219704
sample_11,10366,13526,64755.0,8393052.5,0.023216718807816505,0.0030573599506169558
sample_11,10366,13527,64760.0,8393052.5,0.006330554839223623,0.0042462474666535854
sample_11,10366,13528,64765.0,8393052.5,0.017382236197590828,0.0029674372635781765
sample_11,10366,13529,64770.0,8393052.5,0.008840049616992474,0.002071157330647111
sample_11,10366,13530,64775.0,8393052.5,0.017173809930682182,0.006211712025105953
sample_11,10366,13531,64780.0,8393052.5,0.010272533632814884,0.00184944411739707
sample_11,10366,13532,64785.0,8393052.5,0.0043760561384260654,0.008658794686198235
sample_11,10366,13533,64790.0,8393052.5,0.002362419618293643,0.002642533741891384
sample_11,10366,13534,64795.0,8393052.5,0.007504679262638092,0.01025837380439043
sample_11,10366,13535,64800.0,8393052.5,0.01112418808043003,0.0029207998886704445
sample_11,10366,13536,64805.0,8393052.5,0.005228161811828613,0.005442843306809664
sample_11,10366,13537,64810.0,8393052.5,0.011001202277839184,0.008649010211229324
sample_11,10366,13538,64815.0,8393052.5,0.002730525331571698,0.000635765609331429
sample_11,10366,13539,64820.0,8393052.5,0.005449824035167694,0.009829917922616005
sample_11,10366,13540,64825.0,8393052.5,0.02533457614481449,0.0039275093004107475
sample_11,10366,13541,64830.0,8393052.5,0.011534287594258785,0.0021597864106297493
sample_11,10366,13542,64835.0,8393052.5,0.013126756995916367,0.013498187065124512
sample_11,10366,13543,64840.0,8393052.5,0.023105615749955177,0.00467796390876174
sample_11,10366,13544,64845.0,8393052.5,0.02681652270257473,0.009071221575140953
sample_11,10366,13545,64850.0,8393052.5,0.00986289419233799,0.009270071052014828
sample_11,10366,13546,64855.0,8393052.5,0.006493378430604935,0.008136392571032047
sample_11,10366,13547,64860.0,8393052.5,0.007915018126368523,0.005397936329245567
sample_11,10366,13548,64865.0,8393052.5,0.0033279303461313248,0.002827710472047329
sample_11,10366,13549,64870.0,8393052.5,0.014637007378041744,0.0060120755806565285
sample_11,10366,13550,64875.0,8393052.5,0.009472317062318325,0.0063906325958669186
sample_11,10366,13551,64880.0,8393052.5,0.0014277116861194372,0.0016709744231775403
sample_11,10366,13552,64885.0,8393052.5,0.00766355823725462,0.0014052445767447352
sample_11,10366,13553,64890.0,8393052.5,0.00927367527037859,0.007458128966391087
sample_11,10366,13554,64895.0,8393052.5,0.009711791761219501,0.0046986788511276245
sample_11,10366,13555,64900.0,8393052.5,0.029189076274633408,0.001182553474791348
sample_11,10366,13556,64905.0,8393052.5,0.004968306515365839,0.003891339525580406
sample_11,10366,13557,64910.0,8393052.5,0.002966812578961253,0.007687126751989126
sample_11,10366,13558,64915.0,8393052.5,0.0014640709850937128,0.0030117821879684925
sample_11,10366,13559,64920.0,8393052.5,0.0033895864617079496,0.0004741214797832072
sample_11,10366,13560,64925.0,8393052.5,0.012278763577342033,0.004948796238750219
sample_11,10367,13522,64735.0,8393042.5,0.009695610031485558,0.007915531285107136
sample_11,10367,13523,64740.0,8393042.5,0.002696184441447258,0.003971796948462725
sample_11,10367,13524,64745.0,8393042.5,0.011053208261728287,0.0045263031497597694
sample_11,10367,13525,64750.0,8393042.5,0.02621643804013729,0.0073312800377607346
sample_11,10367,13526,64755.0,8393042.5,0.0016664870781823993,0.003409560304135084
sample_11,10367,13527,64760.0,8393042.5,0.01638955809175968,0.0036038286052644253
sample_11,10367,13528,64765.0,8393042.5,0.01798953115940094,0.008746185339987278
sample_11,10367,13529,64770.0,8393042.5,0.00587143748998642,0.0009616102906875312
sample_11,10367,13530,64775.0,8393042.5,0.004710589535534382,0.005063669290393591
sample_11,10367,13531,64780.0,8393042.5,0.013047055341303349,0.001990128308534622
sample_11,10367,13532,64785.0,8393042.5,0.017511513084173203,0.003182129468768835
sample_11,10367,13533,64790.0,8393042.5,0.009142180904746056,0.008007802069187164
sample_11,10367,13534,64795.0,8393042.5,0.0017863723915070295,0.012328949756920338
sample_11,10367,13535,64800.0,8393042.5,0.014843374490737915,0.007566221058368683
sample_11,10367,13536,64805.0,8393042.5,0.009560935199260712,0.009530332870781422
sample_11,10367,13537,64810.0,8393042.5,0.01217420119792223,0.009925483725965023
sample_11,10367,13538,64815.0,8393042.5,0.020621510222554207,0.0012397640384733677
sample_11,10367,13539,64820.0,8393042.5,0.018565356731414795,0.004976263735443354
sample_11,10367,13540,64825.0,8393042.5,0.00788467563688755,0.005024210549890995
sample_11,10367,13541,64830.0,8393042.5,0.00439075380563736,0.001522966311313212
sample_11,10367,13542,64835.0,8393042.5,0.0012401904677972198,0.0009993277490139008
sample_11,10367,13543,64840.0,8393042.5,0.0023253210820257664,0.0025124032981693745
sample_11,10367,13544,64845.0,8393042.5,0.0033432813361287117,0.007321180775761604
sample_11,10367,13545,64850.0,8393042.5,0.012092853896319866,0.005240599624812603
sample_11,10367,13546,64855.0,8393042.5,0.004319487139582634,0.003096141619607806
sample_11,10367,13547,64860.0,8393042.5,0.01410326361656189,0.006970701273530722
sample_11,10367,13548,64865.0,8393042.5,0.0030075295362621546,0.005876691546291113
sample_11,10367,13549,64870.0,8393042.5,0.004205630626529455,0.003202612977474928
sample_11,10367,13550,64875.0,8393042.5,0.012762890197336674,0.0025762070436030626
sample_11,10367,13551,64880.0,8393042.5,0.01028435118496418,0.0012416834942996502
sample_11,10367,13552,64885.0,8393042.5,0.008754253387451172,0.010104148648679256
sample_11,10367,13553,64890.0,8393042.5,0.00032763334456831217,0.004570300225168467
sample_11,10367,13554,64895.0,8393042.5,0.0010729366913437843,0.0022727777250111103
sample_11,10367,13555,64900.0,8393042.5,0.005469861440360546,0.005745074711740017
sample_11,10367,13556,64905.0,8393042.5,0.0058588627725839615,0.007176207844167948
sample_11,10367,13557,64910.0,8393042.5,0.010979339480400085,0.005028292536735535
sample_11,10367,13558,64915.0,8393042.5,0.004961036611348391,0.002485820557922125
sample_11,10367,13559,64920.0,8393042.5,0.0042268820106983185,0.0065755341202020645
sample_11,10367,13560,64925.0,8393042.5,0.008042884059250355,0.0015534439589828253
sample_11,10368,13522,64735.0,8393032.5,0.0037034498527646065,0.0012099891901016235
sample_11,10368,13523,64740.0,8393032.5,0.007967095822095871,0.0034033292904496193
sample_11,10368,13524,64745.0,8393032.5,0.0065289828926324844,0.0017385315150022507
sample_11,10368,13525,64750.0,8393032.5,0.006832846440374851,0.003334060776978731
sample_11,10368,13526,64755.0,8393032.5,0.009602050296962261,0.0011582615552470088
sample_11,10368,13527,64760.0,8393032.5,0.010273981839418411,0.0031746921595185995
sample_11,10368,13528,64765.0,8393032.5,0.005149160046130419,0.0027475282549858093
sample_11,10368,13529,64770.0,8393032.5,0.017168641090393066,0.0029439777135849
sample_11,10368,13530,64775.0,8393032.5,0.006022298708558083,0.0026753174606710672
sample_11,10368,13531,64780.0,8393032.5,0.015398873016238213,0.004060720093548298
sample_11,10368,13532,64785.0,8393032.5,0.008886893279850483,0.0017180385766550899
sample_11,10368,13533,64790.0,8393032.5,0.011026948690414429,0.009195278398692608
sample_11,10368,13534,64795.0,8393032.5,0.004484131000936031,0.0017111548222601414
sample_11,10368,13535,64800.0,8393032.5,0.008639863692224026,0.0016053735744208097
sample_11,10368,13536,64805.0,8393032.5,0.010610521771013737,0.006485894322395325
sample_11,10368,13537,64810.0,8393032.5,0.010980703867971897,0.01041646022349596
sample_11,10368,13538,64815.0,8393032.5,0.010735677555203438,0.0007618428207933903
sample_11,10368,13539,64820.0,8393032.5,0.009517441503703594,0.004345154855400324
sample_11,10368,13540,64825.0,8393032.5,0.004238765686750412,0.005246419925242662
sample_11,10368,13541,64830.0,8393032.5,0.011230616830289364,0.0014908656012266874
sample_11,10368,13542,64835.0,8393032.5,0.003964642528444529,0.003193839453160763
sample_11,10368,13543,64840.0,8393032.5,0.0064458418637514114,0.013805835507810116
sample_11,10368,13544,64845.0,8393032.5,0.030444487929344177,0.016844110563397408
sample_11,10368,13545,64850.0,8393032.5,0.00484597310423851,0.002891707234084606
sample_11,10368,13546,64855.0,8393032.5,0.0073489835485816,0.0020223103929311037
sample_11,10368,13547,64860.0,8393032.5,0.010079724714159966,0.004697136580944061
sample_11,10368,13548,64865.0,8393032.5,0.009132204577326775,0.0024759413208812475
sample_11,10368,13549,64870.0,8393032.5,0.008562699891626835,0.002848339267075062
sample_11,10368,13550,64875.0,8393032.5,0.006614241749048233,0.002634107368066907
sample_11,10368,13551,64880.0,8393032.5,0.01365809515118599,0.0028283540159463882
sample_11,10368,13552,64885.0,8393032.5,0.0016509025590494275,0.0033642584457993507
sample_11,10368,13553,64890.0,8393032.5,0.006279435008764267,0.005733544938266277
sample_11,10368,13554,64895.0,8393032.5,0.001198610640130937,0.004937060177326202
sample_11,10368,13555,64900.0,8393032.5,0.005301584489643574,0.0016836158465594053
sample_11,10368,13556,64905.0,8393032.5,0.0023841634392738342,0.002769036451354623
sample_11,10368,13557,64910.0,8393032.5,0.011061235330998898,0.002740957774221897
sample_11,10368,13558,64915.0,8393032.5,0.007326402235776186,0.0010811927495524287
sample_11,10368,13559,64920.0,8393032.5,0.01861736550927162,0.007505771704018116
sample_11,10368,13560,64925.0,8393032.5,0.00801568478345871,0.006167098879814148
sample_11,10369,13522,64735.0,8393022.5,0.015714604407548904,0.00478778500109911
sample_11,10369,13523,64740.0,8393022.5,0.003058735281229019,0.0013641227269545197
sample_11,10369,13524,64745.0,8393022.5,0.0027118464931845665,0.001099935034289956
sample_11,10369,13525,64750.0,8393022.5,0.003732097800821066,0.0058511532843112946
sample_11,10369,13526,64755.0,8393022.5,0.006969175301492214,0.007275104057043791
sample_11,10369,13527,64760.0,8393022.5,0.010838082060217857,0.007310809101909399
sample_11,10369,13528,64765.0,8393022.5,0.0017524644499644637,0.00747734634205699
sample_11,10369,13529,64770.0,8393022.5,0.004084380809217691,0.007816214114427567
sample_11,10369,13530,64775.0,8393022.5,0.010790972039103508,0.0045026023872196674
sample_11,10369,13531,64780.0,8393022.5,0.01522170752286911,0.0118199298158288
sample_11,10369,13532,64785.0,8393022.5,0.0071988897398114204,0.0020660865120589733
sample_11,10369,13533,64790.0,8393022.5,0.00993102416396141,0.007968360558152199
sample_11,10369,13534,64795.0,8393022.5,0.006337704602628946,0.0033806259743869305
sample_11,10369,13535,64800.0,8393022.5,0.005440535489469767,0.004253828898072243
sample_11,10369,13536,64805.0,8393022.5,0.012496404349803925,0.003858617041260004
sample_11,10369,13537,64810.0,8393022.5,0.009164427407085896,0.003741780761629343
sample_11,10369,13538,64815.0,8393022.5,0.004617901518940926,0.006001542322337627
sample_11,10369,13539,64820.0,8393022.5,0.0030964561738073826,0.007539173122495413
sample_11,10369,13540,64825.0,8393022.5,5.655292625306174e-05,0.002129320055246353
sample_11,10369,13541,64830.0,8393022.5,0.016174837946891785,0.0024725499097257853
sample_11,10369,13542,64835.0,8393022.5,0.002020019106566906,0.0016005262732505798
sample_11,10369,13543,64840.0,8393022.5,0.008684182539582253,0.010829896666109562
sample_11,10369,13544,64845.0,8393022.5,0.004823045805096626,0.011905122548341751
sample_11,10369,13545,64850.0,8393022.5,0.0017978480318561196,0.006230425089597702
sample_11,10369,13546,64855.0,8393022.5,0.009768414311110973,0.0036722621880471706
sample_11,10369,13547,64860.0,8393022.5,0.005016038194298744,0.004010872449725866
sample_11,10369,13548,64865.0,8393022.5,0.004923168104141951,0.0041060298681259155
sample_11,10369,13549,64870.0,8393022.5,0.019833361729979515,0.01027478463947773
sample_11,10369,13550,64875.0,8393022.5,0.011437219567596912,0.0026871361769735813
sample_11,10369,13551,64880.0,8393022.5,0.004008559510111809,0.010592440143227577
sample_11,10369,13552,64885.0,8393022.5,0.009537404403090477,0.0027285078540444374
sample_11,10369,13553,64890.0,8393022.5,0.01975448802113533,0.009533355012536049
sample_11,10369,13554,64895.0,8393022.5,0.010095302015542984,0.003668948309496045
sample_11,10369,13555,64900.0,8393022.5,0.010716164484620094,0.007741195149719715
sample_11,10369,13556,64905.0,8393022.5,0.004741712007671595,0.004151641391217709
sample_11,10369,13557,64910.0,8393022.5,0.009491411969065666,0.0010036027524620295
sample_11,10369,13558,64915.0,8393022.5,0.000734659843146801,0.0037576770409941673
sample_11,10369,13559,64920.0,8393022.5,0.006639457773417234,0.005675486754626036
sample_11,10369,13560,64925.0,8393022.5,0.004090311471372843,0.004070227965712547
sample_11,10370,13522,64735.0,8393012.5,0.0034240991808474064,0.017792074009776115
sample_11,10370,13523,64740.0,8393012.5,0.004184965044260025,0.004756426438689232
sample_11,10370,13524,64745.0,8393012.5,0.016911175101995468,0.0016015443252399564
sample_11,10370,13525,64750.0,8393012.5,0.008625385351479053,0.0010963133536279202
sample_11,10370,13526,64755.0,8393012.5,0.00607359129935503,0.0011257039150223136
sample_11,10370,13527,64760.0,8393012.5,0.00939283985644579,0.010166876018047333
sample_11,10370,13528,64765.0,8393012.5,0.0009338613599538803,0.007716292515397072
sample_11,10370,13529,64770.0,8393012.5,0.03006662242114544,0.016193218529224396
sample_11,10370,13530,64775.0,8393012.5,0.0031604471150785685,0.013184326700866222
sample_11,10370,13531,64780.0,8393012.5,0.005283999256789684,0.007093111984431744
sample_11,10370,13532,64785.0,8393012.5,0.006668497808277607,0.004502341151237488
sample_11,10370,13533,64790.0,8393012.5,0.0017868885770440102,0.0016311550280079246
sample_11,10370,13534,64795.0,8393012.5,0.012086362577974796,0.002073809504508972
sample_11,10370,13535,64800.0,8393012.5,0.006887497846037149,0.0011635704431682825
sample_11,10370,13536,64805.0,8393012.5,0.009851615875959396,0.0024150600656867027
sample_11,10370,13537,64810.0,8393012.5,0.008102038875222206,0.0009136435110121965
sample_11,10370,13538,64815.0,8393012.5,0.0025088307447731495,0.005123715382069349
sample_11,10370,13539,64820.0,8393012.5,0.007670017424970865,0.008667932823300362
sample_11,10370,13540,64825.0,8393012.5,0.006966371554881334,0.003262733342126012
sample_11,10370,13541,64830.0,8393012.5,0.011116364039480686,0.009305734187364578
sample_11,10370,13542,64835.0,8393012.5,0.015129860490560532,0.00844081025570631
sample_11,10370,13543,64840.0,8393012.5,0.005067410413175821,0.0038578142412006855
sample_11,10370,13544,64845.0,8393012.5,0.008423182182013988,0.002461399184539914
sample_11,10370,13545,64850.0,8393012.5,0.004268556367605925,0.005567148327827454
sample_11,10370,13546,64855.0,8393012.5,0.000427563936682418,0.0032679238356649876
sample_11,10370,13547,64860.0,8393012.5,0.0036020800471305847,0.011223407462239265
sample_11,10370,13548,64865.0,8393012.5,0.0032910285517573357,0.003838214324787259
sample_11,10370,13549,64870.0,8393012.5,0.00852041132748127,0.00425232108682394
sample_11,10370,13550,64875.0,8393012.5,0.004413791932165623,0.005169151816517115
sample_11,10370,13551,64880.0,8393012.5,0.014544514007866383,0.013416308909654617
sample_11,10370,13552,64885.0,8393012.5,0.005560131743550301,0.007482476066797972
sample_11,10370,13553,64890.0,8393012.5,0.012187703512609005,0.002645520493388176
sample_11,10370,13554,64895.0,8393012.5,0.0005647289799526334,0.009200561791658401
sample_11,10370,13555,64900.0,8393012.5,0.0037860795855522156,0.0009286635904572904
sample_11,10370,13556,64905.0,8393012.5,0.014814212918281555,0.0033366915304213762
sample_11,10370,13557,64910.0,8393012.5,0.008395443670451641,0.003926271107047796
sample_11,10370,13558,64915.0,8393012.5,0.0028184824623167515,0.007265149150043726
sample_11,10370,13559,64920.0,8393012.5,0.005982181988656521,0.0010295675601810217
sample_11,10370,13560,64925.0,8393012.5,0.003289216896519065,0.005155661143362522
sample_11,10371,13522,64735.0,8393002.5,0.004316499922424555,0.0044809263199567795
sample_11,10371,13523,64740.0,8393002.5,0.0023129633627831936,0.0015037792036309838
sample_11,10371,13524,64745.0,8393002.5,0.0036563961766660213,0.0014266010839492083
sample_11,10371,13525,64750.0,8393002.5,0.006245159078389406,0.006329013034701347
sample_11,10371,13526,64755.0,8393002.5,0.002163526602089405,0.01157610584050417
sample_11,10371,13527,64760.0,8393002.5,0.008978242054581642,0.012661066837608814
sample_11,10371,13528,64765.0,8393002.5,0.002587048802524805,0.0009438346605747938
sample_11,10371,13529,64770.0,8393002.5,0.00940602645277977,0.0018076403066515923
sample_11,10371,13530,64775.0,8393002.5,0.018448062241077423,0.011627215892076492
sample_11,10371,13531,64780.0,8393002.5,0.016667917370796204,0.003099803812801838
sample_11,10371,13532,64785.0,8393002.5,0.008668119087815285,0.0024608750827610493
sample_11,10371,13533,64790.0,8393002.5,0.0020347852259874344,0.0002888226299546659
sample_11,10371,13534,64795.0,8393002.5,0.004891260992735624,0.0022920449264347553
sample_11,10371,13535,64800.0,8393002.5,0.007508775219321251,0.009243223816156387
sample_11,10371,13536,64805.0,8393002.5,0.011553950607776642,0.003224566113203764
sample_11,10371,13537,64810.0,8393002.5,0.0059299832209944725,0.010908158496022224
sample_11,10371,13538,64815.0,8393002.5,0.007389499805867672,0.012642858549952507
sample_11,10371,13539,64820.0,8393002.5,0.004927523899823427,0.008964670822024345
sample_11,10371,13540,64825.0,8393002.5,0.002504444681107998,0.00683744577690959
sample_11,10371,13541,64830.0,8393002.5,0.006824685726314783,0.0020279171876609325
sample_11,10371,13542,64835.0,8393002.5,0.012550551444292068,0.002035940997302532
sample_11,10371,13543,64840.0,8393002.5,0.004950753413140774,0.0016559205250814557
sample_11,10371,13544,64845.0,8393002.5,0.007563881576061249,0.0030891261994838715
sample_11,10371,13545,64850.0,8393002.5,0.002749490551650524,0.008833719417452812
sample_11,10371,13546,64855.0,8393002.5,0.008474485948681831,0.004669297486543655
sample_11,10371,13547,64860.0,8393002.5,0.008012010715901852,0.00664663827046752
sample_11,10371,13548,64865.0,8393002.5,0.00288028665818274,0.006402177736163139
sample_11,10371,13549,64870.0,8393002.5,0.012418494559824467,0.009052095003426075
sample_11,10371,13550,64875.0,8393002.5,0.011042529717087746,0.0007812683470547199
sample_11,10371,13551,64880.0,8393002.5,0.009993264451622963,0.007880806922912598
sample_11,10371,13552,64885.0,8393002.5,0.0021248674020171165,0.001644823350943625
sample_11,10371,13553,64890.0,8393002.5,0.026014208793640137,0.005394299980252981
sample_11,10371,13554,64895.0,8393002.5,0.0038640764541924,0.003147738054394722
sample_11,10371,13555,64900.0,8393002.5,0.002149753738194704,0.00801258347928524
sample_11,10371,13556,64905.0,8393002.5,0.006106026936322451,0.009383371099829674
sample_11,10371,13557,64910.0,8393002.5,0.00538237439468503,0.0036715432070195675
sample_11,10371,13558,64915.0,8393002.5,0.01129870768636465,0.004293304402381182
sample_11,10371,13559,64920.0,8393002.5,0.009288828819990158,0.01178012415766716
sample_11,10371,13560,64925.0,8393002.5,0.009414833039045334,0.004009562078863382
sample_11,10372,13522,64735.0,8392992.5,0.003697887994349003,0.003382817842066288
sample_11,10372,13523,64740.0,8392992.5,0.014180533587932587,0.0031706043519079685
sample_11,10372,13524,64745.0,8392992.5,0.007511739153414965,0.0006630891002714634
sample_11,10372,13525,64750.0,8392992.5,0.0018726837588474154,0.0013473210856318474
sample_11,10372,13526,64755.0,8392992.5,0.0057264044880867004,0.004378984682261944
sample_11,10372,13527,64760.0,8392992.5,0.005608962383121252,0.004333014599978924
sample_11,10372,13528,64765.0,8392992.5,0.007948793470859528,0.002922972198575735
sample_11,10372,13529,64770.0,8392992.5,0.0036375492345541716,0.0038978029042482376
sample_11,10372,13530,64775.0,8392992.5,0.0011092338245362043,0.00388770317658782
sample_11,10372,13531,64780.0,8392992.5,0.0076774065382778645,0.0022749127820134163
sample_11,10372,13532,64785.0,8392992.5,0.0032023689709603786,0.003379759844392538
sample_11,10372,13533,64790.0,8392992.5,0.006536705419421196,0.00024723305250518024
sample_11,10372,13534,64795.0,8392992.5,0.011188204400241375,0.00046758601092733443
sample_11,10372,13535,64800.0,8392992.5,0.030747750774025917,0.0017742416821420193
sample_11,10372,13536,64805.0,8392992.5,0.0019953849259763956,0.004219129681587219
sample_11,10372,13537,64810.0,8392992.5,0.0033839112147688866,0.003192297648638487
sample_11,10372,13538,64815.0,8392992.5,0.012462010607123375,0.0031867658253759146
sample_11,10372,13539,64820.0,8392992.5,0.0043451255187392235,0.00395817868411541
sample_11,10372,13540,64825.0,8392992.5,0.007384384982287884,0.006566070951521397
sample_11,10372,13541,64830.0,8392992.5,0.005293708760291338,0.010365701280534267
sample_11,10372,13542,64835.0,8392992.5,0.003561716992408037,0.0020255239214748144
sample_11,10372,13543,64840.0,8392992.5,0.008758698590099812,0.0022381246089935303
sample_11,10372,13544,64845.0,8392992.5,0.006105794571340084,0.0032011503353714943
sample_11,10372,13545,64850.0,8392992.5,0.003320015035569668,0.0033639005851000547
sample_11,10372,13546,64855.0,8392992.5,0.0028905002400279045,0.0014641849556937814
sample_11,10372,13547,64860.0,8392992.5,0.005234868265688419,0.009541422128677368
sample_11,10372,13548,64865.0,8392992.5,0.003868434112519026,0.002248021075502038
sample_11,10372,13549,64870.0,8392992.5,0.010405735112726688,0.0024948311038315296
sample_11,10372,13550,64875.0,8392992.5,0.0029039725195616484,0.002397881355136633
sample_11,10372,13551,64880.0,8392992.5,0.0026495272759348154,0.0037680217064917088
sample_11,10372,13552,64885.0,8392992.5,0.002603472676128149,0.0080176442861557
sample_11,10372,13553,64890.0,8392992.5,0.00905759446322918,0.005525659769773483
sample_11,10372,13554,64895.0,8392992.5,0.019567003473639488,0.006829948630183935
sample_11,10372,13555,64900.0,8392992.5,0.010031074285507202,0.006202610209584236
sample_11,10372,13556,64905.0,8392992.5,0.0067422837018966675,0.002863881178200245
sample_11,10372,13557,64910.0,8392992.5,0.008864354342222214,0.002246726769953966
sample_11,10372,13558,64915.0,8392992.5,0.0041433111764490604,0.00010814462439157069
sample_11,10372,13559,64920.0,8392992.5,0.002749392529949546,0.0024151906836777925
sample_11,10372,13560,64925.0,8392992.5,0.008399756625294685,0.0015926960622891784
sample_11,10373,13522,64735.0,8392982.5,0.008059845305979252,0.0038788251113146544
sample_11,10373,13523,64740.0,8392982.5,0.00522858090698719,0.0014611361548304558
sample_11,10373,13524,64745.0,8392982.5,0.011694656684994698,0.0016482588835060596
sample_11,10373,13525,64750.0,8392982.5,0.005600691307336092,0.0013782025780528784
sample_11,10373,13526,64755.0,8392982.5,0.004485325422137976,0.000875346886459738
sample_11,10373,13527,64760.0,8392982.5,0.008494052104651928,0.004230909515172243
sample_11,10373,13528,64765.0,8392982.5,0.010070046409964561,0.002268769545480609
sample_11,10373,13529,64770.0,8392982.5,0.009753754362463951,0.001984961098060012
sample_11,10373,13530,64775.0,8392982.5,0.0005951194325461984,0.0008079893887042999
sample_11,10373,13531,64780.0,8392982.5,0.0014750128611922264,0.0023226100020110607
sample_11,10373,13532,64785.0,8392982.5,0.0040359897539019585,0.01074680034071207
sample_11,10373,13533,64790.0,8392982.5,0.004799523390829563,0.008668674156069756
sample_11,10373,13534,64795.0,8392982.5,0.003169056260958314,0.007232599891722202
sample_11,10373,13535,64800.0,8392982.5,0.010386994108557701,0.0024548920337110758
sample_11,10373,13536,64805.0,8392982.5,0.0033143595792353153,0.005581669043749571
sample_11,10373,13537,64810.0,8392982.5,0.004879471380263567,0.006328552030026913
sample_11,10373,13538,64815.0,8392982.5,0.00897919200360775,0.006611097604036331
sample_11,10373,13539,64820.0,8392982.5,0.010373858734965324,0.0011726373340934515
sample_11,10373,13540,64825.0,8392982.5,0.016620012000203133,0.0022749295458197594
sample_11,10373,13541,64830.0,8392982.5,0.0047206636518239975,0.007510831579566002
sample_11,10373,13542,64835.0,8392982.5,0.003778421552851796,0.013662362471222878
sample_11,10373,13543,64840.0,8392982.5,0.006381058134138584,0.0031452630646526814
sample_11,10373,13544,64845.0,8392982.5,0.02519266866147518,0.00267014023847878
sample_11,10373,13545,64850.0,8392982.5,0.004885735455900431,0.003350993385538459
sample_11,10373,13546,64855.0,8392982.5,0.009776624850928783,0.002739607822149992
sample_11,10373,13547,64860.0,8392982.5,0.007885112427175045,0.0037443938199430704
sample_11,10373,13548,64865.0,8392982.5,0.004761481191962957,0.005125298630446196
sample_11,10373,13549,64870.0,8392982.5,0.0020581576973199844,0.0065040672197937965
sample_11,10373,13550,64875.0,8392982.5,0.006252111401408911,0.0071416934952139854
sample_11,10373,13551,64880.0,8392982.5,0.004470404237508774,0.014087365940213203
sample_11,10373,13552,64885.0,8392982.5,0.00409964332357049,0.005056156311184168
sample_11,10373,13553,64890.0,8392982.5,0.01080107968300581,0.0030754515901207924
sample_11,10373,13554,64895.0,8392982.5,0.00860743410885334,0.0049077970907092094
sample_11,10373,13555,64900.0,8392982.5,0.003345412202179432,0.002980508841574192
sample_11,10373,13556,64905.0,8392982.5,0.009651297703385353,0.008837495930492878
sample_11,10373,13557,64910.0,8392982.5,0.006591880694031715,0.005597967188805342
sample_11,10373,13558,64915.0,8392982.5,0.008189641870558262,0.0055459351278841496
sample_11,10373,13559,64920.0,8392982.5,0.01143984030932188,0.009357316419482231
sample_11,10373,13560,64925.0,8392982.5,0.0028716600500047207,0.010804380290210247
sample_11,10374,13522,64735.0,8392972.5,0.004710909444838762,0.005885283462703228
sample_11,10374,13523,64740.0,8392972.5,0.003734260331839323,0.008303637616336346
sample_11,10374,13524,64745.0,8392972.5,0.0109626529738307,0.0008868049480952322
sample_11,10374,13525,64750.0,8392972.5,0.0037013222463428974,0.005934725049883127
sample_11,10374,13526,64755.0,8392972.5,0.005128046032041311,0.005916072987020016
sample_11,10374,13527,64760.0,8392972.5,0.004469587001949549,0.009799380786716938
sample_11,10374,13528,64765.0,8392972.5,0.007069273851811886,0.011014281772077084
sample_11,10374,13529,64770.0,8392972.5,0.007342355325818062,0.005800510756671429
sample_11,10374,13530,64775.0,8392972.5,0.0018003429286181927,0.001582097029313445
sample_11,10374,13531,64780.0,8392972.5,0.0024854158982634544,0.0032796186860650778
sample_11,10374,13532,64785.0,8392972.5,0.004008491523563862,0.0015065050683915615
sample_11,10374,13533,64790.0,8392972.5,0.017603065818548203,0.0055533163249492645
sample_11,10374,13534,64795.0,8392972.5,0.004011445213109255,0.002412335015833378
sample_11,10374,13535,64800.0,8392972.5,0.0054704840295016766,0.002553473226726055
sample_11,10374,13536,64805.0,8392972.5,0.01839379593729973,0.0028174673207104206
sample_11,10374,13537,64810.0,8392972.5,0.0035409254487603903,0.002194476779550314
sample_11,10374,13538,64815.0,8392972.5,0.0008132397197186947,0.005685742013156414
sample_11,10374,13539,64820.0,8392972.5,0.008541025221347809,0.0013452420243993402
sample_11,10374,13540,64825.0,8392972.5,0.015665560960769653,0.002649922389537096
sample_11,10374,13541,64830.0,8392972.5,0.004791928455233574,0.007141723297536373
sample_11,10374,13542,64835.0,8392972.5,0.001577925169840455,0.00809773150831461
sample_11,10374,13543,64840.0,8392972.5,0.00418971199542284,0.0035253632813692093
sample_11,10374,13544,64845.0,8392972.5,0.011476291343569756,0.003334897570312023
sample_11,10374,13545,64850.0,8392972.5,0.0003535263822413981,0.002829832024872303
sample_11,10374,13546,64855.0,8392972.5,0.00411971565335989,0.006692833732813597
sample_11,10374,13547,64860.0,8392972.5,0.013100903481245041,0.0020228903740644455
sample_11,10374,13548,64865.0,8392972.5,0.00521446019411087,0.002015703124925494
sample_11,10374,13549,64870.0,8392972.5,0.006474414840340614,0.007735339924693108
sample_11,10374,13550,64875.0,8392972.5,0.00206639152020216,0.0017383472295477986
sample_11,10374,13551,64880.0,8392972.5,0.0063420990481972694,0.0026537738740444183
sample_11,10374,13552,64885.0,8392972.5,0.0057626813650131226,0.0037880358286201954
sample_11,10374,13553,64890.0,8392972.5,0.02700887992978096,0.0029820979107171297
sample_11,10374,13554,64895.0,8392972.5,0.00434282748028636,0.0023272777907550335
sample_11,10374,13555,64900.0,8392972.5,0.011981943622231483,0.007411413360387087
sample_11,10374,13556,64905.0,8392972.5,0.007773233577609062,0.010217776522040367
sample_11,10374,13557,64910.0,8392972.5,0.0038151941262185574,0.006556461565196514
sample_11,10374,13558,64915.0,8392972.5,0.01495409570634365,0.00693962536752224
sample_11,10374,13559,64920.0,8392972.5,0.007650317624211311,0.00044768882798962295
sample_11,10374,13560,64925.0,8392972.5,0.007470874115824699,0.009348640218377113
sample_11,10375,13522,64735.0,8392962.5,0.012976057827472687,0.003857004689052701
sample_11,10375,13523,64740.0,8392962.5,0.010755838826298714,0.0006246075499802828
sample_11,10375,13524,64745.0,8392962.5,0.003559967502951622,0.010432224720716476
sample_11,10375,13525,64750.0,8392962.5,0.007164929062128067,0.0007180284010246396
sample_11,10375,13526,64755.0,8392962.5,0.016522150486707687,0.00854459684342146
sample_11,10375,13527,64760.0,8392962.5,0.011210648342967033,0.003934885840862989
sample_11,10375,13528,64765.0,8392962.5,0.00674404576420784,0.0015261597000062466
sample_11,10375,13529,64770.0,8392962.5,0.0029803263023495674,0.0028240191750228405
sample_11,10375,13530,64775.0,8392962.5,0.008660126477479935,0.007004983723163605
sample_11,10375,13531,64780.0,8392962.5,0.008493316359817982,0.0019136399496346712
sample_11,10375,13532,64785.0,8392962.5,0.013068626634776592,0.00661738496273756
sample_11,10375,13533,64790.0,8392962.5,0.018612133339047432,0.012350939214229584
sample_11,10375,13534,64795.0,8392962.5,0.005183689296245575,0.0072274343110620975
sample_11,10375,13535,64800.0,8392962.5,0.0016859567258507013,0.0016359480796381831
sample_11,10375,13536,64805.0,8392962.5,0.007291920017451048,0.00027364009292796254
sample_11,10375,13537,64810.0,8392962.5,0.0016990713775157928,0.0017225114861503243
sample_11,10375,13538,64815.0,8392962.5,0.005497106816619635,0.003203087719157338
sample_11,10375,13539,64820.0,8392962.5,0.009805776178836823,0.0027901867870241404
sample_11,10375,13540,64825.0,8392962.5,0.014010411687195301,0.005896422080695629
sample_11,10375,13541,64830.0,8392962.5,0.013293592259287834,0.014277864247560501
sample_11,10375,13542,64835.0,8392962.5,0.00872365664690733,0.004204567987471819
sample_11,10375,13543,64840.0,8392962.5,0.008866023272275925,0.000892703072167933
sample_11,10375,13544,64845.0,8392962.5,0.00887520331889391,0.005392325110733509
sample_11,10375,13545,64850.0,8392962.5,0.01943254843354225,0.007482620421797037
sample_11,10375,13546,64855.0,8392962.5,0.024621911346912384,0.005552732385694981
sample_11,10375,13547,64860.0,8392962.5,0.013087544590234756,0.0017946823500096798
sample_11,10375,13548,64865.0,8392962.5,0.007578195538371801,0.005822210572659969
sample_11,10375,13549,64870.0,8392962.5,0.0027836598455905914,0.009057858027517796
sample_11,10375,13550,64875.0,8392962.5,0.008561783470213413,0.0011593563249334693
sample_11,10375,13551,64880.0,8392962.5,0.0023501168470829725,0.007146634627133608
sample_11,10375,13552,64885.0,8392962.5,0.006743976380676031,0.0007362757460214198
sample_11,10375,13553,64890.0,8392962.5,0.010036775842308998,0.0012912292731925845
sample_11,10375,13554,64895.0,8392962.5,0.0032213330268859863,0.0059523805975914
sample_11,10375,13555,64900.0,8392962.5,0.005362406373023987,0.0024332497268915176
sample_11,10375,13556,64905.0,8392962.5,0.001976643456146121,0.00918620079755783
sample_11,10375,13557,64910.0,8392962.5,0.002360858954489231,0.0038415854796767235
sample_11,10375,13558,64915.0,8392962.5,0.012485731393098831,0.009574834257364273
sample_11,10375,13559,64920.0,8392962.5,0.011420164257287979,0.007322394754737616
sample_11,10375,13560,64925.0,8392962.5,0.004045043606311083,0.003554297611117363
sample_11,10376,13522,64735.0,8392952.5,0.004565773531794548,0.005309701897203922
sample_11,10376,13523,64740.0,8392952.5,0.00712384469807148,0.0033043185248970985
sample_11,10376,13524,64745.0,8392952.5,0.0005205564084462821,0.006361647509038448
sample_11,10376,13525,64750.0,8392952.5,0.018119268119335175,0.002448061481118202
sample_11,10376,13526,64755.0,8392952.5,0.002600176725536585,0.0018190585542470217
sample_11,10376,13527,64760.0,8392952.5,0.0035441790241748095,0.00789528340101242
sample_11,10376,13528,64765.0,8392952.5,0.011828259564936161,0.0033461828716099262
sample_11,10376,13529,64770.0,8392952.5,0.0029658698476850986,0.0006178703624755144
sample_11,10376,13530,64775.0,8392952.5,0.020447243005037308,0.0063635618425905704
sample_11,10376,13531,64780.0,8392952.5,0.018083710223436356,0.0022376300767064095
sample_11,10376,13532,64785.0,8392952.5,0.007158593740314245,0.01264195516705513
sample_11,10376,13533,64790.0,8392952.5,0.009953510947525501,0.0029067208524793386
sample_11,10376,13534,64795.0,8392952.5,0.005843153223395348,0.0012519059237092733
sample_11,10376,13535,64800.0,8392952.5,0.0072067612782120705,0.005020006559789181
sample_11,10376,13536,64805.0,8392952.5,0.013570607639849186,0.002017512684687972
sample_11,10376,13537,64810.0,8392952.5,0.0015252961311489344,0.0024520154111087322
sample_11,10376,13538,64815.0,8392952.5,0.01343927439302206,0.002480501774698496
sample_11,10376,13539,64820.0,8392952.5,0.007688262965530157,0.010790773667395115
sample_11,10376,13540,64825.0,8392952.5,0.003364733885973692,0.004015281796455383
sample_11,10376,13541,64830.0,8392952.5,0.005891746841371059,0.00048416887875646353
sample_11,10376,13542,64835.0,8392952.5,0.005042263772338629,0.007628430612385273
sample_11,10376,13543,64840.0,8392952.5,0.008062215521931648,0.001632435480132699
sample_11,10376,13544,64845.0,8392952.5,0.007290648762136698,0.009203224442899227
sample_11,10376,13545,64850.0,8392952.5,0.012238617986440659,0.018916375935077667
sample_11,10376,13546,64855.0,8392952.5,0.0072656311094760895,0.007109658792614937
sample_11,10376,13547,64860.0,8392952.5,0.0015347719890996814,0.003646561875939369
sample_11,10376,13548,64865.0,8392952.5,0.010602882131934166,0.0016322819283232093
sample_11,10376,13549,64870.0,8392952.5,0.02364693209528923,0.0019230506150051951
sample_11,10376,13550,64875.0,8392952.5,0.0038045309484004974,0.006489777006208897
sample_11,10376,13551,64880.0,8392952.5,0.006547875702381134,0.011056703515350819
sample_11,10376,13552,64885.0,8392952.5,0.0033708903938531876,0.002207027515396476
sample_11,10376,13553,64890.0,8392952.5,0.012015460059046745,0.0029966100119054317
sample_11,10376,13554,64895.0,8392952.5,0.012785442173480988,0.002658272860571742
sample_11,10376,13555,64900.0,8392952.5,0.013331987895071507,0.010491601191461086
sample_11,10376,13556,64905.0,8392952.5,0.006641091778874397,0.001168128801509738
sample_11,10376,13557,64910.0,8392952.5,0.007178080268204212,0.002987814135849476
sample_11,10376,13558,64915.0,8392952.5,0.02811995893716812,0.002382230944931507
sample_11,10376,13559,64920.0,8392952.5,0.006000944413244724,0.0017016062047332525
sample_11,10376,13560,64925.0,8392952.5,0.010977182537317276,0.005881810560822487
sample_11,10377,13522,64735.0,8392942.5,0.014664027839899063,0.0033489896450191736
sample_11,10377,13523,64740.0,8392942.5,0.007274928968399763,0.005008995998650789
sample_11,10377,13524,64745.0,8392942.5,0.02227141708135605,0.0028682418633252382
sample_11,10377,13525,64750.0,8392942.5,0.004317493177950382,0.004519112408161163
sample_11,10377,13526,64755.0,8392942.5,0.013968103565275669,0.003826700383797288
sample_11,10377,13527,64760.0,8392942.5,0.01753311976790428,0.003757924772799015
sample_11,10377,13528,64765.0,8392942.5,0.00978035293519497,0.006904824636876583
sample_11,10377,13529,64770.0,8392942.5,0.007669252809137106,0.0022478459868580103
sample_11,10377,13530,64775.0,8392942.5,0.0014589183265343308,0.00047887652181088924
sample_11,10377,13531,64780.0,8392942.5,0.019967827945947647,0.006152057554572821
sample_11,10377,13532,64785.0,8392942.5,0.005023898556828499,0.00539745157584548
sample_11,10377,13533,64790.0,8392942.5,0.007601587101817131,0.004148063715547323
sample_11,10377,13534,64795.0,8392942.5,0.005737398285418749,0.001402456546202302
sample_11,10377,13535,64800.0,8392942.5,0.006657647434622049,0.004785246215760708
sample_11,10377,13536,64805.0,8392942.5,0.0025163055397570133,0.0019116171170026064
sample_11,10377,13537,64810.0,8392942.5,0.006817779503762722,0.002539300825446844
sample_11,10377,13538,64815.0,8392942.5,0.008578045293688774,0.0009696587221696973
sample_11,10377,13539,64820.0,8392942.5,0.013884184882044792,0.00478336913511157
sample_11,10377,13540,64825.0,8392942.5,0.0008047230076044798,0.007023144513368607
sample_11,10377,13541,64830.0,8392942.5,0.0041495803743600845,0.00605440279468894
sample_11,10377,13542,64835.0,8392942.5,0.018621226772665977,0.0023520446848124266
sample_11,10377,13543,64840.0,8392942.5,0.0012808907777071,0.006246866192668676
sample_11,10377,13544,64845.0,8392942.5,0.0034563615918159485,0.007926631718873978
sample_11,10377,13545,64850.0,8392942.5,0.011663926765322685,0.002331362571567297
sample_11,10377,13546,64855.0,8392942.5,0.009821057319641113,0.002871578326448798
sample_11,10377,13547,64860.0,8392942.5,0.0021016921382397413,0.003561353776603937
sample_11,10377,13548,64865.0,8392942.5,0.007745946757495403,0.008304329589009285
sample_11,10377,13549,64870.0,8392942.5,0.0035855588503181934,0.007898379117250443
sample_11,10377,13550,64875.0,8392942.5,0.013127493672072887,0.00658155232667923
sample_11,10377,13551,64880.0,8392942.5,0.007642339915037155,0.0035413368605077267
sample_11,10377,13552,64885.0,8392942.5,0.0050042783841490746,0.0039055030792951584
sample_11,10377,13553,64890.0,8392942.5,0.0067241862416267395,0.006565356161445379
sample_11,10377,13554,64895.0,8392942.5,0.004512959159910679,0.0045509967021644115
sample_11,10377,13555,64900.0,8392942.5,0.003165343077853322,0.0027145640924572945
sample_11,10377,13556,64905.0,8392942.5,0.009785094298422337,0.005258849821984768
sample_11,10377,13557,64910.0,8392942.5,0.010842924006283283,0.0006983811035752296
sample_11,10377,13558,64915.0,8392942.5,0.0017525309231132269,0.0008173402165994048
sample_11,10377,13559,64920.0,8392942.5,0.008335892111063004,0.0016281378921121359
sample_11,10377,13560,64925.0,8392942.5,0.004055719822645187,0.0009800252737477422
sample_12,13982,40336,198805.0,8356892.5,0.031158728525042534,0.0015244251117110252
sample_12,13982,40337,198810.0,8356892.5,0.018208935856819153,0.0003103984927292913
sample_12,13982,40338,198815.0,8356892.5,0.0014736780431121588,0.004120753612369299
sample_12,13982,40339,198820.0,8356892.5,0.013200638815760612,0.0015085629420354962
sample_12,13982,40340,198825.0,8356892.5,0.016905652359128,0.006192670203745365
sample_12,13982,40341,198830.0,8356892.5,0.0019417358562350273,0.005206522531807423
sample_12,13982,40342,198835.0,8356892.5,0.009551653638482094,0.005271675065159798
sample_12,13982,40343,198840.0,8356892.5,0.019280482083559036,0.005416033789515495
sample_12,13982,40344,198845.0,8356892.5,0.014705453999340534,0.00529823824763298
sample_12,13982,40345,198850.0,8356892.5,0.05049540102481842,0.004296150524169207
sample_12,13982,40346,198855.0,8356892.5,0.019337214529514313,0.0014892179751768708
sample_12,13982,40347,198860.0,8356892.5,0.007642855867743492,0.010621841996908188
sample_12,13982,40348,198865.0,8356892.5,0.005176570266485214,0.010816325433552265
sample_12,13982,40349,198870.0,8356892.5,0.016144774854183197,0.006339556071907282
sample_12,13982,40350,198875.0,8356892.5,0.011246010661125183,0.0018833923386409879
sample_12,13982,40351,198880.0,8356892.5,0.005236480385065079,0.000838652194943279
sample_12,13982,40352,198885.0,8356892.5,0.024226780980825424,0.004553429316729307
sample_12,13982,40353,198890.0,8356892.5,0.03841690719127655,0.0052706217393279076
sample_12,13982,40354,198895.0,8356892.5,0.021440599113702774,0.0021929095964878798
sample_12,13982,40355,198900.0,8356892.5,0.017063956707715988,0.004818259738385677
sample_12,13982,40356,198905.0,8356892.5,0.012575659900903702,0.004405885934829712
sample_12,13982,40357,198910.0,8356892.5,0.0031059617176651955,0.004121539648622274
sample_12,13982,40358,198915.0,8356892.5,0.02409154176712036,0.0014217643765732646
sample_12,13982,40359,198920.0,8356892.5,0.05194941163063049,0.004093932919204235
sample_12,13982,40360,198925.0,8356892.5,0.021580062806606293,0.0006569959223270416
sample_12,13982,40361,198930.0,8356892.5,0.018314216285943985,0.0020829292479902506
sample_12,13982,40362,198935.0,8356892.5,0.009313290938735008,0.0005959520931355655
sample_12,13982,40363,198940.0,8356892.5,0.005332729779183865,0.0057930052280426025
sample_12,13982,40364,198945.0,8356892.5,0.011221843771636486,0.0005949047626927495
sample_12,13982,40365,198950.0,8356892.5,0.00021566789655480534,0.004984087310731411
sample_12,13982,40366,198955.0,8356892.5,0.02360808476805687,0.009594511240720749
sample_12,13982,40367,198960.0,8356892.5,0.006472517270594835,0.008195261470973492
sample_12,13982,40368,198965.0,8356892.5,0.018198302015662193,0.013448161073029041
sample_12,13982,40369,198970.0,8356892.5,0.02941785752773285,0.00654883636161685
sample_12,13982,40370,198975.0,8356892.5,0.011034462600946426,0.0038968808948993683
sample_12,13982,40371,198980.0,8356892.5,0.013376129791140556,0.00234088022261858
sample_12,13982,40372,198985.0,8356892.5,0.020137427374720573,0.0063302284106612206
sample_12,13982,40373,198990.0,8356892.5,0.010903304442763329,0.004093663301318884
sample_12,13982,40374,198995.0,8356892.5,0.009821034967899323,0.00670624291524291
sample_12,13983,40337,198810.0,8356882.5,0.012179771438241005,0.014134503901004791
sample_12,13983,40338,198815.0,8356882.5,0.017839465290308,0.00033199795871041715
sample_12,13983,40339,198820.0,8356882.5,0.004622329957783222,0.012768706306815147
sample_12,13983,40340,198825.0,8356882.5,0.009688235819339752,0.001736057223752141
sample_12,13983,40341,198830.0,8356882.5,0.015345311723649502,0.0049748774617910385
sample_12,13983,40342,198835.0,8356882.5,0.014198017306625843,0.007161862216889858
sample_12,13983,40343,198840.0,8356882.5,0.05611162632703781,0.0025268851313740015
sample_12,13983,40344,198845.0,8356882.5,0.028636973351240158,0.0016864894423633814
sample_12,13983,40345,198850.0,8356882.5,0.03784721717238426,0.0030623190104961395
sample_12,13983,40346,198855.0,8356882.5,0.014300806447863579,0.009578519500792027
sample_12,13983,40347,198860.0,8356882.5,0.013968158513307571,0.008845942094922066
sample_12,13983,40348,198865.0,8356882.5,0.02466251328587532,0.014146463014185429
sample_12,13983,40349,198870.0,8356882.5,0.01042192243039608,0.0010240350384265184
sample_12,13983,40350,198875.0,8356882.5,0.011590664274990559,0.0033459297847002745
sample_12,13983,40351,198880.0,8356882.5,0.007660279516130686,0.0016640784451738
sample_12,13983,40352,198885.0,8356882.5,0.027095086872577667,0.001475878874771297
sample_12,13983,40353,198890.0,8356882.5,0.0016640725079923868,0.005718791391700506
sample_12,13983,40354,198895.0,8356882.5,0.005625351332128048,0.0018373476341366768
sample_12,13983,40355,198900.0,8356882.5,0.006417866796255112,0.0018918105633929372
sample_12,13983,40356,198905.0,8356882.5,0.01051579974591732,0.007167967967689037
sample_12,13983,40357,198910.0,8356882.5,0.014981814660131931,0.003087350632995367
sample_12,13983,40358,198915.0,8356882.5,0.01687268540263176,0.005572193302214146
sample_12,13983,40359,198920.0,8356882.5,0.003917866852134466,0.005154747981578112
sample_12,13983,40360,198925.0,8356882.5,0.017953332513570786,0.003064345568418503
sample_12,13983,40361,198930.0,8356882.5,0.010071055963635445,0.0029297908768057823
sample_12,13983,40362,198935.0,8356882.5,0.010577457025647163,0.0008820283110253513
sample_12,13983,40363,198940.0,8356882.5,0.01964881271123886,0.006039134692400694
sample_12,13983,40364,198945.0,8356882.5,0.04074934870004654,0.00792541354894638
sample_12,13983,40365,198950.0,8356882.5,0.008465806022286415,0.017551574856042862
sample_12,13983,40366,198955.0,8356882.5,0.048876065760850906,0.006263623479753733
sample_12,13983,40367,198960.0,8356882.5,0.0024986513890326023,0.001309167593717575
sample_12,13983,40368,198965.0,8356882.5,0.016530737280845642,0.0028656739741563797
sample_12,13983,40369,198970.0,8356882.5,0.016587797552347183,0.0009712498285807669
sample_12,13983,40370,198975.0,8356882.5,0.022967275232076645,0.0038907602429389954
sample_12,13983,40371,198980.0,8356882.5,0.015102185308933258,0.003181957872584462
sample_12,13983,40372,198985.0,8356882.5,0.015886202454566956,0.0023037416394799948
sample_12,13983,40373,198990.0,8356882.5,0.010278942994773388,0.0013687957543879747
sample_12,13983,40374,198995.0,8356882.5,0.018362127244472504,0.0024965957272797823
sample_12,13984,40337,198810.0,8356872.5,0.004985565785318613,0.0010861585615202785
sample_12,13984,40338,198815.0,8356872.5,0.013950331136584282,0.004422644153237343
sample_12,13984,40339,198820.0,8356872.5,0.01729516312479973,0.011215447448194027
sample_12,13984,40340,198825.0,8356872.5,0.01876417174935341,0.00803341343998909
sample_12,13984,40341,198830.0,8356872.5,0.02568509802222252,0.0013671700144186616
sample_12,13984,40342,198835.0,8356872.5,0.0009529611561447382,0.0013114542234688997
sample_12,13984,40343,198840.0,8356872.5,0.016336428001523018,0.003373827086761594
sample_12,13984,40344,198845.0,8356872.5,0.014517263509333134,0.0024257712066173553
sample_12,13984,40345,198850.0,8356872.5,0.025444351136684418,0.0017156718531623483
sample_12,13984,40346,198855.0,8356872.5,0.01073150709271431,0.003947063349187374
sample_12,13984,40347,198860.0,8356872.5,0.004895064979791641,0.012428590096533298
sample_12,13984,40348,198865.0,8356872.5,0.004377701319754124,0.00090631382772699
sample_12,13984,40349,198870.0,8356872.5,0.00760676059871912,0.011098280549049377
sample_12,13984,40350,198875.0,8356872.5,0.022277995944023132,0.0007688139448873699
sample_12,13984,40351,198880.0,8356872.5,0.016872093081474304,0.0018088697688654065
sample_12,13984,40352,198885.0,8356872.5,0.027809329330921173,0.004150408320128918
sample_12,13984,40353,198890.0,8356872.5,0.006392091978341341,0.005244278348982334
sample_12,13984,40354,198895.0,8356872.5,0.010376980528235435,0.002312110736966133
sample_12,13984,40355,198900.0,8356872.5,0.00708664208650589,0.005964748561382294
sample_12,13984,40356,198905.0,8356872.5,0.007201564963907003,0.0056435842998325825
sample_12,13984,40357,198910.0,8356872.5,0.02485097385942936,0.006085165776312351
sample_12,13984,40358,198915.0,8356872.5,0.01391037181019783,0.003196519101038575
sample_12,13984,40359,198920.0,8356872.5,0.006841994822025299,0.0020933975465595722
sample_12,13984,40360,198925.0,8356872.5,0.012996750883758068,0.002541341120377183
sample_12,13984,40361,198930.0,8356872.5,0.016481958329677582,0.001079157693311572
sample_12,13984,40362,198935.0,8356872.5,0.014819675125181675,0.0016525547252967954
sample_12,13984,40363,198940.0,8356872.5,0.0029789956752210855,0.0012482482707127929
sample_12,13984,40364,198945.0,8356872.5,0.02002062276005745,0.003980646375566721
sample_12,13984,40365,198950.0,8356872.5,0.01580592431128025,0.0011077416129410267
sample_12,13984,40366,198955.0,8356872.5,0.03702836111187935,0.001929915277287364
sample_12,13984,40367,198960.0,8356872.5,0.017595119774341583,0.004587654490023851
sample_12,13984,40368,198965.0,8356872.5,0.020865287631750107,0.010986403562128544
sample_12,13984,40369,198970.0,8356872.5,0.012667026370763779,0.0054026939906179905
sample_12,13984,40370,198975.0,8356872.5,0.022103697061538696,0.0011956255184486508
sample_12,13984,40371,198980.0,8356872.5,0.02004966512322426,0.004218212328851223
sample_12,13984,40372,198985.0,8356872.5,0.009883834049105644,0.009119512513279915
sample_12,13984,40373,198990.0,8356872.5,0.02094680443406105,0.002582627348601818
sample_12,13984,40374,198995.0,8356872.5,0.02265191823244095,0.008699211291968822
sample_12,13985,40337,198810.0,8356862.5,0.02049439400434494,0.0010329238139092922
sample_12,13985,40338,198815.0,8356862.5,0.006963624618947506,0.0024663039948791265
sample_12,13985,40339,198820.0,8356862.5,0.021355314180254936,0.0048942482098937035
sample_12,13985,40340,198825.0,8356862.5,0.00550213735550642,0.002328702248632908
sample_12,13985,40341,198830.0,8356862.5,0.01334416028112173,0.0049692178145051
sample_12,13985,40342,198835.0,8356862.5,0.005320749711245298,0.003999747335910797
sample_12,13985,40343,198840.0,8356862.5,0.004731975495815277,0.0125105120241642
sample_12,13985,40344,198845.0,8356862.5,0.019408434629440308,0.009440438821911812
sample_12,13985,40345,198850.0,8356862.5,0.027149638161063194,0.005943195894360542
sample_12,13985,40346,198855.0,8356862.5,0.013656025752425194,0.006475663278251886
sample_12,13985,40347,198860.0,8356862.5,0.008670239709317684,0.007776178419589996
sample_12,13985,40348,198865.0,8356862.5,0.008699318394064903,0.004984195809811354
sample_12,13985,40349,198870.0,8356862.5,0.013030027039349079,0.0036334237083792686
sample_12,13985,40350,198875.0,8356862.5,0.020935866981744766,0.003539870260283351
sample_12,13985,40351,198880.0,8356862.5,0.012213975191116333,0.007793869823217392
sample_12,13985,40352,198885.0,8356862.5,0.007596318144351244,0.0017989497864618897
sample_12,13985,40353,198890.0,8356862.5,0.010866341181099415,0.005063020158559084
sample_12,13985,40354,198895.0,8356862.5,0.007513667922466993,0.0024117780849337578
sample_12,13985,40355,198900.0,8356862.5,0.0025286118034273386,0.0019467283273115754
sample_12,13985,40356,198905.0,8356862.5,0.014475688338279724,0.0025071774143725634
sample_12,13985,40357,198910.0,8356862.5,0.011873040348291397,0.0058365678414702415
sample_12,13985,40358,198915.0,8356862.5,0.012838893570005894,0.004813131410628557
sample_12,13985,40359,198920.0,8356862.5,0.01520979218184948,0.007150884717702866
sample_12,13985,40360,198925.0,8356862.5,0.049744315445423126,0.006317031569778919
sample_12,13985,40361,198930.0,8356862.5,0.04344120994210243,0.009224245324730873
sample_12,13985,40362,198935.0,8356862.5,0.011569015681743622,0.0013079376658424735
sample_12,13985,40363,198940.0,8356862.5,0.014929123222827911,0.007846874184906483
sample_12,13985,40364,198945.0,8356862.5,0.019072262570261955,0.005788682959973812
sample_12,13985,40365,198950.0,8356862.5,0.0334308035671711,0.007371782325208187
sample_12,13985,40366,198955.0,8356862.5,0.002907114801928401,0.007815402001142502
sample_12,13985,40367,198960.0,8356862.5,0.009274989366531372,0.01664905808866024
sample_12,13985,40368,198965.0,8356862.5,0.0027943705208599567,0.008224920369684696
sample_12,13985,40369,198970.0,8356862.5,0.006613716017454863,0.004491154104471207
sample_12,13985,40370,198975.0,8356862.5,0.013029804453253746,0.0024858606047928333
sample_12,13985,40371,198980.0,8356862.5,0.016691066324710846,0.003025968326255679
sample_12,13985,40372,198985.0,8356862.5,0.0020687817595899105,0.010479483753442764
sample_12,13985,40373,198990.0,8356862.5,0.028657102957367897,0.009049228392541409
sample_12,13985,40374,198995.0,8356862.5,0.007175894919782877,0.010836642235517502
sample_12,13985,40375,199000.0,8356862.5,0.02384893409907818,0.0027799070812761784
sample_12,13986,40337,198810.0,8356852.5,0.00459421519190073,0.0019432537956163287
sample_12,13986,40338,198815.0,8356852.5,0.004829059820622206,0.012027371674776077
sample_12,13986,40339,198820.0,8356852.5,0.009186675772070885,0.010017975233495235
sample_12,13986,40340,198825.0,8356852.5,0.02164921723306179,0.001746210502460599
sample_12,13986,40341,198830.0,8356852.5,0.015647148713469505,0.004289963282644749
sample_12,13986,40342,198835.0,8356852.5,0.0022841605823487043,0.005067147314548492
sample_12,13986,40343,198840.0,8356852.5,0.010240120813250542,0.003256377298384905
sample_12,13986,40344,198845.0,8356852.5,0.031061086803674698,0.003395331557840109
sample_12,13986,40345,198850.0,8356852.5,0.029171384871006012,0.0036399329546839
sample_12,13986,40346,198855.0,8356852.5,0.009899958036839962,0.004087215755134821
sample_12,13986,40347,198860.0,8356852.5,0.01585998386144638,0.004554226063191891
sample_12,13986,40348,198865.0,8356852.5,0.009889679960906506,0.0013327253982424736
sample_12,13986,40349,198870.0,8356852.5,0.01337871327996254,0.009297545999288559
sample_12,13986,40350,198875.0,8356852.5,0.012743164785206318,0.01565004512667656
sample_12,13986,40351,198880.0,8356852.5,0.03557287156581879,0.012683600187301636
sample_12,13986,40352,198885.0,8356852.5,0.03369390219449997,0.00305734109133482
sample_12,13986,40353,198890.0,8356852.5,0.002899880986660719,0.00296060461550951
sample_12,13986,40354,198895.0,8356852.5,0.012074257247149944,0.002846664749085903
sample_12,13986,40355,198900.0,8356852.5,0.013754925690591335,0.0024977887514978647
sample_12,13986,40356,198905.0,8356852.5,0.0052223470993340015,0.005578869022428989
sample_12,13986,40357,198910.0,8356852.5,0.0030710939317941666,0.006299641914665699
sample_12,13986,40358,198915.0,8356852.5,0.013146154582500458,0.014993191696703434
sample_12,13986,40359,198920.0,8356852.5,0.02073099836707115,0.006056383717805147
sample_12,13986,40360,198925.0,8356852.5,0.010157783515751362,0.0013979708310216665
sample_12,13986,40361,198930.0,8356852.5,0.01478397287428379,0.0021049627102911472
sample_12,13986,40362,198935.0,8356852.5,0.010507729835808277,0.009702823124825954
sample_12,13986,40363,198940.0,8356852.5,0.019410036504268646,0.00666416110470891
sample_12,13986,40364,198945.0,8356852.5,0.023144010454416275,0.001884103287011385
sample_12,13986,40365,198950.0,8356852.5,0.04043375700712204,0.005274249240756035
sample_12,13986,40366,198955.0,8356852.5,0.0207093246281147,0.008122287690639496
sample_12,13986,40367,198960.0,8356852.5,0.026542557403445244,0.00715005025267601
sample_12,13986,40368,198965.0,8356852.5,0.038500115275382996,0.004684816114604473
sample_12,13986,40369,198970.0,8356852.5,0.02100345306098461,0.0023646997287869453
sample_12,13986,40370,198975.0,8356852.5,0.01265658438205719,0.004216932691633701
sample_12,13986,40371,198980.0,8356852.5,0.015902016311883926,0.007489915471524
sample_12,13986,40372,198985.0,8356852.5,0.01623230054974556,0.004264520015567541
sample_12,13986,40373,198990.0,8356852.5,0.014745145104825497,0.003910360857844353
sample_12,13986,40374,198995.0,8356852.5,0.005534838885068893,0.0009894078830257058
sample_12,13986,40375,199000.0,8356852.5,0.03342593088746071,0.003781703067943454
sample_12,13987,40337,198810.0,8356842.5,0.015310287475585938,0.006534842774271965
sample_12,13987,40338,198815.0,8356842.5,0.011962251737713814,0.009624102152884007
sample_12,13987,40339,198820.0,8356842.5,0.0067881322465837,0.006971569266170263
sample_12,13987,40340,198825.0,8356842.5,0.013305346481502056,0.00258953426964581
sample_12,13987,40341,198830.0,8356842.5,0.00508157629519701,0.0030328857246786356
sample_12,13987,40342,198835.0,8356842.5,0.005539628677070141,0.0011709068203344941
sample_12,13987,40343,198840.0,8356842.5,0.012125941924750805,0.004552135709673166
sample_12,13987,40344,198845.0,8356842.5,0.006397855002433062,0.0023893914185464382
sample_12,13987,40345,198850.0,8356842.5,0.013610846363008022,0.0007326207123696804
sample_12,13987,40346,198855.0,8356842.5,0.004217314533889294,0.00807340070605278
sample_12,13987,40347,198860.0,8356842.5,0.008438700810074806,0.0035605307202786207
sample_12,13987,40348,198865.0,8356842.5,0.030691377818584442,0.00592382624745369
sample_12,13987,40349,198870.0,8356842.5,0.016515780240297318,0.0016878906171768904
sample_12,13987,40350,198875.0,8356842.5,0.03747587651014328,0.0038111608009785414
sample_12,13987,40351,198880.0,8356842.5,0.010980848222970963,0.00459520285949111
sample_12,13987,40352,198885.0,8356842.5,0.004280121065676212,0.007602390833199024
sample_12,13987,40353,198890.0,8356842.5,0.012048531323671341,0.005171643570065498
sample_12,13987,40354,198895.0,8356842.5,0.012868487276136875,0.004340026993304491
sample_12,13987,40355,198900.0,8356842.5,0.009942570701241493,0.0009778920793905854
sample_12,13987,40356,198905.0,8356842.5,0.018400998786091805,0.0014606917975470424
sample_12,13987,40357,198910.0,8356842.5,0.007823931984603405,0.0061085098423063755
sample_12,13987,40358,198915.0,8356842.5,0.01815018616616726,0.0011060925899073482
sample_12,13987,40359,198920.0,8356842.5,0.018650291487574577,0.005314408801496029
sample_12,13987,40360,198925.0,8356842.5,0.014283761382102966,0.005116456653922796
sample_12,13987,40361,198930.0,8356842.5,0.011303752660751343,0.003232349641621113
sample_12,13987,40362,198935.0,8356842.5,0.0020601507276296616,0.007673601619899273
sample_12,13987,40363,198940.0,8356842.5,0.015848403796553612,0.007025046274065971
sample_12,13987,40364,198945.0,8356842.5,0.04052356258034706,0.0012413504300639033
sample_12,13987,40365,198950.0,8356842.5,0.024021264165639877,0.005022724624723196
sample_12,13987,40366,198955.0,8356842.5,0.013188211247324944,0.0024456873070448637
sample_12,13987,40367,198960.0,8356842.5,0.013929791748523712,0.002331411000341177
sample_12,13987,40368,198965.0,8356842.5,0.026077955961227417,0.0006033520912751555
sample_12,13987,40369,198970.0,8356842.5,0.004789773840457201,0.005464677698910236
sample_12,13987,40370,198975.0,8356842.5,0.003316608490422368,0.00792997982352972
sample_12,13987,40371,198980.0,8356842.5,0.012899850495159626,0.0053537883795797825
sample_12,13987,40372,198985.0,8356842.5,0.015848180279135704,0.006126539781689644
sample_12,13987,40373,198990.0,8356842.5,0.018325399607419968,0.0006751703331246972
sample_12,13987,40374,198995.0,8356842.5,0.010124115273356438,0.0019692862406373024
sample_12,13987,40375,199000.0,8356842.5,0.032166846096515656,0.006568349897861481
sample_12,13988,40337,198810.0,8356832.5,0.008435048162937164,0.009407246485352516
sample_12,13988,40338,198815.0,8356832.5,0.022463113069534302,0.006959673948585987
sample_12,13988,40339,198820.0,8356832.5,0.003839105134829879,0.0012089069932699203
sample_12,13988,40340,198825.0,8356832.5,0.014010791666805744,0.0005858500953763723
sample_12,13988,40341,198830.0,8356832.5,0.012572748586535454,0.018037455156445503
sample_12,13988,40342,198835.0,8356832.5,0.0020216512493789196,0.003926679491996765
sample_12,13988,40343,198840.0,8356832.5,0.008791131898760796,0.008055678568780422
sample_12,13988,40344,198845.0,8356832.5,0.005316581577062607,0.0012303234543651342
sample_12,13988,40345,198850.0,8356832.5,0.01411216240376234,0.002227763645350933
sample_12,13988,40346,198855.0,8356832.5,0.01949279010295868,0.005766843445599079
sample_12,13988,40347,198860.0,8356832.5,0.02769855409860611,0.002644509542733431
sample_12,13988,40348,198865.0,8356832.5,0.003827163018286228,0.0018891702638939023
sample_12,13988,40349,198870.0,8356832.5,0.005515594966709614,0.007728197146207094
sample_12,13988,40350,198875.0,8356832.5,0.001092520891688764,0.010834814049303532
sample_12,13988,40351,198880.0,8356832.5,0.009684434160590172,0.005987289361655712
sample_12,13988,40352,198885.0,8356832.5,0.020194532349705696,0.014913223683834076
sample_12,13988,40353,198890.0,8356832.5,0.007941079325973988,0.005575698334723711
sample_12,13988,40354,198895.0,8356832.5,0.00592981930822134,0.002161563839763403
sample_12,13988,40355,198900.0,8356832.5,0.03745463490486145,0.0034217326901853085
sample_12,13988,40356,198905.0,8356832.5,0.03111327439546585,0.009462373331189156
sample_12,13988,40357,198910.0,8356832.5,0.01445324532687664,0.0019929681438952684
sample_12,13988,40358,198915.0,8356832.5,0.02748265117406845,0.008412647992372513
sample_12,13988,40359,198920.0,8356832.5,0.011122938245534897,0.0038809231482446194
sample_12,13988,40360,198925.0,8356832.5,0.017803816124796867,0.001937807654030621
sample_12,13988,40361,198930.0,8356832.5,0.00928293727338314,0.001507060369476676
sample_12,13988,40362,198935.0,8356832.5,0.01038551889359951,0.004172869957983494
sample_12,13988,40363,198940.0,8356832.5,0.018644342198967934,0.006674390751868486
sample_12,13988,40364,198945.0,8356832.5,0.014182535000145435,0.002367698587477207
sample_12,13988,40365,198950.0,8356832.5,0.030940676108002663,0.0013480383204296231
sample_12,13988,40366,198955.0,8356832.5,0.023371489718556404,0.0008642906323075294
sample_12,13988,40367,198960.0,8356832.5,0.0031088681425899267,0.0025303922593593597
sample_12,13988,40368,198965.0,8356832.5,0.004448550287634134,0.0051282658241689205
sample_12,13988,40369,198970.0,8356832.5,0.017126336693763733,0.0023470779415220022
sample_12,13988,40370,198975.0,8356832.5,0.022461824119091034,0.007717782165855169
sample_12,13988,40371,198980.0,8356832.5,0.017930254340171814,0.0024786298163235188
sample_12,13988,40372,198985.0,8356832.5,0.002956152893602848,0.004080049227923155
sample_12,13988,40373,198990.0,8356832.5,0.03627748787403107,0.001628329511731863
sample_12,13988,40374,198995.0,8356832.5,0.006820532493293285,0.010999834164977074
sample_12,13988,40375,199000.0,8356832.5,0.0022674002684652805,0.015330414287745953
sample_12,13989,40337,198810.0,8356822.5,0.0065812235698103905,0.008059906773269176
sample_12,13989,40338,198815.0,8356822.5,0.04119075834751129,0.00962110050022602
sample_12,13989,40339,198820.0,8356822.5,0.0070208399556577206,0.001457570237107575
sample_12,13989,40340,198825.0,8356822.5,0.004199385643005371,0.006097069010138512
sample_12,13989,40341,198830.0,8356822.5,0.004313137382268906,0.002247975207865238
sample_12,13989,40342,198835.0,8356822.5,0.007708449847996235,0.004847763106226921
sample_12,13989,40343,198840.0,8356822.5,0.009328795596957207,0.0014878878137096763
sample_12,13989,40344,198845.0,8356822.5,0.03482099622488022,0.002805922878906131
sample_12,13989,40345,198850.0,8356822.5,0.01309811882674694,0.008261081762611866
sample_12,13989,40346,198855.0,8356822.5,0.029400188475847244,0.0012438010890036821
sample_12,13989,40347,198860.0,8356822.5,0.02834225632250309,0.0029745714273303747
sample_12,13989,40348,198865.0,8356822.5,0.011385721154510975,0.004662124440073967
sample_12,13989,40349,198870.0,8356822.5,0.016158008947968483,0.015810318291187286
sample_12,13989,40350,198875.0,8356822.5,0.01785334385931492,0.0005162442103028297
sample_12,13989,40351,198880.0,8356822.5,0.0076242415234446526,0.003341975621879101
sample_12,13989,40352,198885.0,8356822.5,0.008734392933547497,0.015793073922395706
sample_12,13989,40353,198890.0,8356822.5,0.010574279353022575,0.005633717868477106
sample_12,13989,40354,198895.0,8356822.5,0.002531365491449833,0.0028576189652085304
sample_12,13989,40355,198900.0,8356822.5,0.017447903752326965,0.00032315001590177417
sample_12,13989,40356,198905.0,8356822.5,0.00812285766005516,0.001755699748173356
sample_12,13989,40357,198910.0,8356822.5,0.029418867081403732,0.001042884774506092
sample_12,13989,40358,198915.0,8356822.5,0.0063821179792284966,0.0007179148960858583
sample_12,13989,40359,198920.0,8356822.5,0.03364378586411476,0.0021682335063815117
sample_12,13989,40360,198925.0,8356822.5,0.018151579424738884,0.0016981044318526983
sample_12,13989,40361,198930.0,8356822.5,0.018808597698807716,0.0029201365541666746
sample_12,13989,40362,198935.0,8356822.5,0.011807115748524666,0.00860888883471489
sample_12,13989,40363,198940.0,8356822.5,0.027946457266807556,0.003045908408239484
sample_12,13989,40364,198945.0,8356822.5,0.014189671725034714,0.0005676161381416023
sample_12,13989,40365,198950.0,8356822.5,0.010396432131528854,0.00045953993685543537
sample_12,13989,40366,198955.0,8356822.5,0.004813490901142359,0.0027422315906733274
sample_12,13989,40367,198960.0,8356822.5,0.005055226385593414,0.0005036924267187715
sample_12,13989,40368,198965.0,8356822.5,0.013342305086553097,0.0008201898308470845
sample_12,13989,40369,198970.0,8356822.5,0.004456999246031046,0.0035260196309536695
sample_12,13989,40370,198975.0,8356822.5,0.016624748706817627,0.009188178926706314
sample_12,13989,40371,198980.0,8356822.5,0.00812339223921299,0.015567670576274395
sample_12,13989,40372,198985.0,8356822.5,0.01734771393239498,0.005156069062650204
sample_12,13989,40373,198990.0,8356822.5,0.0144977867603302,0.0038802362978458405
sample_12,13989,40374,198995.0,8356822.5,0.0070595950819551945,0.004630559124052525
sample_12,13989,40375,199000.0,8356822.5,0.01804054155945778,0.0038168092723935843
sample_12,13990,40337,198810.0,8356812.5,0.02548094093799591,0.005119687411934137
sample_12,13990,40338,198815.0,8356812.5,0.01034429669380188,0.007436838001012802
sample_12,13990,40339,198820.0,8356812.5,0.005495431367307901,0.005884723272174597
sample_12,13990,40340,198825.0,8356812.5,0.015613222494721413,0.001060590846464038
sample_12,13990,40341,198830.0,8356812.5,0.02390606701374054,0.0032892501913011074
sample_12,13990,40342,198835.0,8356812.5,0.008866029791533947,0.0030324584804475307
sample_12,13990,40343,198840.0,8356812.5,0.052467599511146545,0.0012831231579184532
sample_12,13990,40344,198845.0,8356812.5,0.02417375147342682,0.00409157108515501
sample_12,13990,40345,198850.0,8356812.5,0.01744052767753601,0.005077327601611614
sample_12,13990,40346,198855.0,8356812.5,0.011567528359591961,0.002287046518176794
sample_12,13990,40347,198860.0,8356812.5,0.009289278648793697,0.004363855812698603
sample_12,13990,40348,198865.0,8356812.5,0.004377792123705149,0.0024537178687751293
sample_12,13990,40349,198870.0,8356812.5,0.012777178548276424,0.0012261958327144384
sample_12,13990,40350,198875.0,8356812.5,0.032124780118465424,0.008306307718157768
sample_12,13990,40351,198880.0,8356812.5,0.014671968296170235,0.0025770501233637333
sample_12,13990,40352,198885.0,8356812.5,0.006145431660115719,0.007579180411994457
sample_12,13990,40353,198890.0,8356812.5,0.005658051930367947,0.0027873965445905924
sample_12,13990,40354,198895.0,8356812.5,0.015808504074811935,0.009769957512617111
sample_12,13990,40355,198900.0,8356812.5,0.027783095836639404,0.005426999647170305
sample_12,13990,40356,198905.0,8356812.5,0.0033309475984424353,0.0028628651052713394
sample_12,13990,40357,198910.0,8356812.5,0.023948024958372116,0.0019137018825858831
sample_12,13990,40358,198915.0,8356812.5,0.0205707848072052,0.004547580145299435
sample_12,13990,40359,198920.0,8356812.5,0.0012568128295242786,0.005373288411647081
sample_12,13990,40360,198925.0,8356812.5,0.0062506846152246,0.0032281517051160336
sample_12,13990,40361,198930.0,8356812.5,0.008436206728219986,0.005896531045436859
sample_12,13990,40362,198935.0,8356812.5,0.0016639817040413618,0.004940469283610582
sample_12,13990,40363,198940.0,8356812.5,0.0033303136005997658,0.007261521648615599
sample_12,13990,40364,198945.0,8356812.5,0.028669731691479683,0.0008250278187915683
sample_12,13990,40365,198950.0,8356812.5,0.004173914436250925,0.004620918072760105
sample_12,13990,40366,198955.0,8356812.5,0.009395064786076546,0.0032152547501027584
sample_12,13990,40367,198960.0,8356812.5,0.018192108720541,0.013842765241861343
sample_12,13990,40368,198965.0,8356812.5,0.008419141173362732,0.00598793663084507
sample_12,13990,40369,198970.0,8356812.5,0.015102899633347988,0.0032169432379305363
sample_12,13990,40370,198975.0,8356812.5,0.02867056429386139,0.0039159683510661125
sample_12,13990,40371,198980.0,8356812.5,0.03295662999153137,0.0011790292337536812
sample_12,13990,40372,198985.0,8356812.5,0.0412464439868927,0.0023207049816846848
sample_12,13990,40373,198990.0,8356812.5,0.008343497291207314,0.0013134278124198318
sample_12,13990,40374,198995.0,8356812.5,0.023378446698188782,0.006412389222532511
sample_12,13990,40375,199000.0,8356812.5,0.04368531331419945,0.0036535123363137245
sample_12,13991,40337,198810.0,8356802.5,0.015786033123731613,0.005566759500652552
sample_12,13991,40338,198815.0,8356802.5,0.013614179566502571,0.0074171992018818855
sample_12,13991,40339,198820.0,8356802.5,0.01337870117276907,0.003311395877972245
sample_12,13991,40340,198825.0,8356802.5,0.01377677358686924,0.0031972192227840424
sample_12,13991,40341,198830.0,8356802.5,0.027200056239962578,0.003687463700771332
sample_12,13991,40342,198835.0,8356802.5,0.00881274975836277,0.0007421900518238544
sample_12,13991,40343,198840.0,8356802.5,0.01975291781127453,0.001969283679500222
sample_12,13991,40344,198845.0,8356802.5,0.016150210052728653,0.003981621935963631
sample_12,13991,40345,198850.0,8356802.5,0.01969713345170021,0.0016881979536265135
sample_12,13991,40346,198855.0,8356802.5,0.005988006945699453,0.0059924679808318615
sample_12,13991,40347,198860.0,8356802.5,0.013002147898077965,0.01256136316806078
sample_12,13991,40348,198865.0,8356802.5,0.06905102729797363,0.006196628324687481
sample_12,13991,40349,198870.0,8356802.5,0.029588382691144943,0.0007680535782128572
sample_12,13991,40350,198875.0,8356802.5,0.018968496471643448,0.0020673212129622698
sample_12,13991,40351,198880.0,8356802.5,0.003178869839757681,0.0039069452323019505
sample_12,13991,40352,198885.0,8356802.5,0.004459701478481293,0.008537132292985916
sample_12,13991,40353,198890.0,8356802.5,0.02057247795164585,0.00624083261936903
sample_12,13991,40354,198895.0,8356802.5,0.022179042920470238,0.0033321906812489033
sample_12,13991,40355,198900.0,8356802.5,0.015520472079515457,0.009219094179570675
sample_12,13991,40356,198905.0,8356802.5,0.011691747233271599,0.0023077207151800394
sample_12,13991,40357,198910.0,8356802.5,0.0005885905120521784,0.0033194543793797493
sample_12,13991,40358,198915.0,8356802.5,0.010797482915222645,0.005044860765337944
sample_12,13991,40359,198920.0,8356802.5,0.020033666864037514,0.008678055368363857
sample_12,13991,40360,198925.0,8356802.5,0.02290015108883381,0.00370599958114326
sample_12,13991,40361,198930.0,8356802.5,0.025816652923822403,0.006477059330791235
sample_12,13991,40362,198935.0,8356802.5,0.026279045268893242,0.008121443912386894
sample_12,13991,40363,198940.0,8356802.5,0.008926481008529663,0.009238888509571552
sample_12,13991,40364,198945.0,8356802.5,0.007895552553236485,0.005786375142633915
sample_12,13991,40365,198950.0,8356802.5,0.009505209513008595,0.002006673254072666
sample_12,13991,40366,198955.0,8356802.5,0.010967070236802101,0.002201351337134838
sample_12,13991,40367,198960.0,8356802.5,0.016859937459230423,0.001427193870767951
sample_12,13991,40368,198965.0,8356802.5,0.011887888424098492,0.0006903090397827327
sample_12,13991,40369,198970.0,8356802.5,0.02237541228532791,0.0035727049689739943
sample_12,13991,40370,198975.0,8356802.5,0.029802683740854263,0.005670332349836826
sample_12,13991,40371,198980.0,8356802.5,0.011809519492089748,0.004308796487748623
sample_12,13991,40372,198985.0,8356802.5,0.006266118958592415,0.0019407650688663125
sample_12,13991,40373,198990.0,8356802.5,0.009584804996848106,0.00072040397208184
sample_12,13991,40374,198995.0,8356802.5,0.017613738775253296,0.006906911730766296
sample_12,13991,40375,199000.0,8356802.5,0.01040780171751976,0.002674958435818553
sample_12,13992,40337,198810.0,8356792.5,0.0003753446217160672,0.005961417220532894
sample_12,13992,40338,198815.0,8356792.5,0.004445274360477924,0.0021808005403727293
sample_12,13992,40339,198820.0,8356792.5,0.015679776668548584,0.0027744050603359938
sample_12,13992,40340,198825.0,8356792.5,0.005620317533612251,0.009180031716823578
sample_12,13992,40341,198830.0,8356792.5,0.0005929137114435434,0.0006054348777979612
sample_12,13992,40342,198835.0,8356792.5,0.00891559012234211,0.0016049363184720278
sample_12,13992,40343,198840.0,8356792.5,0.013129553757607937,0.008299506269395351
sample_12,13992,40344,198845.0,8356792.5,0.03967204689979553,0.00040355874807573855
sample_12,13992,40345,198850.0,8356792.5,0.024837039411067963,0.003621246200054884
sample_12,13992,40346,198855.0,8356792.5,0.01143338531255722,0.007234286982566118
sample_12,13992,40347,198860.0,8356792.5,0.00718972971662879,0.003487774170935154
sample_12,13992,40348,198865.0,8356792.5,0.011267630383372307,0.0012715813936665654
sample_12,13992,40349,198870.0,8356792.5,0.005605817306786776,0.004387429915368557
sample_12,13992,40350,198875.0,8356792.5,0.02251061238348484,0.007692484185099602
sample_12,13992,40351,198880.0,8356792.5,0.010159822180867195,0.0023834388703107834
sample_12,13992,40352,198885.0,8356792.5,0.014630919322371483,0.004336393438279629
sample_12,13992,40353,198890.0,8356792.5,0.005062313750386238,0.009053368121385574
sample_12,13992,40354,198895.0,8356792.5,0.02826927974820137,0.004400933627039194
sample_12,13992,40355,198900.0,8356792.5,0.006870664656162262,0.0010609308956190944
sample_12,13992,40356,198905.0,8356792.5,0.008269326761364937,0.0018452510703355074
sample_12,13992,40357,198910.0,8356792.5,0.0059005580842494965,0.008173642680048943
sample_12,13992,40358,198915.0,8356792.5,0.019373934715986252,0.0040745483711361885
sample_12,13992,40359,198920.0,8356792.5,0.0055115241557359695,0.0008682522457093
sample_12,13992,40360,198925.0,8356792.5,0.006044613663107157,0.0012809053296223283
sample_12,13992,40361,198930.0,8356792.5,0.0222877636551857,0.0020949398167431355
sample_12,13992,40362,198935.0,8356792.5,0.014227383770048618,0.004091679118573666
sample_12,13992,40363,198940.0,8356792.5,0.009879038669168949,0.004116701893508434
sample_12,13992,40364,198945.0,8356792.5,0.0045105209574103355,0.006009155418723822
sample_12,13992,40365,198950.0,8356792.5,0.011067371815443039,0.004264094866812229
sample_12,13992,40366,198955.0,8356792.5,0.021651677787303925,0.0032424218952655792
sample_12,13992,40367,198960.0,8356792.5,0.005201572086662054,0.001813697163015604
sample_12,13992,40368,198965.0,8356792.5,0.01472537126392126,0.011695615015923977
sample_12,13992,40369,198970.0,8356792.5,0.017239632084965706,0.006508690770715475
sample_12,13992,40370,198975.0,8356792.5,0.0035636541433632374,0.004906658548861742
sample_12,13992,40371,198980.0,8356792.5,0.016012735664844513,0.005907642189413309
sample_12,13992,40372,198985.0,8356792.5,0.015308095142245293,0.003520183265209198
sample_12,13992,40373,198990.0,8356792.5,0.0062439474277198315,0.006044650450348854
sample_12,13992,40374,198995.0,8356792.5,0.012173756957054138,0.0027642189525067806
sample_12,13992,40375,199000.0,8356792.5,0.006837161723524332,0.0021674842573702335
sample_12,13993,40337,198810.0,8356782.5,0.03896425664424896,0.002528981538489461
sample_12,13993,40338,198815.0,8356782.5,0.006554580293595791,0.005228586960583925
sample_12,13993,40339,198820.0,8356782.5,0.020750023424625397,0.002205949742347002
sample_12,13993,40340,198825.0,8356782.5,0.02656383439898491,0.002539298962801695
sample_12,13993,40341,198830.0,8356782.5,0.01428140327334404,0.0012301929527893662
sample_12,13993,40342,198835.0,8356782.5,0.012031404301524162,0.003877628594636917
sample_12,13993,40343,198840.0,8356782.5,0.010928628034889698,0.004853514954447746
sample_12,13993,40344,198845.0,8356782.5,0.0087014464661479,0.004065272863954306
sample_12,13993,40345,198850.0,8356782.5,0.0033074780367314816,0.007965155877172947
sample_12,13993,40346,198855.0,8356782.5,0.007376590743660927,0.003186564426869154
sample_12,13993,40347,198860.0,8356782.5,0.01568266935646534,0.004951940383762121
sample_12,13993,40348,198865.0,8356782.5,0.014509450644254684,0.0007289916975423694
sample_12,13993,40349,198870.0,8356782.5,0.0077166431583464146,0.0011997052934020758
sample_12,13993,40350,198875.0,8356782.5,0.01753918081521988,0.0003030312655027956
sample_12,13993,40351,198880.0,8356782.5,0.005795741453766823,0.002826470183208585
sample_12,13993,40352,198885.0,8356782.5,0.01843075454235077,0.005560080520808697
sample_12,13993,40353,198890.0,8356782.5,0.025519119575619698,0.0028498778119683266
sample_12,13993,40354,198895.0,8356782.5,0.012092413380742073,0.0017080926336348057
sample_12,13993,40355,198900.0,8356782.5,0.019455695524811745,0.003679846413433552
sample_12,13993,40356,198905.0,8356782.5,0.02171657793223858,0.0038108360022306442
sample_12,13993,40357,198910.0,8356782.5,0.012204911559820175,0.0029735611751675606
sample_12,13993,40358,198915.0,8356782.5,0.018270771950483322,0.007541212253272533
sample_12,13993,40359,198920.0,8356782.5,0.0017042821273207664,0.0022839216981083155
sample_12,13993,40360,198925.0,8356782.5,0.03014768846333027,0.008056665770709515
sample_12,13993,40361,198930.0,8356782.5,0.007886313833296299,0.0058943359181284904
sample_12,13993,40362,198935.0,8356782.5,0.003895907197147608,0.0038398168981075287
sample_12,13993,40363,198940.0,8356782.5,0.027616286650300026,0.0038521066308021545
sample_12,13993,40364,198945.0,8356782.5,0.006187941879034042,0.001790069742128253
sample_12,13993,40365,198950.0,8356782.5,0.0015473623061552644,0.000666546169668436
sample_12,13993,40366,198955.0,8356782.5,0.0022171353921294212,0.0063715227879583836
sample_12,13993,40367,198960.0,8356782.5,0.012143842875957489,0.005392619874328375
sample_12,13993,40368,198965.0,8356782.5,0.015215756371617317,0.006964594125747681
sample_12,13993,40369,198970.0,8356782.5,0.009268412366509438,0.006434696726500988
sample_12,13993,40370,198975.0,8356782.5,0.005963577888906002,0.0018537200521677732
sample_12,13993,40371,198980.0,8356782.5,0.03435920178890228,0.007278388366103172
sample_12,13993,40372,198985.0,8356782.5,0.0234825536608696,0.0017516638617962599
sample_12,13993,40373,198990.0,8356782.5,0.0019950338173657656,0.004534220322966576
sample_12,13993,40374,198995.0,8356782.5,0.0042227525264024734,0.009748305194079876
sample_12,13993,40375,199000.0,8356782.5,0.02527710795402527,0.004090241156518459
sample_12,13994,40337,198810.0,8356772.5,0.029311520978808403,0.004408565349876881
sample_12,13994,40338,198815.0,8356772.5,0.008823251351714134,0.0026239468716084957
sample_12,13994,40339,198820.0,8356772.5,0.039090003818273544,0.008659563027322292
sample_12,13994,40340,198825.0,8356772.5,0.034844111651182175,0.0002529023331589997
sample_12,13994,40341,198830.0,8356772.5,0.025958489626646042,0.007260090205818415
sample_12,13994,40342,198835.0,8356772.5,0.00694530364125967,0.0018741646781563759
sample_12,13994,40343,198840.0,8356772.5,0.005907345097512007,0.003374681109562516
sample_12,13994,40344,198845.0,8356772.5,0.015567967668175697,0.0030977153219282627
sample_12,13994,40345,198850.0,8356772.5,0.013920009136199951,0.004113256465643644
sample_12,13994,40346,198855.0,8356772.5,0.027857845649123192,0.005897471681237221
sample_12,13994,40347,198860.0,8356772.5,0.021029170602560043,0.00671723997220397
sample_12,13994,40348,198865.0,8356772.5,0.025856461375951767,0.005107398144900799
sample_12,13994,40349,198870.0,8356772.5,0.02052219584584236,0.002741478383541107
sample_12,13994,40350,198875.0,8356772.5,0.009797465056180954,0.0007750764489173889
sample_12,13994,40351,198880.0,8356772.5,0.011618319898843765,0.005238317418843508
sample_12,13994,40352,198885.0,8356772.5,0.008437501266598701,0.006669825874269009
sample_12,13994,40353,198890.0,8356772.5,0.009797006845474243,0.001443343935534358
sample_12,13994,40354,198895.0,8356772.5,0.01576024852693081,0.0012367331655696034
sample_12,13994,40355,198900.0,8356772.5,0.027172772213816643,0.0016652554040774703
sample_12,13994,40356,198905.0,8356772.5,0.03035341203212738,0.006367095746099949
sample_12,13994,40357,198910.0,8356772.5,0.0078691141679883,0.006993226706981659
sample_12,13994,40358,198915.0,8356772.5,0.021693632006645203,0.004023142624646425
sample_12,13994,40359,198920.0,8356772.5,0.024808932095766068,0.0017993624787777662
sample_12,13994,40360,198925.0,8356772.5,0.017099838703870773,0.004602675326168537
sample_12,13994,40361,198930.0,8356772.5,0.013178814202547073,0.006820259150117636
sample_12,13994,40362,198935.0,8356772.5,0.0072561148554086685,0.0033614588901400566
sample_12,13994,40363,198940.0,8356772.5,0.015017755329608917,0.00845146644860506
sample_12,13994,40364,198945.0,8356772.5,0.04952745884656906,0.0070868260227143764
sample_12,13994,40365,198950.0,8356772.5,0.02754269167780876,0.0027888184413313866
sample_12,13994,40366,198955.0,8356772.5,0.016423607245087624,0.001087023178115487
sample_12,13994,40367,198960.0,8356772.5,0.023972224444150925,0.003662864677608013
sample_12,13994,40368,198965.0,8356772.5,0.043291956186294556,0.007675955072045326
sample_12,13994,40369,198970.0,8356772.5,0.018943803384900093,0.003781965933740139
sample_12,13994,40370,198975.0,8356772.5,0.016642773523926735,0.011086884886026382
sample_12,13994,40371,198980.0,8356772.5,0.03907426819205284,0.00039315284811891615
sample_12,13994,40372,198985.0,8356772.5,0.031495410948991776,0.003366746474057436
sample_12,13994,40373,198990.0,8356772.5,0.027027126401662827,0.002907858230173588
sample_12,13994,40374,198995.0,8356772.5,0.009027117863297462,9.97290771920234e-05
sample_12,13994,40375,199000.0,8356772.5,0.019194401800632477,0.005253060255199671
sample_12,13995,40337,198810.0,8356762.5,0.017901282757520676,0.0007669536280445755
sample_12,13995,40338,198815.0,8356762.5,0.013806970790028572,0.004103831015527248
sample_12,13995,40339,198820.0,8356762.5,0.01880398578941822,0.006062389351427555
sample_12,13995,40340,198825.0,8356762.5,0.027628768235445023,0.00021038908744230866
sample_12,13995,40341,198830.0,8356762.5,0.016962019726634026,0.0020813816227018833
sample_12,13995,40342,198835.0,8356762.5,0.004611020442098379,0.004180568270385265
sample_12,13995,40343,198840.0,8356762.5,0.012016765773296356,0.0073196543380618095
sample_12,13995,40344,198845.0,8356762.5,0.003061479888856411,0.006281309295445681
sample_12,13995,40345,198850.0,8356762.5,0.015368904918432236,0.0035832205321639776
sample_12,13995,40346,198855.0,8356762.5,0.024457670748233795,0.0036645750515162945
sample_12,13995,40347,198860.0,8356762.5,0.018379434943199158,0.009187023155391216
sample_12,13995,40348,198865.0,8356762.5,0.005184852983802557,0.016995258629322052
sample_12,13995,40349,198870.0,8356762.5,0.009469843469560146,0.009565708227455616
sample_12,13995,40350,198875.0,8356762.5,0.018046926707029343,0.006318512372672558
sample_12,13995,40351,198880.0,8356762.5,0.016346557065844536,0.0031867162324488163
sample_12,13995,40352,198885.0,8356762.5,0.0059745400212705135,0.006574534345418215
sample_12,13995,40353,198890.0,8356762.5,0.020610008388757706,0.0011555246310308576
sample_12,13995,40354,198895.0,8356762.5,0.008063418790698051,0.004265625029802322
sample_12,13995,40355,198900.0,8356762.5,0.02707771211862564,0.002735844813287258
sample_12,13995,40356,198905.0,8356762.5,0.018408264964818954,0.0025721716228872538
sample_12,13995,40357,198910.0,8356762.5,0.0026952538173645735,0.0019395839190110564
sample_12,13995,40358,198915.0,8356762.5,0.002821049652993679,0.0038752397522330284
sample_12,13995,40359,198920.0,8356762.5,0.007533642463386059,0.00674106739461422
sample_12,13995,40360,198925.0,8356762.5,0.04560051113367081,0.0018217717297375202
sample_12,13995,40361,198930.0,8356762.5,0.011592713184654713,0.004764271900057793
sample_12,13995,40362,198935.0,8356762.5,0.015433385968208313,0.0015189653495326638
sample_12,13995,40363,198940.0,8356762.5,0.010373039171099663,0.0009382076095789671
sample_12,13995,40364,198945.0,8356762.5,0.024049729108810425,0.004083555657416582
sample_12,13995,40365,198950.0,8356762.5,0.003109523095190525,0.0041451603174209595
sample_12,13995,40366,198955.0,8356762.5,0.018153265118598938,0.002191603882238269
sample_12,13995,40367,198960.0,8356762.5,0.0749436542391777,0.0038383724167943
sample_12,13995,40368,198965.0,8356762.5,0.026801442727446556,0.009434428066015244
sample_12,13995,40369,198970.0,8356762.5,0.012051126919686794,0.013429796323180199
sample_12,13995,40370,198975.0,8356762.5,0.021087966859340668,0.004123209975659847
sample_12,13995,40371,198980.0,8356762.5,0.005381945986300707,0.010501829907298088
sample_12,13995,40372,198985.0,8356762.5,0.0176427960395813,0.0073693664744496346
sample_12,13995,40373,198990.0,8356762.5,0.03597095608711243,0.0010038804030045867
sample_12,13995,40374,198995.0,8356762.5,0.02202826365828514,0.003918806556612253
sample_12,13995,40375,199000.0,8356762.5,0.012960899621248245,0.005972954444587231
sample_12,13996,40337,198810.0,8356752.5,0.011631675064563751,0.0043561761267483234
sample_12,13996,40338,198815.0,8356752.5,0.005737407132983208,0.006443247199058533
sample_12,13996,40339,198820.0,8356752.5,0.013236099854111671,0.0019258423708379269
sample_12,13996,40340,198825.0,8356752.5,0.01902095600962639,0.0046509429812431335
sample_12,13996,40341,198830.0,8356752.5,0.007917730137705803,0.003690795972943306
sample_12,13996,40342,198835.0,8356752.5,0.0030554640106856823,0.009666919708251953
sample_12,13996,40343,198840.0,8356752.5,0.010247660800814629,0.006009766831994057
sample_12,13996,40344,198845.0,8356752.5,0.030658572912216187,0.014230871573090553
sample_12,13996,40345,198850.0,8356752.5,0.018942829221487045,0.005752109456807375
sample_12,13996,40346,198855.0,8356752.5,0.014319983310997486,0.002268222626298666
sample_12,13996,40347,198860.0,8356752.5,0.008423411287367344,0.004368452355265617
sample_12,13996,40348,198865.0,8356752.5,0.013184696435928345,0.0005585240432992578
sample_12,13996,40349,198870.0,8356752.5,0.0181362833827734,0.0014544150326400995
sample_12,13996,40350,198875.0,8356752.5,0.010928403586149216,0.0010549742728471756
sample_12,13996,40351,198880.0,8356752.5,0.01877696067094803,0.002538909437134862
sample_12,13996,40352,198885.0,8356752.5,0.015274567529559135,0.00569618446752429
sample_12,13996,40353,198890.0,8356752.5,0.010380496270954609,0.006676894146949053
sample_12,13996,40354,198895.0,8356752.5,0.0013349003857001662,0.0034066643565893173
sample_12,13996,40355,198900.0,8356752.5,0.016109416261315346,0.0016519147902727127
sample_12,13996,40356,198905.0,8356752.5,0.024942506104707718,0.0030458010733127594
sample_12,13996,40357,198910.0,8356752.5,0.038365546613931656,0.007240858860313892
sample_12,13996,40358,198915.0,8356752.5,0.002565744100138545,0.0012933308025822043
sample_12,13996,40359,198920.0,8356752.5,0.015755444765090942,0.006200660485774279
sample_12,13996,40360,198925.0,8356752.5,0.05014311522245407,0.007255194708704948
sample_12,13996,40361,198930.0,8356752.5,0.03650675714015961,0.00616841483861208
sample_12,13996,40362,198935.0,8356752.5,0.013311821967363358,0.004298838321119547
sample_12,13996,40363,198940.0,8356752.5,0.012805432081222534,0.005334760993719101
sample_12,13996,40364,198945.0,8356752.5,0.008611481636762619,0.0030262130312621593
sample_12,13996,40365,198950.0,8356752.5,0.008358459919691086,0.0028884646017104387
sample_12,13996,40366,198955.0,8356752.5,0.007055229507386684,0.0008200962329283357
sample_12,13996,40367,198960.0,8356752.5,0.006598015781491995,0.0017045974964275956
sample_12,13996,40368,198965.0,8356752.5,0.007846437394618988,0.0008672524127177894
sample_12,13996,40369,198970.0,8356752.5,0.026873916387557983,0.0036894632503390312
sample_12,13996,40370,198975.0,8356752.5,0.0076638320460915565,0.003219438251107931
sample_12,13996,40371,198980.0,8356752.5,0.009823395870625973,0.00380693469196558
sample_12,13996,40372,198985.0,8356752.5,0.02586381323635578,0.004323696717619896
sample_12,13996,40373,198990.0,8356752.5,0.0171095822006464,0.005128528457134962
sample_12,13996,40374,198995.0,8356752.5,0.010124869644641876,0.00465227197855711
sample_12,13996,40375,199000.0,8356752.5,0.030563659965991974,0.0022262712009251118
sample_12,13997,40337,198810.0,8356742.5,0.0018183802021667361,0.008995854295790195
sample_12,13997,40338,198815.0,8356742.5,0.015346902422606945,0.009015399031341076
sample_13,14141,39871,196480.0,8355302.5,0.0007832945557311177,0.0009187496616505086
sample_13,14141,39872,196485.0,8355302.5,0.007347519975155592,0.007171713747084141
sample_13,14141,39873,196490.0,8355302.5,0.00018156658916268498,0.004923034925013781
sample_13,14141,39874,196495.0,8355302.5,0.006873507983982563,0.0071131642907857895
sample_13,14141,39875,196500.0,8355302.5,0.002706367988139391,0.0032632083166390657
sample_13,14141,39876,196505.0,8355302.5,0.001329713617451489,0.0034089861437678337
sample_13,14141,39877,196510.0,8355302.5,0.009031446650624275,0.005656898953020573
sample_13,14141,39878,196515.0,8355302.5,0.013020552694797516,0.006937121506780386
sample_13,14141,39879,196520.0,8355302.5,0.02974688820540905,0.006325266323983669
sample_13,14141,39880,196525.0,8355302.5,0.011883243918418884,0.010445062071084976
sample_13,14141,39881,196530.0,8355302.5,0.002832277212291956,0.0064118122681975365
sample_13,14141,39882,196535.0,8355302.5,0.012917389161884785,0.0031529904808849096
sample_13,14141,39883,196540.0,8355302.5,0.005973441060632467,0.0047537824138998985
sample_13,14141,39884,196545.0,8355302.5,0.011592185124754906,0.002495828317478299
sample_13,14141,39885,196550.0,8355302.5,0.011804897338151932,0.0031497294548898935
sample_13,14141,39886,196555.0,8355302.5,0.01782674714922905,0.003912259358912706
sample_13,14141,39887,196560.0,8355302.5,0.0012085284106433392,0.003190272022038698
sample_13,14141,39888,196565.0,8355302.5,0.004745788406580687,0.0007456202292814851
sample_13,14141,39889,196570.0,8355302.5,0.010210971347987652,0.002597773214802146
sample_13,14141,39890,196575.0,8355302.5,0.011956177651882172,0.004061922896653414
sample_13,14141,39891,196580.0,8355302.5,0.016322152689099312,0.0015020762803032994
sample_13,14141,39892,196585.0,8355302.5,0.012200814671814442,0.0016427647788077593
sample_13,14141,39893,196590.0,8355302.5,0.029315125197172165,0.0026272134855389595
sample_13,14141,39894,196595.0,8355302.5,0.008689072914421558,0.011893053539097309
sample_13,14141,39895,196600.0,8355302.5,0.004676314070820808,0.010829057544469833
sample_13,14141,39896,196605.0,8355302.5,0.003343093441799283,0.002949848771095276
sample_13,14141,39897,196610.0,8355302.5,0.00977158360183239,0.001590730040334165
sample_13,14141,39898,196615.0,8355302.5,0.017991401255130768,0.00044190240441821516
sample_13,14141,39899,196620.0,8355302.5,0.005826249718666077,0.005884923506528139
sample_13,14141,39900,196625.0,8355302.5,0.006106924265623093,0.007579796947538853
sample_13,14141,39901,196630.0,8355302.5,0.02629457414150238,0.010421321727335453
sample_13,14141,39902,196635.0,8355302.5,0.03499472141265869,0.01220839936286211
sample_13,14141,39903,196640.0,8355302.5,0.004718223121017218,0.004689248278737068
sample_13,14141,39904,196645.0,8355302.5,0.0036202881019562483,0.008606991730630398
sample_13,14141,39905,196650.0,8355302.5,0.005799971055239439,0.00346874026581645
sample_13,14141,39906,196655.0,8355302.5,0.01768387109041214,0.003978844732046127
sample_13,14141,39907,196660.0,8355302.5,0.010917065665125847,0.0018200739286839962
sample_13,14141,39908,196665.0,8355302.5,0.00952228531241417,0.0008029935415834188
sample_13,14141,39909,196670.0,8355302.5,0.001849996973760426,0.004034652840346098
sample_13,14142,39871,196480.0,8355292.5,0.023686159402132034,0.0008719027391634881
sample_13,14142,39872,196485.0,8355292.5,0.011276519857347012,0.0026283343322575092
sample_13,14142,39873,196490.0,8355292.5,0.009212781675159931,0.0018371834885329008
sample_13,14142,39874,196495.0,8355292.5,0.010727368295192719,0.0027827033773064613
sample_13,14142,39875,196500.0,8355292.5,0.009509713388979435,0.003734641708433628
sample_13,14142,39876,196505.0,8355292.5,0.0033190788235515356,0.0016740229912102222
sample_13,14142,39877,196510.0,8355292.5,0.002315780147910118,0.0076640695333480835
sample_13,14142,39878,196515.0,8355292.5,0.001834001624956727,0.00250067631714046
sample_13,14142,39879,196520.0,8355292.5,0.007851107977330685,0.0023005977272987366
sample_13,14142,39880,196525.0,8355292.5,0.007490030024200678,0.00785505399107933
sample_13,14142,39881,196530.0,8355292.5,0.006591395940631628,0.0049698008224368095
sample_13,14142,39882,196535.0,8355292.5,0.006835194770246744,0.000523269409313798
sample_13,14142,39883,196540.0,8355292.5,0.005918031558394432,0.0007183646666817367
sample_13,14142,39884,196545.0,8355292.5,0.008085228502750397,0.005168907344341278
sample_13,14142,39885,196550.0,8355292.5,0.013826655223965645,0.0005435989587567747
sample_13,14142,39886,196555.0,8355292.5,0.029896177351474762,0.0027776819188147783
sample_13,14142,39887,196560.0,8355292.5,0.004144084174185991,0.0015090237138792872
sample_13,14142,39888,196565.0,8355292.5,0.006975926924496889,0.0029812545981258154
sample_13,14142,39889,196570.0,8355292.5,0.009363945573568344,0.0022745670285075903
sample_13,14142,39890,196575.0,8355292.5,0.0023911353200674057,0.014728870242834091
sample_13,14142,39891,196580.0,8355292.5,0.007006729021668434,0.0077215274795889854
sample_13,14142,39892,196585.0,8355292.5,0.007720751687884331,0.012497222982347012
sample_13,14142,39893,196590.0,8355292.5,0.001474361983127892,0.0027191555127501488
sample_13,14142,39894,196595.0,8355292.5,0.01660475693643093,0.006392328068614006
sample_13,14142,39895,196600.0,8355292.5,0.005196308717131615,0.0018294621258974075
sample_13,14142,39896,196605.0,8355292.5,0.012488177977502346,0.0012067860225215554
sample_13,14142,39897,196610.0,8355292.5,0.014023583382368088,0.005917876027524471
sample_13,14142,39898,196615.0,8355292.5,0.018258260563015938,0.006046887952834368
sample_13,14142,39899,196620.0,8355292.5,0.017223553732037544,0.0012257294729351997
sample_13,14142,39900,196625.0,8355292.5,0.020199835300445557,0.003486696630716324
sample_13,14142,39901,196630.0,8355292.5,0.0028281903360038996,0.0052614337764680386
sample_13,14142,39902,196635.0,8355292.5,0.007979437708854675,0.0029246057383716106
sample_13,14142,39903,196640.0,8355292.5,0.006084512919187546,0.005823430139571428
sample_13,14142,39904,196645.0,8355292.5,0.004140682052820921,0.0014028825098648667
sample_13,14142,39905,196650.0,8355292.5,0.0045470623299479485,0.0008801197982393205
sample_13,14142,39906,196655.0,8355292.5,0.0032200512941926718,0.005620940588414669
sample_13,14142,39907,196660.0,8355292.5,0.0026500460226088762,0.01068565621972084
sample_13,14142,39908,196665.0,8355292.5,0.011800498701632023,0.006668588146567345
sample_13,14142,39909,196670.0,8355292.5,0.004836411215364933,0.018058765679597855
sample_13,14143,39871,196480.0,8355282.5,0.006265993230044842,0.0014218087308108807
sample_13,14143,39872,196485.0,8355282.5,0.007769940886646509,0.0011186983902007341
sample_13,14143,39873,196490.0,8355282.5,0.011111287400126457,0.003939856309443712
sample_13,14143,39874,196495.0,8355282.5,0.010071715340018272,0.00790872611105442
sample_13,14143,39875,196500.0,8355282.5,0.003228855552151799,0.0019667809829115868
sample_13,14143,39876,196505.0,8355282.5,0.011536437086760998,0.0013464128132909536
sample_13,14143,39877,196510.0,8355282.5,0.012848325073719025,0.00016863011114764959
sample_13,14143,39878,196515.0,8355282.5,0.009241534397006035,0.0005180842126719654
sample_13,14143,39879,196520.0,8355282.5,0.0049808574840426445,0.004270027857273817
sample_13,14143,39880,196525.0,8355282.5,0.013404294848442078,0.00551192183047533
sample_13,14143,39881,196530.0,8355282.5,0.002890411065891385,0.0019839159213006496
sample_13,14143,39882,196535.0,8355282.5,0.0031011970713734627,0.005905008874833584
sample_13,14143,39883,196540.0,8355282.5,0.010600509122014046,0.005702043417841196
sample_13,14143,39884,196545.0,8355282.5,0.017866743728518486,0.002126312116160989
sample_13,14143,39885,196550.0,8355282.5,0.022386018186807632,0.0022922377102077007
sample_13,14143,39886,196555.0,8355282.5,0.02979661151766777,0.007904608733952045
sample_13,14143,39887,196560.0,8355282.5,0.006988226436078548,0.0017506512813270092
sample_13,14143,39888,196565.0,8355282.5,0.003007293911650777,0.007394175045192242
sample_13,14143,39889,196570.0,8355282.5,0.012026140466332436,0.0064024594612419605
sample_13,14143,39890,196575.0,8355282.5,0.0046056294813752174,0.005277362186461687
sample_13,14143,39891,196580.0,8355282.5,0.0082105603069067,0.006256630644202232
sample_13,14143,39892,196585.0,8355282.5,0.004944467917084694,0.005748286843299866
sample_13,14143,39893,196590.0,8355282.5,0.005240865983068943,0.0005032181506976485
sample_13,14143,39894,196595.0,8355282.5,0.009778128936886787,0.002102201571688056
sample_13,14143,39895,196600.0,8355282.5,0.01788495108485222,0.0024472863879054785
sample_13,14143,39896,196605.0,8355282.5,0.009189324453473091,0.000984522863291204
sample_13,14143,39897,196610.0,8355282.5,0.00957533996552229,0.0022924444638192654
sample_13,14143,39898,196615.0,8355282.5,0.008840507827699184,0.0026155179366469383
sample_13,14143,39899,196620.0,8355282.5,0.0038303739856928587,0.006670784205198288
sample_13,14143,39900,196625.0,8355282.5,0.013487379066646099,0.0014867223799228668
sample_13,14143,39901,196630.0,8355282.5,0.022013630717992783,0.0036628996022045612
sample_13,14143,39902,196635.0,8355282.5,0.03148798272013664,0.0062857745215296745
sample_13,14143,39903,196640.0,8355282.5,0.0023310519754886627,0.002528304699808359
sample_13,14143,39904,196645.0,8355282.5,0.01554348785430193,0.003603592049330473
sample_13,14143,39905,196650.0,8355282.5,0.009692545048892498,0.0033083425369113684
sample_13,14143,39906,196655.0,8355282.5,0.012097850441932678,0.0012108618393540382
sample_13,14143,39907,196660.0,8355282.5,0.011033304035663605,0.004986659623682499
sample_13,14143,39908,196665.0,8355282.5,0.04217031970620155,0.00295152235776186
sample_13,14143,39909,196670.0,8355282.5,0.009913954883813858,0.003211548551917076
sample_13,14144,39871,196480.0,8355272.5,0.003038576804101467,0.0032680584117770195
sample_13,14144,39872,196485.0,8355272.5,0.004313759505748749,0.0054017845541238785
sample_13,14144,39873,196490.0,8355272.5,0.006734750233590603,0.006751467473804951
sample_13,14144,39874,196495.0,8355272.5,0.001367686316370964,0.004217449575662613
sample_13,14144,39875,196500.0,8355272.5,0.0013944772072136402,0.0020620727445930243
sample_13,14144,39876,196505.0,8355272.5,0.017631646245718002,0.0023350866977125406
sample_13,14144,39877,196510.0,8355272.5,0.018854327499866486,0.0035602222196757793
sample_13,14144,39878,196515.0,8355272.5,0.004042282700538635,0.002175219589844346
sample_13,14144,39879,196520.0,8355272.5,0.0049576349556446075,0.0002526001480873674
sample_13,14144,39880,196525.0,8355272.5,0.002713083289563656,0.013863135129213333
sample_13,14144,39881,196530.0,8355272.5,0.019512109458446503,0.005015270784497261
sample_13,14144,39882,196535.0,8355272.5,0.00976618006825447,0.0013187674339860678
sample_13,14144,39883,196540.0,8355272.5,0.005406535696238279,0.008383702486753464
sample_13,14144,39884,196545.0,8355272.5,0.006256909109652042,0.005944545846432447
sample_13,14144,39885,196550.0,8355272.5,0.010776837356388569,0.004243418108671904
sample_13,14144,39886,196555.0,8355272.5,0.011676446534693241,0.004371078219264746
sample_13,14144,39887,196560.0,8355272.5,0.0023994995281100273,0.0014366008108481765
sample_13,14144,39888,196565.0,8355272.5,0.013747886754572392,0.007576213218271732
sample_13,14144,39889,196570.0,8355272.5,0.00868328008800745,0.004503522999584675
sample_13,14144,39890,196575.0,8355272.5,0.005219297483563423,0.008333548903465271
sample_13,14144,39891,196580.0,8355272.5,0.003928252030164003,0.005690674297511578
sample_13,14144,39892,196585.0,8355272.5,0.005762473214417696,0.004305869806557894
sample_13,14144,39893,196590.0,8355272.5,0.01187053695321083,0.0022694796789437532
sample_13,14144,39894,196595.0,8355272.5,0.005652894265949726,0.0022398887667804956
sample_13,14144,39895,196600.0,8355272.5,0.020062683150172234,0.0043202852830290794
sample_13,14144,39896,196605.0,8355272.5,0.005709392949938774,0.0031647856812924147
sample_13,14144,39897,196610.0,8355272.5,0.013585725799202919,0.004324228502810001
sample_13,14144,39898,196615.0,8355272.5,0.010348372161388397,0.003360096365213394
sample_13,14144,39899,196620.0,8355272.5,0.011943976394832134,0.002443279605358839
sample_13,14144,39900,196625.0,8355272.5,0.003854630049318075,0.0013358134310692549
sample_13,14144,39901,196630.0,8355272.5,0.0063724517822265625,0.002021798398345709
sample_13,14144,39902,196635.0,8355272.5,0.00616564741358161,0.005202056840062141
sample_13,14144,39903,196640.0,8355272.5,0.005751739721745253,0.005388831719756126
sample_13,14144,39904,196645.0,8355272.5,0.004698606673628092,0.004628023132681847
sample_13,14144,39905,196650.0,8355272.5,0.016561316326260567,0.0016074252780526876
sample_13,14144,39906,196655.0,8355272.5,0.008475381880998611,0.003909603226929903
sample_13,14144,39907,196660.0,8355272.5,0.009854737669229507,0.0030025700107216835
sample_13,14144,39908,196665.0,8355272.5,0.006452089641243219,0.001396788633428514
sample_13,14144,39909,196670.0,8355272.5,0.003733632154762745,0.001355137792415917
sample_13,14145,39871,196480.0,8355262.5,0.0030947886407375336,0.0023448835127055645
sample_13,14145,39872,196485.0,8355262.5,0.0014430858427658677,0.00401016091927886
sample_13,14145,39873,196490.0,8355262.5,0.021315481513738632,0.0029850522987544537
sample_13,14145,39874,196495.0,8355262.5,0.011438173241913319,0.0064127263613045216
sample_13,14145,39875,196500.0,8355262.5,0.007444290444254875,0.0038276491686701775
sample_13,14145,39876,196505.0,8355262.5,0.0026968426536768675,0.007526573725044727
sample_13,14145,39877,196510.0,8355262.5,0.005154599901288748,0.009150657802820206
sample_13,14145,39878,196515.0,8355262.5,0.009436623193323612,0.0008729111286811531
sample_13,14145,39879,196520.0,8355262.5,0.00636095367372036,0.0018721502274274826
sample_13,14145,39880,196525.0,8355262.5,0.010554970242083073,0.0015466344775632024
sample_13,14145,39881,196530.0,8355262.5,0.0015332336770370603,1.3055713679932524e-05
sample_13,14145,39882,196535.0,8355262.5,0.026811785995960236,0.0014236974529922009
sample_13,14145,39883,196540.0,8355262.5,0.008366921916604042,0.002519829897210002
sample_13,14145,39884,196545.0,8355262.5,0.005179516039788723,0.002687010681256652
sample_13,14145,39885,196550.0,8355262.5,0.014938559383153915,0.001989405369386077
sample_13,14145,39886,196555.0,8355262.5,0.007348786573857069,0.013121325522661209
sample_13,14145,39887,196560.0,8355262.5,0.005721940193325281,0.007002339232712984
sample_13,14145,39888,196565.0,8355262.5,0.011369614861905575,0.006002132780849934
sample_13,14145,39889,196570.0,8355262.5,0.0057358043268322945,0.008137546479701996
sample_13,14145,39890,196575.0,8355262.5,0.006455482915043831,0.00209601828828454
sample_13,14145,39891,196580.0,8355262.5,0.006138616241514683,0.007243205327540636
sample_13,14145,39892,196585.0,8355262.5,0.010011352598667145,0.0044953241012990475
sample_13,14145,39893,196590.0,8355262.5,0.010535992681980133,0.01245998963713646
sample_13,14145,39894,196595.0,8355262.5,0.01145501434803009,0.0062743620947003365
sample_13,14145,39895,196600.0,8355262.5,0.019847983494400978,0.0029066004790365696
sample_13,14145,39896,196605.0,8355262.5,0.005161786451935768,0.0012313950574025512
sample_13,14145,39897,196610.0,8355262.5,0.01352193858474493,0.004539243411272764
sample_13,14145,39898,196615.0,8355262.5,0.013062270358204842,0.006726036313921213
sample_13,14145,39899,196620.0,8355262.5,0.001727560767903924,0.002495709341019392
sample_13,14145,39900,196625.0,8355262.5,0.007047767750918865,0.002388890367001295
sample_13,14145,39901,196630.0,8355262.5,0.0034596638288348913,0.0010367280337959528
sample_13,14145,39902,196635.0,8355262.5,0.006034510675817728,0.007581793703138828
sample_13,14145,39903,196640.0,8355262.5,0.019261136651039124,0.003527069464325905
sample_13,14145,39904,196645.0,8355262.5,0.018835991621017456,0.005363014992326498
sample_13,14145,39905,196650.0,8355262.5,0.007732229772955179,0.004419649951159954
sample_13,14145,39906,196655.0,8355262.5,0.01253062579780817,0.00258073047734797
sample_13,14145,39907,196660.0,8355262.5,0.021670212969183922,0.00022537984477821738
sample_13,14145,39908,196665.0,8355262.5,0.005103674251586199,0.0034333975054323673
sample_13,14145,39909,196670.0,8355262.5,0.005459879525005817,0.0042035747319459915
sample_13,14146,39871,196480.0,8355252.5,0.006027230992913246,0.0008480228716507554
sample_13,14146,39872,196485.0,8355252.5,0.0021277391351759434,0.0007293279049918056
sample_13,14146,39873,196490.0,8355252.5,0.007594275753945112,0.002737524686381221
sample_13,14146,39874,196495.0,8355252.5,0.023529555648565292,0.002512057311832905
sample_13,14146,39875,196500.0,8355252.5,0.018117612227797508,0.0004775494453497231
sample_13,14146,39876,196505.0,8355252.5,0.021578015759587288,0.0009923615725710988
sample_13,14146,39877,196510.0,8355252.5,0.00890833605080843,0.0012307583820074797
sample_13,14146,39878,196515.0,8355252.5,0.01300289761275053,0.0011243157787248492
sample_13,14146,39879,196520.0,8355252.5,0.010865024290978909,0.005365563090890646
sample_13,14146,39880,196525.0,8355252.5,0.016853854060173035,0.0030700305942445993
sample_13,14146,39881,196530.0,8355252.5,0.0267673060297966,0.0019389888038858771
sample_13,14146,39882,196535.0,8355252.5,0.019251983612775803,0.004362314939498901
sample_13,14146,39883,196540.0,8355252.5,0.0017569073243066669,0.0024067654740065336
sample_13,14146,39884,196545.0,8355252.5,0.01649138331413269,0.0033375583589076996
sample_13,14146,39885,196550.0,8355252.5,0.01219835877418518,0.0018432530341669917
sample_13,14146,39886,196555.0,8355252.5,0.014444521628320217,0.0012642897199839354
sample_13,14146,39887,196560.0,8355252.5,0.010742216370999813,0.004354266449809074
sample_13,14146,39888,196565.0,8355252.5,0.013603879138827324,0.006054452620446682
sample_13,14146,39889,196570.0,8355252.5,0.010804591700434685,0.0012930689845234156
sample_13,14146,39890,196575.0,8355252.5,0.004942527040839195,0.0029908688738942146
sample_13,14146,39891,196580.0,8355252.5,0.006261094473302364,0.01415981911122799
sample_13,14146,39892,196585.0,8355252.5,0.006274551153182983,0.012247387319803238
sample_13,14146,39893,196590.0,8355252.5,0.0105967428535223,0.0010207651648670435
sample_13,14146,39894,196595.0,8355252.5,0.0015640081837773323,0.012441728264093399
sample_13,14146,39895,196600.0,8355252.5,0.020598797127604485,0.0013188795419409871
sample_13,14146,39896,196605.0,8355252.5,0.0053169624879956245,0.008972147479653358
sample_13,14146,39897,196610.0,8355252.5,0.004705795552581549,0.0007508668350055814
sample_13,14146,39898,196615.0,8355252.5,0.0025035443250089884,0.002687502186745405
sample_13,14146,39899,196620.0,8355252.5,0.0070740398950874805,0.00664782989770174
sample_13,14146,39900,196625.0,8355252.5,0.00455998070538044,0.008918373845517635
sample_13,14146,39901,196630.0,8355252.5,0.010762390680611134,0.0065601482056081295
sample_13,14146,39902,196635.0,8355252.5,0.004566421266645193,0.01003444753587246
sample_13,14146,39903,196640.0,8355252.5,0.004495296161621809,0.0019223650451749563
sample_13,14146,39904,196645.0,8355252.5,0.0022936654277145863,0.0010217363014817238
sample_13,14146,39905,196650.0,8355252.5,0.00972430408000946,0.005729988217353821
sample_13,14146,39906,196655.0,8355252.5,0.001387004042044282,0.0008103669388219714
sample_13,14146,39907,196660.0,8355252.5,0.015768738463521004,0.01000683568418026
sample_13,14146,39908,196665.0,8355252.5,0.007703179959207773,0.006943771615624428
sample_13,14146,39909,196670.0,8355252.5,0.021218370646238327,0.0055092936381697655
sample_13,14147,39871,196480.0,8355242.5,0.005559073761105537,0.001786058652214706
sample_13,14147,39872,196485.0,8355242.5,0.006140018813312054,0.003719712607562542
sample_13,14147,39873,196490.0,8355242.5,0.0037655408959835768,0.0015020559076219797
sample_13,14147,39874,196495.0,8355242.5,0.0019948186818510294,0.006805079989135265
sample_13,14147,39875,196500.0,8355242.5,0.001574088353663683,0.005960886366665363
sample_13,14147,39876,196505.0,8355242.5,0.004742772318422794,0.0065513066947460175
sample_13,14147,39877,196510.0,8355242.5,0.006544487550854683,0.002640870865434408
sample_13,14147,39878,196515.0,8355242.5,0.009420854970812798,0.000897123129107058
sample_13,14147,39879,196520.0,8355242.5,0.01937900483608246,0.012262087315320969
sample_13,14147,39880,196525.0,8355242.5,0.011313540861010551,0.004545790143311024
sample_13,14147,39881,196530.0,8355242.5,0.004404139705002308,0.0011808131821453571
sample_13,14147,39882,196535.0,8355242.5,0.006815441884100437,0.0027199408505111933
sample_13,14147,39883,196540.0,8355242.5,0.016627587378025055,0.0037538819015026093
sample_13,14147,39884,196545.0,8355242.5,0.012191828340291977,0.007938457652926445
sample_13,14147,39885,196550.0,8355242.5,0.00277152843773365,0.004794255830347538
sample_13,14147,39886,196555.0,8355242.5,0.007565811276435852,0.002921764738857746
sample_13,14147,39887,196560.0,8355242.5,0.01399813313037157,0.0035525828134268522
sample_13,14147,39888,196565.0,8355242.5,0.014621876180171967,0.0032961047254502773
sample_13,14147,39889,196570.0,8355242.5,0.00845605880022049,0.0016561123775318265
sample_13,14147,39890,196575.0,8355242.5,0.00859275832772255,0.006189647130668163
sample_13,14147,39891,196580.0,8355242.5,0.011145184747874737,0.002538166241720319
sample_13,14147,39892,196585.0,8355242.5,0.013732288964092731,0.0076417475938797
sample_13,14147,39893,196590.0,8355242.5,0.012779789976775646,0.011805619113147259
sample_13,14147,39894,196595.0,8355242.5,0.014189198613166809,0.005195490550249815
sample_13,14147,39895,196600.0,8355242.5,0.014650608412921429,0.001155645353719592
sample_13,14147,39896,196605.0,8355242.5,0.007188462186604738,0.0012728915316984057
sample_13,14147,39897,196610.0,8355242.5,0.019193273037672043,0.0009935307316482067
sample_13,14147,39898,196615.0,8355242.5,0.003346573794260621,0.005408613942563534
sample_13,14147,39899,196620.0,8355242.5,0.006824443582445383,0.009498422034084797
sample_13,14147,39900,196625.0,8355242.5,0.013566876761615276,0.007478273473680019
sample_13,14147,39901,196630.0,8355242.5,0.0070424759760499,0.00425705686211586
sample_13,14147,39902,196635.0,8355242.5,0.0077415709383785725,0.005514655727893114
sample_13,14147,39903,196640.0,8355242.5,0.019055364653468132,0.004175278823822737
sample_13,14147,39904,196645.0,8355242.5,0.0073507996276021,0.0014244989724829793
sample_13,14147,39905,196650.0,8355242.5,0.010692496784031391,0.0008862402755767107
sample_13,14147,39906,196655.0,8355242.5,0.000571100739762187,0.004551481455564499
sample_13,14147,39907,196660.0,8355242.5,0.005032042041420937,0.00045522593427449465
sample_13,14147,39908,196665.0,8355242.5,0.008637050166726112,0.0018845917657017708
sample_13,14147,39909,196670.0,8355242.5,0.011769300326704979,0.0029002982191741467
sample_13,14148,39871,196480.0,8355232.5,0.009338926523923874,0.0034258116502314806
sample_13,14148,39872,196485.0,8355232.5,0.010776091367006302,0.00460367277264595
sample_13,14148,39873,196490.0,8355232.5,0.01076996885240078,0.002475484274327755
sample_13,14148,39874,196495.0,8355232.5,0.004768210928887129,0.005688103847205639
sample_13,14148,39875,196500.0,8355232.5,0.008672102354466915,0.002325893845409155
sample_13,14148,39876,196505.0,8355232.5,0.005936696194112301,0.0010697790421545506
sample_13,14148,39877,196510.0,8355232.5,0.017056409269571304,0.004097078461199999
sample_13,14148,39878,196515.0,8355232.5,0.013899736106395721,0.004064809996634722
sample_13,14148,39879,196520.0,8355232.5,0.0012811191845685244,0.0025598127394914627
sample_13,14148,39880,196525.0,8355232.5,0.010521175339818,0.003784741973504424
sample_13,14148,39881,196530.0,8355232.5,0.014242295175790787,0.0023238707799464464
sample_13,14148,39882,196535.0,8355232.5,0.009038947522640228,0.010266179218888283
sample_13,14148,39883,196540.0,8355232.5,0.011331263929605484,0.004631705582141876
sample_13,14148,39884,196545.0,8355232.5,0.0026820222847163677,0.01021836418658495
sample_13,14148,39885,196550.0,8355232.5,0.003473790129646659,0.007230396382510662
sample_13,14148,39886,196555.0,8355232.5,0.006662221159785986,0.001094650011509657
sample_13,14148,39887,196560.0,8355232.5,0.004276213701814413,0.0023956692311912775
sample_13,14148,39888,196565.0,8355232.5,0.008264672011137009,0.0009361016564071178
sample_13,14148,39889,196570.0,8355232.5,0.0034007010981440544,0.0042560286819934845
sample_13,14148,39890,196575.0,8355232.5,0.006151203066110611,0.0036938819102942944
sample_13,14148,39891,196580.0,8355232.5,0.03099268674850464,0.00859241932630539
sample_13,14148,39892,196585.0,8355232.5,0.008221052587032318,0.004196153953671455
sample_13,14148,39893,196590.0,8355232.5,0.010272846557199955,0.0013739129062741995
sample_13,14148,39894,196595.0,8355232.5,0.004900109488517046,0.002024373272433877
sample_13,14148,39895,196600.0,8355232.5,0.010843351483345032,0.0009105341741815209
sample_13,14148,39896,196605.0,8355232.5,0.002131587825715542,0.0017496736254543066
sample_13,14148,39897,196610.0,8355232.5,0.020533781498670578,0.001510189613327384
sample_13,14148,39898,196615.0,8355232.5,0.015146085992455482,0.0035802526399493217
sample_13,14148,39899,196620.0,8355232.5,0.0045631928369402885,0.005223036743700504
sample_13,14148,39900,196625.0,8355232.5,0.007300850935280323,0.0019270016346126795
sample_13,14148,39901,196630.0,8355232.5,0.012850075028836727,0.004096906166523695
sample_13,14148,39902,196635.0,8355232.5,0.010754773393273354,0.0024779727682471275
sample_13,14148,39903,196640.0,8355232.5,0.004324640147387981,0.004148722626268864
sample_13,14148,39904,196645.0,8355232.5,0.015099698677659035,0.006461122538894415
sample_13,14148,39905,196650.0,8355232.5,0.012838748283684254,0.0028515439480543137
sample_13,14148,39906,196655.0,8355232.5,0.0055084917694330215,0.011024774983525276
sample_13,14148,39907,196660.0,8355232.5,0.015773877501487732,0.004487109836190939
sample_13,14148,39908,196665.0,8355232.5,0.011327555403113365,0.0047528394497931
sample_13,14148,39909,196670.0,8355232.5,0.010370617732405663,0.006285642273724079
sample_13,14149,39871,196480.0,8355222.5,0.013850684277713299,0.004513355903327465
sample_13,14149,39872,196485.0,8355222.5,0.010239535942673683,0.000959485478233546
sample_13,14149,39873,196490.0,8355222.5,0.004705558996647596,0.0025788473431020975
sample_13,14149,39874,196495.0,8355222.5,0.011176186613738537,0.0016437729354947805
sample_13,14149,39875,196500.0,8355222.5,0.015015225857496262,0.0010672720381990075
sample_13,14149,39876,196505.0,8355222.5,0.00803937204182148,0.0025008670054376125
sample_13,14149,39877,196510.0,8355222.5,0.0008436235948465765,0.004326903726905584
sample_13,14149,39878,196515.0,8355222.5,0.0040119970217347145,0.0012064119800925255
sample_13,14149,39879,196520.0,8355222.5,0.003753608325496316,0.002757548587396741
sample_13,14149,39880,196525.0,8355222.5,0.001653477898798883,0.0050885435193777084
sample_13,14149,39881,196530.0,8355222.5,0.008495567366480827,0.0018621324561536312
sample_13,14149,39882,196535.0,8355222.5,0.0012403714936226606,0.002725085010752082
sample_13,14149,39883,196540.0,8355222.5,0.004854287952184677,0.0011558759724721313
sample_13,14149,39884,196545.0,8355222.5,0.0026884812396019697,0.004368127323687077
sample_13,14149,39885,196550.0,8355222.5,0.011882814578711987,0.00734492763876915
sample_13,14149,39886,196555.0,8355222.5,0.010896110907196999,0.002263169502839446
sample_13,14149,39887,196560.0,8355222.5,0.009899675846099854,0.006486382335424423
sample_13,14149,39888,196565.0,8355222.5,0.007160468492656946,0.0031017609871923923
sample_13,14149,39889,196570.0,8355222.5,0.0006592512363567948,0.0022441879846155643
sample_13,14149,39890,196575.0,8355222.5,0.007569407112896442,0.001593929948285222
sample_13,14149,39891,196580.0,8355222.5,0.01661572977900505,0.004918343387544155
sample_13,14149,39892,196585.0,8355222.5,0.013147285208106041,0.0009147909004241228
sample_13,14149,39893,196590.0,8355222.5,0.013308648020029068,0.000656390911899507
sample_13,14149,39894,196595.0,8355222.5,0.010424144566059113,0.000913347234018147
sample_13,14149,39895,196600.0,8355222.5,0.011384035460650921,0.0030751575250178576
sample_13,14149,39896,196605.0,8355222.5,0.0012255614856258035,0.0022249631583690643
sample_13,14149,39897,196610.0,8355222.5,0.014254915527999401,0.0012488566571846604
sample_13,14149,39898,196615.0,8355222.5,0.011013736948370934,0.002212907187640667
sample_13,14149,39899,196620.0,8355222.5,0.03515707701444626,0.007513009011745453
sample_13,14149,39900,196625.0,8355222.5,0.022493790835142136,0.0006740011740475893
sample_13,14149,39901,196630.0,8355222.5,0.0037573170848190784,0.005510932300239801
sample_13,14149,39902,196635.0,8355222.5,0.005842580460011959,0.0096175791695714
sample_13,14149,39903,196640.0,8355222.5,0.006592674646526575,0.00640203058719635
sample_13,14149,39904,196645.0,8355222.5,0.0069731841795146465,0.004157982300966978
sample_13,14149,39905,196650.0,8355222.5,0.007629729807376862,0.004328988492488861
sample_13,14149,39906,196655.0,8355222.5,0.014324693009257317,0.005222545005381107
sample_13,14149,39907,196660.0,8355222.5,0.010678030550479889,0.006190059706568718
sample_13,14149,39908,196665.0,8355222.5,0.010253841988742352,0.0007539888611063361
sample_13,14149,39909,196670.0,8355222.5,0.00858943909406662,0.005908937659114599
sample_13,14150,39871,196480.0,8355212.5,0.011034475639462471,0.0008699829340912402
sample_13,14150,39872,196485.0,8355212.5,0.0057112895883619785,0.0011674010893329978
sample_13,14150,39873,196490.0,8355212.5,0.01029715035110712,0.0015053364913910627
sample_13,14150,39874,196495.0,8355212.5,0.0029698419384658337,0.004392560571432114
sample_13,14150,39875,196500.0,8355212.5,0.004755097907036543,0.00020318177121225744
sample_13,14150,39876,196505.0,8355212.5,0.006706705316901207,0.0013626512372866273
sample_13,14150,39877,196510.0,8355212.5,0.005154770333319902,0.002202743198722601
sample_13,14150,39878,196515.0,8355212.5,0.007727272342890501,0.007583789061754942
sample_13,14150,39879,196520.0,8355212.5,0.005198225844651461,0.0009463626192882657
sample_13,14150,39880,196525.0,8355212.5,0.013683341443538666,0.0023770127445459366
sample_13,14150,39881,196530.0,8355212.5,0.0014207074418663979,0.0020623868331313133
sample_13,14150,39882,196535.0,8355212.5,0.005563796032220125,0.0020766137167811394
sample_13,14150,39883,196540.0,8355212.5,0.0016095541650429368,0.007150859571993351
sample_13,14150,39884,196545.0,8355212.5,0.0070808324962854385,0.0010454943403601646
sample_13,14150,39885,196550.0,8355212.5,0.007696019951254129,0.0014816715847700834
sample_13,14150,39886,196555.0,8355212.5,0.0029586434829980135,0.0036349587608128786
sample_13,14150,39887,196560.0,8355212.5,0.004033076576888561,0.0027517080307006836
sample_13,14150,39888,196565.0,8355212.5,0.0014955457299947739,0.0007042447105050087
sample_13,14150,39889,196570.0,8355212.5,0.028130650520324707,0.0021542503964155912
sample_13,14150,39890,196575.0,8355212.5,0.007776448503136635,0.012887449935078621
sample_13,14150,39891,196580.0,8355212.5,0.00291578471660614,0.0030854002106934786
sample_13,14150,39892,196585.0,8355212.5,0.0068849604576826096,0.004827967379242182
sample_13,14150,39893,196590.0,8355212.5,0.012643199414014816,0.0037740860134363174
sample_13,14150,39894,196595.0,8355212.5,0.018506791442632675,0.009645947255194187
sample_13,14150,39895,196600.0,8355212.5,0.0025417571887373924,0.005658207461237907
sample_13,14150,39896,196605.0,8355212.5,0.004405570216476917,0.0053380997851490974
sample_13,14150,39897,196610.0,8355212.5,0.0010417442535981536,0.0012551764957606792
sample_13,14150,39898,196615.0,8355212.5,0.003942730836570263,0.004234046675264835
sample_13,14150,39899,196620.0,8355212.5,0.01093712542206049,0.0041898456402122974
sample_13,14150,39900,196625.0,8355212.5,0.0026156818494200706,0.001524807303212583
sample_13,14150,39901,196630.0,8355212.5,0.017318373546004295,0.00953597854822874
sample_13,14150,39902,196635.0,8355212.5,0.00669223302975297,0.00517051899805665
sample_13,14150,39903,196640.0,8355212.5,0.0039867497980594635,0.013663498684763908
sample_13,14150,39904,196645.0,8355212.5,0.013335108757019043,0.008585014380514622
sample_13,14150,39905,196650.0,8355212.5,0.016408078372478485,0.004999375436455011
sample_13,14150,39906,196655.0,8355212.5,0.02031424082815647,0.0018181884661316872
sample_13,14150,39907,196660.0,8355212.5,0.017679397016763687,0.0026504993438720703
sample_13,14150,39908,196665.0,8355212.5,0.009970542974770069,0.0014075692743062973
sample_13,14150,39909,196670.0,8355212.5,0.004917745012789965,0.002338725607842207
sample_13,14151,39871,196480.0,8355202.5,0.009154613129794598,0.002551038283854723
sample_13,14151,39872,196485.0,8355202.5,0.012059337459504604,0.007363041862845421
sample_13,14151,39873,196490.0,8355202.5,0.011734092608094215,0.001975927036255598
sample_13,14151,39874,196495.0,8355202.5,0.005681118927896023,0.0027025502640753984
sample_13,14151,39875,196500.0,8355202.5,0.0029141129925847054,0.005462703760713339
sample_13,14151,39876,196505.0,8355202.5,0.004046236630529165,0.005204150453209877
sample_13,14151,39877,196510.0,8355202.5,0.007233047857880592,0.006911035627126694
sample_13,14151,39878,196515.0,8355202.5,0.003896082518622279,0.009828157722949982
sample_13,14151,39879,196520.0,8355202.5,0.015149987302720547,0.005237068515270948
sample_13,14151,39880,196525.0,8355202.5,0.0029053178150206804,0.004604467190802097
sample_13,14151,39881,196530.0,8355202.5,0.016485195606946945,0.0027323090471327305
sample_13,14151,39882,196535.0,8355202.5,0.006843565963208675,0.004009039141237736
sample_13,14151,39883,196540.0,8355202.5,0.006558131892234087,0.005665320437401533
sample_13,14151,39884,196545.0,8355202.5,0.0122744245454669,0.001993703655898571
sample_13,14151,39885,196550.0,8355202.5,0.0040451399981975555,0.004002198111265898
sample_13,14151,39886,196555.0,8355202.5,0.009305555373430252,0.002028035931289196
sample_13,14151,39887,196560.0,8355202.5,0.009594704024493694,0.0115125123411417
sample_13,14151,39888,196565.0,8355202.5,0.0022276495583355427,0.012049651704728603
sample_13,14151,39889,196570.0,8355202.5,0.008362137712538242,0.0017512203194200993
sample_13,14151,39890,196575.0,8355202.5,0.010639684274792671,0.001088032848201692
sample_13,14151,39891,196580.0,8355202.5,0.007489242125302553,0.0027903146110475063
sample_13,14151,39892,196585.0,8355202.5,0.009264912456274033,0.005372471176087856
sample_13,14151,39893,196590.0,8355202.5,0.007338597904890776,0.009441055357456207
sample_13,14151,39894,196595.0,8355202.5,0.018038593232631683,0.001534976065158844
sample_13,14151,39895,196600.0,8355202.5,0.004817177075892687,0.00426443200558424
sample_13,14151,39896,196605.0,8355202.5,0.001390106976032257,0.001850333996117115
sample_13,14151,39897,196610.0,8355202.5,0.0127999447286129,0.0014133371878415346
sample_13,14151,39898,196615.0,8355202.5,0.0055739982053637505,0.0025271233171224594
sample_13,14151,39899,196620.0,8355202.5,0.013168595731258392,0.003592798952013254
sample_13,14151,39900,196625.0,8355202.5,0.01231138315051794,0.002437717979773879
sample_13,14151,39901,196630.0,8355202.5,0.014965945854783058,0.0016853103879839182
sample_13,14151,39902,196635.0,8355202.5,0.00854506902396679,0.0029757432639598846
sample_13,14151,39903,196640.0,8355202.5,0.02863687463104725,0.0039034648798406124
sample_13,14151,39904,196645.0,8355202.5,0.010983411222696304,0.004940416198223829
sample_13,14151,39905,196650.0,8355202.5,0.02323082461953163,0.0041534751653671265
sample_13,14151,39906,196655.0,8355202.5,0.007689822930842638,0.0011755661107599735
sample_13,14151,39907,196660.0,8355202.5,0.015121519565582275,0.005206851288676262
sample_13,14151,39908,196665.0,8355202.5,0.007132585626095533,0.0017411325825378299
sample_13,14151,39909,196670.0,8355202.5,0.007800285704433918,0.0026119123212993145
sample_13,14152,39871,196480.0,8355192.5,0.008985964581370354,0.0039963070303201675
sample_13,14152,39872,196485.0,8355192.5,0.014562161639332771,0.004511024337261915
sample_13,14152,39873,196490.0,8355192.5,0.013890841975808144,0.0027742108795791864
sample_13,14152,39874,196495.0,8355192.5,0.02133743092417717,0.0015443171141669154
sample_13,14152,39875,196500.0,8355192.5,0.0019295110832899809,0.004356136545538902
sample_13,14152,39876,196505.0,8355192.5,0.006412053946405649,0.00562775693833828
sample_13,14152,39877,196510.0,8355192.5,0.011189078912138939,0.003506874432787299
sample_13,14152,39878,196515.0,8355192.5,0.007705063559114933,0.0019073693547397852
sample_13,14152,39879,196520.0,8355192.5,0.010453231632709503,0.0034590493887662888
sample_13,14152,39880,196525.0,8355192.5,0.011334901675581932,0.004056771285831928
sample_13,14152,39881,196530.0,8355192.5,0.004066500347107649,0.00445536570623517
sample_13,14152,39882,196535.0,8355192.5,0.004401371814310551,0.005473768338561058
sample_13,14152,39883,196540.0,8355192.5,0.004142732825130224,0.005025911144912243
sample_13,14152,39884,196545.0,8355192.5,0.0028495711740106344,0.005266430787742138
sample_13,14152,39885,196550.0,8355192.5,0.021124674007296562,0.00129769800696522
sample_13,14152,39886,196555.0,8355192.5,0.0004054781747981906,0.00546066090464592
sample_13,14152,39887,196560.0,8355192.5,0.0075584519654512405,0.005413634702563286
sample_13,14152,39888,196565.0,8355192.5,0.0038270801305770874,0.007264525163918734
sample_13,14152,39889,196570.0,8355192.5,0.01719132624566555,0.005073743872344494
sample_13,14152,39890,196575.0,8355192.5,0.006945042870938778,0.00043137947795912623
sample_13,14152,39891,196580.0,8355192.5,0.008201135322451591,0.0025371022056788206
sample_13,14152,39892,196585.0,8355192.5,0.005786186084151268,0.006100081373006105
sample_13,14152,39893,196590.0,8355192.5,0.007146571762859821,0.0070734405890107155
sample_13,14152,39894,196595.0,8355192.5,0.0036338292993605137,0.002344113541767001
sample_13,14152,39895,196600.0,8355192.5,0.004363169427961111,0.004640956874936819
sample_13,14152,39896,196605.0,8355192.5,0.004183630459010601,0.0010868182871490717
sample_13,14152,39897,196610.0,8355192.5,0.01499100774526596,0.001659404020756483
sample_13,14152,39898,196615.0,8355192.5,0.004547681659460068,0.008395543321967125
sample_13,14152,39899,196620.0,8355192.5,0.00724344328045845,0.0028355771210044622
sample_13,14152,39900,196625.0,8355192.5,0.004988107364624739,0.0029762345366179943
sample_13,14152,39901,196630.0,8355192.5,0.0016972105950117111,0.002205498516559601
sample_13,14152,39902,196635.0,8355192.5,0.0009353021159768105,0.015212124213576317
sample_13,14152,39903,196640.0,8355192.5,0.0010239692637696862,0.003273526905104518
sample_13,14152,39904,196645.0,8355192.5,0.00686225201934576,0.002210392616689205
sample_13,14152,39905,196650.0,8355192.5,0.010019760578870773,0.0022113975137472153
sample_13,14152,39906,196655.0,8355192.5,0.009039454162120819,0.0025346882175654173
sample_13,14152,39907,196660.0,8355192.5,0.011164326220750809,0.0061995829455554485
sample_13,14152,39908,196665.0,8355192.5,0.005678331479430199,0.002294509904459119
sample_13,14152,39909,196670.0,8355192.5,0.018822481855750084,0.005824745167046785
sample_13,14153,39871,196480.0,8355182.5,0.016308125108480453,0.005949205253273249
sample_13,14153,39872,196485.0,8355182.5,0.012795908376574516,0.002301701344549656
sample_13,14153,39873,196490.0,8355182.5,0.0063216835260391235,0.0007080665091052651
sample_13,14153,39874,196495.0,8355182.5,0.005247712600976229,0.008570704609155655
sample_13,14153,39875,196500.0,8355182.5,0.01243484765291214,0.003907652106136084
sample_13,14153,39876,196505.0,8355182.5,0.02379133552312851,0.001255140989087522
sample_13,14153,39877,196510.0,8355182.5,0.00861787237226963,0.0007184025016613305
sample_13,14153,39878,196515.0,8355182.5,0.006688260473310947,0.00076738913776353
sample_13,14153,39879,196520.0,8355182.5,0.009682947769761086,0.0003137750900350511
sample_13,14153,39880,196525.0,8355182.5,0.006961030885577202,0.003338973270729184
sample_13,14153,39881,196530.0,8355182.5,0.008926883339881897,0.0076519520953297615
sample_13,14153,39882,196535.0,8355182.5,0.011940508149564266,0.00488467188552022
sample_13,14153,39883,196540.0,8355182.5,0.0037083809729665518,0.0036839284002780914
sample_13,14153,39884,196545.0,8355182.5,0.00734073668718338,0.0011802847729995847
sample_13,14153,39885,196550.0,8355182.5,0.008225057274103165,0.0018893188098445535
sample_13,14153,39886,196555.0,8355182.5,0.001491522416472435,0.0019686780869960785
sample_13,14153,39887,196560.0,8355182.5,0.023995861411094666,0.0039778053760528564
sample_13,14153,39888,196565.0,8355182.5,0.008184747770428658,0.0026523745618760586
sample_13,14153,39889,196570.0,8355182.5,0.009211281314492226,0.0032318613957613707
sample_13,14153,39890,196575.0,8355182.5,0.0064245667308568954,0.0023881797678768635
sample_13,14153,39891,196580.0,8355182.5,0.006618471350520849,0.0026623394805938005
sample_13,14153,39892,196585.0,8355182.5,0.007385728880763054,0.002287122653797269
sample_13,14153,39893,196590.0,8355182.5,0.011997031047940254,0.0011127705220133066
sample_13,14153,39894,196595.0,8355182.5,0.01403630431741476,0.003997934050858021
sample_13,14153,39895,196600.0,8355182.5,0.006690769921988249,0.003758007427677512
sample_13,14153,39896,196605.0,8355182.5,0.0019869329407811165,0.007715033367276192
sample_13,14153,39897,196610.0,8355182.5,0.0017117250245064497,0.01037993747740984
sample_13,14153,39898,196615.0,8355182.5,0.010611332952976227,0.000611139228567481
sample_13,14153,39899,196620.0,8355182.5,0.017034759745001793,0.006617594975978136
sample_13,14153,39900,196625.0,8355182.5,0.010199696756899357,0.0018245698884129524
sample_13,14153,39901,196630.0,8355182.5,0.009001333266496658,0.0016504847444593906
sample_13,14153,39902,196635.0,8355182.5,0.0019869841635227203,0.0013886133674532175
sample_13,14153,39903,196640.0,8355182.5,0.0011124922893941402,0.001748566748574376
sample_13,14153,39904,196645.0,8355182.5,0.007970601320266724,0.00544825941324234
sample_13,14153,39905,196650.0,8355182.5,0.00222397199831903,0.004021614324301481
sample_13,14153,39906,196655.0,8355182.5,0.008332458324730396,0.0027485210448503494
sample_13,14153,39907,196660.0,8355182.5,0.01978614740073681,0.002427290892228484
sample_13,14153,39908,196665.0,8355182.5,0.016455601900815964,0.004919054917991161
sample_13,14153,39909,196670.0,8355182.5,0.007452479097992182,0.004504611250013113
sample_13,14154,39871,196480.0,8355172.5,0.014800295233726501,0.005285723600536585
sample_13,14154,39872,196485.0,8355172.5,0.005117576103657484,0.004292896017432213
sample_13,14154,39873,196490.0,8355172.5,0.008543198928236961,0.0037315005902200937
sample_13,14154,39874,196495.0,8355172.5,0.012321234680712223,0.006906023249030113
sample_13,14154,39875,196500.0,8355172.5,0.012919405475258827,0.005236986558884382
sample_13,14154,39876,196505.0,8355172.5,0.004472227301448584,0.003481211606413126
sample_13,14154,39877,196510.0,8355172.5,0.007539418060332537,0.003689488861709833
sample_13,14154,39878,196515.0,8355172.5,0.02304723486304283,0.005816466175019741
sample_13,14154,39879,196520.0,8355172.5,0.005066230893135071,0.0046134390868246555
sample_13,14154,39880,196525.0,8355172.5,0.008501727133989334,0.0036085087340325117
sample_13,14154,39881,196530.0,8355172.5,0.0059949173592031,0.0052262283861637115
sample_13,14154,39882,196535.0,8355172.5,0.010866507887840271,0.0013293029041960835
sample_13,14154,39883,196540.0,8355172.5,0.0018326689023524523,0.009662455879151821
sample_13,14154,39884,196545.0,8355172.5,0.01575811579823494,0.002940238220617175
sample_13,14154,39885,196550.0,8355172.5,0.00874880887567997,0.0005105719319544733
sample_13,14154,39886,196555.0,8355172.5,0.002323975320905447,0.0024780393578112125
sample_13,14154,39887,196560.0,8355172.5,0.018913734704256058,0.003258253913372755
sample_13,14154,39888,196565.0,8355172.5,0.004338301718235016,0.007129651494324207
sample_13,14154,39889,196570.0,8355172.5,0.0013967009726911783,0.014020748436450958
sample_13,14154,39890,196575.0,8355172.5,0.006679614074528217,0.006135378498584032
sample_13,14154,39891,196580.0,8355172.5,0.0035129175521433353,0.0014354854356497526
sample_13,14154,39892,196585.0,8355172.5,0.006292296573519707,0.0028155918698757887
sample_13,14154,39893,196590.0,8355172.5,0.005882713943719864,0.0036389606539160013
sample_13,14154,39894,196595.0,8355172.5,0.004300536587834358,0.0040113236755132675
sample_13,14154,39895,196600.0,8355172.5,0.013681204058229923,0.0027163876220583916
sample_13,14154,39896,196605.0,8355172.5,0.0041955141350626945,0.0029250497464090586
sample_13,14154,39897,196610.0,8355172.5,0.0076007540337741375,0.0024869185872375965
sample_13,14154,39898,196615.0,8355172.5,0.0033062314614653587,0.003332654945552349
sample_13,14154,39899,196620.0,8355172.5,0.00739513523876667,0.002947977278381586
sample_13,14154,39900,196625.0,8355172.5,0.005814931355416775,0.008261634036898613
sample_13,14154,39901,196630.0,8355172.5,0.007313710171729326,0.0038220654241740704
sample_13,14154,39902,196635.0,8355172.5,0.0006088081281632185,0.004877762869000435
sample_13,14154,39903,196640.0,8355172.5,0.002482808893546462,0.01019122451543808
sample_13,14154,39904,196645.0,8355172.5,0.015221547335386276,0.0010275602107867599
sample_13,14154,39905,196650.0,8355172.5,0.01631239801645279,0.0007641514530405402
sample_13,14154,39906,196655.0,8355172.5,0.012427014298737049,0.0029420589562505484
sample_13,14154,39907,196660.0,8355172.5,0.0032355517614632845,0.002694805385544896
sample_13,14154,39908,196665.0,8355172.5,0.0031877225264906883,0.002732297871261835
sample_13,14154,39909,196670.0,8355172.5,0.004448559135198593,0.002180119976401329
sample_13,14155,39871,196480.0,8355162.5,0.006325950380414724,0.000415665126638487
sample_13,14155,39872,196485.0,8355162.5,0.013281433843076229,0.003897970076650381
sample_13,14155,39873,196490.0,8355162.5,0.014138821512460709,0.004327788483351469
sample_13,14155,39874,196495.0,8355162.5,0.017091266810894012,0.004219270311295986
sample_13,14155,39875,196500.0,8355162.5,0.008531967177987099,0.0015088538639247417
sample_13,14155,39876,196505.0,8355162.5,0.010928357020020485,0.007166551426053047
sample_13,14155,39877,196510.0,8355162.5,0.011146685108542442,0.0030022403225302696
sample_13,14155,39878,196515.0,8355162.5,0.008062208071351051,0.0037875990383327007
sample_13,14155,39879,196520.0,8355162.5,0.007173487916588783,0.004872266203165054
sample_13,14155,39880,196525.0,8355162.5,0.007315867580473423,0.003611248452216387
sample_13,14155,39881,196530.0,8355162.5,0.009486748836934566,0.0032435646280646324
sample_13,14155,39882,196535.0,8355162.5,0.008809835650026798,0.003130305325612426
sample_13,14155,39883,196540.0,8355162.5,0.004107308574020863,0.003204400185495615
sample_13,14155,39884,196545.0,8355162.5,0.0018953265389427543,0.004135770257562399
sample_13,14155,39885,196550.0,8355162.5,0.007431103847920895,0.007368680089712143
sample_13,14155,39886,196555.0,8355162.5,0.002833809470757842,0.0017942293779924512
sample_13,14155,39887,196560.0,8355162.5,0.006861282978206873,0.004334485158324242
sample_13,14155,39888,196565.0,8355162.5,0.023215455934405327,0.003264851402491331
sample_13,14155,39889,196570.0,8355162.5,0.004918443504720926,0.004196854308247566
sample_13,14155,39890,196575.0,8355162.5,0.006644081324338913,0.006370360031723976
sample_13,14155,39891,196580.0,8355162.5,0.004071908071637154,0.00959548819810152
sample_13,14155,39892,196585.0,8355162.5,0.012601363472640514,0.00192346575204283
sample_13,14155,39893,196590.0,8355162.5,0.0020140837877988815,0.004782869014889002
sample_13,14155,39894,196595.0,8355162.5,0.01566341519355774,0.0020064946729689837
sample_13,14155,39895,196600.0,8355162.5,0.008866198360919952,0.0020837734919041395
sample_13,14155,39896,196605.0,8355162.5,0.004177435301244259,0.0027235562447458506
sample_13,14155,39897,196610.0,8355162.5,0.0026311324909329414,0.0018337303772568703
sample_13,14155,39898,196615.0,8355162.5,0.008145022206008434,0.005999963730573654
sample_13,14155,39899,196620.0,8355162.5,0.01056186854839325,0.012479881756007671
sample_13,14155,39900,196625.0,8355162.5,0.004948936402797699,0.00847376137971878
sample_13,14155,39901,196630.0,8355162.5,0.002987769665196538,0.00041635733214206994
sample_13,14155,39902,196635.0,8355162.5,0.013554627075791359,0.003564985003322363
sample_13,14155,39903,196640.0,8355162.5,0.009182230569422245,0.006208191625773907
sample_13,14155,39904,196645.0,8355162.5,0.00995797198265791,0.00239929067902267
sample_13,14155,39905,196650.0,8355162.5,0.004175773821771145,0.002779573667794466
sample_13,14155,39906,196655.0,8355162.5,0.01736370101571083,0.0010657941456884146
sample_13,14155,39907,196660.0,8355162.5,0.00907864235341549,0.0033301538787782192
sample_13,14155,39908,196665.0,8355162.5,0.010263992473483086,0.00186233501881361
sample_13,14155,39909,196670.0,8355162.5,0.004376452881842852,0.005824347957968712
sample_13,14156,39871,196480.0,8355152.5,0.004204542841762304,0.00911438837647438
sample_13,14156,39872,196485.0,8355152.5,0.007134350948035717,0.006787785794585943
sample_13,14156,39873,196490.0,8355152.5,0.00249006156809628,0.001091088866814971
sample_13,14156,39874,196495.0,8355152.5,0.0025386216584593058,0.004683636594563723
sample_13,14156,39875,196500.0,8355152.5,0.016233818605542183,0.0036770193837583065
sample_13,14156,39876,196505.0,8355152.5,0.01846291869878769,0.002777033718302846
sample_13,14156,39877,196510.0,8355152.5,0.011108936741948128,0.0063362205401062965
sample_13,14156,39878,196515.0,8355152.5,0.0012827935861423612,0.011470314115285873
sample_13,14156,39879,196520.0,8355152.5,0.003918178379535675,0.0037464003544300795
sample_13,14156,39880,196525.0,8355152.5,0.010885806754231453,0.007057396695017815
sample_13,14156,39881,196530.0,8355152.5,0.003630303777754307,0.00479476060718298
sample_13,14156,39882,196535.0,8355152.5,0.0019419811433181167,0.005513316486030817
sample_13,14156,39883,196540.0,8355152.5,0.012509705498814583,0.003187348833307624
sample_13,14156,39884,196545.0,8355152.5,0.02322680875658989,0.007316498551517725
sample_13,14156,39885,196550.0,8355152.5,0.0071232374757528305,0.004299362190067768
sample_13,14156,39886,196555.0,8355152.5,0.004720295313745737,0.0054364511743187904
sample_13,14156,39887,196560.0,8355152.5,0.005905593745410442,0.006112796254456043
sample_13,14156,39888,196565.0,8355152.5,0.0021278199274092913,7.040728814899921e-05
sample_13,14156,39889,196570.0,8355152.5,0.02318447455763817,0.00045367141137830913
sample_13,14156,39890,196575.0,8355152.5,0.012420561164617538,0.0020824153907597065
sample_13,14156,39891,196580.0,8355152.5,0.00973639078438282,0.003312125103548169
sample_14,12341,51192,253085.0,8373302.5,0.01510164700448513,0.005629487801343203
sample_14,12341,51193,253090.0,8373302.5,0.03503281623125076,0.00599267240613699
sample_14,12341,51194,253095.0,8373302.5,0.016092397272586823,0.0026460359804332256
sample_14,12341,51195,253100.0,8373302.5,0.008071757853031158,0.004861969035118818
sample_14,12341,51196,253105.0,8373302.5,0.019982317462563515,0.0023294531274586916
sample_14,12341,51197,253110.0,8373302.5,0.02486388012766838,0.0036197910085320473
sample_14,12341,51198,253115.0,8373302.5,0.03880996257066727,0.001948084682226181
sample_14,12341,51199,253120.0,8373302.5,0.07566559314727783,0.003148099407553673
sample_14,12341,51200,253125.0,8373302.5,0.021365594118833542,0.0006585579831153154
sample_14,12341,51201,253130.0,8373302.5,0.032484374940395355,0.001147948089055717
sample_14,12341,51202,253135.0,8373302.5,0.02357381395995617,0.001822560210712254
sample_14,12341,51203,253140.0,8373302.5,0.02714807167649269,0.0011775684542953968
sample_14,12341,51204,253145.0,8373302.5,0.024969080463051796,0.003753030439838767
sample_14,12341,51205,253150.0,8373302.5,0.028489019721746445,0.003013637848198414
sample_14,12341,51206,253155.0,8373302.5,0.008067019283771515,0.008150734007358551
sample_14,12341,51207,253160.0,8373302.5,0.005245399195700884,0.002419704105705023
sample_14,12341,51208,253165.0,8373302.5,0.028576429933309555,0.0056454772129654884
sample_14,12342,51170,252975.0,8373292.5,0.051030807197093964,0.007383347954601049
sample_14,12342,51171,252980.0,8373292.5,0.015954462811350822,0.003453482873737812
sample_14,12342,51172,252985.0,8373292.5,0.005705898627638817,0.0017554600490257144
sample_14,12342,51173,252990.0,8373292.5,0.04461014270782471,0.002365667838603258
sample_14,12342,51174,252995.0,8373292.5,0.024227280169725418,0.0050328015349805355
sample_14,12342,51175,253000.0,8373292.5,0.07122141122817993,0.002637194935232401
sample_14,12342,51176,253005.0,8373292.5,0.005341073963791132,0.004033814650028944
sample_14,12342,51177,253010.0,8373292.5,0.025486420840024948,0.0030099039431661367
sample_14,12342,51178,253015.0,8373292.5,0.019681613892316818,0.0010554142063483596
sample_14,12342,51179,253020.0,8373292.5,0.07477384060621262,0.005992082878947258
sample_14,12342,51180,253025.0,8373292.5,0.04911177605390549,0.008041540160775185
sample_14,12342,51181,253030.0,8373292.5,0.012295144610106945,0.00294425617903471
sample_14,12342,51182,253035.0,8373292.5,0.028961824253201485,0.0030454080551862717
sample_14,12342,51183,253040.0,8373292.5,0.008808184415102005,0.0007941655931062996
sample_14,12342,51184,253045.0,8373292.5,0.011473995633423328,0.004653462208807468
sample_14,12342,51185,253050.0,8373292.5,0.006658381316810846,0.005248889327049255
sample_14,12342,51186,253055.0,8373292.5,0.004424316342920065,0.0038722215685993433
sample_14,12342,51187,253060.0,8373292.5,0.01952112838625908,0.0006359474500641227
sample_14,12342,51188,253065.0,8373292.5,0.006632107309997082,0.006977386772632599
sample_14,12342,51189,253070.0,8373292.5,0.01609903573989868,0.004784636199474335
sample_14,12342,51190,253075.0,8373292.5,0.019861344248056412,0.0009347000159323215
sample_14,12342,51191,253080.0,8373292.5,0.0022428014781326056,0.0028459993191063404
sample_14,12342,51192,253085.0,8373292.5,0.023704491555690765,0.007198368199169636
sample_14,12342,51193,253090.0,8373292.5,0.030001278966665268,0.007785614579916
sample_14,12342,51194,253095.0,8373292.5,0.0625268965959549,0.004404850769788027
sample_14,12342,51195,253100.0,8373292.5,0.0114207798615098,0.006097238510847092
sample_14,12342,51196,253105.0,8373292.5,0.03422682359814644,0.004378652665764093
sample_14,12342,51197,253110.0,8373292.5,0.027204202488064766,0.003495592623949051
sample_14,12342,51198,253115.0,8373292.5,0.018000280484557152,0.002052810275927186
sample_14,12342,51199,253120.0,8373292.5,0.00901550892740488,0.002523666014894843
sample_14,12342,51200,253125.0,8373292.5,0.012535872869193554,0.006118383724242449
sample_14,12342,51201,253130.0,8373292.5,0.016460368409752846,0.0073671480640769005
sample_14,12342,51202,253135.0,8373292.5,0.006899199448525906,0.00048077089013531804
sample_14,12342,51203,253140.0,8373292.5,0.0161811001598835,0.006450687535107136
sample_14,12342,51204,253145.0,8373292.5,0.020633766427636147,0.0027191208209842443
sample_14,12342,51205,253150.0,8373292.5,0.02660508267581463,0.0018206426175311208
sample_14,12342,51206,253155.0,8373292.5,0.008100636303424835,0.0048295496962964535
sample_14,12342,51207,253160.0,8373292.5,0.020808469504117966,0.0011234604753553867
sample_14,12342,51208,253165.0,8373292.5,0.014913726598024368,0.003185228444635868
sample_14,12343,51170,252975.0,8373282.5,0.008789162151515484,0.004121057689189911
sample_14,12343,51171,252980.0,8373282.5,0.04278663545846939,0.0020456614438444376
sample_14,12343,51172,252985.0,8373282.5,0.010175060480833054,0.005231516435742378
sample_14,12343,51173,252990.0,8373282.5,0.02555740624666214,0.002289239317178726
sample_14,12343,51174,252995.0,8373282.5,0.0365016832947731,0.0022811726666986942
sample_14,12343,51175,253000.0,8373282.5,0.011138351634144783,0.0027467133477330208
sample_14,12343,51176,253005.0,8373282.5,0.026719700545072556,0.0038895290344953537
sample_14,12343,51177,253010.0,8373282.5,0.012543859891593456,0.007481770124286413
sample_14,12343,51178,253015.0,8373282.5,0.023037219420075417,0.0029706500936299562
sample_14,12343,51179,253020.0,8373282.5,0.0057255569845438,0.007220987696200609
sample_14,12343,51180,253025.0,8373282.5,0.02758120186626911,0.005145575851202011
sample_14,12343,51181,253030.0,8373282.5,0.01122543215751648,0.00047992670442909
sample_14,12343,51182,253035.0,8373282.5,0.030362723395228386,0.005610233638435602
sample_14,12343,51183,253040.0,8373282.5,0.05389636009931564,0.004605692811310291
sample_14,12343,51184,253045.0,8373282.5,0.014449906535446644,0.002431127242743969
sample_14,12343,51185,253050.0,8373282.5,0.01502467505633831,0.0032606201712042093
sample_14,12343,51186,253055.0,8373282.5,0.03242427110671997,0.004462526645511389
sample_14,12343,51187,253060.0,8373282.5,0.02252303436398506,0.0029242043383419514
sample_14,12343,51188,253065.0,8373282.5,0.017746122553944588,0.001073419232852757
sample_14,12343,51189,253070.0,8373282.5,0.03442484140396118,0.0010308525525033474
sample_14,12343,51190,253075.0,8373282.5,0.01959141157567501,0.003007363062351942
sample_14,12343,51191,253080.0,8373282.5,0.010281674563884735,0.0038807401433587074
sample_14,12343,51192,253085.0,8373282.5,0.014249666593968868,0.002556181512773037
sample_14,12343,51193,253090.0,8373282.5,0.01735270395874977,0.0033157565630972385
sample_14,12343,51194,253095.0,8373282.5,0.03955802321434021,0.00359940342605114
sample_14,12343,51195,253100.0,8373282.5,0.021000264212489128,0.009727300144731998
sample_14,12343,51196,253105.0,8373282.5,0.02233804203569889,0.004658158868551254
sample_14,12343,51197,253110.0,8373282.5,0.013304824009537697,0.0035308944061398506
sample_14,12343,51198,253115.0,8373282.5,0.009717628359794617,0.005262152291834354
sample_14,12343,51199,253120.0,8373282.5,0.05826345086097717,0.004923427477478981
sample_14,12343,51200,253125.0,8373282.5,0.024379011243581772,0.002922455780208111
sample_14,12343,51201,253130.0,8373282.5,0.03446996957063675,0.0001783053739927709
sample_14,12343,51202,253135.0,8373282.5,0.007929905317723751,0.0013023798819631338
sample_14,12343,51203,253140.0,8373282.5,0.025249214842915535,0.009588116779923439
sample_14,12343,51204,253145.0,8373282.5,0.010021811351180077,0.0018462841399013996
sample_14,12343,51205,253150.0,8373282.5,0.03291626647114754,0.012037167325615883
sample_14,12343,51206,253155.0,8373282.5,0.021343916654586792,0.004463448189198971
sample_14,12343,51207,253160.0,8373282.5,0.08059869706630707,0.007587080355733633
sample_14,12343,51208,253165.0,8373282.5,0.08212406933307648,0.007473047357052565
sample_14,12344,51170,252975.0,8373272.5,0.012294214218854904,0.0079934261739254
sample_14,12344,51171,252980.0,8373272.5,0.03206842020153999,0.008034206926822662
sample_14,12344,51172,252985.0,8373272.5,0.003564585233107209,0.0010199788957834244
sample_14,12344,51173,252990.0,8373272.5,0.05947987735271454,0.004395928233861923
sample_14,12344,51174,252995.0,8373272.5,0.008263993076980114,0.004833167418837547
sample_14,12344,51175,253000.0,8373272.5,0.05508245900273323,0.007798599079251289
sample_14,12344,51176,253005.0,8373272.5,0.024569207802414894,0.003625790122896433
sample_14,12344,51177,253010.0,8373272.5,0.012225158512592316,0.007437307853251696
sample_14,12344,51178,253015.0,8373272.5,0.026093117892742157,0.00580892339348793
sample_14,12344,51179,253020.0,8373272.5,0.025650260969996452,0.007213849574327469
sample_14,12344,51180,253025.0,8373272.5,0.00734929321333766,0.0073804608546197414
sample_14,12344,51181,253030.0,8373272.5,0.01346568763256073,0.005498865153640509
sample_14,12344,51182,253035.0,8373272.5,0.01719779521226883,0.006292954087257385
sample_14,12344,51183,253040.0,8373272.5,0.01054178923368454,0.005560454912483692
sample_14,12344,51184,253045.0,8373272.5,0.012554502114653587,0.0015792420599609613
sample_14,12344,51185,253050.0,8373272.5,0.0036225412040948868,0.0019923008512705564
sample_14,12344,51186,253055.0,8373272.5,0.02942388318479061,0.006895794998854399
sample_14,12344,51187,253060.0,8373272.5,0.04727275297045708,0.002132330322638154
sample_14,12344,51188,253065.0,8373272.5,0.009353631176054478,0.0011044342536479235
sample_14,12344,51189,253070.0,8373272.5,0.0094817029312253,0.0021886713802814484
sample_14,12344,51190,253075.0,8373272.5,0.012259343639016151,0.006496639922261238
sample_14,12344,51191,253080.0,8373272.5,0.016287723556160927,0.003972730599343777
sample_14,12344,51192,253085.0,8373272.5,0.0014129329938441515,0.0006191126303747296
sample_14,12344,51193,253090.0,8373272.5,0.015819644555449486,0.00273812934756279
sample_14,12344,51194,253095.0,8373272.5,0.008078396320343018,0.012434454634785652
sample_14,12344,51195,253100.0,8373272.5,0.03579697385430336,0.006091120652854443
sample_14,12344,51196,253105.0,8373272.5,0.04450894892215729,0.005933099891990423
sample_14,12344,51197,253110.0,8373272.5,0.016097290441393852,0.0026541752740740776
sample_14,12344,51198,253115.0,8373272.5,0.010318037122488022,0.007787863723933697
sample_14,12344,51199,253120.0,8373272.5,0.010650509037077427,0.0016840784810483456
sample_14,12344,51200,253125.0,8373272.5,0.017186874523758888,0.004728539381176233
sample_14,12344,51201,253130.0,8373272.5,0.019571244716644287,0.004958935081958771
sample_14,12344,51202,253135.0,8373272.5,0.0029938225634396076,0.007232242729514837
sample_14,12344,51203,253140.0,8373272.5,0.006043232046067715,0.0007086331606842577
sample_14,12344,51204,253145.0,8373272.5,0.01410240214318037,0.0024022802244871855
sample_14,12344,51205,253150.0,8373272.5,0.013624143786728382,0.0019093344453722239
sample_14,12344,51206,253155.0,8373272.5,0.03486084192991257,0.004328809212893248
sample_14,12344,51207,253160.0,8373272.5,0.016351355239748955,0.00721793994307518
sample_14,12344,51208,253165.0,8373272.5,0.01474026683717966,0.001927766716107726
sample_14,12345,51170,252975.0,8373262.5,0.05217653512954712,0.0003402269212529063
sample_14,12345,51171,252980.0,8373262.5,0.01640801876783371,0.005496719852089882
sample_14,12345,51172,252985.0,8373262.5,0.04319082200527191,0.0007760393200442195
sample_14,12345,51173,252990.0,8373262.5,0.022061621770262718,0.005274776369333267
sample_14,12345,51174,252995.0,8373262.5,0.008654342032968998,0.0030103535391390324
sample_14,12345,51175,253000.0,8373262.5,0.01658371090888977,0.0007035102462396026
sample_14,12345,51176,253005.0,8373262.5,0.005946911871433258,0.0034301255363970995
sample_14,12345,51177,253010.0,8373262.5,0.019171202555298805,0.0017547068418934941
sample_14,12345,51178,253015.0,8373262.5,0.02470758929848671,0.0012200630735605955
sample_14,12345,51179,253020.0,8373262.5,0.01765443943440914,0.0019025220535695553
sample_14,12345,51180,253025.0,8373262.5,0.017946947365999222,0.005061801988631487
sample_14,12345,51181,253030.0,8373262.5,0.03554834797978401,0.004826911725103855
sample_14,12345,51182,253035.0,8373262.5,0.002759726718068123,0.003363049356266856
sample_14,12345,51183,253040.0,8373262.5,0.030115623027086258,0.0028990202117711306
sample_14,12345,51184,253045.0,8373262.5,0.007545017637312412,0.004101101774722338
sample_14,12345,51185,253050.0,8373262.5,0.023783832788467407,0.004040474072098732
sample_14,12345,51186,253055.0,8373262.5,0.01296955719590187,0.0011801044456660748
sample_14,12345,51187,253060.0,8373262.5,0.014587310142815113,0.0045522665604949
sample_14,12345,51188,253065.0,8373262.5,0.027575235813856125,0.0008880221284925938
sample_14,12345,51189,253070.0,8373262.5,0.02072342298924923,0.002391488291323185
sample_14,12345,51190,253075.0,8373262.5,0.005281698424369097,0.006042225752025843
sample_14,12345,51191,253080.0,8373262.5,0.024287231266498566,0.0031751927454024553
sample_14,12345,51192,253085.0,8373262.5,0.024293243885040283,0.004744588863104582
sample_14,12345,51193,253090.0,8373262.5,0.021024493500590324,0.0011887720320373774
sample_14,12345,51194,253095.0,8373262.5,0.019159186631441116,0.011900752782821655
sample_14,12345,51195,253100.0,8373262.5,0.024768041446805,0.019093632698059082
sample_14,12345,51196,253105.0,8373262.5,0.0029334910213947296,0.015375222079455853
sample_14,12345,51197,253110.0,8373262.5,0.008062293753027916,0.006336326710879803
sample_14,12345,51198,253115.0,8373262.5,0.016506098210811615,0.0032010257709771395
sample_14,12345,51199,253120.0,8373262.5,0.06341934204101562,0.0034815073013305664
sample_14,12345,51200,253125.0,8373262.5,0.013505838811397552,0.00600556330755353
sample_14,12345,51201,253130.0,8373262.5,0.0313909612596035,0.001685567433014512
sample_14,12345,51202,253135.0,8373262.5,0.015934238210320473,0.00818098895251751
sample_14,12345,51203,253140.0,8373262.5,0.008857034146785736,0.008683496154844761
sample_14,12345,51204,253145.0,8373262.5,0.015551747754216194,0.01556742936372757
sample_14,12345,51205,253150.0,8373262.5,0.013369432650506496,0.0016950801946222782
sample_14,12345,51206,253155.0,8373262.5,0.016518747434020042,0.009367808699607849
sample_14,12345,51207,253160.0,8373262.5,0.04034179076552391,0.008323447778820992
sample_14,12345,51208,253165.0,8373262.5,0.042815208435058594,0.0012745141284540296
sample_14,12346,51170,252975.0,8373252.5,0.005737497471272945,0.001979859545826912
sample_14,12346,51171,252980.0,8373252.5,0.006114210933446884,0.0010397332953289151
sample_14,12346,51172,252985.0,8373252.5,0.009413538500666618,0.007011029869318008
sample_14,12346,51173,252990.0,8373252.5,0.03457115218043327,0.00846068561077118
sample_14,12346,51174,252995.0,8373252.5,0.01033115852624178,0.0048018889501690865
sample_14,12346,51175,253000.0,8373252.5,0.03144460171461105,0.007808598689734936
sample_14,12346,51176,253005.0,8373252.5,0.021351788192987442,0.005409399047493935
sample_14,12346,51177,253010.0,8373252.5,0.006881453096866608,0.007581013720482588
sample_14,12346,51178,253015.0,8373252.5,0.008478287607431412,0.004245004616677761
sample_14,12346,51179,253020.0,8373252.5,0.005866267718374729,0.000968444743193686
sample_14,12346,51180,253025.0,8373252.5,0.009182935580611229,0.0009008916094899178
sample_14,12346,51181,253030.0,8373252.5,0.01892707496881485,0.0005342329968698323
sample_14,12346,51182,253035.0,8373252.5,0.012639680877327919,0.0029256525449454784
sample_14,12346,51183,253040.0,8373252.5,0.00326536619104445,0.007005508989095688
sample_14,12346,51184,253045.0,8373252.5,0.045308664441108704,0.0017595066456124187
sample_14,12346,51185,253050.0,8373252.5,0.030558710917830467,0.010166953317821026
sample_14,12346,51186,253055.0,8373252.5,0.018896665424108505,0.008950370363891125
sample_14,12346,51187,253060.0,8373252.5,0.019538696855306625,0.008826430886983871
sample_14,12346,51188,253065.0,8373252.5,0.0289229154586792,0.0065996721386909485
sample_14,12346,51189,253070.0,8373252.5,0.04128418490290642,0.001108960248529911
sample_14,12346,51190,253075.0,8373252.5,0.008756219409406185,0.006258815992623568
sample_14,12346,51191,253080.0,8373252.5,0.0751974806189537,0.0018017643596976995
sample_14,12346,51192,253085.0,8373252.5,0.08329740166664124,0.0010932383593171835
sample_14,12346,51193,253090.0,8373252.5,0.032843299210071564,0.006153130438178778
sample_14,12346,51194,253095.0,8373252.5,0.03033839911222458,0.0049738092347979546
sample_14,12346,51195,253100.0,8373252.5,0.04067486897110939,0.0028257002122700214
sample_14,12346,51196,253105.0,8373252.5,0.031606219708919525,0.001510988804511726
sample_14,12346,51197,253110.0,8373252.5,0.02624553069472313,0.006237904541194439
sample_14,12346,51198,253115.0,8373252.5,0.02301059477031231,0.010358416475355625
sample_14,12346,51199,253120.0,8373252.5,0.024591395631432533,0.007363948505371809
sample_14,12346,51200,253125.0,8373252.5,0.01962485909461975,0.0033801067620515823
sample_14,12346,51201,253130.0,8373252.5,0.03874726593494415,0.006770366337150335
sample_14,12346,51202,253135.0,8373252.5,0.008124781772494316,0.006443793885409832
sample_14,12346,51203,253140.0,8373252.5,0.006719379685819149,0.0030065346509218216
sample_14,12346,51204,253145.0,8373252.5,0.009348390623927116,0.005996874067932367
sample_14,12346,51205,253150.0,8373252.5,0.009751379489898682,0.00743890181183815
sample_14,12346,51206,253155.0,8373252.5,0.011190459132194519,0.0024423107970505953
sample_14,12346,51207,253160.0,8373252.5,0.005601000972092152,0.0029424175154417753
sample_14,12346,51208,253165.0,8373252.5,0.034777965396642685,0.006237629801034927
sample_14,12347,51170,252975.0,8373242.5,0.002725014928728342,0.0010508755221962929
sample_14,12347,51171,252980.0,8373242.5,0.008691814728081226,0.0041206106543540955
sample_14,12347,51172,252985.0,8373242.5,0.022550858557224274,0.001853420864790678
sample_14,12347,51173,252990.0,8373242.5,0.008887022733688354,0.0020824887324124575
sample_14,12347,51174,252995.0,8373242.5,0.008937730453908443,0.0035206791944801807
sample_14,12347,51175,253000.0,8373242.5,0.03403281420469284,0.003440881846472621
sample_14,12347,51176,253005.0,8373242.5,0.018329542130231857,0.00398095790296793
sample_14,12347,51177,253010.0,8373242.5,0.0054911840707063675,0.006784564815461636
sample_14,12347,51178,253015.0,8373242.5,0.01030648685991764,0.004895961843430996
sample_14,12347,51179,253020.0,8373242.5,0.06443940103054047,0.0004805427452083677
sample_14,12347,51180,253025.0,8373242.5,0.042026177048683167,0.0020686951465904713
sample_14,12347,51181,253030.0,8373242.5,0.018592871725559235,0.008300023153424263
sample_14,12347,51182,253035.0,8373242.5,0.048675693571567535,0.013169272802770138
sample_14,12347,51183,253040.0,8373242.5,0.01599595509469509,0.002386904787272215
sample_14,12347,51184,253045.0,8373242.5,0.04009384289383888,0.00521969934925437
sample_14,12347,51185,253050.0,8373242.5,0.010438166558742523,0.0062474450096488
sample_14,12347,51186,253055.0,8373242.5,0.032228898257017136,0.014034636318683624
sample_14,12347,51187,253060.0,8373242.5,0.013590322807431221,0.001994050107896328
sample_14,12347,51188,253065.0,8373242.5,0.004124859347939491,0.0030344873666763306
sample_14,12347,51189,253070.0,8373242.5,0.024305980652570724,0.004966705106198788
sample_14,12347,51190,253075.0,8373242.5,0.03593513369560242,0.008968942798674107
sample_14,12347,51191,253080.0,8373242.5,0.020827308297157288,0.003986338619142771
sample_14,12347,51192,253085.0,8373242.5,0.006582144182175398,0.001585106598213315
sample_14,12347,51193,253090.0,8373242.5,0.010016479529440403,0.0008842276874929667
sample_14,12347,51194,253095.0,8373242.5,0.01179567351937294,0.005279320292174816
sample_14,12347,51195,253100.0,8373242.5,0.014910902827978134,0.0067470441572368145
sample_14,12347,51196,253105.0,8373242.5,0.009792297147214413,0.004574238322675228
sample_14,12347,51197,253110.0,8373242.5,0.009013732895255089,0.004141911864280701
sample_14,12347,51198,253115.0,8373242.5,0.015552978962659836,0.0015981037868186831
sample_14,12347,51199,253120.0,8373242.5,0.01778625138103962,0.0014875262277200818
sample_14,12347,51200,253125.0,8373242.5,0.014385217800736427,0.0035513611510396004
sample_14,12347,51201,253130.0,8373242.5,0.033648259937763214,0.010643870569765568
sample_14,12347,51202,253135.0,8373242.5,0.01606658659875393,0.006788037717342377
sample_14,12347,51203,253140.0,8373242.5,0.01852743700146675,0.0035922254901379347
sample_14,12347,51204,253145.0,8373242.5,0.005548011977225542,0.004653743468225002
sample_14,12347,51205,253150.0,8373242.5,0.03113405965268612,0.0034444236662238836
sample_14,12347,51206,253155.0,8373242.5,0.04269147664308548,0.006485385820269585
sample_14,12347,51207,253160.0,8373242.5,0.022534184157848358,0.004837768152356148
sample_14,12347,51208,253165.0,8373242.5,0.02598515711724758,0.0014893112238496542
sample_14,12348,51170,252975.0,8373232.5,0.014329000376164913,0.004419469740241766
sample_14,12348,51171,252980.0,8373232.5,0.006817661225795746,0.0030988631770014763
sample_14,12348,51172,252985.0,8373232.5,0.010397093370556831,0.006095508579164743
sample_14,12348,51173,252990.0,8373232.5,0.01792014017701149,0.006481391843408346
sample_14,12348,51174,252995.0,8373232.5,0.021522793918848038,0.0021833584178239107
sample_14,12348,51175,253000.0,8373232.5,0.007052301429212093,0.0025746889878064394
sample_14,12348,51176,253005.0,8373232.5,0.01102672889828682,0.0023948033340275288
sample_14,12348,51177,253010.0,8373232.5,0.010203821584582329,0.013037599623203278
sample_14,12348,51178,253015.0,8373232.5,0.03733571991324425,0.0056599583476781845
sample_14,12348,51179,253020.0,8373232.5,0.027192778885364532,0.004419201053678989
sample_14,12348,51180,253025.0,8373232.5,0.031267449259757996,0.0021042749285697937
sample_14,12348,51181,253030.0,8373232.5,0.034425996243953705,0.000678767217323184
sample_14,12348,51182,253035.0,8373232.5,0.005554530303925276,0.0003074603737331927
sample_14,12348,51183,253040.0,8373232.5,0.018004899844527245,0.003998445812612772
sample_14,12348,51184,253045.0,8373232.5,0.02586187794804573,0.004328485578298569
sample_14,12348,51185,253050.0,8373232.5,0.07242927700281143,0.0010851597180590034
sample_14,12348,51186,253055.0,8373232.5,0.038030464202165604,0.005307750776410103
sample_14,12348,51187,253060.0,8373232.5,0.023973621428012848,0.004477420821785927
sample_14,12348,51188,253065.0,8373232.5,0.017246268689632416,0.004740219563245773
sample_14,12348,51189,253070.0,8373232.5,0.03027188777923584,0.0028826845809817314
sample_14,12348,51190,253075.0,8373232.5,0.007450902834534645,0.0032657645642757416
sample_14,12348,51191,253080.0,8373232.5,0.016869449988007545,0.0022371714003384113
sample_14,12348,51192,253085.0,8373232.5,0.06521061807870865,0.0011042108526453376
sample_14,12348,51193,253090.0,8373232.5,0.06594745069742203,0.0006396191893145442
sample_14,12348,51194,253095.0,8373232.5,0.010377990081906319,0.0014247371582314372
sample_14,12348,51195,253100.0,8373232.5,0.022984793409705162,0.01107823010534048
sample_14,12348,51196,253105.0,8373232.5,0.037619251757860184,0.009976580739021301
sample_14,12348,51197,253110.0,8373232.5,0.03925606235861778,0.004165119957178831
sample_14,12348,51198,253115.0,8373232.5,0.004467157647013664,0.006039406172931194
sample_14,12348,51199,253120.0,8373232.5,0.033265769481658936,0.0030335530173033476
sample_14,12348,51200,253125.0,8373232.5,0.03256910294294357,0.0025696693919599056
sample_14,12348,51201,253130.0,8373232.5,0.03979508951306343,0.004714122507721186
sample_14,12348,51202,253135.0,8373232.5,0.009835761040449142,0.02523743361234665
sample_14,12348,51203,253140.0,8373232.5,0.008814556524157524,0.006182071752846241
sample_14,12348,51204,253145.0,8373232.5,0.03583449125289917,0.004106977488845587
sample_14,12348,51205,253150.0,8373232.5,0.038878001272678375,0.0030454369261860847
sample_14,12348,51206,253155.0,8373232.5,0.025870252400636673,0.006905741989612579
sample_14,12348,51207,253160.0,8373232.5,0.009128740057349205,0.002309410832822323
sample_14,12348,51208,253165.0,8373232.5,0.008461304940283298,0.008140119723975658
sample_14,12349,51170,252975.0,8373222.5,0.010411379858851433,0.006863635964691639
sample_14,12349,51171,252980.0,8373222.5,0.0041246116161346436,0.004856740590184927
sample_14,12349,51172,252985.0,8373222.5,0.026105623692274094,0.0036843728739768267
sample_14,12349,51173,252990.0,8373222.5,0.0246762502938509,0.0022197538055479527
sample_14,12349,51174,252995.0,8373222.5,0.01120763923972845,0.0059815505519509315
sample_14,12349,51175,253000.0,8373222.5,0.0192713625729084,0.004831530153751373
sample_14,12349,51176,253005.0,8373222.5,0.002763885771855712,0.0031268431339412928
sample_14,12349,51177,253010.0,8373222.5,0.008670943789184093,0.003969142679125071
sample_14,12349,51178,253015.0,8373222.5,0.019237171858549118,0.005431347992271185
sample_14,12349,51179,253020.0,8373222.5,0.018775660544633865,0.0027996518183499575
sample_14,12349,51180,253025.0,8373222.5,0.026167111471295357,0.0007144701667129993
sample_14,12349,51181,253030.0,8373222.5,0.0343717485666275,0.000808325014077127
sample_14,12349,51182,253035.0,8373222.5,0.022374678403139114,0.006095338612794876
sample_14,12349,51183,253040.0,8373222.5,0.02245299145579338,0.013882657513022423
sample_14,12349,51184,253045.0,8373222.5,0.01965920440852642,0.005311743821948767
sample_14,12349,51185,253050.0,8373222.5,0.044408559799194336,0.0014736788580194116
sample_14,12349,51186,253055.0,8373222.5,0.04375419020652771,0.003950587473809719
sample_14,12349,51187,253060.0,8373222.5,0.004857493098825216,0.007114953361451626
sample_14,12349,51188,253065.0,8373222.5,0.01919327676296234,0.0033566856291145086
sample_14,12349,51189,253070.0,8373222.5,0.006079081911593676,0.00017522208509035408
sample_14,12349,51190,253075.0,8373222.5,0.024146422743797302,0.0016270754858851433
sample_14,12349,51191,253080.0,8373222.5,0.015461670234799385,0.003826609579846263
sample_14,12349,51192,253085.0,8373222.5,0.010814281180500984,0.0021677548065781593
sample_14,12349,51193,253090.0,8373222.5,0.007362328469753265,0.0021227141842246056
sample_14,12349,51194,253095.0,8373222.5,0.05696157366037369,0.002646499779075384
sample_14,12349,51195,253100.0,8373222.5,0.029619285836815834,0.007078216876834631
sample_14,12349,51196,253105.0,8373222.5,0.009964908473193645,0.0073794592171907425
sample_14,12349,51197,253110.0,8373222.5,0.03479190915822983,0.001552090048789978
sample_14,12349,51198,253115.0,8373222.5,0.007548118941485882,0.004466797225177288
sample_14,12349,51199,253120.0,8373222.5,0.010665797628462315,0.012882071547210217
sample_14,12349,51200,253125.0,8373222.5,0.017986591905355453,0.0014657482970505953
sample_14,12349,51201,253130.0,8373222.5,0.023380525410175323,0.003982431720942259
sample_14,12349,51202,253135.0,8373222.5,0.00910047348588705,0.005170055199414492
sample_14,12349,51203,253140.0,8373222.5,0.018179554492235184,0.003426753683015704
sample_14,12349,51204,253145.0,8373222.5,0.016390884295105934,0.0009199671912938356
sample_14,12349,51205,253150.0,8373222.5,0.03548426553606987,0.004206307232379913
sample_14,12349,51206,253155.0,8373222.5,0.012083284556865692,0.011710693128407001
sample_14,12349,51207,253160.0,8373222.5,0.019544441252946854,0.006517745554447174
sample_14,12349,51208,253165.0,8373222.5,0.007911290973424911,0.006865031085908413
sample_14,12350,51170,252975.0,8373212.5,0.02617483027279377,0.0017229955410584807
sample_14,12350,51171,252980.0,8373212.5,0.0122278593480587,0.0020758577156811953
sample_14,12350,51172,252985.0,8373212.5,0.016592424362897873,0.0015125430654734373
sample_14,12350,51173,252990.0,8373212.5,0.0579400472342968,0.0005255092401057482
sample_14,12350,51174,252995.0,8373212.5,0.02973976358771324,0.0023731107357889414
sample_14,12350,51175,253000.0,8373212.5,0.007941328920423985,0.0015524628106504679
sample_14,12350,51176,253005.0,8373212.5,0.013166780583560467,0.00021539068256970495
sample_14,12350,51177,253010.0,8373212.5,0.046392425894737244,0.003686073236167431
sample_14,12350,51178,253015.0,8373212.5,0.012601579539477825,0.00808096956461668
sample_14,12350,51179,253020.0,8373212.5,0.020601501688361168,0.003537745214998722
sample_14,12350,51180,253025.0,8373212.5,0.023375144228339195,0.0014275300782173872
sample_14,12350,51181,253030.0,8373212.5,0.056908365339040756,0.0032985820434987545
sample_14,12350,51182,253035.0,8373212.5,0.03221898525953293,0.014945326372981071
sample_14,12350,51183,253040.0,8373212.5,0.00543532008305192,0.006004419643431902
sample_14,12350,51184,253045.0,8373212.5,0.007042989134788513,0.003475973615422845
sample_14,12350,51185,253050.0,8373212.5,0.013947929255664349,0.0038288370706140995
sample_14,12350,51186,253055.0,8373212.5,0.03166805952787399,0.005074907094240189
sample_14,12350,51187,253060.0,8373212.5,0.010088447481393814,0.000992708490230143
sample_14,12350,51188,253065.0,8373212.5,0.02613961696624756,0.004890493117272854
sample_14,12350,51189,253070.0,8373212.5,0.06553027033805847,0.0004048021219205111
sample_14,12350,51190,253075.0,8373212.5,0.03340497612953186,0.0028721634298563004
sample_14,12350,51191,253080.0,8373212.5,0.021394306793808937,0.003746970556676388
sample_14,12350,51192,253085.0,8373212.5,0.0437149852514267,0.003536609932780266
sample_14,12350,51193,253090.0,8373212.5,0.0767199918627739,0.0014036026550456882
sample_14,12350,51194,253095.0,8373212.5,0.0428401418030262,0.0015425393357872963
sample_14,12350,51195,253100.0,8373212.5,0.028932658955454826,0.0054518841207027435
sample_14,12350,51196,253105.0,8373212.5,0.005585742183029652,0.008789600804448128
sample_14,12350,51197,253110.0,8373212.5,0.05575279891490936,0.007197301834821701
sample_14,12350,51198,253115.0,8373212.5,0.024527639150619507,0.008271243423223495
sample_14,12350,51199,253120.0,8373212.5,0.03245159983634949,0.002234137151390314
sample_14,12350,51200,253125.0,8373212.5,0.010083777830004692,0.0038142260164022446
sample_14,12350,51201,253130.0,8373212.5,0.015008488669991493,0.005174679681658745
sample_14,12350,51202,253135.0,8373212.5,0.05237843096256256,0.012871762737631798
sample_14,12350,51203,253140.0,8373212.5,0.039418574422597885,0.005597576964646578
sample_14,12350,51204,253145.0,8373212.5,0.03463223576545715,0.005497694481164217
sample_14,12350,51205,253150.0,8373212.5,0.016642363741993904,0.0009923133766278625
sample_14,12350,51206,253155.0,8373212.5,0.004773097112774849,0.0020070108585059643
sample_14,12350,51207,253160.0,8373212.5,0.013773920945823193,0.0009672767482697964
sample_14,12350,51208,253165.0,8373212.5,0.01670852303504944,0.0071572959423065186
sample_14,12351,51170,252975.0,8373202.5,0.013115670531988144,0.0010288228513672948
sample_14,12351,51171,252980.0,8373202.5,0.0054377964697778225,0.006564815528690815
sample_14,12351,51172,252985.0,8373202.5,0.023353688418865204,0.009941483847796917
sample_14,12351,51173,252990.0,8373202.5,0.0018973121186718345,0.002281357767060399
sample_14,12351,51174,252995.0,8373202.5,0.017762595787644386,0.0010266329627484083
sample_14,12351,51175,253000.0,8373202.5,0.04772848263382912,0.008078321814537048
sample_14,12351,51176,253005.0,8373202.5,0.041983287781476974,0.005853505805134773
sample_14,12351,51177,253010.0,8373202.5,0.012461801059544086,0.0022479803301393986
sample_14,12351,51178,253015.0,8373202.5,0.04261433333158493,0.004385330714285374
sample_14,12351,51179,253020.0,8373202.5,0.02928893081843853,0.0017831287113949656
sample_14,12351,51180,253025.0,8373202.5,0.06484586000442505,0.0031858186703175306
sample_14,12351,51181,253030.0,8373202.5,0.01815086044371128,0.002532137790694833
sample_14,12351,51182,253035.0,8373202.5,0.010294366627931595,0.004629227798432112
sample_14,12351,51183,253040.0,8373202.5,0.012467402033507824,0.0035960327368229628
sample_14,12351,51184,253045.0,8373202.5,0.019832992926239967,0.003108575474470854
sample_14,12351,51185,253050.0,8373202.5,0.018285145983099937,0.0024927807971835136
sample_14,12351,51186,253055.0,8373202.5,0.0035541108809411526,0.0016782147577032447
sample_14,12351,51187,253060.0,8373202.5,0.017933370545506477,0.008002438582479954
sample_14,12351,51188,253065.0,8373202.5,0.008405186235904694,0.009970253333449364
sample_14,12351,51189,253070.0,8373202.5,0.013693422079086304,0.0025409343652427197
sample_14,12351,51190,253075.0,8373202.5,0.033071570098400116,0.006841154769062996
sample_14,12351,51191,253080.0,8373202.5,0.0358252078294754,0.005158080719411373
sample_14,12351,51192,253085.0,8373202.5,0.004841118585318327,0.005112082697451115
sample_14,12351,51193,253090.0,8373202.5,0.0835602805018425,0.0035910995211452246
sample_14,12351,51194,253095.0,8373202.5,0.019273532554507256,0.0010626582661643624
sample_14,12351,51195,253100.0,8373202.5,0.06687401980161667,0.002834814367815852
sample_14,12351,51196,253105.0,8373202.5,0.007145501673221588,0.003576736431568861
sample_14,12351,51197,253110.0,8373202.5,0.007547139655798674,0.004701872356235981
sample_14,12351,51198,253115.0,8373202.5,0.002596562495455146,0.00780465779826045
sample_14,12351,51199,253120.0,8373202.5,0.008923571556806564,0.003138116095215082
sample_14,12351,51200,253125.0,8373202.5,0.03710790351033211,0.0055125076323747635
sample_14,12351,51201,253130.0,8373202.5,0.02458200231194496,0.003937240224331617
sample_14,12351,51202,253135.0,8373202.5,0.010565722361207008,0.002739900490269065
sample_14,12351,51203,253140.0,8373202.5,0.01924768090248108,0.0011499099200591445
sample_14,12351,51204,253145.0,8373202.5,0.03250463679432869,0.003628907725214958
sample_14,12351,51205,253150.0,8373202.5,0.09607578814029694,0.0027258284389972687
sample_14,12351,51206,253155.0,8373202.5,0.04542161896824837,0.0011973147047683597
sample_14,12351,51207,253160.0,8373202.5,0.009613445028662682,0.0021791935432702303
sample_14,12351,51208,253165.0,8373202.5,0.017656629905104637,0.0006438991986215115
sample_14,12352,51170,252975.0,8373192.5,0.024928633123636246,0.005841915495693684
sample_14,12352,51171,252980.0,8373192.5,0.017070168629288673,0.002051993738859892
sample_14,12352,51172,252985.0,8373192.5,0.04091506078839302,0.004447565879672766
sample_14,12352,51173,252990.0,8373192.5,0.021800652146339417,0.0005879178061150014
sample_14,12352,51174,252995.0,8373192.5,0.011449896730482578,0.005147367250174284
sample_14,12352,51175,253000.0,8373192.5,0.013233497738838196,0.005422353744506836
sample_14,12352,51176,253005.0,8373192.5,0.03763613477349281,0.0003535501309670508
sample_14,12352,51177,253010.0,8373192.5,0.007577406242489815,0.0010577710345387459
sample_14,12352,51178,253015.0,8373192.5,0.028579305857419968,0.0012143587227910757
sample_14,12352,51179,253020.0,8373192.5,0.0298579391092062,0.01316840760409832
sample_14,12352,51180,253025.0,8373192.5,0.024499131366610527,0.020665276795625687
sample_14,12352,51181,253030.0,8373192.5,0.013053225353360176,0.002536254469305277
sample_14,12352,51182,253035.0,8373192.5,0.005611616186797619,0.0011424848344177008
sample_14,12352,51183,253040.0,8373192.5,0.03715283423662186,0.00850447453558445
sample_14,12352,51184,253045.0,8373192.5,0.002569843316450715,0.01549518946558237
sample_14,12352,51185,253050.0,8373192.5,0.025578591972589493,0.010624026879668236
sample_14,12352,51186,253055.0,8373192.5,0.045349009335041046,0.00551494350656867
sample_14,12352,51187,253060.0,8373192.5,0.03204096108675003,0.005572755821049213
sample_14,12352,51188,253065.0,8373192.5,0.038102228194475174,0.0014740991173312068
sample_14,12352,51189,253070.0,8373192.5,0.013640529476106167,0.0014530837070196867
sample_14,12352,51190,253075.0,8373192.5,0.0126020647585392,0.005617928691208363
sample_14,12352,51191,253080.0,8373192.5,0.023957308381795883,0.00766449049115181
sample_14,12352,51192,253085.0,8373192.5,0.003876987611874938,0.007760876324027777
sample_14,12352,51193,253090.0,8373192.5,0.009702879935503006,0.0077911848202347755
sample_14,12352,51194,253095.0,8373192.5,0.010709472000598907,0.012891017831861973
sample_14,12352,51195,253100.0,8373192.5,0.017852820456027985,0.004798208829015493
sample_14,12352,51196,253105.0,8373192.5,0.014097515493631363,0.003999961540102959
sample_14,12352,51197,253110.0,8373192.5,0.010020601563155651,0.006073081865906715
sample_14,12352,51198,253115.0,8373192.5,0.0053161135874688625,0.0073578497394919395
sample_14,12352,51199,253120.0,8373192.5,0.013041089288890362,0.0030533992685377598
sample_14,12352,51200,253125.0,8373192.5,0.015888895839452744,0.010517744347453117
sample_14,12352,51201,253130.0,8373192.5,0.012614723294973373,0.003431793535128236
sample_14,12352,51202,253135.0,8373192.5,0.006089400500059128,0.0020308857783675194
sample_14,12352,51203,253140.0,8373192.5,0.009205603040754795,0.003603056538850069
sample_14,12352,51204,253145.0,8373192.5,0.025226010009646416,0.0012906056363135576
sample_14,12352,51205,253150.0,8373192.5,0.03323514759540558,0.0025906763039529324
sample_14,12352,51206,253155.0,8373192.5,0.031683046370744705,0.0027440183330327272
sample_14,12352,51207,253160.0,8373192.5,0.005873512476682663,0.00976240262389183
sample_14,12352,51208,253165.0,8373192.5,0.031243490055203438,0.006158124189823866
sample_14,12353,51170,252975.0,8373182.5,0.01229922380298376,0.0021903784945607185
sample_14,12353,51171,252980.0,8373182.5,0.01904982142150402,0.002840637229382992
sample_14,12353,51172,252985.0,8373182.5,0.040271542966365814,0.004542775452136993
sample_14,12353,51173,252990.0,8373182.5,0.006199969444423914,0.0034299627877771854
sample_14,12353,51174,252995.0,8373182.5,0.016033371910452843,0.002533689606934786
sample_14,12353,51175,253000.0,8373182.5,0.05187034606933594,0.0018441218417137861
sample_14,12353,51176,253005.0,8373182.5,0.025594986975193024,0.0009414032683707774
sample_14,12353,51177,253010.0,8373182.5,0.016939913854002953,0.003804568899795413
sample_14,12353,51178,253015.0,8373182.5,0.021403741091489792,0.010747396387159824
sample_14,12353,51179,253020.0,8373182.5,0.014781603589653969,0.004840283188968897
sample_14,12353,51180,253025.0,8373182.5,0.010140670463442802,0.0027089526411145926
sample_14,12353,51181,253030.0,8373182.5,0.008565785363316536,0.00308261439204216
sample_14,12353,51182,253035.0,8373182.5,0.0029946111608296633,0.005481155589222908
sample_14,12353,51183,253040.0,8373182.5,0.009110243059694767,0.00031309769838117063
sample_14,12353,51184,253045.0,8373182.5,0.08955315500497818,0.0016639975365251303
sample_14,12353,51185,253050.0,8373182.5,0.01946059800684452,0.0024164854548871517
sample_14,12353,51186,253055.0,8373182.5,0.012544830329716206,0.0012284754775464535
sample_14,12353,51187,253060.0,8373182.5,0.0055236006155610085,0.002172308973968029
sample_14,12353,51188,253065.0,8373182.5,0.06942079961299896,0.0071018957532942295
sample_14,12353,51189,253070.0,8373182.5,0.07020004093647003,0.009081540629267693
sample_14,12353,51190,253075.0,8373182.5,0.02604038082063198,0.002482268027961254
sample_14,12353,51191,253080.0,8373182.5,0.005838307552039623,0.0058066267520189285
sample_14,12353,51192,253085.0,8373182.5,0.04027770087122917,0.0031870142556726933
sample_14,12353,51193,253090.0,8373182.5,0.00803892407566309,0.0034899695310741663
sample_14,12353,51194,253095.0,8373182.5,0.017273372039198875,0.0033470275811851025
sample_14,12353,51195,253100.0,8373182.5,0.007889453321695328,0.008358951658010483
sample_14,12353,51196,253105.0,8373182.5,0.012694480828940868,0.011970173567533493
sample_14,12353,51197,253110.0,8373182.5,0.0641130730509758,0.002460104413330555
sample_14,12353,51198,253115.0,8373182.5,0.004689258523285389,0.0033388391602784395
sample_14,12353,51199,253120.0,8373182.5,0.006576230749487877,0.0016436221776530147
sample_14,12353,51200,253125.0,8373182.5,0.008699161931872368,0.000820832559838891
sample_14,12353,51201,253130.0,8373182.5,0.01656160317361355,0.00271326070651412
sample_14,12353,51202,253135.0,8373182.5,0.005265556275844574,0.012233735993504524
sample_14,12353,51203,253140.0,8373182.5,0.02485295943915844,0.01207034569233656
sample_14,12353,51204,253145.0,8373182.5,0.011095905676484108,0.007398294750601053
sample_14,12353,51205,253150.0,8373182.5,0.0027652177959680557,0.0011362573131918907
sample_14,12353,51206,253155.0,8373182.5,0.017409924417734146,0.004401926416903734
sample_14,12353,51207,253160.0,8373182.5,0.029689829796552658,0.010055573657155037
sample_14,12353,51208,253165.0,8373182.5,0.019195502623915672,0.00500490702688694
sample_14,12354,51170,252975.0,8373172.5,0.030381690710783005,0.0024893740192055702
sample_14,12354,51171,252980.0,8373172.5,0.027242088690400124,0.0022079600021243095
sample_14,12354,51172,252985.0,8373172.5,0.03133304789662361,0.0031854931730777025
sample_14,12354,51173,252990.0,8373172.5,0.015124233439564705,0.0028793844394385815
sample_14,12354,51174,252995.0,8373172.5,0.024905012920498848,0.0020279823802411556
sample_14,12354,51175,253000.0,8373172.5,0.0068753561936318874,0.008007274940609932
sample_14,12354,51176,253005.0,8373172.5,0.0028103580698370934,0.009404640644788742
sample_14,12354,51177,253010.0,8373172.5,0.008758755400776863,0.0037878667935729027
sample_14,12354,51178,253015.0,8373172.5,0.017079340294003487,0.0005331550491973758
sample_14,12354,51179,253020.0,8373172.5,0.014676366001367569,0.0035520170349627733
sample_14,12354,51180,253025.0,8373172.5,0.01627875305712223,0.005068960599601269
sample_14,12354,51181,253030.0,8373172.5,0.01904826983809471,0.005061257630586624
sample_14,12354,51182,253035.0,8373172.5,0.020231779664754868,0.006298767402768135
sample_14,12354,51183,253040.0,8373172.5,0.01295917946845293,0.005493990611284971
sample_14,12354,51184,253045.0,8373172.5,0.016948143020272255,0.003288374049589038
sample_14,12354,51185,253050.0,8373172.5,0.005706287920475006,0.0037499936297535896
sample_14,12354,51186,253055.0,8373172.5,0.005767530295997858,0.0006430060602724552
sample_14,12354,51187,253060.0,8373172.5,0.015569678507745266,0.0045347511768341064
sample_14,12354,51188,253065.0,8373172.5,0.005996903404593468,0.00594969280064106
sample_14,12354,51189,253070.0,8373172.5,0.0550466924905777,0.000796530453953892
sample_14,12354,51190,253075.0,8373172.5,0.025335408747196198,0.004427912645041943
sample_14,12354,51191,253080.0,8373172.5,0.031212635338306427,0.013429109938442707
sample_14,12354,51192,253085.0,8373172.5,0.01767035573720932,0.002335183322429657
sample_14,12354,51193,253090.0,8373172.5,0.02603328600525856,0.0019084718078374863
sample_14,12354,51194,253095.0,8373172.5,0.027837635949254036,0.0009905273327603936
sample_14,12354,51195,253100.0,8373172.5,0.027426229789853096,0.0037949683610349894
sample_14,12354,51196,253105.0,8373172.5,0.0195773933082819,0.0054455711506307125
sample_14,12354,51197,253110.0,8373172.5,0.03016221523284912,0.001248450018465519
sample_14,12354,51198,253115.0,8373172.5,0.0124600138515234,0.0004982183454558253
sample_14,12354,51199,253120.0,8373172.5,0.027381237596273422,0.0024413415230810642
sample_14,12354,51200,253125.0,8373172.5,0.034013114869594574,0.004775674548000097
sample_14,12354,51201,253130.0,8373172.5,0.030797041952610016,0.010168202221393585
sample_14,12354,51202,253135.0,8373172.5,0.008239822462201118,0.0006164634833112359
sample_14,12354,51203,253140.0,8373172.5,0.05742111802101135,0.007163134403526783
sample_14,12354,51204,253145.0,8373172.5,0.028145210817456245,0.00638941815122962
sample_14,12354,51205,253150.0,8373172.5,0.00560718821361661,0.002826881594955921
sample_14,12354,51206,253155.0,8373172.5,0.03603795915842056,0.002832797821611166
sample_14,12354,51207,253160.0,8373172.5,0.08161129057407379,0.006694042589515448
sample_14,12354,51208,253165.0,8373172.5,0.04953046888113022,0.004271840676665306
sample_14,12355,51171,252980.0,8373162.5,0.011509992182254791,0.0074798776768147945
sample_14,12355,51172,252985.0,8373162.5,0.006462201941758394,0.0020387370605021715
sample_14,12355,51173,252990.0,8373162.5,0.012921536341309547,0.0005451420438475907
sample_14,12355,51174,252995.0,8373162.5,0.010188051499426365,0.0033477446995675564
sample_14,12355,51175,253000.0,8373162.5,0.01187413465231657,0.006132880225777626
sample_14,12355,51176,253005.0,8373162.5,0.021365182474255562,0.0029681487940251827
sample_14,12355,51177,253010.0,8373162.5,0.027717266231775284,0.0034001017920672894
sample_14,12355,51178,253015.0,8373162.5,0.009069043211638927,0.00427198875695467
sample_14,12355,51179,253020.0,8373162.5,0.02272959239780903,0.01282060518860817
sample_14,12355,51180,253025.0,8373162.5,0.014599993824958801,0.012520477175712585
sample_14,12355,51181,253030.0,8373162.5,0.02594231255352497,0.0032513393089175224
sample_14,12355,51182,253035.0,8373162.5,0.009969675913453102,0.0010587990982457995
sample_14,12355,51183,253040.0,8373162.5,0.007908552885055542,0.0016884111100807786
sample_14,12355,51184,253045.0,8373162.5,0.028447067365050316,0.000664878636598587
sample_14,12355,51185,253050.0,8373162.5,0.009335264563560486,0.0016384451882913709
sample_14,12355,51186,253055.0,8373162.5,0.04660610109567642,0.003960275556892157
sample_14,12355,51187,253060.0,8373162.5,0.02213094010949135,0.013494531624019146
sample_14,12355,51188,253065.0,8373162.5,0.02060319110751152,0.008463522419333458
sample_14,12355,51189,253070.0,8373162.5,0.019658124074339867,0.006757647730410099
sample_14,12355,51190,253075.0,8373162.5,0.012950397096574306,0.012354152277112007
sample_14,12355,51191,253080.0,8373162.5,0.07138454914093018,0.0038514472544193268
sample_14,12355,51192,253085.0,8373162.5,0.03979691490530968,0.0027147838845849037
sample_14,12355,51193,253090.0,8373162.5,0.027244508266448975,0.0007213680073618889
sample_14,12355,51194,253095.0,8373162.5,0.01943630538880825,0.0014539704425260425
sample_14,12355,51195,253100.0,8373162.5,0.006158475764095783,0.003414275124669075
sample_14,12355,51196,253105.0,8373162.5,0.0158108901232481,0.0007135851192288101
sample_14,12355,51197,253110.0,8373162.5,0.0018226453103125095,0.0029063501860946417
sample_14,12355,51198,253115.0,8373162.5,0.009495319798588753,0.005033990368247032
sample_14,12355,51199,253120.0,8373162.5,0.020560160279273987,0.010250050574541092
sample_14,12355,51200,253125.0,8373162.5,0.008144661784172058,0.002735905349254608
sample_14,12355,51201,253130.0,8373162.5,0.005232938565313816,0.004922223277390003
sample_14,12355,51202,253135.0,8373162.5,0.004470721818506718,0.002289234660565853
sample_14,12355,51203,253140.0,8373162.5,0.01196629460901022,0.0002951193309854716
sample_14,12355,51204,253145.0,8373162.5,0.0044804648496210575,0.0007657811511307955
sample_14,12355,51205,253150.0,8373162.5,0.009788129478693008,0.008843634277582169
sample_14,12355,51206,253155.0,8373162.5,0.020603204146027565,0.003992253914475441
sample_14,12355,51207,253160.0,8373162.5,0.0322255864739418,0.0006297407671809196
sample_14,12355,51208,253165.0,8373162.5,0.019953440874814987,0.001965960953384638
sample_14,12356,51171,252980.0,8373152.5,0.002516186563298106,0.0031698185484856367
sample_14,12356,51172,252985.0,8373152.5,0.01625518873333931,0.0033043143339455128
sample_14,12356,51173,252990.0,8373152.5,0.004488111939281225,0.004819572903215885
sample_14,12356,51174,252995.0,8373152.5,0.01103948149830103,0.004313558805733919
sample_14,12356,51175,253000.0,8373152.5,0.013135245069861412,0.013346132822334766
sample_14,12356,51176,253005.0,8373152.5,0.04989967122673988,0.013957268558442593
sample_14,12356,51177,253010.0,8373152.5,0.022267241030931473,0.0020489178132265806
sample_14,12356,51178,253015.0,8373152.5,0.004392593167722225,0.002174191642552614
sample_14,12356,51179,253020.0,8373152.5,0.02119435742497444,0.0028869907837361097
sample_14,12356,51180,253025.0,8373152.5,0.015679359436035156,0.007425675634294748
sample_14,12356,51181,253030.0,8373152.5,0.01682307943701744,0.006078764796257019
sample_14,12356,51182,253035.0,8373152.5,0.024700114503502846,0.0017322860658168793
sample_14,12356,51183,253040.0,8373152.5,0.012966403737664223,0.0017604163149371743
sample_14,12356,51184,253045.0,8373152.5,0.013267645612359047,0.005133958533406258
sample_14,12356,51185,253050.0,8373152.5,0.009218085557222366,0.007931860163807869
sample_14,12356,51186,253055.0,8373152.5,0.011240342631936073,0.005418244283646345
sample_14,12356,51187,253060.0,8373152.5,0.01832854375243187,0.006554288789629936
sample_14,12356,51188,253065.0,8373152.5,0.03291882202029228,0.007561876438558102
sample_14,12356,51189,253070.0,8373152.5,0.009827378205955029,0.0056833429262042046
sample_14,12356,51190,253075.0,8373152.5,0.017111508175730705,0.0005667295772582293
sample_14,12356,51191,253080.0,8373152.5,0.02017815411090851,0.005984225310385227
sample_14,12356,51192,253085.0,8373152.5,0.012030499055981636,0.012562539428472519
sample_14,12356,51193,253090.0,8373152.5,0.01051330380141735,0.005594697780907154
sample_14,12356,51194,253095.0,8373152.5,0.006363565567880869,0.0026060014497488737
sample_14,12356,51195,253100.0,8373152.5,0.02491043321788311,0.003947342745959759
sample_14,12356,51196,253105.0,8373152.5,0.007277806755155325,0.01723632588982582
sample_14,12356,51197,253110.0,8373152.5,0.0006014861282892525,0.009838854894042015
sample_14,12356,51198,253115.0,8373152.5,0.013075966387987137,0.002180740935727954
sample_14,12356,51199,253120.0,8373152.5,0.010161446407437325,0.008588956668972969
sample_14,12356,51200,253125.0,8373152.5,0.03295138105750084,0.002175443572923541
sample_14,12356,51201,253130.0,8373152.5,0.026377374306321144,0.002990634413436055
sample_14,12356,51202,253135.0,8373152.5,0.006944700144231319,0.009838089346885681
sample_14,12356,51203,253140.0,8373152.5,0.0031448984518647194,0.00038359721656888723
sample_14,12356,51204,253145.0,8373152.5,0.027210604399442673,0.005962191615253687
sample_14,12356,51205,253150.0,8373152.5,0.029835045337677002,0.004732957575470209
sample_14,12356,51206,253155.0,8373152.5,0.022803686559200287,0.005048482678830624
sample_14,12356,51207,253160.0,8373152.5,0.01302390918135643,0.0026354948058724403
sample_14,12356,51208,253165.0,8373152.5,0.008547226898372173,0.004337156657129526
sample_15,24064,39435,194300.0,8256072.5,0.00859573669731617,0.014002845622599125
sample_15,24064,39436,194305.0,8256072.5,0.018428288400173187,0.004830790683627129
sample_15,24064,39437,194310.0,8256072.5,0.006123823579400778,0.008876574225723743
sample_15,24064,39438,194315.0,8256072.5,0.025673020631074905,0.010020164772868156
sample_15,24064,39439,194320.0,8256072.5,0.01544070802628994,0.0017411712324246764
sample_15,24064,39440,194325.0,8256072.5,0.03120395913720131,0.006753713823854923
sample_15,24064,39441,194330.0,8256072.5,0.004650125280022621,0.006410460453480482
sample_15,24064,39442,194335.0,8256072.5,0.01956144906580448,0.002022720640525222
sample_15,24064,39443,194340.0,8256072.5,0.021749436855316162,0.01279376819729805
sample_15,24064,39444,194345.0,8256072.5,0.022628167644143105,0.0038427102845162153
sample_15,24064,39445,194350.0,8256072.5,0.007585710845887661,0.000895773118827492
sample_15,24064,39446,194355.0,8256072.5,0.03384002298116684,0.006174272857606411
sample_15,24064,39447,194360.0,8256072.5,0.027808714658021927,0.00046120217302814126
sample_15,24064,39448,194365.0,8256072.5,0.01841406151652336,0.005421032197773457
sample_15,24064,39449,194370.0,8256072.5,0.01901443861424923,0.009615197777748108
sample_15,24064,39450,194375.0,8256072.5,0.020658863708376884,0.005314425099641085
sample_15,24064,39451,194380.0,8256072.5,0.018187550827860832,0.0010230550542473793
sample_15,24064,39452,194385.0,8256072.5,0.007675730157643557,0.0012629334814846516
sample_15,24064,39453,194390.0,8256072.5,0.005805692169815302,0.0005081325070932508
sample_15,24065,39415,194200.0,8256062.5,0.008946145884692669,0.004596271552145481
sample_15,24065,39416,194205.0,8256062.5,0.019895236939191818,0.003378568682819605
sample_15,24065,39417,194210.0,8256062.5,0.015422794967889786,0.0043379561975598335
sample_15,24065,39418,194215.0,8256062.5,0.024585239589214325,0.0033222120255231857
sample_15,24065,39419,194220.0,8256062.5,0.0070424759760499,0.004993622191250324
sample_15,24065,39420,194225.0,8256062.5,0.013400141149759293,0.002963551552966237
sample_15,24065,39421,194230.0,8256062.5,0.011992625892162323,0.01399657316505909
sample_15,24065,39422,194235.0,8256062.5,0.01832784339785576,0.0034516751766204834
sample_15,24065,39423,194240.0,8256062.5,0.052725017070770264,0.007090114522725344
sample_15,24065,39424,194245.0,8256062.5,0.00839340128004551,0.004206460434943438
sample_15,24065,39425,194250.0,8256062.5,0.018622973933815956,0.010252847336232662
sample_15,24065,39426,194255.0,8256062.5,0.02962743490934372,0.004088799934834242
sample_15,24065,39427,194260.0,8256062.5,0.010470299050211906,0.0081111378967762
sample_15,24065,39428,194265.0,8256062.5,0.008499874733388424,0.016458287835121155
sample_15,24065,39429,194270.0,8256062.5,0.018398020416498184,0.004535927902907133
sample_15,24065,39430,194275.0,8256062.5,0.030708173289895058,0.00768617819994688
sample_15,24065,39431,194280.0,8256062.5,0.0080465879291296,0.011880898848176003
sample_15,24065,39432,194285.0,8256062.5,0.014460043050348759,0.0026684461627155542
sample_15,24065,39433,194290.0,8256062.5,0.039914801716804504,0.0030033704824745655
sample_15,24065,39434,194295.0,8256062.5,0.028094973415136337,0.0017103345599025488
sample_15,24065,39435,194300.0,8256062.5,0.009995436295866966,0.007106359116733074
sample_15,24065,39436,194305.0,8256062.5,0.01976337842643261,0.005663665942847729
sample_15,24065,39437,194310.0,8256062.5,0.022542020305991173,0.007446787785738707
sample_15,24065,39438,194315.0,8256062.5,0.034131597727537155,0.002139757154509425
sample_15,24065,39439,194320.0,8256062.5,0.01407020166516304,0.0026498856022953987
sample_15,24065,39440,194325.0,8256062.5,0.052494972944259644,0.005696963518857956
sample_15,24065,39441,194330.0,8256062.5,0.017057999968528748,0.004346200730651617
sample_15,24065,39442,194335.0,8256062.5,0.01985243149101734,0.005315565504133701
sample_15,24065,39443,194340.0,8256062.5,0.042642682790756226,0.009947780519723892
sample_15,24065,39444,194345.0,8256062.5,0.005572388414293528,0.007161727640777826
sample_15,24065,39445,194350.0,8256062.5,0.01710108295083046,0.01598227210342884
sample_15,24065,39446,194355.0,8256062.5,0.008695707656443119,0.018669411540031433
sample_15,24065,39447,194360.0,8256062.5,0.011237259022891521,0.0034863550681620836
sample_15,24065,39448,194365.0,8256062.5,0.008558907546103,0.0036175730638206005
sample_15,24065,39449,194370.0,8256062.5,0.008786063641309738,0.0034358324483036995
sample_15,24065,39450,194375.0,8256062.5,0.004818776156753302,0.0037522693164646626
sample_15,24065,39451,194380.0,8256062.5,0.0035360357724130154,0.0018377886153757572
sample_15,24065,39452,194385.0,8256062.5,0.030725039541721344,0.0038168546743690968
sample_15,24065,39453,194390.0,8256062.5,0.023533621802926064,0.0023263723123818636
sample_15,24066,39415,194200.0,8256052.5,0.00763452984392643,0.0030378070659935474
sample_15,24066,39416,194205.0,8256052.5,0.011222506873309612,0.005096950568258762
sample_15,24066,39417,194210.0,8256052.5,0.017268382012844086,0.0023513208143413067
sample_15,24066,39418,194215.0,8256052.5,0.01068035326898098,0.00534852035343647
sample_15,24066,39419,194220.0,8256052.5,0.005316291470080614,0.008502025157213211
sample_15,24066,39420,194225.0,8256052.5,0.017682429403066635,0.0004309786017984152
sample_15,24066,39421,194230.0,8256052.5,0.009948059916496277,0.002767133992165327
sample_15,24066,39422,194235.0,8256052.5,0.011545756831765175,0.0012057390995323658
sample_15,24066,39423,194240.0,8256052.5,0.014317657798528671,0.000980057055130601
sample_15,24066,39424,194245.0,8256052.5,0.008280391804873943,0.0008486554143019021
sample_15,24066,39425,194250.0,8256052.5,0.05452714487910271,0.006902481894940138
sample_15,24066,39426,194255.0,8256052.5,0.019401339814066887,0.012891985476016998
sample_15,24066,39427,194260.0,8256052.5,0.03017914481461048,0.0069106342270970345
sample_15,24066,39428,194265.0,8256052.5,0.003977085463702679,0.002420504577457905
sample_15,24066,39429,194270.0,8256052.5,0.01473468728363514,0.006484605371952057
sample_15,24066,39430,194275.0,8256052.5,0.02221035026013851,0.009624610655009747
sample_15,24066,39431,194280.0,8256052.5,0.0572083443403244,0.00800030492246151
sample_15,24066,39432,194285.0,8256052.5,0.005426337011158466,0.004988828673958778
sample_15,24066,39433,194290.0,8256052.5,0.027888331562280655,0.000766427256166935
sample_15,24066,39434,194295.0,8256052.5,0.007262473460286856,0.0036865747533738613
sample_15,24066,39435,194300.0,8256052.5,0.017624758183956146,0.0021277661435306072
sample_15,24066,39436,194305.0,8256052.5,0.004552165046334267,0.0032739518210291862
sample_15,24066,39437,194310.0,8256052.5,0.006972224917262793,0.008717484772205353
sample_15,24066,39438,194315.0,8256052.5,0.01528063602745533,0.010360924527049065
sample_15,24066,39439,194320.0,8256052.5,0.019676582887768745,0.0199134424328804
sample_15,24066,39440,194325.0,8256052.5,0.02597789466381073,0.011589711531996727
sample_15,24066,39441,194330.0,8256052.5,0.002775978296995163,0.011223495937883854
sample_15,24066,39442,194335.0,8256052.5,0.006861303932964802,0.004537573549896479
sample_15,24066,39443,194340.0,8256052.5,0.023082850500941277,0.006754618603736162
sample_15,24066,39444,194345.0,8256052.5,0.0211679395288229,0.006223791744560003
sample_15,24066,39445,194350.0,8256052.5,0.04191054403781891,0.00205302145332098
sample_15,24066,39446,194355.0,8256052.5,0.029661446809768677,0.006751374341547489
sample_15,24066,39447,194360.0,8256052.5,0.01886017806828022,0.006239031441509724
sample_15,24066,39448,194365.0,8256052.5,0.0226347204297781,0.005828186869621277
sample_15,24066,39449,194370.0,8256052.5,0.01054382510483265,0.005281809717416763
sample_15,24066,39450,194375.0,8256052.5,0.015477973967790604,0.011189148761332035
sample_15,24066,39451,194380.0,8256052.5,0.003421524539589882,0.008502386510372162
sample_15,24066,39452,194385.0,8256052.5,0.022866982966661453,0.005490653682500124
sample_15,24066,39453,194390.0,8256052.5,0.01970449462532997,0.010182739235460758
sample_15,24067,39415,194200.0,8256042.5,0.03266126662492752,0.0090694734826684
sample_15,24067,39416,194205.0,8256042.5,0.020398329943418503,0.005200129933655262
sample_15,24067,39417,194210.0,8256042.5,0.016041284427046776,0.0019916524179279804
sample_15,24067,39418,194215.0,8256042.5,0.03350729122757912,0.015533730387687683
sample_15,24067,39419,194220.0,8256042.5,0.03558124601840973,0.004208083264529705
sample_15,24067,39420,194225.0,8256042.5,0.034670405089855194,0.0010600179666653275
sample_15,24067,39421,194230.0,8256042.5,0.015241283923387527,0.009833485819399357
sample_15,24067,39422,194235.0,8256042.5,0.01023359689861536,0.013088693842291832
sample_15,24067,39423,194240.0,8256042.5,0.016914619132876396,0.0028627279680222273
sample_15,24067,39424,194245.0,8256042.5,0.019072595983743668,0.01246173121035099
sample_15,24067,39425,194250.0,8256042.5,0.00444378424435854,0.0005646854406222701
sample_15,24067,39426,194255.0,8256042.5,0.029039889574050903,0.0041592358611524105
sample_15,24067,39427,194260.0,8256042.5,0.050909243524074554,0.007397586479783058
sample_15,24067,39428,194265.0,8256042.5,0.010541282594203949,0.0024048376362770796
sample_15,24067,39429,194270.0,8256042.5,0.03476179391145706,0.002355605596676469
sample_15,24067,39430,194275.0,8256042.5,0.025479640811681747,0.0034305481240153313
sample_15,24067,39431,194280.0,8256042.5,0.021342692896723747,0.004699654411524534
sample_15,24067,39432,194285.0,8256042.5,0.007178613916039467,0.003654040861874819
sample_15,24067,39433,194290.0,8256042.5,0.008319731801748276,0.010679356753826141
sample_15,24067,39434,194295.0,8256042.5,0.00799614004790783,0.005079298280179501
sample_15,24067,39435,194300.0,8256042.5,0.009096063673496246,0.02184322662651539
sample_15,24067,39436,194305.0,8256042.5,0.01950201392173767,0.0030678361654281616
sample_15,24067,39437,194310.0,8256042.5,0.05107426270842552,0.016233928501605988
sample_15,24067,39438,194315.0,8256042.5,0.014722613617777824,0.00403988640755415
sample_15,24067,39439,194320.0,8256042.5,0.03545212000608444,0.011453098617494106
sample_15,24067,39440,194325.0,8256042.5,0.0014235185226425529,0.008163176476955414
sample_15,24067,39441,194330.0,8256042.5,0.0030297869816422462,0.00492888642475009
sample_15,24067,39442,194335.0,8256042.5,0.011084611527621746,0.004509249702095985
sample_15,24067,39443,194340.0,8256042.5,0.023762065917253494,0.0017121905693784356
sample_15,24067,39444,194345.0,8256042.5,0.003907929174602032,0.006362739950418472
sample_15,24067,39445,194350.0,8256042.5,0.010660257190465927,0.0006940211751498282
sample_15,24067,39446,194355.0,8256042.5,0.005842490121722221,0.006680584046989679
sample_15,24067,39447,194360.0,8256042.5,0.03034009225666523,0.011073896661400795
sample_15,24067,39448,194365.0,8256042.5,0.023407988250255585,0.010071055963635445
sample_15,24067,39449,194370.0,8256042.5,0.04450559243559837,0.0034659169614315033
sample_15,24067,39450,194375.0,8256042.5,0.014703873544931412,0.014772867783904076
sample_15,24067,39451,194380.0,8256042.5,0.012879950925707817,0.0049285865388810635
sample_15,24067,39452,194385.0,8256042.5,0.01463959738612175,0.014510604552924633
sample_15,24067,39453,194390.0,8256042.5,0.04542405158281326,0.010673968121409416
sample_15,24068,39415,194200.0,8256032.5,0.030061107128858566,0.017258230596780777
sample_15,24068,39416,194205.0,8256032.5,0.008017530664801598,0.004571756813675165
sample_15,24068,39417,194210.0,8256032.5,0.021678028628230095,0.0023608615156263113
sample_15,24068,39418,194215.0,8256032.5,0.06373970210552216,0.0059316158294677734
sample_15,24068,39419,194220.0,8256032.5,0.02060861513018608,0.003035052912309766
sample_15,24068,39420,194225.0,8256032.5,0.004596361890435219,0.007110766135156155
sample_15,24068,39421,194230.0,8256032.5,0.017495043575763702,0.0050659640692174435
sample_15,24068,39422,194235.0,8256032.5,0.016695259138941765,0.00470859557390213
sample_15,24068,39423,194240.0,8256032.5,0.008044978603720665,0.0016793806571513414
sample_15,24068,39424,194245.0,8256032.5,0.004862525966018438,0.004557850304991007
sample_15,24068,39425,194250.0,8256032.5,0.004881677217781544,0.007661893498152494
sample_15,24068,39426,194255.0,8256032.5,0.024548212066292763,0.002054622396826744
sample_15,24068,39427,194260.0,8256032.5,0.02817758172750473,0.002073632786050439
sample_15,24068,39428,194265.0,8256032.5,0.021536823362112045,0.006339844781905413
sample_15,24068,39429,194270.0,8256032.5,0.02404852956533432,0.003125915303826332
sample_15,24068,39430,194275.0,8256032.5,0.009542029350996017,0.0030315753538161516
sample_15,24068,39431,194280.0,8256032.5,0.02198733203113079,0.0012434766395017505
sample_15,24068,39432,194285.0,8256032.5,0.01304060872644186,0.0030501498840749264
sample_15,24068,39433,194290.0,8256032.5,0.000203096482437104,0.008059677667915821
sample_15,24068,39434,194295.0,8256032.5,0.003653074149042368,0.01273843552917242
sample_15,24068,39435,194300.0,8256032.5,0.0388561487197876,0.010559150949120522
sample_15,24068,39436,194305.0,8256032.5,0.006775371730327606,0.0042491196654737
sample_15,24068,39437,194310.0,8256032.5,0.015751734375953674,0.004072428680956364
sample_15,24068,39438,194315.0,8256032.5,0.025130098685622215,0.001519243000075221
sample_15,24068,39439,194320.0,8256032.5,0.02670649252831936,0.006803483702242374
sample_15,24068,39440,194325.0,8256032.5,0.04319030046463013,0.005393339321017265
sample_15,24068,39441,194330.0,8256032.5,0.018703632056713104,0.00264069065451622
sample_15,24068,39442,194335.0,8256032.5,0.024782266467809677,0.0038469075225293636
sample_15,24068,39443,194340.0,8256032.5,0.007104947231709957,0.0250178761780262
sample_15,24068,39444,194345.0,8256032.5,0.012537525035440922,0.006603854708373547
sample_15,24068,39445,194350.0,8256032.5,0.00691284378990531,0.014446403831243515
sample_15,24068,39446,194355.0,8256032.5,0.02354864589869976,0.003328898921608925
sample_15,24068,39447,194360.0,8256032.5,0.007918227463960648,0.003056806977838278
sample_15,24068,39448,194365.0,8256032.5,0.02202262170612812,0.00811820663511753
sample_15,24068,39449,194370.0,8256032.5,0.008209445513784885,0.003689415752887726
sample_15,24068,39450,194375.0,8256032.5,0.03571656346321106,0.005961146671324968
sample_15,24068,39451,194380.0,8256032.5,0.010960228741168976,0.007237141951918602
sample_15,24068,39452,194385.0,8256032.5,0.05300086736679077,0.0023930873721837997
sample_15,24068,39453,194390.0,8256032.5,0.0066567836329340935,0.0014524874277412891
sample_15,24069,39415,194200.0,8256022.5,0.020781805738806725,0.00551065057516098
sample_15,24069,39416,194205.0,8256022.5,0.018991615623235703,0.004699367564171553
sample_15,24069,39417,194210.0,8256022.5,0.011782392859458923,0.005765232257544994
sample_15,24069,39418,194215.0,8256022.5,0.011552238836884499,0.005027927923947573
sample_15,24069,39419,194220.0,8256022.5,0.01553046703338623,0.000647557491902262
sample_15,24069,39420,194225.0,8256022.5,0.005233144853264093,0.004408101551234722
sample_15,24069,39421,194230.0,8256022.5,0.0074079036712646484,0.01159914955496788
sample_15,24069,39422,194235.0,8256022.5,0.0043564229272305965,0.007963325828313828
sample_15,24069,39423,194240.0,8256022.5,0.010126238688826561,0.0039166538044810295
sample_15,24069,39424,194245.0,8256022.5,0.009276540949940681,0.0031882303301244974
sample_15,24069,39425,194250.0,8256022.5,0.015513178892433643,0.0004297971318010241
sample_15,24069,39426,194255.0,8256022.5,0.003846933366730809,0.0036397255025804043
sample_15,24069,39427,194260.0,8256022.5,0.0014523405116051435,0.004022448323667049
sample_15,24069,39428,194265.0,8256022.5,0.007938357070088387,0.0026073020417243242
sample_15,24069,39429,194270.0,8256022.5,0.02069074660539627,0.0019988599233329296
sample_15,24069,39430,194275.0,8256022.5,0.016445819288492203,0.0024762125685811043
sample_15,24069,39431,194280.0,8256022.5,0.011675344780087471,0.0008014647173695266
sample_15,24069,39432,194285.0,8256022.5,0.011117955669760704,0.004430454224348068
sample_15,24069,39433,194290.0,8256022.5,0.004581555724143982,0.008465811610221863
sample_15,24069,39434,194295.0,8256022.5,0.016681356355547905,0.003439992433413863
sample_15,24069,39435,194300.0,8256022.5,0.010485789738595486,0.004175169859081507
sample_15,24069,39436,194305.0,8256022.5,0.034266091883182526,0.010029886849224567
sample_15,24069,39437,194310.0,8256022.5,0.029524654150009155,0.0029198527336120605
sample_15,24069,39438,194315.0,8256022.5,0.04209901764988899,0.014105434529483318
sample_15,24069,39439,194320.0,8256022.5,0.028783058747649193,0.002873397897928953
sample_15,24069,39440,194325.0,8256022.5,0.004496578127145767,0.0027915523387491703
sample_15,24069,39441,194330.0,8256022.5,0.017986180260777473,0.008226132951676846
sample_15,24069,39442,194335.0,8256022.5,0.008486263453960419,0.005913575179874897
sample_15,24069,39443,194340.0,8256022.5,0.039331696927547455,0.004687161650508642
sample_15,24069,39444,194345.0,8256022.5,0.005946779157966375,0.0063056182116270065
sample_15,24069,39445,194350.0,8256022.5,0.001589279854670167,0.007656342349946499
sample_15,24069,39446,194355.0,8256022.5,0.010016340762376785,0.002257757820188999
sample_15,24069,39447,194360.0,8256022.5,0.03013026714324951,0.0051784212701022625
sample_15,24069,39448,194365.0,8256022.5,0.0070767770521342754,0.0032036062330007553
sample_15,24069,39449,194370.0,8256022.5,0.011587641201913357,0.004392136819660664
sample_15,24069,39450,194375.0,8256022.5,0.015593232586979866,0.0070225889794528484
sample_15,24069,39451,194380.0,8256022.5,0.004424338694661856,0.009957561269402504
sample_15,24069,39452,194385.0,8256022.5,0.0025383431930094957,0.008338156156241894
sample_15,24069,39453,194390.0,8256022.5,0.024484632536768913,0.006382180843502283
sample_15,24070,39415,194200.0,8256012.5,0.02599737048149109,0.011640042066574097
sample_15,24070,39416,194205.0,8256012.5,0.005807839799672365,0.0144965760409832
sample_15,24070,39417,194210.0,8256012.5,0.007245779503136873,0.00572569202631712
sample_15,24070,39418,194215.0,8256012.5,0.020405009388923645,0.005368910729885101
sample_15,24070,39419,194220.0,8256012.5,0.05372709780931473,0.001477602287195623
sample_15,24070,39420,194225.0,8256012.5,0.024045594036579132,0.00632119458168745
sample_15,24070,39421,194230.0,8256012.5,0.031730908900499344,0.00450104009360075
sample_15,24070,39422,194235.0,8256012.5,0.006189270876348019,0.011066779494285583
sample_15,24070,39423,194240.0,8256012.5,0.020779596641659737,0.018785011023283005
sample_15,24070,39424,194245.0,8256012.5,0.013203132897615433,0.0094338683411479
sample_15,24070,39425,194250.0,8256012.5,0.02709459327161312,0.013486136682331562
sample_15,24070,39426,194255.0,8256012.5,0.005875990726053715,0.006423625163733959
sample_15,24070,39427,194260.0,8256012.5,0.04430558532476425,0.002837671898305416
sample_15,24070,39428,194265.0,8256012.5,0.05023680627346039,0.0056058974005281925
sample_15,24070,39429,194270.0,8256012.5,0.015071434900164604,0.007924645207822323
sample_15,24070,39430,194275.0,8256012.5,0.008084379136562347,0.00357041391544044
sample_15,24070,39431,194280.0,8256012.5,0.003815764794126153,0.02041454240679741
sample_15,24070,39432,194285.0,8256012.5,0.02283450961112976,0.01261915359646082
sample_15,24070,39433,194290.0,8256012.5,0.034269463270902634,0.008982454426586628
sample_15,24070,39434,194295.0,8256012.5,0.017000120133161545,0.006641649641096592
sample_15,24070,39435,194300.0,8256012.5,0.006200710311532021,0.006542641669511795
sample_15,24070,39436,194305.0,8256012.5,0.007722192443907261,0.0018842876888811588
sample_15,24070,39437,194310.0,8256012.5,0.016553711146116257,0.018247753381729126
sample_15,24070,39438,194315.0,8256012.5,0.0055924467742443085,0.007457104045897722
sample_15,24070,39439,194320.0,8256012.5,0.006897073704749346,0.0015858678380027413
sample_15,24070,39440,194325.0,8256012.5,0.021196376532316208,0.005013762041926384
sample_15,24070,39441,194330.0,8256012.5,0.0056626866571605206,0.008432973176240921
sample_15,24070,39442,194335.0,8256012.5,0.03389656916260719,0.015316808596253395
sample_15,24070,39443,194340.0,8256012.5,0.025348324328660965,0.006725955754518509
sample_15,24070,39444,194345.0,8256012.5,0.011180317029356956,0.011819731444120407
sample_15,24070,39445,194350.0,8256012.5,0.009767191484570503,0.005247434601187706
sample_15,24070,39446,194355.0,8256012.5,0.006085285916924477,0.00421102624386549
sample_15,24070,39447,194360.0,8256012.5,0.00940846186131239,0.0022262088023126125
sample_15,24070,39448,194365.0,8256012.5,0.01775950938463211,0.006125091575086117
sample_15,24070,39449,194370.0,8256012.5,0.005388278514146805,0.0036560825537890196
sample_15,24070,39450,194375.0,8256012.5,0.012554381974041462,0.008332442492246628
sample_15,24070,39451,194380.0,8256012.5,0.043682195246219635,0.003287938889116049
sample_15,24070,39452,194385.0,8256012.5,0.029435131698846817,0.008404196240007877
sample_15,24070,39453,194390.0,8256012.5,0.018002452328801155,0.006151748355478048
sample_15,24071,39415,194200.0,8256002.5,0.0070274388417601585,0.0074588842689991
sample_15,24071,39416,194205.0,8256002.5,0.02976824901998043,0.00841807946562767
sample_15,24071,39417,194210.0,8256002.5,0.021139059215784073,0.005607155151665211
sample_15,24071,39418,194215.0,8256002.5,0.04769115149974823,0.002828889060765505
sample_15,24071,39419,194220.0,8256002.5,0.007422555238008499,0.0033208143431693316
sample_15,24071,39420,194225.0,8256002.5,0.01126650907099247,0.012108683586120605
sample_15,24071,39421,194230.0,8256002.5,0.010961020365357399,0.004450987558811903
sample_15,24071,39422,194235.0,8256002.5,0.008106272667646408,0.0027714972384274006
sample_15,24071,39423,194240.0,8256002.5,0.0033123972825706005,0.003558998927474022
sample_15,24071,39424,194245.0,8256002.5,0.033061228692531586,0.006778869777917862
sample_15,24071,39425,194250.0,8256002.5,0.03269903361797333,0.010605113580822945
sample_15,24071,39426,194255.0,8256002.5,0.025746021419763565,0.012648588977754116
sample_15,24071,39427,194260.0,8256002.5,0.01850058138370514,0.003349349368363619
sample_15,24071,39428,194265.0,8256002.5,0.022105032578110695,0.004622783977538347
sample_15,24071,39429,194270.0,8256002.5,0.003996099345386028,0.005508534610271454
sample_15,24071,39430,194275.0,8256002.5,0.013787208124995232,0.003980816807597876
sample_15,24071,39431,194280.0,8256002.5,0.009454124607145786,0.007040268741548061
sample_15,24071,39432,194285.0,8256002.5,0.013213415630161762,0.01681113801896572
sample_15,24071,39433,194290.0,8256002.5,0.054726649075746536,0.00704019283875823
sample_15,24071,39434,194295.0,8256002.5,0.03174971789121628,0.0015207133255898952
sample_15,24071,39435,194300.0,8256002.5,0.02288234606385231,0.0026907650753855705
sample_15,24071,39436,194305.0,8256002.5,0.022386176511645317,0.006464351899921894
sample_15,24071,39437,194310.0,8256002.5,0.028066664934158325,0.008073823526501656
sample_15,24071,39438,194315.0,8256002.5,0.002469809493049979,0.0019374808762222528
sample_15,24071,39439,194320.0,8256002.5,0.029345013201236725,0.0013326671905815601
sample_15,24071,39440,194325.0,8256002.5,0.03470125049352646,0.00328112137503922
sample_15,24071,39441,194330.0,8256002.5,0.04527781158685684,0.0016417057486250997
sample_15,24071,39442,194335.0,8256002.5,0.004286698065698147,0.004121553152799606
sample_15,24071,39443,194340.0,8256002.5,0.05469381809234619,0.004023097921162844
sample_15,24071,39444,194345.0,8256002.5,0.03281528875231743,0.00566407386213541
sample_15,24071,39445,194350.0,8256002.5,0.032010626047849655,0.007049405016005039
sample_15,24071,39446,194355.0,8256002.5,0.01181625947356224,0.007377337198704481
sample_15,24071,39447,194360.0,8256002.5,0.02055981196463108,0.004180035088211298
sample_15,24071,39448,194365.0,8256002.5,0.0015153546119108796,0.006218053866177797
sample_15,24071,39449,194370.0,8256002.5,0.013889607973396778,0.009387144818902016
sample_15,24071,39450,194375.0,8256002.5,0.00349319726228714,0.0048516616225242615
sample_15,24071,39451,194380.0,8256002.5,0.009753718972206116,0.0012117027072235942
sample_15,24071,39452,194385.0,8256002.5,0.0506562665104866,0.0015103676123544574
sample_15,24071,39453,194390.0,8256002.5,0.025833826512098312,0.004245846997946501
sample_15,24072,39415,194200.0,8255992.5,0.03011908195912838,0.008861660026013851
sample_15,24072,39416,194205.0,8255992.5,0.011784689500927925,0.0007021003402769566
sample_15,24072,39417,194210.0,8255992.5,0.005707418546080589,0.01088343933224678
sample_15,24072,39418,194215.0,8255992.5,0.006442572921514511,0.00301714101806283
sample_15,24072,39419,194220.0,8255992.5,0.002719059819355607,0.005272779613733292
sample_15,24072,39420,194225.0,8255992.5,0.023265019059181213,0.005268502980470657
sample_15,24072,39421,194230.0,8255992.5,0.00522443326190114,0.011492915451526642
sample_15,24072,39422,194235.0,8255992.5,0.04558034986257553,0.006696173921227455
sample_15,24072,39423,194240.0,8255992.5,0.030183758586645126,0.0011479025706648827
sample_15,24072,39424,194245.0,8255992.5,0.004413765389472246,0.0011350272689014673
sample_15,24072,39425,194250.0,8255992.5,0.020223023369908333,0.002654549665749073
sample_15,24072,39426,194255.0,8255992.5,0.016191616654396057,0.00918782688677311
sample_15,24072,39427,194260.0,8255992.5,0.014194363728165627,0.010208133608102798
sample_15,24072,39428,194265.0,8255992.5,0.01746388152241707,0.0005741218337789178
sample_15,24072,39429,194270.0,8255992.5,0.008595001883804798,0.008355377241969109
sample_15,24072,39430,194275.0,8255992.5,0.009330407716333866,0.0024965647608041763
sample_15,24072,39431,194280.0,8255992.5,0.005821544211357832,0.006302495952695608
sample_15,24072,39432,194285.0,8255992.5,0.017560120671987534,0.0004198047681711614
sample_15,24072,39433,194290.0,8255992.5,0.01300885807722807,0.007752228062599897
sample_15,24072,39434,194295.0,8255992.5,0.01121983677148819,0.0069009591825306416
sample_15,24072,39435,194300.0,8255992.5,0.004739193711429834,0.00398821197450161
sample_15,24072,39436,194305.0,8255992.5,0.006723403465002775,0.00438411720097065
sample_15,24072,39437,194310.0,8255992.5,0.0019106946419924498,0.0011229381198063493
sample_15,24072,39438,194315.0,8255992.5,0.03421912342309952,0.00021550817473325878
sample_15,24072,39439,194320.0,8255992.5,0.05389221012592316,0.0027607236988842487
sample_15,24072,39440,194325.0,8255992.5,0.047831498086452484,0.008190402761101723
sample_15,24072,39441,194330.0,8255992.5,0.005632563028484583,0.006482452154159546
sample_15,24072,39442,194335.0,8255992.5,0.0061284867115318775,0.0036351396702229977
sample_15,24072,39443,194340.0,8255992.5,0.01609930768609047,0.01174856349825859
sample_15,24072,39444,194345.0,8255992.5,0.022995708510279655,0.009101900272071362
sample_15,24072,39445,194350.0,8255992.5,0.0320831835269928,0.0017867789138108492
sample_15,24072,39446,194355.0,8255992.5,0.020386407151818275,0.0029837731271982193
sample_15,24072,39447,194360.0,8255992.5,0.01761690340936184,0.0023901769891381264
sample_15,24072,39448,194365.0,8255992.5,0.015642249956727028,0.002633368829265237
sample_15,24072,39449,194370.0,8255992.5,0.008728235960006714,0.0012791871558874846
sample_15,24072,39450,194375.0,8255992.5,0.015107258222997189,0.0031181855592876673
sample_15,24072,39451,194380.0,8255992.5,0.005503224208950996,0.002180851297453046
sample_15,24072,39452,194385.0,8255992.5,0.006556195206940174,0.0074177151545882225
sample_15,24072,39453,194390.0,8255992.5,0.011352124623954296,0.01393480971455574
sample_15,24073,39415,194200.0,8255982.5,0.059644754976034164,0.010743090882897377
sample_15,24073,39416,194205.0,8255982.5,0.008555307053029537,0.004175998270511627
sample_15,24073,39417,194210.0,8255982.5,0.025831755250692368,0.011190803721547127
sample_15,24073,39418,194215.0,8255982.5,0.005440821871161461,0.0030828663147985935
sample_15,24073,39419,194220.0,8255982.5,0.028419075533747673,0.00739279156550765
sample_15,24073,39420,194225.0,8255982.5,0.020730147138237953,0.0065124183893203735
sample_15,24073,39421,194230.0,8255982.5,0.004618373233824968,0.007801305502653122
sample_15,24073,39422,194235.0,8255982.5,0.024596448987722397,0.007910344749689102
sample_15,24073,39423,194240.0,8255982.5,0.0051416028290987015,0.0029641427099704742
sample_15,24073,39424,194245.0,8255982.5,0.007489314302802086,0.016097906976938248
sample_15,24073,39425,194250.0,8255982.5,0.012715844437479973,0.00925140269100666
sample_15,24073,39426,194255.0,8255982.5,0.024676848202943802,0.0005814215401187539
sample_15,24073,39427,194260.0,8255982.5,0.02087872475385666,0.002222913084551692
sample_15,24073,39428,194265.0,8255982.5,0.038209062069654465,0.005364604759961367
sample_15,24073,39429,194270.0,8255982.5,0.028120169416069984,0.0013951666187494993
sample_15,24073,39430,194275.0,8255982.5,0.005963789764791727,0.01531425304710865
sample_15,24073,39431,194280.0,8255982.5,0.005631668493151665,0.008226032368838787
sample_15,24073,39432,194285.0,8255982.5,0.01269717887043953,0.0005746128736063838
sample_15,24073,39433,194290.0,8255982.5,0.025777382776141167,0.008644701912999153
sample_15,24073,39434,194295.0,8255982.5,0.05443106219172478,0.0025218825321644545
sample_15,24073,39435,194300.0,8255982.5,0.051755141466856,0.002940969541668892
sample_15,24073,39436,194305.0,8255982.5,0.018228182569146156,0.0012661770451813936
sample_15,24073,39437,194310.0,8255982.5,0.03608619049191475,0.006954900920391083
sample_15,24073,39438,194315.0,8255982.5,0.006196691654622555,0.001356150722131133
sample_15,24073,39439,194320.0,8255982.5,0.03756566345691681,0.009878058917820454
sample_15,24073,39440,194325.0,8255982.5,0.011744632385671139,0.004970934707671404
sample_15,24073,39441,194330.0,8255982.5,0.0034162120427936316,0.0021170945838093758
sample_15,24073,39442,194335.0,8255982.5,0.02288876473903656,0.0038396241143345833
sample_15,24073,39443,194340.0,8255982.5,0.046967584639787674,0.005351365078240633
sample_15,24073,39444,194345.0,8255982.5,0.05005652830004692,0.00608135387301445
sample_15,24073,39445,194350.0,8255982.5,0.023372719064354897,0.014671603217720985
sample_15,24073,39446,194355.0,8255982.5,0.015364409424364567,0.0028435327112674713
sample_15,24073,39447,194360.0,8255982.5,0.013308137655258179,0.0025048297829926014
sample_15,24073,39448,194365.0,8255982.5,0.02118006721138954,0.004703647457063198
sample_15,24073,39449,194370.0,8255982.5,0.018798289820551872,0.002629009075462818
sample_15,24073,39450,194375.0,8255982.5,0.022510331124067307,0.0035201129503548145
sample_15,24073,39451,194380.0,8255982.5,0.007765475660562515,0.0058847451582551
sample_15,24073,39452,194385.0,8255982.5,0.010640472173690796,0.002903191838413477
sample_15,24073,39453,194390.0,8255982.5,0.006559847388416529,0.0014917491935193539
sample_15,24074,39415,194200.0,8255972.5,0.018975328654050827,0.002167855389416218
sample_15,24074,39416,194205.0,8255972.5,0.004805172793567181,0.004900970496237278
sample_15,24074,39417,194210.0,8255972.5,0.03197085112333298,0.0029965988360345364
sample_15,24074,39418,194215.0,8255972.5,0.013523969799280167,0.0037825903855264187
sample_15,24074,39419,194220.0,8255972.5,0.003949699457734823,0.004821105394512415
sample_15,24074,39420,194225.0,8255972.5,0.004370450973510742,0.002503882395103574
sample_15,24074,39421,194230.0,8255972.5,0.01012506429105997,0.004825635813176632
sample_15,24074,39422,194235.0,8255972.5,0.039721082895994186,0.004851994104683399
sample_15,24074,39423,194240.0,8255972.5,0.016070939600467682,0.0034705176949501038
sample_15,24074,39424,194245.0,8255972.5,0.025144360959529877,0.002408030442893505
sample_15,24074,39425,194250.0,8255972.5,0.037311892956495285,0.005957115441560745
sample_15,24074,39426,194255.0,8255972.5,0.012518428266048431,0.008871881291270256
sample_15,24074,39427,194260.0,8255972.5,0.015612185001373291,0.006693603470921516
sample_15,24074,39428,194265.0,8255972.5,0.010679662227630615,0.0019118995405733585
sample_15,24074,39429,194270.0,8255972.5,0.009952307678759098,0.007539470214396715
sample_15,24074,39430,194275.0,8255972.5,0.03011070378124714,0.0010724765015766025
sample_15,24074,39431,194280.0,8255972.5,0.004020514898002148,0.006752906367182732
sample_15,24074,39432,194285.0,8255972.5,0.040019698441028595,0.011166514828801155
sample_15,24074,39433,194290.0,8255972.5,0.01859641820192337,0.0016888845711946487
sample_15,24074,39434,194295.0,8255972.5,0.011524982750415802,0.0008240771712735295
sample_15,24074,39435,194300.0,8255972.5,0.042161744087934494,0.0036209612153470516
sample_15,24074,39436,194305.0,8255972.5,0.02340761385858059,0.008192185312509537
sample_15,24074,39437,194310.0,8255972.5,0.09381864964962006,0.005734473466873169
sample_15,24074,39438,194315.0,8255972.5,0.012505995109677315,0.0034006249625235796
sample_15,24074,39439,194320.0,8255972.5,0.019680464640259743,0.006968945264816284
sample_15,24074,39440,194325.0,8255972.5,0.02475041337311268,0.007037396542727947
sample_15,24074,39441,194330.0,8255972.5,0.029318563640117645,0.004145733080804348
sample_15,24074,39442,194335.0,8255972.5,0.0148609085008502,0.006360718049108982
sample_15,24074,39443,194340.0,8255972.5,0.05803431570529938,0.0034578146878629923
sample_15,24074,39444,194345.0,8255972.5,0.029031086713075638,0.004707786720246077
sample_15,24074,39445,194350.0,8255972.5,0.020647887140512466,0.009922442957758904
sample_15,24074,39446,194355.0,8255972.5,0.017537761479616165,0.014070261269807816
sample_15,24074,39447,194360.0,8255972.5,0.01845862716436386,0.002585134468972683
sample_15,24074,39448,194365.0,8255972.5,0.0025915997102856636,0.002072452800348401
sample_15,24074,39449,194370.0,8255972.5,0.020684344694018364,0.005692703183740377
sample_15,24074,39450,194375.0,8255972.5,0.029032539576292038,0.012375140562653542
sample_15,24074,39451,194380.0,8255972.5,0.005507092922925949,0.01133648119866848
sample_15,24074,39452,194385.0,8255972.5,0.0029414452146738768,0.0027171724941581488
sample_15,24074,39453,194390.0,8255972.5,0.01486070267856121,0.0036738866474479437
sample_15,24075,39416,194205.0,8255962.5,0.018987422809004784,0.0068797883577644825
sample_15,24075,39417,194210.0,8255962.5,0.011312739923596382,0.01109255850315094
sample_15,24075,39418,194215.0,8255962.5,0.03771975636482239,0.015660196542739868
sample_15,24075,39419,194220.0,8255962.5,0.03357117623090744,0.001759580452926457
sample_15,24075,39420,194225.0,8255962.5,0.004854971542954445,0.00728175463154912
sample_15,24075,39421,194230.0,8255962.5,0.015454950742423534,0.001300689997151494
sample_15,24075,39422,194235.0,8255962.5,0.011557072401046753,0.0022973474115133286
sample_15,24075,39423,194240.0,8255962.5,0.049167681485414505,0.002446660539135337
sample_15,24075,39424,194245.0,8255962.5,0.011970503255724907,0.003561974735930562
sample_15,24075,39425,194250.0,8255962.5,0.017633261159062386,0.00788006093353033
sample_15,24075,39426,194255.0,8255962.5,0.02967328578233719,0.00358255160972476
sample_15,24075,39427,194260.0,8255962.5,0.053383953869342804,0.017445804551243782
sample_15,24075,39428,194265.0,8255962.5,0.028678830713033676,0.006702844053506851
sample_15,24075,39429,194270.0,8255962.5,0.015228621661663055,0.0010351433884352446
sample_15,24075,39430,194275.0,8255962.5,0.028806649148464203,0.004096309654414654
sample_15,24075,39431,194280.0,8255962.5,0.02040806971490383,0.006943712010979652
sample_15,24075,39432,194285.0,8255962.5,0.027752265334129333,0.006902575492858887
sample_15,24075,39433,194290.0,8255962.5,0.009492011740803719,0.006711124908179045
sample_15,24075,39434,194295.0,8255962.5,0.012278699316084385,0.003134514205157757
sample_15,24075,39435,194300.0,8255962.5,0.02589307352900505,0.005135569255799055
sample_15,24075,39436,194305.0,8255962.5,0.04652978107333183,0.00461881048977375
sample_15,24075,39437,194310.0,8255962.5,0.026729151606559753,0.006112184841185808
sample_15,24075,39438,194315.0,8255962.5,0.01874244026839733,0.010187460109591484
sample_15,24075,39439,194320.0,8255962.5,0.018685193732380867,0.0059431372210383415
sample_15,24075,39440,194325.0,8255962.5,0.03182225301861763,0.009812727570533752
sample_15,24075,39441,194330.0,8255962.5,0.021179428324103355,0.011225997470319271
sample_15,24075,39442,194335.0,8255962.5,0.021494101732969284,0.01984330452978611
sample_15,24075,39443,194340.0,8255962.5,0.021432558074593544,0.0025963671505451202
sample_15,24075,39444,194345.0,8255962.5,0.025200217962265015,0.014194035902619362
sample_15,24075,39445,194350.0,8255962.5,0.017579473555088043,0.0028792680241167545
sample_15,24075,39446,194355.0,8255962.5,0.012063008733093739,0.011411127634346485
sample_15,24075,39447,194360.0,8255962.5,0.008995714597404003,0.0034659213852137327
sample_15,24075,39448,194365.0,8255962.5,0.005878089927136898,0.0042462097480893135
sample_15,24075,39449,194370.0,8255962.5,0.017547976225614548,0.0022870495449751616
sample_15,24075,39450,194375.0,8255962.5,0.008646828122437,0.005127374082803726
sample_15,24075,39451,194380.0,8255962.5,0.03049306944012642,0.008072749711573124
sample_15,24075,39452,194385.0,8255962.5,0.05908024311065674,0.004408309236168861
sample_15,24075,39453,194390.0,8255962.5,0.039273109287023544,0.0007479643682017922
sample_15,24076,39416,194205.0,8255952.5,0.007038201671093702,0.0014835569309070706
sample_15,24076,39417,194210.0,8255952.5,0.002185076242312789,0.01014895923435688
sample_15,24076,39418,194215.0,8255952.5,0.045519739389419556,0.005868374370038509
sample_15,24076,39419,194220.0,8255952.5,0.015766123309731483,0.000628272769972682
sample_15,24076,39420,194225.0,8255952.5,0.018534598872065544,0.002198115224018693
sample_15,24076,39421,194230.0,8255952.5,0.0047486210241913795,0.004013529513031244
sample_15,24076,39422,194235.0,8255952.5,0.0025617345236241817,0.005311454646289349
sample_15,24076,39423,194240.0,8255952.5,0.004861980676651001,0.0027979498263448477
sample_15,24076,39424,194245.0,8255952.5,0.012385411188006401,0.0032429147977381945
sample_15,24076,39425,194250.0,8255952.5,0.007566319778561592,0.021387986838817596
sample_15,24076,39426,194255.0,8255952.5,0.01993557997047901,0.0036925598978996277
sample_15,24076,39427,194260.0,8255952.5,0.03779947757720947,0.02690848521888256
sample_15,24076,39428,194265.0,8255952.5,0.007091469131410122,0.019001584500074387
sample_15,24076,39429,194270.0,8255952.5,0.029674820601940155,0.006766081787645817
sample_15,24076,39430,194275.0,8255952.5,0.01704544760286808,0.002895847661420703
sample_15,24076,39431,194280.0,8255952.5,0.029043329879641533,0.014322377741336823
sample_15,24076,39432,194285.0,8255952.5,0.018661824986338615,0.0003174236335325986
sample_15,24076,39433,194290.0,8255952.5,0.011423863470554352,0.005125065334141254
sample_15,24076,39434,194295.0,8255952.5,0.029298512265086174,0.0045560142025351524
sample_15,24076,39435,194300.0,8255952.5,0.013831039890646935,0.005150473676621914
sample_15,24076,39436,194305.0,8255952.5,0.01179792732000351,0.006837544497102499
sample_15,24076,39437,194310.0,8255952.5,0.027128254994750023,0.021936722099781036
sample_15,24076,39438,194315.0,8255952.5,0.006476960144937038,0.010398625396192074
sample_15,24076,39439,194320.0,8255952.5,0.007624991238117218,0.001683813869021833
sample_15,24076,39440,194325.0,8255952.5,0.004500216338783503,0.0005128367920406163
sample_15,24076,39441,194330.0,8255952.5,0.003312391461804509,0.0019182952819392085
sample_15,24076,39442,194335.0,8255952.5,0.008637855760753155,0.003871223656460643
sample_15,24076,39443,194340.0,8255952.5,0.014696958474814892,0.0064009143970906734
sample_15,24076,39444,194345.0,8255952.5,0.002219559159129858,0.0033679886255413294
sample_15,24076,39445,194350.0,8255952.5,0.029392503201961517,0.0020510083995759487
sample_15,24076,39446,194355.0,8255952.5,0.0016511714784428477,0.003641144372522831
sample_15,24076,39447,194360.0,8255952.5,0.012605840340256691,0.006511951331049204
sample_15,24076,39448,194365.0,8255952.5,0.028640534728765488,0.00345886149443686
sample_15,24076,39449,194370.0,8255952.5,0.01733408495783806,0.007561495527625084
sample_15,24076,39450,194375.0,8255952.5,0.036291010677814484,0.008232079446315765
sample_15,24076,39451,194380.0,8255952.5,0.0014624756295233965,0.0025163160171359777
sample_15,24076,39452,194385.0,8255952.5,0.013519996777176857,0.009515430778265
sample_15,24076,39453,194390.0,8255952.5,0.025711100548505783,0.005210914183408022
sample_15,24077,39416,194205.0,8255942.5,0.030791258439421654,0.004527184180915356
sample_15,24077,39417,194210.0,8255942.5,0.022457731887698174,0.005643132142722607
sample_15,24077,39418,194215.0,8255942.5,0.037779174745082855,0.0053821830078959465
sample_15,24077,39419,194220.0,8255942.5,0.07595889270305634,0.009589730761945248
sample_15,24077,39420,194225.0,8255942.5,0.021045543253421783,0.011970333755016327
sample_15,24077,39421,194230.0,8255942.5,0.0037812180817127228,0.007462136447429657
sample_15,24077,39422,194235.0,8255942.5,0.015659844502806664,0.002515742788091302
sample_15,24077,39423,194240.0,8255942.5,0.01908542402088642,0.004465863574296236
sample_15,24077,39424,194245.0,8255942.5,0.00375131843611598,0.01253492757678032
sample_15,24077,39425,194250.0,8255942.5,0.02640257030725479,0.0034102466888725758
sample_15,24077,39426,194255.0,8255942.5,0.019696269184350967,0.008051035925745964
sample_15,24077,39427,194260.0,8255942.5,0.003434368409216404,0.010437309741973877
sample_15,24077,39428,194265.0,8255942.5,0.006763802375644445,0.0010636659571900964
sample_15,24077,39429,194270.0,8255942.5,0.021504539996385574,0.004379471763968468
sample_15,24077,39430,194275.0,8255942.5,0.04063205420970917,0.010711746290326118
sample_15,24077,39431,194280.0,8255942.5,0.011328253895044327,0.006578944623470306
sample_15,24077,39432,194285.0,8255942.5,0.016166921705007553,0.006714342162013054
sample_15,24077,39433,194290.0,8255942.5,0.00704221660271287,0.002374100498855114
sample_15,24077,39434,194295.0,8255942.5,0.036411285400390625,0.0039273826405406
sample_15,24077,39435,194300.0,8255942.5,0.011694496497511864,0.01076507568359375
sample_15,24077,39436,194305.0,8255942.5,0.005294403061270714,0.004958900157362223
sample_15,24077,39437,194310.0,8255942.5,0.004755908157676458,0.009167373180389404
sample_15,24077,39438,194315.0,8255942.5,0.004667231813073158,0.0075890179723501205
sample_15,24077,39439,194320.0,8255942.5,0.013246635906398296,0.011814143508672714
sample_15,24077,39440,194325.0,8255942.5,0.019291216507554054,0.010014603845775127
sample_15,24077,39441,194330.0,8255942.5,0.025845898315310478,0.0010147865395992994
sample_15,24077,39442,194335.0,8255942.5,0.00771783571690321,0.0009466981282457709
sample_15,24077,39443,194340.0,8255942.5,0.010495267808437347,0.003981179557740688
sample_15,24077,39444,194345.0,8255942.5,0.011522777378559113,0.003868706990033388
sample_15,24077,39445,194350.0,8255942.5,0.0762031301856041,0.003988214768469334
sample_15,24077,39446,194355.0,8255942.5,0.006495911628007889,0.01270006038248539
sample_15,24077,39447,194360.0,8255942.5,0.00526771042495966,0.026603488251566887
sample_15,24077,39448,194365.0,8255942.5,0.015235275961458683,0.0037844646722078323
sample_15,24077,39449,194370.0,8255942.5,0.011697804555296898,0.004136171191930771
sample_15,24077,39450,194375.0,8255942.5,0.014773574657738209,0.0014128844486549497
sample_15,24077,39451,194380.0,8255942.5,0.01610320433974266,0.009317325428128242
sample_15,24077,39452,194385.0,8255942.5,0.015697335824370384,0.004391706082969904
sample_15,24077,39453,194390.0,8255942.5,0.016118507832288742,0.005202898755669594
sample_15,24078,39416,194205.0,8255932.5,0.008245767094194889,0.005321964621543884
sample_15,24078,39417,194210.0,8255932.5,0.018933437764644623,0.004155077040195465
sample_15,24078,39418,194215.0,8255932.5,0.020817214623093605,0.012056924402713776
sample_15,24078,39419,194220.0,8255932.5,0.008371537551283836,0.0024750642478466034
sample_15,24078,39420,194225.0,8255932.5,0.016054997220635414,0.002479590242728591
sample_15,24078,39421,194230.0,8255932.5,0.016828250139951706,0.0029484876431524754
sample_15,24078,39422,194235.0,8255932.5,0.030304430052638054,0.011707691475749016
sample_15,24078,39423,194240.0,8255932.5,0.012409851886332035,0.010716252028942108
sample_15,24078,39424,194245.0,8255932.5,0.010244576260447502,0.005629188846796751
sample_15,24078,39425,194250.0,8255932.5,0.004491624888032675,0.003005499253049493
sample_15,24078,39426,194255.0,8255932.5,0.004841164220124483,0.008135716430842876
sample_15,24078,39427,194260.0,8255932.5,0.011815530247986317,0.004600469954311848
sample_15,24078,39428,194265.0,8255932.5,0.016689583659172058,0.007156015373766422
sample_15,24078,39429,194270.0,8255932.5,0.006166223436594009,0.006597690284252167
sample_15,24078,39430,194275.0,8255932.5,0.009166902862489223,0.016985978931188583
sample_15,24078,39431,194280.0,8255932.5,0.010827010497450829,0.011877859011292458
sample_15,24078,39432,194285.0,8255932.5,0.0013839451130479574,0.0038843241054564714
sample_15,24078,39433,194290.0,8255932.5,0.014279171824455261,0.002777772955596447
sample_15,24078,39434,194295.0,8255932.5,0.015346743166446686,0.005678711924701929
sample_15,24078,39435,194300.0,8255932.5,0.023822277784347534,8.990736387204379e-05
sample_15,24078,39436,194305.0,8255932.5,0.02149372547864914,0.010071754455566406
sample_15,24078,39437,194310.0,8255932.5,0.016877833753824234,0.00641463790088892
sample_15,24078,39438,194315.0,8255932.5,0.009779984131455421,0.001983950613066554
sample_15,24078,39439,194320.0,8255932.5,0.028806328773498535,0.002882668748497963
sample_15,24078,39440,194325.0,8255932.5,0.04286281019449234,0.0012914566323161125
sample_15,24078,39441,194330.0,8255932.5,0.025074493139982224,0.007127598859369755
sample_15,24078,39442,194335.0,8255932.5,0.01458642166107893,0.010021314024925232
sample_15,24078,39443,194340.0,8255932.5,0.010844649747014046,0.0061530377715826035
sample_15,24078,39444,194345.0,8255932.5,0.01209808886051178,0.005576103925704956
sample_15,24078,39445,194350.0,8255932.5,0.002954554744064808,0.006773882545530796
sample_15,24078,39446,194355.0,8255932.5,0.026234809309244156,0.005717527121305466
sample_15,24078,39447,194360.0,8255932.5,0.03176829591393471,0.0030511035583913326
sample_15,24078,39448,194365.0,8255932.5,0.04584567993879318,0.009708591736853123
sample_15,24078,39449,194370.0,8255932.5,0.018002962693572044,0.013447878882288933
sample_15,24078,39450,194375.0,8255932.5,0.024663235992193222,0.006770160049200058
sample_15,24078,39451,194380.0,8255932.5,0.03478763625025749,0.004822444170713425
sample_15,24078,39452,194385.0,8255932.5,0.0019475859589874744,0.002873342717066407
sample_15,24078,39453,194390.0,8255932.5,0.026154346764087677,0.0012010419741272926
sample_15,24079,39416,194205.0,8255922.5,0.007607597857713699,0.007505279965698719
sample_15,24079,39417,194210.0,8255922.5,0.03452378511428833,0.0021446929313242435
sample_15,24079,39418,194215.0,8255922.5,0.02948799915611744,0.006628352217376232
sample_15,24079,39419,194220.0,8255922.5,0.02253693714737892,0.005858890246599913
sample_15,24079,39420,194225.0,8255922.5,0.024656493216753006,0.0012504601618275046
sample_15,24079,39421,194230.0,8255922.5,0.020663270726799965,0.007240976206958294
sample_15,24079,39422,194235.0,8255922.5,0.004323356784880161,0.0039699687622487545
sample_15,24079,39423,194240.0,8255922.5,0.01779729686677456,0.0030577941797673702
sample_15,24079,39424,194245.0,8255922.5,0.015999600291252136,0.004195722285658121
sample_15,24079,39425,194250.0,8255922.5,0.01734577678143978,0.00045912974746897817
sample_15,24079,39426,194255.0,8255922.5,0.01727958396077156,0.012104852125048637
sample_15,24079,39427,194260.0,8255922.5,0.014530488289892673,0.009354760870337486
sample_15,24079,39428,194265.0,8255922.5,0.028453076258301735,0.003686459269374609
sample_15,24079,39429,194270.0,8255922.5,0.014099255204200745,0.00603494793176651
sample_15,24079,39430,194275.0,8255922.5,0.009986042976379395,0.008178459480404854
sample_15,24079,39431,194280.0,8255922.5,0.027611466124653816,0.007411066442728043
sample_15,24079,39432,194285.0,8255922.5,0.012770960107445717,0.0031893355771899223
sample_15,24079,39433,194290.0,8255922.5,0.012407604604959488,0.009316463954746723
sample_15,24079,39434,194295.0,8255922.5,0.010864170268177986,0.006233313120901585
sample_15,24079,39435,194300.0,8255922.5,0.02546696364879608,0.0036188182421028614
sample_15,24079,39436,194305.0,8255922.5,0.02052430808544159,0.0036291354335844517
sample_15,24079,39437,194310.0,8255922.5,0.010834714397788048,0.005084560252726078
sample_15,24079,39438,194315.0,8255922.5,0.0050405641086399555,0.006497667171061039
sample_15,24079,39439,194320.0,8255922.5,0.011343847960233688,0.004460991360247135
sample_15,24079,39440,194325.0,8255922.5,0.029525600373744965,0.0014814623864367604
sample_15,24079,39441,194330.0,8255922.5,0.020195676013827324,0.006024697329849005
sample_15,24079,39442,194335.0,8255922.5,0.02022354118525982,0.007997030392289162
sample_15,24079,39443,194340.0,8255922.5,0.0022469661198556423,0.007282978855073452
sample_15,24079,39444,194345.0,8255922.5,0.012963543646037579,0.0036139748990535736
sample_15,24079,39445,194350.0,8255922.5,0.015933508053421974,0.00604252889752388
sample_15,24079,39446,194355.0,8255922.5,0.03677995502948761,0.002497598994523287
sample_15,24079,39447,194360.0,8255922.5,0.004431347828358412,0.0008985628955997527
sample_15,24079,39448,194365.0,8255922.5,0.03891756758093834,0.008653346449136734
sample_15,24079,39449,194370.0,8255922.5,0.006977926939725876,0.0035040206275880337
sample_15,24079,39450,194375.0,8255922.5,0.008505094796419144,0.007402648217976093
sample_15,24079,39451,194380.0,8255922.5,0.005594570189714432,0.007869035005569458
sample_15,24079,39452,194385.0,8255922.5,0.017848163843154907,0.010539159178733826
sample_15,24079,39453,194390.0,8255922.5,0.04153857380151749,0.0071296957321465015
sample_15,24079,39454,194395.0,8255922.5,0.0012322899419814348,0.016948865726590157
sample_16,23965,39975,197000.0,8257062.5,0.02269587852060795,0.0044401176273822784
sample_16,23965,39976,197005.0,8257062.5,0.011253983713686466,0.0072550466284155846
sample_16,23965,39977,197010.0,8257062.5,0.003882547840476036,0.005464926362037659
sample_16,23965,39978,197015.0,8257062.5,0.021847885102033615,0.0036975040566176176
sample_16,23965,39979,197020.0,8257062.5,0.025978583842515945,0.0029203572776168585
sample_16,23965,39980,197025.0,8257062.5,0.005465188063681126,0.0006824327865615487
sample_16,23965,39981,197030.0,8257062.5,0.02387821301817894,0.008047721348702908
sample_16,23965,39982,197035.0,8257062.5,0.011174507439136505,0.007235439028590918
sample_16,23965,39983,197040.0,8257062.5,0.022590873762965202,0.002484358614310622
sample_16,23965,39984,197045.0,8257062.5,0.04387867823243141,0.007596584036946297
sample_16,23965,39985,197050.0,8257062.5,0.013827631250023842,0.001879546558484435
sample_16,23965,39986,197055.0,8257062.5,0.024228926748037338,0.001965328585356474
sample_16,23965,39987,197060.0,8257062.5,0.06865948438644409,0.003095526248216629
sample_16,23965,39988,197065.0,8257062.5,0.02000059187412262,0.00240798550657928
sample_16,23965,39989,197070.0,8257062.5,0.0036290474236011505,0.006491868756711483
sample_16,23965,39990,197075.0,8257062.5,0.011332159861922264,0.01394109521061182
sample_16,23965,39991,197080.0,8257062.5,0.01856958493590355,0.002041814150288701
sample_16,23965,39992,197085.0,8257062.5,0.021725766360759735,0.004714744631201029
sample_16,23965,39993,197090.0,8257062.5,0.017929555848240852,0.0040269773453474045
sample_16,23965,39994,197095.0,8257062.5,0.026465605944395065,0.0012645357055589557
sample_16,23965,39995,197100.0,8257062.5,0.008509129285812378,0.0009064129553735256
sample_16,23965,39996,197105.0,8257062.5,0.004982151556760073,0.011800801381468773
sample_16,23965,39997,197110.0,8257062.5,0.005210427567362785,0.013451534323394299
sample_16,23966,39959,196920.0,8257052.5,0.009815978817641735,0.007977348752319813
sample_16,23966,39960,196925.0,8257052.5,0.030486732721328735,0.015226704068481922
sample_16,23966,39961,196930.0,8257052.5,0.04637489467859268,0.0037015792913734913
sample_16,23966,39962,196935.0,8257052.5,0.03495911881327629,0.0035692951641976833
sample_16,23966,39963,196940.0,8257052.5,0.03119507059454918,0.006720895413309336
sample_16,23966,39964,196945.0,8257052.5,0.08794700354337692,0.008581485599279404
sample_16,23966,39965,196950.0,8257052.5,0.044603701680898666,0.0037158490158617496
sample_16,23966,39966,196955.0,8257052.5,0.01650109700858593,0.011212563142180443
sample_16,23966,39967,196960.0,8257052.5,0.006191603373736143,0.010472488589584827
sample_16,23966,39968,196965.0,8257052.5,0.009521111845970154,0.0010556146735325456
sample_16,23966,39969,196970.0,8257052.5,0.010271580889821053,0.0035604811273515224
sample_16,23966,39970,196975.0,8257052.5,0.023862963542342186,0.01190296933054924
sample_16,23966,39971,196980.0,8257052.5,0.0351601168513298,0.00833965465426445
sample_16,23966,39972,196985.0,8257052.5,0.016836637631058693,0.003569731954485178
sample_16,23966,39973,196990.0,8257052.5,0.006727572530508041,0.0098530612885952
sample_16,23966,39974,196995.0,8257052.5,0.002880583517253399,0.009351085871458054
sample_16,23966,39975,197000.0,8257052.5,0.01745280623435974,0.005641031078994274
sample_16,23966,39976,197005.0,8257052.5,0.006736855022609234,0.015319010242819786
sample_16,23966,39977,197010.0,8257052.5,0.014672290533781052,0.014941832050681114
sample_16,23966,39978,197015.0,8257052.5,0.03732074424624443,0.002581503940746188
sample_16,23966,39979,197020.0,8257052.5,0.0343351736664772,0.012776360847055912
sample_16,23966,39980,197025.0,8257052.5,0.014820252545177937,0.005838086362928152
sample_16,23966,39981,197030.0,8257052.5,0.012415590696036816,0.013282155618071556
sample_16,23966,39982,197035.0,8257052.5,0.016977043822407722,0.002358213532716036
sample_16,23966,39983,197040.0,8257052.5,0.013717777095735073,0.020562803372740746
sample_16,23966,39984,197045.0,8257052.5,0.0132571030408144,0.003930781967937946
sample_16,23966,39985,197050.0,8257052.5,0.009336491115391254,0.007509847171604633
sample_16,23966,39986,197055.0,8257052.5,0.009029707871377468,0.012590029276907444
sample_16,23966,39987,197060.0,8257052.5,0.010440284386277199,0.007426531054079533
sample_16,23966,39988,197065.0,8257052.5,0.02782900258898735,0.0023287367075681686
sample_16,23966,39989,197070.0,8257052.5,0.022863635793328285,0.0046225967817008495
sample_16,23966,39990,197075.0,8257052.5,0.0030058082193136215,0.00367823988199234
sample_16,23966,39991,197080.0,8257052.5,0.01889161393046379,0.010245908051729202
sample_16,23966,39992,197085.0,8257052.5,0.011446794494986534,0.007600164972245693
sample_16,23966,39993,197090.0,8257052.5,0.03078235313296318,0.005253922194242477
sample_16,23966,39994,197095.0,8257052.5,0.05176140367984772,0.012213137000799179
sample_16,23966,39995,197100.0,8257052.5,0.01139388419687748,0.002394161419942975
sample_16,23966,39996,197105.0,8257052.5,0.013247695751488209,0.003961140755563974
sample_16,23966,39997,197110.0,8257052.5,0.00278762960806489,0.008286094292998314
sample_16,23967,39959,196920.0,8257042.5,0.018526898697018623,0.005058719776570797
sample_16,23967,39960,196925.0,8257042.5,0.015167774632573128,0.006445539649575949
sample_16,23967,39961,196930.0,8257042.5,0.03970709070563316,0.005406154785305262
sample_16,23967,39962,196935.0,8257042.5,0.032126814126968384,0.002183740260079503
sample_16,23967,39963,196940.0,8257042.5,0.014869662001729012,0.016091784462332726
sample_16,23967,39964,196945.0,8257042.5,0.002225580159574747,0.01200942974537611
sample_16,23967,39965,196950.0,8257042.5,0.0058007072657346725,0.00257223192602396
sample_16,23967,39966,196955.0,8257042.5,0.007784021552652121,0.015747740864753723
sample_16,23967,39967,196960.0,8257042.5,0.02791912853717804,0.00921984389424324
sample_16,23967,39968,196965.0,8257042.5,0.04295967146754265,0.0016398740699514747
sample_16,23967,39969,196970.0,8257042.5,0.02000875398516655,0.01146360021084547
sample_16,23967,39970,196975.0,8257042.5,0.004252476617693901,0.01661388948559761
sample_16,23967,39971,196980.0,8257042.5,0.016314951702952385,0.02071635238826275
sample_16,23967,39972,196985.0,8257042.5,0.018697211518883705,0.0029875957407057285
sample_16,23967,39973,196990.0,8257042.5,0.04143974184989929,0.0015611113049089909
sample_16,23967,39974,196995.0,8257042.5,0.020627416670322418,0.004381920211017132
sample_16,23967,39975,197000.0,8257042.5,0.02357376739382744,0.0011986467288807034
sample_16,23967,39976,197005.0,8257042.5,0.018505185842514038,0.015762558206915855
sample_16,23967,39977,197010.0,8257042.5,0.019574491307139397,0.01591111533343792
sample_16,23967,39978,197015.0,8257042.5,0.04488055780529976,0.0011313394643366337
sample_16,23967,39979,197020.0,8257042.5,0.01928381621837616,0.005888286046683788
sample_16,23967,39980,197025.0,8257042.5,0.03018466755747795,0.0030523445457220078
sample_16,23967,39981,197030.0,8257042.5,0.014417664147913456,0.0073164114728569984
sample_16,23967,39982,197035.0,8257042.5,0.015565815381705761,0.0016767514171078801
sample_16,23967,39983,197040.0,8257042.5,0.02349174953997135,0.005613282788544893
sample_16,23967,39984,197045.0,8257042.5,0.012553535401821136,0.0056523168459534645
sample_16,23967,39985,197050.0,8257042.5,0.016167575493454933,0.005273166578263044
sample_16,23967,39986,197055.0,8257042.5,0.01675935462117195,0.0226738378405571
sample_16,23967,39987,197060.0,8257042.5,0.007734007202088833,0.01159360259771347
sample_16,23967,39988,197065.0,8257042.5,0.040912970900535583,0.009660818614065647
sample_16,23967,39989,197070.0,8257042.5,0.019849063828587532,0.004881232976913452
sample_16,23967,39990,197075.0,8257042.5,0.029510725289583206,0.0005399675574153662
sample_16,23967,39991,197080.0,8257042.5,0.03217514604330063,0.0039177932776510715
sample_16,23967,39992,197085.0,8257042.5,0.0023084483109414577,0.014757456257939339
sample_16,23967,39993,197090.0,8257042.5,0.02822236344218254,0.007142479531466961
sample_16,23967,39994,197095.0,8257042.5,0.016520464792847633,0.008789250627160072
sample_16,23967,39995,197100.0,8257042.5,0.006433870643377304,0.00551485875621438
sample_16,23967,39996,197105.0,8257042.5,0.020872151479125023,0.005755326244980097
sample_16,23967,39997,197110.0,8257042.5,0.002801983617246151,0.00767893623560667
sample_16,23968,39959,196920.0,8257032.5,0.009824472479522228,0.015246037393808365
sample_16,23968,39960,196925.0,8257032.5,0.010754989460110664,0.0048527792096138
sample_16,23968,39961,196930.0,8257032.5,0.02928023412823677,0.0007627515587955713
sample_16,23968,39962,196935.0,8257032.5,0.013948735781013966,0.0019094335148110986
sample_16,23968,39963,196940.0,8257032.5,0.007111680693924427,0.001672861399129033
sample_16,23968,39964,196945.0,8257032.5,0.01220744289457798,0.0010466165840625763
sample_16,23968,39965,196950.0,8257032.5,0.04428379237651825,0.0017907480942085385
sample_16,23968,39966,196955.0,8257032.5,0.002565176924690604,0.009012826718389988
sample_16,23968,39967,196960.0,8257032.5,0.016827378422021866,0.015820467844605446
sample_16,23968,39968,196965.0,8257032.5,0.00636826828122139,0.004765342455357313
sample_16,23968,39969,196970.0,8257032.5,0.007263796404004097,0.01751866564154625
sample_16,23968,39970,196975.0,8257032.5,0.021290937438607216,0.00546519597992301
sample_16,23968,39971,196980.0,8257032.5,0.027205590158700943,0.001134886173531413
sample_16,23968,39972,196985.0,8257032.5,0.040232885628938675,0.006691662594676018
sample_16,23968,39973,196990.0,8257032.5,0.024217229336500168,0.01561039686203003
sample_16,23968,39974,196995.0,8257032.5,0.005462613422423601,0.005394010338932276
sample_16,23968,39975,197000.0,8257032.5,0.008151542395353317,0.0029172259382903576
sample_16,23968,39976,197005.0,8257032.5,0.038877420127391815,0.001106276293285191
sample_16,23968,39977,197010.0,8257032.5,0.0067076836712658405,0.004897696431726217
sample_16,23968,39978,197015.0,8257032.5,0.026231219992041588,0.0022451221011579037
sample_16,23968,39979,197020.0,8257032.5,0.05233512818813324,0.005255146883428097
sample_16,23968,39980,197025.0,8257032.5,0.003760876599699259,0.003322294680401683
sample_16,23968,39981,197030.0,8257032.5,0.009118059650063515,0.0020720534957945347
sample_16,23968,39982,197035.0,8257032.5,0.02900581806898117,0.004910722374916077
sample_16,23968,39983,197040.0,8257032.5,0.03193120285868645,0.015493395738303661
sample_16,23968,39984,197045.0,8257032.5,0.0377342663705349,0.005448802374303341
sample_16,23968,39985,197050.0,8257032.5,0.00789752695709467,0.005506093613803387
sample_16,23968,39986,197055.0,8257032.5,0.016947641968727112,0.0024535527918487787
sample_16,23968,39987,197060.0,8257032.5,0.005457818042486906,0.0014724844368174672
sample_16,23968,39988,197065.0,8257032.5,0.004412908107042313,0.006257485598325729
sample_16,23968,39989,197070.0,8257032.5,0.009243734180927277,0.010390108451247215
sample_16,23968,39990,197075.0,8257032.5,0.005004542879760265,0.004334145225584507
sample_16,23968,39991,197080.0,8257032.5,0.024439455941319466,0.0075769368559122086
sample_16,23968,39992,197085.0,8257032.5,0.03227853775024414,0.009628940373659134
sample_16,23968,39993,197090.0,8257032.5,0.013221913948655128,0.001873011700809002
sample_16,23968,39994,197095.0,8257032.5,0.0028112013824284077,0.009804089553654194
sample_16,23968,39995,197100.0,8257032.5,0.007300938479602337,0.01795976236462593
sample_16,23968,39996,197105.0,8257032.5,0.0018510096706449986,0.0032889991998672485
sample_16,23968,39997,197110.0,8257032.5,0.024426031857728958,0.013380248099565506
sample_16,23969,39960,196925.0,8257022.5,0.0019977428019046783,0.0016990089789032936
sample_16,23969,39961,196930.0,8257022.5,0.011816439218819141,0.006055659614503384
sample_16,23969,39962,196935.0,8257022.5,0.030370261520147324,0.0033166292123496532
sample_16,23969,39963,196940.0,8257022.5,0.002720956690609455,0.0043267919681966305
sample_16,23969,39964,196945.0,8257022.5,0.043645258992910385,0.0035770973190665245
sample_16,23969,39965,196950.0,8257022.5,0.010758074931800365,0.0010370372328907251
sample_16,23969,39966,196955.0,8257022.5,0.03810988739132881,0.0051211463287472725
sample_16,23969,39967,196960.0,8257022.5,0.06632135808467865,0.00777794886380434
sample_16,23969,39968,196965.0,8257022.5,0.02419772371649742,0.002752603031694889
sample_16,23969,39969,196970.0,8257022.5,0.05064033716917038,0.0060024745762348175
sample_16,23969,39970,196975.0,8257022.5,0.011907009407877922,0.006213090382516384
sample_16,23969,39971,196980.0,8257022.5,0.007043794728815556,0.009537126868963242
sample_16,23969,39972,196985.0,8257022.5,0.016552627086639404,0.009115051478147507
sample_16,23969,39973,196990.0,8257022.5,0.020371638238430023,0.0009847006294876337
sample_16,23969,39974,196995.0,8257022.5,0.028919009491801262,0.0036859605461359024
sample_16,23969,39975,197000.0,8257022.5,0.012785514816641808,0.0036625841166824102
sample_16,23969,39976,197005.0,8257022.5,0.021649224683642387,0.007499412167817354
sample_16,23969,39977,197010.0,8257022.5,0.008163153193891048,0.005294863600283861
sample_16,23969,39978,197015.0,8257022.5,0.01911776512861252,0.001175912213511765
sample_16,23969,39979,197020.0,8257022.5,0.04227365180850029,0.012373195961117744
sample_16,23969,39980,197025.0,8257022.5,0.009778352454304695,0.01664670929312706
sample_16,23969,39981,197030.0,8257022.5,0.008489960804581642,0.01048227772116661
sample_16,23969,39982,197035.0,8257022.5,0.007501804735511541,0.0032717599533498287
sample_16,23969,39983,197040.0,8257022.5,0.0036805158015340567,0.009496012702584267
sample_16,23969,39984,197045.0,8257022.5,0.007634149864315987,0.004901784472167492
sample_16,23969,39985,197050.0,8257022.5,0.0045555043034255505,0.017157966271042824
sample_16,23969,39986,197055.0,8257022.5,0.011888593435287476,0.004701285157352686
sample_16,23969,39987,197060.0,8257022.5,0.02507796324789524,0.007801321800798178
sample_16,23969,39988,197065.0,8257022.5,0.01861449144780636,0.012845402583479881
sample_16,23969,39989,197070.0,8257022.5,0.009133463725447655,0.01233960036188364
sample_16,23969,39990,197075.0,8257022.5,0.005223995074629784,0.005053600762039423
sample_16,23969,39991,197080.0,8257022.5,0.0318460687994957,0.0017867041751742363
sample_16,23969,39992,197085.0,8257022.5,0.006859352346509695,0.0025719625409692526
sample_16,23969,39993,197090.0,8257022.5,0.022899197414517403,0.0034498735330998898
sample_16,23969,39994,197095.0,8257022.5,0.0028361850418150425,0.010108094662427902
sample_16,23969,39995,197100.0,8257022.5,0.007008770480751991,0.0012032587546855211
sample_16,23969,39996,197105.0,8257022.5,0.009513401426374912,0.0021890418138355017
sample_16,23969,39997,197110.0,8257022.5,0.014611821621656418,0.016150854527950287
sample_16,23970,39960,196925.0,8257012.5,0.0045936317183077335,0.002580825472250581
sample_16,23970,39961,196930.0,8257012.5,0.041160862892866135,0.004878748208284378
sample_16,23970,39962,196935.0,8257012.5,0.009358275681734085,0.002803250215947628
sample_16,23970,39963,196940.0,8257012.5,0.033193476498126984,0.00781106436625123
sample_16,23970,39964,196945.0,8257012.5,0.029823029413819313,0.003225796390324831
sample_16,23970,39965,196950.0,8257012.5,0.008527048863470554,0.00020599699928425252
sample_16,23970,39966,196955.0,8257012.5,0.03950800001621246,0.008450356312096119
sample_16,23970,39967,196960.0,8257012.5,0.018105164170265198,0.0035487606655806303
sample_16,23970,39968,196965.0,8257012.5,0.01483584102243185,0.01469514612108469
sample_16,23970,39969,196970.0,8257012.5,0.012264933437108994,0.00967718381434679
sample_16,23970,39970,196975.0,8257012.5,0.02061181142926216,0.00207524374127388
sample_16,23970,39971,196980.0,8257012.5,0.003968852572143078,0.0045268721878528595
sample_16,23970,39972,196985.0,8257012.5,0.0193723663687706,0.004404423758387566
sample_16,23970,39973,196990.0,8257012.5,0.019338110461831093,0.0004545011615846306
sample_16,23970,39974,196995.0,8257012.5,0.013523660600185394,0.006724382750689983
sample_16,23970,39975,197000.0,8257012.5,0.010196269489824772,0.009405774995684624
sample_16,23970,39976,197005.0,8257012.5,0.009915109723806381,0.0009421100839972496
sample_16,23970,39977,197010.0,8257012.5,0.020227255299687386,0.0014525167644023895
sample_16,23970,39978,197015.0,8257012.5,0.03842751309275627,0.006127843167632818
sample_16,23970,39979,197020.0,8257012.5,0.0317457914352417,0.00545843131840229
sample_16,23970,39980,197025.0,8257012.5,0.015665750950574875,0.006756417453289032
sample_16,23970,39981,197030.0,8257012.5,0.011220975778996944,0.007936643436551094
sample_16,23970,39982,197035.0,8257012.5,0.015489771962165833,0.00941554456949234
sample_16,23970,39983,197040.0,8257012.5,0.007599903270602226,0.00662455428391695
sample_16,23970,39984,197045.0,8257012.5,0.024964505806565285,0.0032905424013733864
sample_16,23970,39985,197050.0,8257012.5,0.022866034880280495,0.0029945657588541508
sample_16,23970,39986,197055.0,8257012.5,0.017453975975513458,0.006088969763368368
sample_16,23970,39987,197060.0,8257012.5,0.005206804256886244,0.00042515978566370904
sample_16,23970,39988,197065.0,8257012.5,0.017882023006677628,0.0028795506805181503
sample_16,23970,39989,197070.0,8257012.5,0.012725848704576492,0.0009344214340671897
sample_16,23970,39990,197075.0,8257012.5,0.01481966208666563,0.008651511743664742
sample_16,23970,39991,197080.0,8257012.5,0.03503972664475441,0.003311258042231202
sample_16,23970,39992,197085.0,8257012.5,0.017842188477516174,0.003736830083653331
sample_16,23970,39993,197090.0,8257012.5,0.012569732032716274,0.0022576709743589163
sample_16,23970,39994,197095.0,8257012.5,0.032378748059272766,0.006585629191249609
sample_16,23970,39995,197100.0,8257012.5,0.011120041832327843,0.008832976222038269
sample_16,23970,39996,197105.0,8257012.5,0.011594833806157112,0.004222260322421789
sample_16,23970,39997,197110.0,8257012.5,0.03601626306772232,0.005658032838255167
sample_16,23971,39960,196925.0,8257002.5,0.04675985872745514,0.00635484978556633
sample_16,23971,39961,196930.0,8257002.5,0.008415818214416504,0.008427213877439499
sample_16,23971,39962,196935.0,8257002.5,0.05165044218301773,0.005055072717368603
sample_16,23971,39963,196940.0,8257002.5,0.03500707447528839,0.0039808559231460094
sample_16,23971,39964,196945.0,8257002.5,0.015564226545393467,0.0025771697983145714
sample_16,23971,39965,196950.0,8257002.5,0.012892945669591427,0.0025077254977077246
sample_16,23971,39966,196955.0,8257002.5,0.010328464210033417,0.0003604835947044194
sample_16,23971,39967,196960.0,8257002.5,0.024209562689065933,0.000933855480980128
sample_16,23971,39968,196965.0,8257002.5,0.019557304680347443,0.013014141470193863
sample_16,23971,39969,196970.0,8257002.5,0.02126503549516201,0.010627532377839088
sample_16,23971,39970,196975.0,8257002.5,0.013764023780822754,0.007426382042467594
sample_16,23971,39971,196980.0,8257002.5,0.0006473019020631909,0.004088258370757103
sample_16,23971,39972,196985.0,8257002.5,0.021011032164096832,0.0063581266440451145
sample_16,23971,39973,196990.0,8257002.5,0.025840826332569122,0.008354570716619492
sample_16,23971,39974,196995.0,8257002.5,0.02613084577023983,0.007701625116169453
sample_16,23971,39975,197000.0,8257002.5,0.0094218198210001,0.014453697018325329
sample_16,23971,39976,197005.0,8257002.5,0.02051641419529915,0.004702058620750904
sample_16,23971,39977,197010.0,8257002.5,0.002391684567555785,0.006002269219607115
sample_16,23971,39978,197015.0,8257002.5,0.02441728487610817,0.01205750834196806
sample_16,23971,39979,197020.0,8257002.5,0.04404822364449501,0.006558166816830635
sample_16,23971,39980,197025.0,8257002.5,0.027891898527741432,0.0032680064905434847
sample_16,23971,39981,197030.0,8257002.5,0.035895176231861115,0.004556037485599518
sample_16,23971,39982,197035.0,8257002.5,0.007952637039124966,0.015921566635370255
sample_16,23971,39983,197040.0,8257002.5,0.0018824285361915827,0.000978283816948533
sample_16,23971,39984,197045.0,8257002.5,0.015416520647704601,0.008683928288519382
sample_16,23971,39985,197050.0,8257002.5,0.011255836114287376,0.010111236944794655
sample_16,23971,39986,197055.0,8257002.5,0.012093138881027699,0.003383431350812316
sample_16,23971,39987,197060.0,8257002.5,0.0055976188741624355,0.003492072457447648
sample_16,23971,39988,197065.0,8257002.5,0.02256065420806408,0.004709778353571892
sample_16,23971,39989,197070.0,8257002.5,0.02152038738131523,0.012547625228762627
sample_16,23971,39990,197075.0,8257002.5,0.00791298970580101,0.0019176425412297249
sample_16,23971,39991,197080.0,8257002.5,0.010551230981945992,0.0029974686913192272
sample_16,23971,39992,197085.0,8257002.5,0.05317922681570053,0.005336764734238386
sample_16,23971,39993,197090.0,8257002.5,0.028691504150629044,0.004251707345247269
sample_16,23971,39994,197095.0,8257002.5,0.011718995869159698,0.0024456772953271866
sample_16,23971,39995,197100.0,8257002.5,0.004319785162806511,0.00727855833247304
sample_16,23971,39996,197105.0,8257002.5,0.012891620397567749,0.0027211778797209263
sample_16,23971,39997,197110.0,8257002.5,0.01638924703001976,0.0009588266257196665
sample_16,23972,39960,196925.0,8256992.5,0.013341095298528671,0.012132126837968826
sample_16,23972,39961,196930.0,8256992.5,0.014839396812021732,0.006931851617991924
sample_16,23972,39962,196935.0,8256992.5,0.021961839869618416,0.005710356868803501
sample_16,23972,39963,196940.0,8256992.5,0.023666447028517723,0.006076011806726456
sample_16,23972,39964,196945.0,8256992.5,0.025269875302910805,0.008146354928612709
sample_16,23972,39965,196950.0,8256992.5,0.014409201219677925,0.011071881279349327
sample_16,23972,39966,196955.0,8256992.5,0.015312915667891502,0.018785826861858368
sample_16,23972,39967,196960.0,8256992.5,0.024533076211810112,0.016797037795186043
sample_16,23972,39968,196965.0,8256992.5,0.0030735465697944164,0.008038949221372604
sample_16,23972,39969,196970.0,8256992.5,0.05060340464115143,0.006684707477688789
sample_16,23972,39970,196975.0,8256992.5,0.030169064179062843,0.005931072402745485
sample_16,23972,39971,196980.0,8256992.5,0.030435748398303986,0.012172277085483074
sample_16,23972,39972,196985.0,8256992.5,0.022098172456026077,0.006932724267244339
sample_16,23972,39973,196990.0,8256992.5,0.09913630038499832,0.0019122036173939705
sample_16,23972,39974,196995.0,8256992.5,0.036211010068655014,0.007118482142686844
sample_16,23972,39975,197000.0,8256992.5,0.017107751220464706,0.003477418562397361
sample_16,23972,39976,197005.0,8256992.5,0.08359009772539139,0.0020139734260737896
sample_16,23972,39977,197010.0,8256992.5,0.03210340440273285,0.006294649094343185
sample_16,23972,39978,197015.0,8256992.5,0.038144152611494064,0.007674524560570717
sample_16,23972,39979,197020.0,8256992.5,0.012304069474339485,0.002045626286417246
sample_16,23972,39980,197025.0,8256992.5,0.029205339029431343,0.007801017723977566
sample_16,23972,39981,197030.0,8256992.5,0.04948022961616516,0.013904818333685398
sample_16,23972,39982,197035.0,8256992.5,0.04290982708334923,0.003126929048448801
sample_16,23972,39983,197040.0,8256992.5,0.029046040028333664,0.00454588932916522
sample_16,23972,39984,197045.0,8256992.5,0.009862587787210941,0.012465348467230797
sample_16,23972,39985,197050.0,8256992.5,0.010281173512339592,0.011233962140977383
sample_16,23972,39986,197055.0,8256992.5,0.024051237851381302,0.0028277174569666386
sample_16,23972,39987,197060.0,8256992.5,0.007653648965060711,0.004119178280234337
sample_16,23972,39988,197065.0,8256992.5,0.009147564880549908,0.005142484325915575
sample_16,23972,39989,197070.0,8256992.5,0.01674182154238224,0.006451352499425411
sample_16,23972,39990,197075.0,8256992.5,0.015845196321606636,0.006549555342644453
sample_16,23972,39991,197080.0,8256992.5,0.028138216584920883,0.005399639718234539
sample_16,23972,39992,197085.0,8256992.5,0.024334143847227097,0.005508189555257559
sample_16,23972,39993,197090.0,8256992.5,0.036976009607315063,0.003703321795910597
sample_16,23972,39994,197095.0,8256992.5,0.010242773219943047,0.013848536647856236
sample_16,23972,39995,197100.0,8256992.5,0.037982698529958725,0.0043135108426213264
sample_16,23972,39996,197105.0,8256992.5,0.02591676078736782,0.007327220402657986
sample_16,23972,39997,197110.0,8256992.5,0.012981715612113476,0.001927264267578721
sample_16,23973,39960,196925.0,8256982.5,0.017249906435608864,0.007658638991415501
sample_16,23973,39961,196930.0,8256982.5,0.042194657027721405,0.01399915013462305
sample_16,23973,39962,196935.0,8256982.5,0.02422982081770897,0.007111051585525274
sample_16,23973,39963,196940.0,8256982.5,0.036060817539691925,0.008833127096295357
sample_16,23973,39964,196945.0,8256982.5,0.002249340061098337,0.0016981455264613032
sample_16,23973,39965,196950.0,8256982.5,0.040441978722810745,0.002549639204517007
sample_16,23973,39966,196955.0,8256982.5,0.0379519984126091,0.004555998835712671
sample_16,23973,39967,196960.0,8256982.5,0.03195981681346893,0.0023144709412008524
sample_16,23973,39968,196965.0,8256982.5,0.018075531348586082,0.005100825801491737
sample_16,23973,39969,196970.0,8256982.5,0.025048522278666496,0.0025142731610685587
sample_16,23973,39970,196975.0,8256982.5,0.029079221189022064,0.0021200417540967464
sample_16,23973,39971,196980.0,8256982.5,0.013263419270515442,0.00881276000291109
sample_16,23973,39972,196985.0,8256982.5,0.01715874671936035,0.0008121844148263335
sample_16,23973,39973,196990.0,8256982.5,0.00530512910336256,0.0014906743308529258
sample_16,23973,39974,196995.0,8256982.5,0.02495364472270012,0.004673672839999199
sample_16,23973,39975,197000.0,8256982.5,0.018107302486896515,0.007905903272330761
sample_16,23973,39976,197005.0,8256982.5,0.03380214422941208,0.00976189412176609
sample_16,23973,39977,197010.0,8256982.5,0.015068545006215572,0.005529310554265976
sample_16,23973,39978,197015.0,8256982.5,0.04232757166028023,0.004056983627378941
sample_16,23973,39979,197020.0,8256982.5,0.009553719311952591,0.0032295407727360725
sample_16,23973,39980,197025.0,8256982.5,0.011255722492933273,0.00740944454446435
sample_16,23973,39981,197030.0,8256982.5,0.012992664240300655,0.000890226336196065
sample_16,23973,39982,197035.0,8256982.5,0.04050638526678085,0.0007633948116563261
sample_16,23973,39983,197040.0,8256982.5,0.0157610010355711,0.002970490837469697
sample_16,23973,39984,197045.0,8256982.5,0.05413724482059479,0.005238181911408901
sample_16,23973,39985,197050.0,8256982.5,0.007430561818182468,0.008871123194694519
sample_16,23973,39986,197055.0,8256982.5,0.060946933925151825,0.006118986755609512
sample_16,23973,39987,197060.0,8256982.5,0.041517436504364014,0.0010912498692050576
sample_16,23973,39988,197065.0,8256982.5,0.034195296466350555,0.0011952732456848025
sample_16,23973,39989,197070.0,8256982.5,0.019696414470672607,0.003840363584458828
sample_16,23973,39990,197075.0,8256982.5,0.021124711260199547,0.004402401391416788
sample_16,23973,39991,197080.0,8256982.5,0.027144931256771088,0.0035497460048645735
sample_16,23973,39992,197085.0,8256982.5,0.015410968102514744,0.0007228540489450097
sample_16,23973,39993,197090.0,8256982.5,0.016741961240768433,0.006117390003055334
sample_16,23973,39994,197095.0,8256982.5,0.023677855730056763,0.0008522586431354284
sample_16,23973,39995,197100.0,8256982.5,0.009830373339354992,0.009011724963784218
sample_16,23973,39996,197105.0,8256982.5,0.025477303192019463,0.006120187230408192
sample_16,23973,39997,197110.0,8256982.5,0.006218595430254936,0.0066232383251190186
sample_16,23974,39960,196925.0,8256972.5,0.013074954971671104,0.0041526732966303825
sample_16,23974,39961,196930.0,8256972.5,0.022341590374708176,0.00842844508588314
sample_16,23974,39962,196935.0,8256972.5,0.007642393000423908,0.0019093140726909041
sample_16,23974,39963,196940.0,8256972.5,0.00630904221907258,0.010832179337739944
sample_16,23974,39964,196945.0,8256972.5,0.008722473867237568,0.0052401227876544
sample_16,23974,39965,196950.0,8256972.5,0.04215968772768974,0.006660508923232555
sample_16,23974,39966,196955.0,8256972.5,0.011750889010727406,0.005398712120950222
sample_16,23974,39967,196960.0,8256972.5,0.003285328159108758,0.004725087899714708
sample_16,23974,39968,196965.0,8256972.5,0.0014647984644398093,0.007232733070850372
sample_16,23974,39969,196970.0,8256972.5,0.013604418374598026,0.006663127802312374
sample_16,23974,39970,196975.0,8256972.5,0.01815718598663807,0.007128606084734201
sample_16,23974,39971,196980.0,8256972.5,0.011720680631697178,0.012148426845669746
sample_16,23974,39972,196985.0,8256972.5,0.03504640981554985,0.006724630482494831
sample_16,23974,39973,196990.0,8256972.5,0.005114512983709574,0.00682301539927721
sample_16,23974,39974,196995.0,8256972.5,0.04102351516485214,0.012456957250833511
sample_16,23974,39975,197000.0,8256972.5,0.019106650725007057,0.003984871786087751
sample_16,23974,39976,197005.0,8256972.5,0.004599426873028278,0.0009701093076728284
sample_16,23974,39977,197010.0,8256972.5,0.032038651406764984,0.0007450528792105615
sample_16,23974,39978,197015.0,8256972.5,0.02174789272248745,0.010432404465973377
sample_16,23974,39979,197020.0,8256972.5,0.05128048360347748,0.006696727126836777
sample_16,23974,39980,197025.0,8256972.5,0.08226905018091202,0.010396881960332394
sample_16,23974,39981,197030.0,8256972.5,0.03033258020877838,0.003761718515306711
sample_16,23974,39982,197035.0,8256972.5,0.014179909601807594,0.0022058007307350636
sample_16,23974,39983,197040.0,8256972.5,0.021273095160722733,0.008999362587928772
sample_16,23974,39984,197045.0,8256972.5,0.009157048538327217,0.0024855444207787514
sample_16,23974,39985,197050.0,8256972.5,0.01769554242491722,0.00329600484110415
sample_16,23974,39986,197055.0,8256972.5,0.03228674829006195,0.0028026276268064976
sample_16,23974,39987,197060.0,8256972.5,0.011520585045218468,0.011364065110683441
sample_16,23974,39988,197065.0,8256972.5,0.026262320578098297,0.009795283898711205
sample_16,23974,39989,197070.0,8256972.5,0.015453391708433628,0.013799138367176056
sample_16,23974,39990,197075.0,8256972.5,0.0038617360405623913,0.011292404495179653
sample_16,23974,39991,197080.0,8256972.5,0.027432437986135483,0.0013688981998711824
sample_16,23974,39992,197085.0,8256972.5,0.011120590381324291,0.003723538713529706
sample_16,23974,39993,197090.0,8256972.5,0.046444181352853775,0.003950735554099083
sample_16,23974,39994,197095.0,8256972.5,0.038620054721832275,0.007169825024902821
sample_16,23974,39995,197100.0,8256972.5,0.025598589330911636,0.012174306437373161
sample_16,23974,39996,197105.0,8256972.5,0.013082949444651604,0.0037752953357994556
sample_16,23974,39997,197110.0,8256972.5,0.009996706619858742,0.0039668637327849865
sample_16,23974,39998,197115.0,8256972.5,0.009393749758601189,0.004847782664000988
sample_16,23975,39960,196925.0,8256962.5,0.014865512028336525,0.0008347873808816075
sample_16,23975,39961,196930.0,8256962.5,0.017525985836982727,0.0025184224359691143
sample_16,23975,39962,196935.0,8256962.5,0.012185253202915192,0.006730617024004459
sample_16,23975,39963,196940.0,8256962.5,0.0196349136531353,0.005581860430538654
sample_16,23975,39964,196945.0,8256962.5,0.004192580468952656,0.006920809391885996
sample_16,23975,39965,196950.0,8256962.5,0.006753257010132074,0.007127903867512941
sample_16,23975,39966,196955.0,8256962.5,0.010369104333221912,0.0073036737740039825
sample_16,23975,39967,196960.0,8256962.5,0.015951180830597878,0.0031378339044749737
sample_16,23975,39968,196965.0,8256962.5,0.009119248948991299,0.0019593369215726852
sample_16,23975,39969,196970.0,8256962.5,0.016687728464603424,0.00202643102966249
sample_16,23975,39970,196975.0,8256962.5,0.03977715224027634,0.0020254228729754686
sample_16,23975,39971,196980.0,8256962.5,0.07006973028182983,0.0034539683256298304
sample_16,23975,39972,196985.0,8256962.5,0.04281187057495117,0.0020912322215735912
sample_16,23975,39973,196990.0,8256962.5,0.034868985414505005,0.007721019443124533
sample_16,23975,39974,196995.0,8256962.5,0.05514742434024811,0.013790097087621689
sample_16,23975,39975,197000.0,8256962.5,0.03264749050140381,0.012583413161337376
sample_16,23975,39976,197005.0,8256962.5,0.012432176619768143,0.012555292807519436
sample_16,23975,39977,197010.0,8256962.5,0.017495760694146156,0.004527139477431774
sample_16,23975,39978,197015.0,8256962.5,0.03388645499944687,0.005174248479306698
sample_16,23975,39979,197020.0,8256962.5,0.05693235620856285,0.006100074388086796
sample_16,23975,39980,197025.0,8256962.5,0.03755445033311844,0.007980871945619583
sample_16,23975,39981,197030.0,8256962.5,0.011413602158427238,0.008702058345079422
sample_16,23975,39982,197035.0,8256962.5,0.0371922142803669,0.016833974048495293
sample_16,23975,39983,197040.0,8256962.5,0.026284964755177498,0.01373109221458435
sample_16,23975,39984,197045.0,8256962.5,0.04642986133694649,0.0008122487924993038
sample_16,23975,39985,197050.0,8256962.5,0.014227787032723427,0.006609955336898565
sample_16,23975,39986,197055.0,8256962.5,0.024276431649923325,0.005279162898659706
sample_16,23975,39987,197060.0,8256962.5,0.017990563064813614,0.005936932750046253
sample_16,23975,39988,197065.0,8256962.5,0.004343941807746887,0.0024157939478754997
sample_16,23975,39989,197070.0,8256962.5,0.023347796872258186,0.00662663858383894
sample_16,23975,39990,197075.0,8256962.5,0.018691984936594963,0.0024913051165640354
sample_16,23975,39991,197080.0,8256962.5,0.011661944910883904,0.005513888783752918
sample_16,23975,39992,197085.0,8256962.5,0.017418406903743744,0.009632403962314129
sample_16,23975,39993,197090.0,8256962.5,0.007728410419076681,0.011660035699605942
sample_16,23975,39994,197095.0,8256962.5,0.0048213135451078415,0.007739589083939791
sample_16,23975,39995,197100.0,8256962.5,0.019341232255101204,0.008657371625304222
sample_16,23975,39996,197105.0,8256962.5,0.03011111542582512,0.0024286252446472645
sample_16,23975,39997,197110.0,8256962.5,0.015329661779105663,0.008956529200077057
sample_16,23975,39998,197115.0,8256962.5,0.0016063014045357704,0.0026904051192104816
sample_16,23976,39960,196925.0,8256952.5,0.005508755799382925,0.002595489379018545
sample_16,23976,39961,196930.0,8256952.5,0.011680660769343376,0.0035394562873989344
sample_16,23976,39962,196935.0,8256952.5,0.0019742660224437714,0.005624676123261452
sample_16,23976,39963,196940.0,8256952.5,0.016545148566365242,0.007521896157413721
sample_16,23976,39964,196945.0,8256952.5,0.005310847423970699,0.0012346627190709114
sample_16,23976,39965,196950.0,8256952.5,0.018072517588734627,0.022647403180599213
sample_16,23976,39966,196955.0,8256952.5,0.0360804945230484,0.01478100661188364
sample_16,23976,39967,196960.0,8256952.5,0.04406946524977684,0.002950637135654688
sample_16,23976,39968,196965.0,8256952.5,0.011296749114990234,0.005716233979910612
sample_16,23976,39969,196970.0,8256952.5,0.02388247475028038,0.0056037986651062965
sample_16,23976,39970,196975.0,8256952.5,0.021506035700440407,0.00456414045765996
sample_16,23976,39971,196980.0,8256952.5,0.013552979566156864,0.013633640483021736
sample_16,23976,39972,196985.0,8256952.5,0.005270817317068577,0.012306282296776772
sample_16,23976,39973,196990.0,8256952.5,0.0021612357813864946,0.002143062185496092
sample_16,23976,39974,196995.0,8256952.5,0.06356049329042435,0.010242380201816559
sample_16,23976,39975,197000.0,8256952.5,0.014414237812161446,0.00668671727180481
sample_16,23976,39976,197005.0,8256952.5,0.002698254305869341,0.017248187214136124
sample_16,23976,39977,197010.0,8256952.5,0.008868330158293247,0.00872044637799263
sample_16,23976,39978,197015.0,8256952.5,0.03129635751247406,0.01468011923134327
sample_16,23976,39979,197020.0,8256952.5,0.029905304312705994,0.0030519748106598854
sample_16,23976,39980,197025.0,8256952.5,0.0042595225386321545,0.0017736675217747688
sample_16,23976,39981,197030.0,8256952.5,0.008219882845878601,0.00041178587707690895
sample_16,23976,39982,197035.0,8256952.5,0.05656607821583748,0.0018318046350032091
sample_16,23976,39983,197040.0,8256952.5,0.030229000374674797,0.011322534643113613
sample_16,23976,39984,197045.0,8256952.5,0.07478491961956024,0.003903783392161131
sample_16,23976,39985,197050.0,8256952.5,0.06492148339748383,0.0051985387690365314
sample_16,23976,39986,197055.0,8256952.5,0.029352815821766853,0.006442527752369642
sample_16,23976,39987,197060.0,8256952.5,0.0091071343049407,0.004540170542895794
sample_16,23976,39988,197065.0,8256952.5,0.01210895087569952,0.0011142435250803828
sample_16,23976,39989,197070.0,8256952.5,0.013803022913634777,0.0018652079161256552
sample_16,23976,39990,197075.0,8256952.5,0.03914311155676842,0.0012369903270155191
sample_16,23976,39991,197080.0,8256952.5,0.013936481438577175,0.003982117399573326
sample_16,23976,39992,197085.0,8256952.5,0.03728937730193138,0.009416374377906322
sample_16,23976,39993,197090.0,8256952.5,0.03898412734270096,0.0034304249566048384
sample_16,23976,39994,197095.0,8256952.5,0.013458233326673508,0.009816277772188187
sample_16,23976,39995,197100.0,8256952.5,0.0068826694041490555,0.008380665443837643
sample_16,23976,39996,197105.0,8256952.5,0.005082940682768822,0.0023369742557406425
sample_16,23976,39997,197110.0,8256952.5,0.01007876731455326,0.00014635476691182703
sample_16,23976,39998,197115.0,8256952.5,0.014876607805490494,0.0064582074992358685
sample_16,23977,39960,196925.0,8256942.5,0.004308995790779591,0.013462617993354797
sample_16,23977,39961,196930.0,8256942.5,0.012725656852126122,0.008500582538545132
sample_16,23977,39962,196935.0,8256942.5,0.009987552650272846,0.0022354929242283106
sample_16,23977,39963,196940.0,8256942.5,0.020569756627082825,0.003654053434729576
sample_16,23977,39964,196945.0,8256942.5,0.023724012076854706,0.003890679683536291
sample_16,23977,39965,196950.0,8256942.5,0.02243734523653984,0.0018398744286969304
sample_16,23977,39966,196955.0,8256942.5,0.04232935979962349,0.005441862624138594
sample_16,23977,39967,196960.0,8256942.5,0.008961251005530357,0.0032503444235771894
sample_16,23977,39968,196965.0,8256942.5,0.0032736212015151978,0.004069214686751366
sample_16,23977,39969,196970.0,8256942.5,0.012291312217712402,0.0006359386607073247
sample_16,23977,39970,196975.0,8256942.5,0.021228531375527382,0.009855786338448524
sample_16,23977,39971,196980.0,8256942.5,0.024085670709609985,0.007509373128414154
sample_16,23977,39972,196985.0,8256942.5,0.050038620829582214,0.030930818989872932
sample_16,23977,39973,196990.0,8256942.5,0.006725901272147894,0.007106713950634003
sample_16,23977,39974,196995.0,8256942.5,0.04210030287504196,0.005313113331794739
sample_16,23977,39975,197000.0,8256942.5,0.04109201580286026,0.0015161063056439161
sample_16,23977,39976,197005.0,8256942.5,0.021154997870326042,0.00353418430313468
sample_16,23977,39977,197010.0,8256942.5,0.0009374604560434818,0.001004807185381651
sample_16,23977,39978,197015.0,8256942.5,0.034906283020973206,0.007165758404880762
sample_16,23977,39979,197020.0,8256942.5,0.020411191508173943,0.0011249382514506578
sample_16,23977,39980,197025.0,8256942.5,0.010269269347190857,0.0034608584828674793
sample_16,23977,39981,197030.0,8256942.5,0.04715210571885109,0.00319684948772192
sample_16,23977,39982,197035.0,8256942.5,0.026220915839076042,0.005664071999490261
sample_16,23977,39983,197040.0,8256942.5,0.0653856173157692,0.011784830130636692
sample_16,23977,39984,197045.0,8256942.5,0.01754363626241684,0.005572501569986343
sample_16,23977,39985,197050.0,8256942.5,0.015018900856375694,0.0015288976719602942
sample_16,23977,39986,197055.0,8256942.5,0.007018209435045719,0.003964731469750404
sample_16,23977,39987,197060.0,8256942.5,0.0074356915429234505,0.006801273673772812
sample_16,23977,39988,197065.0,8256942.5,0.019555624574422836,0.004941096529364586
sample_16,23977,39989,197070.0,8256942.5,0.02137138694524765,0.011255405843257904
sample_16,23977,39990,197075.0,8256942.5,0.03151436522603035,0.008006161078810692
sample_16,23977,39991,197080.0,8256942.5,0.018701568245887756,0.005346762947738171
sample_16,23977,39992,197085.0,8256942.5,0.015055850148200989,0.002266477793455124
sample_16,23977,39993,197090.0,8256942.5,0.01513252966105938,0.01579703763127327
sample_16,23977,39994,197095.0,8256942.5,0.02191755175590515,0.005369999911636114
sample_16,23977,39995,197100.0,8256942.5,0.016593333333730698,0.002769630402326584
sample_16,23977,39996,197105.0,8256942.5,0.010588651522994041,0.005350641906261444
sample_16,23977,39997,197110.0,8256942.5,0.01711958833038807,0.009660680778324604
sample_16,23977,39998,197115.0,8256942.5,0.006869067437946796,0.002360891317948699
sample_16,23978,39960,196925.0,8256932.5,0.020884022116661072,0.005133550614118576
sample_16,23978,39961,196930.0,8256932.5,0.013165252283215523,0.001324899960309267
sample_16,23978,39962,196935.0,8256932.5,0.029924042522907257,0.0033398601226508617
sample_16,23978,39963,196940.0,8256932.5,0.013995430432260036,0.004620654974132776
sample_16,23978,39964,196945.0,8256932.5,0.008496401831507683,0.006397598423063755
sample_16,23978,39965,196950.0,8256932.5,0.034507203847169876,0.005118226166814566
sample_16,23978,39966,196955.0,8256932.5,0.022457391023635864,0.0022484806831926107
sample_16,23978,39967,196960.0,8256932.5,0.01767488196492195,0.0022331050131469965
sample_16,23978,39968,196965.0,8256932.5,0.012440796941518784,0.004178615752607584
sample_16,23978,39969,196970.0,8256932.5,0.01198657602071762,0.015278954058885574
sample_16,23978,39970,196975.0,8256932.5,0.05251111462712288,0.0019066892564296722
sample_16,23978,39971,196980.0,8256932.5,0.035024937242269516,0.008514944463968277
sample_16,23978,39972,196985.0,8256932.5,0.015851940959692,0.010847501456737518
sample_16,23978,39973,196990.0,8256932.5,0.024325059726834297,0.0074056959711015224
sample_16,23978,39974,196995.0,8256932.5,0.03576188161969185,0.003243459155783057
sample_16,23978,39975,197000.0,8256932.5,0.013858161866664886,0.009253649041056633
sample_16,23978,39976,197005.0,8256932.5,0.03834684565663338,0.0017795376479625702
sample_16,23978,39977,197010.0,8256932.5,0.03136606514453888,0.0036751236766576767
sample_16,23978,39978,197015.0,8256932.5,0.010612699203193188,0.004299602005630732
sample_16,23978,39979,197020.0,8256932.5,0.029748858883976936,0.007132058497518301
sample_16,23978,39980,197025.0,8256932.5,0.013024521060287952,0.010339774191379547
sample_16,23978,39981,197030.0,8256932.5,0.01498225424438715,0.007217336446046829
sample_16,23978,39982,197035.0,8256932.5,0.009884562343358994,0.004479242488741875
sample_16,23978,39983,197040.0,8256932.5,0.019868941977620125,0.0025658169761300087
sample_16,23978,39984,197045.0,8256932.5,0.04499707370996475,0.003912592306733131
sample_16,23978,39985,197050.0,8256932.5,0.01117275282740593,0.00607798807322979
sample_16,23978,39986,197055.0,8256932.5,0.02885705977678299,0.0026179119013249874
sample_16,23978,39987,197060.0,8256932.5,0.031417544931173325,0.004986117128282785
sample_16,23978,39988,197065.0,8256932.5,0.005896700080484152,0.006129440851509571
sample_16,23978,39989,197070.0,8256932.5,0.00865061953663826,0.006679403595626354
sample_16,23978,39990,197075.0,8256932.5,0.023199474439024925,0.002494541695341468
sample_16,23978,39991,197080.0,8256932.5,0.032787784934043884,0.009954569861292839
sample_16,23978,39992,197085.0,8256932.5,0.005298193544149399,0.005194052122533321
sample_16,23978,39993,197090.0,8256932.5,0.007601934019476175,0.003921909257769585
sample_16,23978,39994,197095.0,8256932.5,0.01741187274456024,0.002374330535531044
sample_16,23978,39995,197100.0,8256932.5,0.0030012147035449743,0.004223594442009926
sample_16,23978,39996,197105.0,8256932.5,0.005866352468729019,0.005144088063389063
sample_16,23978,39997,197110.0,8256932.5,0.017863597720861435,0.00013920976198278368
sample_16,23978,39998,197115.0,8256932.5,0.0074105048552155495,0.004012756049633026
sample_16,23979,39960,196925.0,8256922.5,0.002748354570940137,0.010409734211862087
sample_16,23979,39961,196930.0,8256922.5,0.011981306597590446,0.007988275960087776
sample_16,23979,39962,196935.0,8256922.5,0.030041836202144623,0.004672178067266941
sample_16,23979,39963,196940.0,8256922.5,0.014448165893554688,0.007138398010283709
sample_16,23979,39964,196945.0,8256922.5,0.0037740436382591724,0.006915504578500986
sample_16,23979,39965,196950.0,8256922.5,0.0020509043242782354,0.004926743451505899
sample_16,23979,39966,196955.0,8256922.5,0.036655865609645844,0.0034015891142189503
sample_16,23979,39967,196960.0,8256922.5,0.017089303582906723,0.005250140093266964
sample_16,23979,39968,196965.0,8256922.5,0.016955269500613213,0.007024519145488739
sample_16,23979,39969,196970.0,8256922.5,0.06930652260780334,0.01591806858778
sample_16,23979,39970,196975.0,8256922.5,0.012909950688481331,0.004305071197450161
sample_16,23979,39971,196980.0,8256922.5,0.042901210486888885,0.0021690395660698414
sample_16,23979,39972,196985.0,8256922.5,0.006754223722964525,0.0012060797307640314
sample_16,23979,39973,196990.0,8256922.5,0.022778840735554695,0.0029329760000109673
sample_16,23979,39974,196995.0,8256922.5,0.005720389075577259,0.003068057354539633
sample_16,23979,39975,197000.0,8256922.5,0.025503994897007942,0.011589277535676956
sample_16,23979,39976,197005.0,8256922.5,0.01606544852256775,0.002746421378105879
sample_16,23979,39977,197010.0,8256922.5,0.009353399276733398,0.0023685432970523834
sample_16,23979,39978,197015.0,8256922.5,0.026072699576616287,0.003894044551998377
sample_16,23979,39979,197020.0,8256922.5,0.05678143352270126,0.0022596484050154686
sample_16,23979,39980,197025.0,8256922.5,0.03135567158460617,0.005378000438213348
sample_16,23979,39981,197030.0,8256922.5,0.01601681113243103,0.005052890162914991
sample_16,23979,39982,197035.0,8256922.5,0.013041604310274124,0.001239580917172134
sample_16,23979,39983,197040.0,8256922.5,0.033880993723869324,0.0015311711467802525
sample_16,23979,39984,197045.0,8256922.5,0.038766250014305115,0.0010988740250468254
sample_16,23979,39985,197050.0,8256922.5,0.010591266676783562,0.0024429133627563715
sample_16,23979,39986,197055.0,8256922.5,0.041786447167396545,0.013692894950509071
sample_16,23979,39987,197060.0,8256922.5,0.02185012586414814,0.0052240085788071156
sample_16,23979,39988,197065.0,8256922.5,0.025729689747095108,0.009380809962749481
sample_16,23979,39989,197070.0,8256922.5,0.00374823110178113,0.0016516400501132011
sample_16,23979,39990,197075.0,8256922.5,0.009998327121138573,0.0050226859748363495
sample_16,23979,39991,197080.0,8256922.5,0.005383124575018883,0.004138811957091093
sample_16,23979,39992,197085.0,8256922.5,0.008218915201723576,0.003617325099185109
sample_16,23979,39993,197090.0,8256922.5,0.01624269224703312,0.003410038771107793
sample_16,23979,39994,197095.0,8256922.5,0.016805527731776237,0.006934978533536196
sample_16,23979,39995,197100.0,8256922.5,0.007949110120534897,0.0004756570269819349
sample_16,23979,39996,197105.0,8256922.5,0.033756840974092484,0.005247469060122967
sample_16,23979,39997,197110.0,8256922.5,0.013966207392513752,0.0031983754597604275
sample_16,23979,39998,197115.0,8256922.5,0.005535121541470289,0.00993882305920124
sample_16,23980,39960,196925.0,8256912.5,0.029157277196645737,0.0040502469055354595
sample_16,23980,39961,196930.0,8256912.5,0.007084887940436602,0.007875214330852032
sample_16,23980,39962,196935.0,8256912.5,0.011154578998684883,0.0057841707020998
sample_16,23980,39963,196940.0,8256912.5,0.010733338072896004,0.00322504504583776
sample_16,23980,39964,196945.0,8256912.5,0.01856710948050022,0.00164312613196671
sample_16,23980,39965,196950.0,8256912.5,0.019398394972085953,0.0016219370299950242
sample_16,23980,39966,196955.0,8256912.5,0.008492762222886086,0.007465723901987076
sample_16,23980,39967,196960.0,8256912.5,0.007587927393615246,0.012361036613583565
sample_16,23980,39968,196965.0,8256912.5,0.04490157589316368,0.012447495013475418
sample_16,23980,39969,196970.0,8256912.5,0.019905781373381615,0.004719040356576443
sample_16,23980,39970,196975.0,8256912.5,0.022410091012716293,0.006644919980317354
sample_16,23980,39971,196980.0,8256912.5,0.009039217606186867,0.004339040722697973
sample_16,23980,39972,196985.0,8256912.5,0.01716436818242073,0.004624250810593367
sample_16,23980,39973,196990.0,8256912.5,0.009235159493982792,0.009478416293859482
sample_16,23980,39974,196995.0,8256912.5,0.060095835477113724,0.004011572804301977
sample_16,23980,39975,197000.0,8256912.5,0.02653823047876358,0.007878664880990982
sample_16,23980,39976,197005.0,8256912.5,0.03216223418712616,0.004750074818730354
sample_16,23980,39977,197010.0,8256912.5,0.1424385905265808,0.013922072947025299
sample_16,23980,39978,197015.0,8256912.5,0.02512301504611969,0.004146905615925789
sample_16,23980,39979,197020.0,8256912.5,0.03981371223926544,0.001621767645701766
sample_16,23980,39980,197025.0,8256912.5,0.023708682507276535,0.0015153288841247559
sample_16,23980,39981,197030.0,8256912.5,0.001862614299170673,0.0022037685848772526
sample_16,23980,39982,197035.0,8256912.5,0.04411694407463074,0.008303956128656864
sample_16,23980,39983,197040.0,8256912.5,0.04118475317955017,0.0024160975590348244
sample_16,23980,39984,197045.0,8256912.5,0.015466166660189629,0.0016841503093019128
sample_16,23980,39985,197050.0,8256912.5,0.017156075686216354,0.012405040673911572
sample_16,23980,39986,197055.0,8256912.5,0.0408271923661232,0.006165113300085068
sample_16,23980,39987,197060.0,8256912.5,0.03378010541200638,0.01212950050830841
sample_16,23980,39988,197065.0,8256912.5,0.016273820772767067,0.003181970212608576
sample_16,23980,39989,197070.0,8256912.5,0.01531401090323925,0.006520942319184542
sample_16,23980,39990,197075.0,8256912.5,0.03717499598860741,0.007139051333069801
sample_16,23980,39991,197080.0,8256912.5,0.02597241848707199,0.008973931893706322
sample_16,23980,39992,197085.0,8256912.5,0.011720376089215279,0.00816826056689024
sample_16,23980,39993,197090.0,8256912.5,0.014875629916787148,0.007585609331727028
sample_16,23980,39994,197095.0,8256912.5,0.004785958677530289,0.00910746306180954
sample_16,23980,39995,197100.0,8256912.5,0.03533255308866501,0.0041577862575650215
sample_16,23980,39996,197105.0,8256912.5,0.01664525270462036,0.0021269721910357475
sample_16,23980,39997,197110.0,8256912.5,0.006654710508882999,0.003292555920779705
sample_16,23980,39998,197115.0,8256912.5,0.004442984238266945,0.0061025479808449745
sample_17,23222,35935,176800.0,8264492.5,0.006100445985794067,0.002993644680827856
sample_17,23222,35936,176805.0,8264492.5,0.033904097974300385,0.006348306313157082
sample_17,23222,35937,176810.0,8264492.5,0.00989081896841526,0.007492151111364365
sample_17,23222,35938,176815.0,8264492.5,0.017772451043128967,0.0036299198400229216
sample_17,23222,35939,176820.0,8264492.5,0.02518359199166298,0.005898421164602041
sample_17,23222,35940,176825.0,8264492.5,0.043641023337841034,0.006112290546298027
sample_17,23222,35941,176830.0,8264492.5,0.02504732832312584,0.0008949380135163665
sample_17,23222,35942,176835.0,8264492.5,0.016392450779676437,0.012556826695799828
sample_17,23222,35943,176840.0,8264492.5,0.038440391421318054,0.009066415019333363
sample_17,23222,35944,176845.0,8264492.5,0.014590976759791374,0.011180156841874123
sample_17,23222,35945,176850.0,8264492.5,0.0006908838404342532,0.005920275114476681
sample_17,23222,35946,176855.0,8264492.5,0.0014224051265046,0.008742948062717915
sample_17,23222,35947,176860.0,8264492.5,0.005089960061013699,0.003166138892993331
sample_17,23222,35948,176865.0,8264492.5,0.008740687742829323,0.024133943021297455
sample_17,23222,35949,176870.0,8264492.5,0.011642834171652794,0.010466461069881916
sample_17,23222,35950,176875.0,8264492.5,0.013712748885154724,0.0029843645170331
sample_17,23222,35951,176880.0,8264492.5,0.0008962650899775326,0.0027497459668666124
sample_17,23222,35952,176885.0,8264492.5,0.03885302320122719,0.011807607486844063
sample_17,23222,35953,176890.0,8264492.5,0.016004158183932304,0.004709889180958271
sample_17,23222,35954,176895.0,8264492.5,0.014455760829150677,0.0041762846522033215
sample_17,23222,35955,176900.0,8264492.5,0.015831638127565384,0.0016466353554278612
sample_17,23222,35956,176905.0,8264492.5,0.027527812868356705,0.00638763140887022
sample_17,23222,35957,176910.0,8264492.5,0.008814148604869843,0.007777050603181124
sample_17,23222,35958,176915.0,8264492.5,0.0160372257232666,0.03115224279463291
sample_17,23222,35959,176920.0,8264492.5,0.019735945388674736,0.015153858810663223
sample_17,23222,35960,176925.0,8264492.5,0.009513473138213158,0.005921090487390757
sample_17,23222,35961,176930.0,8264492.5,0.00893324427306652,0.002078609773889184
sample_17,23222,35962,176935.0,8264492.5,0.02281475067138672,0.005232707131654024
sample_17,23222,35963,176940.0,8264492.5,0.03325759619474411,0.0022641688119620085
sample_17,23222,35964,176945.0,8264492.5,0.05364322289824486,0.004584610462188721
sample_17,23222,35965,176950.0,8264492.5,0.014814633876085281,0.005882683675736189
sample_17,23222,35966,176955.0,8264492.5,0.04457979276776314,0.014323079958558083
sample_17,23222,35967,176960.0,8264492.5,0.003707972588017583,0.0024767443537712097
sample_17,23222,35968,176965.0,8264492.5,0.009216745384037495,0.00782475620508194
sample_17,23222,35969,176970.0,8264492.5,0.015811873599886894,0.0043406100012362
sample_17,23222,35970,176975.0,8264492.5,0.028059037402272224,0.005929728038609028
sample_17,23222,35971,176980.0,8264492.5,0.008659265004098415,0.0018728476716205478
sample_17,23222,35972,176985.0,8264492.5,0.011796975508332253,0.0018870695494115353
sample_17,23222,35973,176990.0,8264492.5,0.012836920097470284,0.02250112220644951
sample_17,23223,35935,176800.0,8264482.5,0.020923670381307602,0.005673880223184824
sample_17,23223,35936,176805.0,8264482.5,0.010786380618810654,0.002686613006517291
sample_17,23223,35937,176810.0,8264482.5,0.015064595267176628,0.005323417019098997
sample_17,23223,35938,176815.0,8264482.5,0.008156183175742626,0.008867676369845867
sample_17,23223,35939,176820.0,8264482.5,0.020395010709762573,0.006815260276198387
sample_17,23223,35940,176825.0,8264482.5,0.01593296229839325,0.0026524653658270836
sample_17,23223,35941,176830.0,8264482.5,0.02897299826145172,0.010120881721377373
sample_17,23223,35942,176835.0,8264482.5,0.030034609138965607,0.008022219873964787
sample_17,23223,35943,176840.0,8264482.5,0.003841852769255638,0.012706860899925232
sample_17,23223,35944,176845.0,8264482.5,0.01928590051829815,0.012576332315802574
sample_17,23223,35945,176850.0,8264482.5,0.011918412521481514,0.006902620196342468
sample_17,23223,35946,176855.0,8264482.5,0.009722767397761345,0.003271356225013733
sample_17,23223,35947,176860.0,8264482.5,0.006946953944861889,0.002576112048700452
sample_17,23223,35948,176865.0,8264482.5,0.02174460142850876,0.022833023220300674
sample_17,23223,35949,176870.0,8264482.5,0.007389947772026062,0.017815403640270233
sample_17,23223,35950,176875.0,8264482.5,0.029552975669503212,0.004114662762731314
sample_17,23223,35951,176880.0,8264482.5,0.04726996272802353,0.0013502015499398112
sample_17,23223,35952,176885.0,8264482.5,0.010172597132623196,0.0017139058327302337
sample_17,23223,35953,176890.0,8264482.5,0.008000681176781654,0.0088322339579463
sample_17,23223,35954,176895.0,8264482.5,0.015034299343824387,0.008326389826834202
sample_17,23223,35955,176900.0,8264482.5,0.024541230872273445,0.006998729892075062
sample_17,23223,35956,176905.0,8264482.5,0.01677575707435608,0.012126285582780838
sample_17,23223,35957,176910.0,8264482.5,0.015139925293624401,0.00936996378004551
sample_17,23223,35958,176915.0,8264482.5,0.023501338437199593,0.0039968183264136314
sample_17,23223,35959,176920.0,8264482.5,0.017380159348249435,0.002502171089872718
sample_17,23223,35960,176925.0,8264482.5,0.01959831826388836,0.002325955079868436
sample_17,23223,35961,176930.0,8264482.5,0.036225274205207825,0.0028738663531839848
sample_17,23223,35962,176935.0,8264482.5,0.012748055160045624,0.0020130525808781385
sample_17,23223,35963,176940.0,8264482.5,0.016249917447566986,0.0025644125416874886
sample_17,23223,35964,176945.0,8264482.5,0.00395359518006444,0.006486355327069759
sample_17,23223,35965,176950.0,8264482.5,0.02245219051837921,0.011955952271819115
sample_17,23223,35966,176955.0,8264482.5,0.05552523210644722,0.0026329290121793747
sample_17,23223,35967,176960.0,8264482.5,0.025903943926095963,0.005615645088255405
sample_17,23223,35968,176965.0,8264482.5,0.01678851991891861,0.004678524099290371
sample_17,23223,35969,176970.0,8264482.5,0.015136657282710075,0.001992970472201705
sample_17,23223,35970,176975.0,8264482.5,0.0337577722966671,0.007437630090862513
sample_17,23223,35971,176980.0,8264482.5,0.023029731586575508,0.006057717837393284
sample_17,23223,35972,176985.0,8264482.5,0.015732141211628914,0.004637446254491806
sample_17,23223,35973,176990.0,8264482.5,0.026120759546756744,0.008666510693728924
sample_17,23224,35935,176800.0,8264472.5,0.01510821096599102,0.011243324726819992
sample_17,23224,35936,176805.0,8264472.5,0.03617166727781296,0.0033337222412228584
sample_17,23224,35937,176810.0,8264472.5,0.013068590313196182,0.004845619201660156
sample_17,23224,35938,176815.0,8264472.5,0.0023224856704473495,0.01695842854678631
sample_17,23224,35939,176820.0,8264472.5,0.02764105051755905,0.010495535098016262
sample_17,23224,35940,176825.0,8264472.5,0.009341338649392128,0.01817965880036354
sample_17,23224,35941,176830.0,8264472.5,0.006907506380230188,0.01488887332379818
sample_17,23224,35942,176835.0,8264472.5,0.036489397287368774,0.005820406600832939
sample_17,23224,35943,176840.0,8264472.5,0.005353397224098444,0.0010497303446754813
sample_17,23224,35944,176845.0,8264472.5,0.03728461265563965,0.023740170523524284
sample_17,23224,35945,176850.0,8264472.5,0.00772714801132679,0.011960264295339584
sample_17,23224,35946,176855.0,8264472.5,0.010823236778378487,0.007463653106242418
sample_17,23224,35947,176860.0,8264472.5,0.012698085978627205,0.004697235766798258
sample_17,23224,35948,176865.0,8264472.5,0.012701887637376785,0.0072559150867164135
sample_17,23224,35949,176870.0,8264472.5,0.00879637524485588,0.0069514913484454155
sample_17,23224,35950,176875.0,8264472.5,0.012553367763757706,0.006668047979474068
sample_17,23224,35951,176880.0,8264472.5,0.011766139417886734,0.004527324810624123
sample_17,23224,35952,176885.0,8264472.5,0.024169601500034332,0.01118449866771698
sample_17,23224,35953,176890.0,8264472.5,0.013996152207255363,0.008862257935106754
sample_17,23224,35954,176895.0,8264472.5,0.04956359416246414,0.012205248698592186
sample_17,23224,35955,176900.0,8264472.5,0.02118249610066414,0.02578584849834442
sample_17,23224,35956,176905.0,8264472.5,0.022401610389351845,0.007398094981908798
sample_17,23224,35957,176910.0,8264472.5,0.008531192317605019,0.002891936805099249
sample_17,23224,35958,176915.0,8264472.5,0.026599343866109848,0.005723286420106888
sample_17,23224,35959,176920.0,8264472.5,0.002458024537190795,0.008923291228711605
sample_17,23224,35960,176925.0,8264472.5,0.007812068797647953,0.009793218225240707
sample_17,23224,35961,176930.0,8264472.5,0.015115773305296898,0.002277333289384842
sample_17,23224,35962,176935.0,8264472.5,0.022093307226896286,0.00206385157071054
sample_17,23224,35963,176940.0,8264472.5,0.03166412562131882,0.0036174198612570763
sample_17,23224,35964,176945.0,8264472.5,0.02274472452700138,0.008838878944516182
sample_17,23224,35965,176950.0,8264472.5,0.03171630576252937,0.0014044006820768118
sample_17,23224,35966,176955.0,8264472.5,0.034651149064302444,0.009230712428689003
sample_17,23224,35967,176960.0,8264472.5,0.04095734655857086,0.021505923941731453
sample_17,23224,35968,176965.0,8264472.5,0.004511872306466103,0.010357153601944447
sample_17,23224,35969,176970.0,8264472.5,0.029917459934949875,0.0060466742143034935
sample_17,23224,35970,176975.0,8264472.5,0.018475739285349846,0.02346920035779476
sample_17,23224,35971,176980.0,8264472.5,0.0147966668009758,0.009905790910124779
sample_17,23224,35972,176985.0,8264472.5,0.005874997470527887,0.002539336681365967
sample_17,23224,35973,176990.0,8264472.5,0.010805546306073666,0.006575793493539095
sample_17,23225,35935,176800.0,8264462.5,0.03770262002944946,0.006341905333101749
sample_17,23225,35936,176805.0,8264462.5,0.013616678304970264,0.009912853129208088
sample_17,23225,35937,176810.0,8264462.5,0.023032912984490395,0.006003428250551224
sample_17,23225,35938,176815.0,8264462.5,0.039649516344070435,0.002986440435051918
sample_17,23225,35939,176820.0,8264462.5,0.01091075874865055,0.0016291439533233643
sample_17,23225,35940,176825.0,8264462.5,0.0173654705286026,0.0042372168973088264
sample_17,23225,35941,176830.0,8264462.5,0.011891338974237442,0.0031824717298150063
sample_17,23225,35942,176835.0,8264462.5,0.009285402484238148,0.003033827990293503
sample_17,23225,35943,176840.0,8264462.5,0.00973539613187313,0.004789997823536396
sample_17,23225,35944,176845.0,8264462.5,0.002075709868222475,0.004668542183935642
sample_17,23225,35945,176850.0,8264462.5,0.011134812608361244,0.004549670964479446
sample_17,23225,35946,176855.0,8264462.5,0.053606703877449036,0.004950396716594696
sample_17,23225,35947,176860.0,8264462.5,0.037027306854724884,0.005436957813799381
sample_17,23225,35948,176865.0,8264462.5,0.010723999701440334,0.007701075170189142
sample_17,23225,35949,176870.0,8264462.5,0.005297132767736912,0.008349377661943436
sample_17,23225,35950,176875.0,8264462.5,0.015096370130777359,0.008450549095869064
sample_17,23225,35951,176880.0,8264462.5,0.004963681101799011,0.0022004961501806974
sample_17,23225,35952,176885.0,8264462.5,0.026747604832053185,0.01199214719235897
sample_17,23225,35953,176890.0,8264462.5,0.025690749287605286,0.004482264630496502
sample_17,23225,35954,176895.0,8264462.5,0.03207830339670181,0.003713419195264578
sample_17,23225,35955,176900.0,8264462.5,0.024908799678087234,0.001178729347884655
sample_17,23225,35956,176905.0,8264462.5,0.006937812082469463,0.0015842863358557224
sample_17,23225,35957,176910.0,8264462.5,0.029874462634325027,0.006370823364704847
sample_17,23225,35958,176915.0,8264462.5,0.0024039465934038162,0.007836952805519104
sample_17,23225,35959,176920.0,8264462.5,0.009172068908810616,0.0046345447190105915
sample_17,23225,35960,176925.0,8264462.5,0.04793207347393036,0.009262589737772942
sample_17,23225,35961,176930.0,8264462.5,0.033422380685806274,0.008496950380504131
sample_17,23225,35962,176935.0,8264462.5,0.0348549410700798,0.019220445305109024
sample_17,23225,35963,176940.0,8264462.5,0.019056836143136024,0.019722830504179
sample_17,23225,35964,176945.0,8264462.5,0.016576839610934258,0.003889080137014389
sample_17,23225,35965,176950.0,8264462.5,0.004376367200165987,0.006108701694756746
sample_17,23225,35966,176955.0,8264462.5,0.01614122837781906,0.007148175034672022
sample_17,23225,35967,176960.0,8264462.5,0.014251993037760258,0.00912980455905199
sample_17,23225,35968,176965.0,8264462.5,0.02316070720553398,0.007739272899925709
sample_17,23225,35969,176970.0,8264462.5,0.006738846655935049,0.0070282816886901855
sample_17,23225,35970,176975.0,8264462.5,0.025236913934350014,0.0022412086836993694
sample_17,23225,35971,176980.0,8264462.5,0.0369076244533062,0.008804196491837502
sample_17,23225,35972,176985.0,8264462.5,0.003372668521478772,0.0037031881511211395
sample_17,23225,35973,176990.0,8264462.5,0.025087866932153702,0.0022240355610847473
sample_17,23226,35935,176800.0,8264452.5,0.06801116466522217,0.005447940435260534
sample_17,23226,35936,176805.0,8264452.5,0.00467423303052783,0.00884876400232315
sample_17,23226,35937,176810.0,8264452.5,0.023539448156952858,0.0014832390006631613
sample_17,23226,35938,176815.0,8264452.5,0.011251240968704224,0.004196883644908667
sample_17,23226,35939,176820.0,8264452.5,0.028542928397655487,0.0023719845339655876
sample_17,23226,35940,176825.0,8264452.5,0.034528978168964386,0.012524822726845741
sample_17,23226,35941,176830.0,8264452.5,0.010019119828939438,0.01902015134692192
sample_17,23226,35942,176835.0,8264452.5,0.004134400747716427,0.004061892628669739
sample_17,23226,35943,176840.0,8264452.5,0.010213872417807579,0.00565714668482542
sample_17,23226,35944,176845.0,8264452.5,0.021575789898633957,0.0055455355904996395
sample_17,23226,35945,176850.0,8264452.5,0.004884916357696056,0.005824054591357708
sample_17,23226,35946,176855.0,8264452.5,0.004851162433624268,0.00895230658352375
sample_17,23226,35947,176860.0,8264452.5,0.01087418757379055,0.0021034309174865484
sample_17,23226,35948,176865.0,8264452.5,0.008610482327640057,0.003484525252133608
sample_17,23226,35949,176870.0,8264452.5,0.025132741779088974,0.010434162802994251
sample_17,23226,35950,176875.0,8264452.5,0.047740109264850616,0.0020342478528618813
sample_17,23226,35951,176880.0,8264452.5,0.033944837749004364,0.007396499160677195
sample_17,23226,35952,176885.0,8264452.5,0.01465596817433834,0.005164789967238903
sample_17,23226,35953,176890.0,8264452.5,0.013477399945259094,0.012658307328820229
sample_17,23226,35954,176895.0,8264452.5,0.015507286414504051,0.0025489232502877712
sample_17,23226,35955,176900.0,8264452.5,0.02924978919327259,0.021347396075725555
sample_17,23226,35956,176905.0,8264452.5,0.01857776753604412,0.0073358481749892235
sample_17,23226,35957,176910.0,8264452.5,0.008113809861242771,0.007755901198834181
sample_17,23226,35958,176915.0,8264452.5,0.011597571894526482,0.004501235671341419
sample_17,23226,35959,176920.0,8264452.5,0.044319260865449905,0.004958784207701683
sample_17,23226,35960,176925.0,8264452.5,0.014914967119693756,0.0015114368870854378
sample_17,23226,35961,176930.0,8264452.5,0.015040026977658272,0.0008938389364629984
sample_17,23226,35962,176935.0,8264452.5,0.018197543919086456,0.00513779791072011
sample_17,23226,35963,176940.0,8264452.5,0.013802643865346909,0.008287771604955196
sample_17,23226,35964,176945.0,8264452.5,0.012053155340254307,0.0017928855959326029
sample_17,23226,35965,176950.0,8264452.5,0.007687815930694342,0.004843979142606258
sample_17,23226,35966,176955.0,8264452.5,0.021999530494213104,0.006823117844760418
sample_17,23226,35967,176960.0,8264452.5,0.04286763817071915,0.004109511151909828
sample_17,23226,35968,176965.0,8264452.5,0.007892333902418613,0.0045175389386713505
sample_17,23226,35969,176970.0,8264452.5,0.006314052268862724,0.0023837776388972998
sample_17,23226,35970,176975.0,8264452.5,0.019209055230021477,0.004417499992996454
sample_17,23226,35971,176980.0,8264452.5,0.04374516010284424,0.001072375220246613
sample_17,23226,35972,176985.0,8264452.5,0.04523612558841705,0.007515964563935995
sample_17,23226,35973,176990.0,8264452.5,0.013800087384879589,0.0022889503743499517
sample_17,23227,35935,176800.0,8264442.5,0.03031260520219803,0.0011848255526274443
sample_17,23227,35936,176805.0,8264442.5,0.004393547773361206,0.012857314199209213
sample_17,23227,35937,176810.0,8264442.5,0.013234796933829784,0.010155316442251205
sample_17,23227,35938,176815.0,8264442.5,0.01566469296813011,0.002497416688129306
sample_17,23227,35939,176820.0,8264442.5,0.0055466098710894585,0.011331477202475071
sample_17,23227,35940,176825.0,8264442.5,0.047919873148202896,0.01739790104329586
sample_17,23227,35941,176830.0,8264442.5,0.05471210926771164,0.004796965047717094
sample_17,23227,35942,176835.0,8264442.5,0.014645839110016823,0.0028981335926800966
sample_17,23227,35943,176840.0,8264442.5,0.055294111371040344,0.007218212354928255
sample_17,23227,35944,176845.0,8264442.5,0.020918715745210648,0.007939683273434639
sample_17,23227,35945,176850.0,8264442.5,0.011569752357900143,0.008100079372525215
sample_17,23227,35946,176855.0,8264442.5,0.021205417811870575,0.0071465326473116875
sample_17,23227,35947,176860.0,8264442.5,0.00814525131136179,0.002642194041982293
sample_17,23227,35948,176865.0,8264442.5,0.012778024189174175,0.004811860620975494
sample_17,23227,35949,176870.0,8264442.5,0.009349830448627472,0.0005813677562400699
sample_17,23227,35950,176875.0,8264442.5,0.001611933228559792,0.005252984818071127
sample_17,23227,35951,176880.0,8264442.5,0.016899898648262024,0.0037377122789621353
sample_17,23227,35952,176885.0,8264442.5,0.017596960067749023,0.0030476143583655357
sample_17,23227,35953,176890.0,8264442.5,0.0067481230944395065,0.007224648259580135
sample_17,23227,35954,176895.0,8264442.5,0.01461851131170988,0.011380690149962902
sample_17,23227,35955,176900.0,8264442.5,0.016772642731666565,0.0013826822396367788
sample_17,23227,35956,176905.0,8264442.5,0.0035914001055061817,0.008723816834390163
sample_17,23227,35957,176910.0,8264442.5,0.0030454983934760094,0.017221277579665184
sample_17,23227,35958,176915.0,8264442.5,0.011556778103113174,0.015527823939919472
sample_17,23227,35959,176920.0,8264442.5,0.015134728513658047,0.00819452479481697
sample_17,23227,35960,176925.0,8264442.5,0.011559562757611275,0.00913131795823574
sample_17,23227,35961,176930.0,8264442.5,0.01134289987385273,0.01304059848189354
sample_17,23227,35962,176935.0,8264442.5,0.007814723066985607,0.03636157512664795
sample_17,23227,35963,176940.0,8264442.5,0.026316000148653984,0.018689054995775223
sample_17,23227,35964,176945.0,8264442.5,0.017260851338505745,0.0012990225804969668
sample_17,23227,35965,176950.0,8264442.5,0.02812854014337063,0.0037905650679022074
sample_17,23227,35966,176955.0,8264442.5,0.011995980516076088,0.0068052965216338634
sample_17,23227,35967,176960.0,8264442.5,0.02756693959236145,0.012151066213846207
sample_17,23227,35968,176965.0,8264442.5,0.057757824659347534,0.002125536324456334
sample_17,23227,35969,176970.0,8264442.5,0.022277861833572388,0.0018314918270334601
sample_17,23227,35970,176975.0,8264442.5,0.034768298268318176,0.0008360889041796327
sample_17,23227,35971,176980.0,8264442.5,0.011129963211715221,0.0017481986433267593
sample_17,23227,35972,176985.0,8264442.5,0.03019048273563385,0.00255310139618814
sample_17,23227,35973,176990.0,8264442.5,0.035238757729530334,0.0052827163599431515
sample_17,23228,35935,176800.0,8264432.5,0.013663189485669136,0.009932794608175755
sample_17,23228,35936,176805.0,8264432.5,0.005735470447689295,0.0011115004308521748
sample_17,23228,35937,176810.0,8264432.5,0.010358508676290512,0.0027714797761291265
sample_17,23228,35938,176815.0,8264432.5,0.014974427409470081,0.0032910665031522512
sample_17,23228,35939,176820.0,8264432.5,0.002220830414444208,0.0032368218526244164
sample_17,23228,35940,176825.0,8264432.5,0.010474946349859238,0.008202489465475082
sample_17,23228,35941,176830.0,8264432.5,0.010821081697940826,0.00458071893081069
sample_17,23228,35942,176835.0,8264432.5,0.02304154261946678,0.002346701454371214
sample_17,23228,35943,176840.0,8264432.5,0.01408990379422903,0.0036895726807415485
sample_17,23228,35944,176845.0,8264432.5,0.027109086513519287,0.0015359296230599284
sample_17,23228,35945,176850.0,8264432.5,0.0069602495059370995,0.004903225228190422
sample_17,23228,35946,176855.0,8264432.5,0.023634880781173706,0.0012101497268304229
sample_17,23228,35947,176860.0,8264432.5,0.017725728452205658,0.0013399404706433415
sample_17,23228,35948,176865.0,8264432.5,0.002517932327464223,0.008889611810445786
sample_17,23228,35949,176870.0,8264432.5,0.009057749062776566,0.0055803339928388596
sample_17,23228,35950,176875.0,8264432.5,0.006455495022237301,0.0049704150296747684
sample_17,23228,35951,176880.0,8264432.5,0.02541240304708481,0.010739479213953018
sample_17,23228,35952,176885.0,8264432.5,0.010218917392194271,0.003731873817741871
sample_17,23228,35953,176890.0,8264432.5,0.013659466058015823,0.003728691954165697
sample_17,23228,35954,176895.0,8264432.5,0.03532172739505768,0.005574210546910763
sample_17,23228,35955,176900.0,8264432.5,0.009844244457781315,0.002632357180118561
sample_17,23228,35956,176905.0,8264432.5,0.036574918776750565,0.0021357224322855473
sample_17,23228,35957,176910.0,8264432.5,0.0030465449672192335,0.00623718649148941
sample_17,23228,35958,176915.0,8264432.5,0.003333949949592352,0.008453906513750553
sample_17,23228,35959,176920.0,8264432.5,0.019381163641810417,0.006012272089719772
sample_17,23228,35960,176925.0,8264432.5,0.0037455642595887184,0.01303120143711567
sample_17,23228,35961,176930.0,8264432.5,0.008204774931073189,0.01040772907435894
sample_17,23228,35962,176935.0,8264432.5,0.015218919143080711,0.0018451395444571972
sample_17,23228,35963,176940.0,8264432.5,0.007041131146252155,0.0068950532004237175
sample_17,23228,35964,176945.0,8264432.5,0.0024729499127715826,0.0014182782033458352
sample_17,23228,35965,176950.0,8264432.5,0.014127184636890888,0.003307248232886195
sample_17,23228,35966,176955.0,8264432.5,0.014168299734592438,0.007855385541915894
sample_17,23228,35967,176960.0,8264432.5,0.0020822957158088684,0.0029969976749271154
sample_17,23228,35968,176965.0,8264432.5,0.01837237924337387,0.004842157009989023
sample_17,23228,35969,176970.0,8264432.5,0.0100035285577178,0.0031685868743807077
sample_17,23228,35970,176975.0,8264432.5,0.019385654479265213,0.0019355665426701307
sample_17,23228,35971,176980.0,8264432.5,0.02394784428179264,0.010468565858900547
sample_17,23228,35972,176985.0,8264432.5,0.02905094064772129,0.007080209907144308
sample_17,23228,35973,176990.0,8264432.5,0.005282540339976549,0.0025896653532981873
sample_17,23229,35935,176800.0,8264422.5,0.008406692184507847,0.004200874827802181
sample_17,23229,35936,176805.0,8264422.5,0.029615137726068497,0.0007081635412760079
sample_17,23229,35937,176810.0,8264422.5,0.027022585272789,0.005974847357720137
sample_17,23229,35938,176815.0,8264422.5,0.022921528667211533,0.00487276166677475
sample_17,23229,35939,176820.0,8264422.5,0.014685966074466705,0.009402372874319553
sample_17,23229,35940,176825.0,8264422.5,0.016941208392381668,0.010253846645355225
sample_17,23229,35941,176830.0,8264422.5,0.03485623002052307,0.004740247502923012
sample_17,23229,35942,176835.0,8264422.5,0.023197898641228676,0.013568143360316753
sample_17,23229,35943,176840.0,8264422.5,0.005848641507327557,0.005360869690775871
sample_17,23229,35944,176845.0,8264422.5,0.019745364785194397,0.004005008842796087
sample_17,23229,35945,176850.0,8264422.5,0.018835416063666344,0.012329455465078354
sample_17,23229,35946,176855.0,8264422.5,0.004007759504020214,0.006719616241753101
sample_17,23229,35947,176860.0,8264422.5,0.00695487204939127,0.006583656184375286
sample_17,23229,35948,176865.0,8264422.5,0.023829352110624313,0.0038422956131398678
sample_17,23229,35949,176870.0,8264422.5,0.00896388478577137,0.0005891649634577334
sample_17,23229,35950,176875.0,8264422.5,0.024718625470995903,0.0017958611715584993
sample_17,23229,35951,176880.0,8264422.5,0.02872179076075554,0.010013531893491745
sample_17,23229,35952,176885.0,8264422.5,0.010235641151666641,0.006962473504245281
sample_17,23229,35953,176890.0,8264422.5,0.019039388746023178,0.005695432424545288
sample_17,23229,35954,176895.0,8264422.5,0.014145027846097946,0.012325477786362171
sample_17,23229,35955,176900.0,8264422.5,0.00407828064635396,0.016169635578989983
sample_17,23229,35956,176905.0,8264422.5,0.04429277032613754,0.013043990358710289
sample_17,23229,35957,176910.0,8264422.5,0.0417577400803566,0.0013608691515401006
sample_17,23229,35958,176915.0,8264422.5,0.01359193492680788,0.008107505738735199
sample_17,23229,35959,176920.0,8264422.5,0.027038058266043663,0.007001510821282864
sample_17,23229,35960,176925.0,8264422.5,0.027004458010196686,0.007414177525788546
sample_17,23229,35961,176930.0,8264422.5,0.024617597460746765,0.004621442407369614
sample_17,23229,35962,176935.0,8264422.5,0.016463469713926315,0.0033306912519037724
sample_17,23229,35963,176940.0,8264422.5,0.0170203298330307,0.0056586191058158875
sample_17,23229,35964,176945.0,8264422.5,0.0035992071498185396,0.008996262215077877
sample_17,23229,35965,176950.0,8264422.5,0.016368450596928596,0.004107048735022545
sample_17,23229,35966,176955.0,8264422.5,0.016915490850806236,0.002445500809699297
sample_17,23229,35967,176960.0,8264422.5,0.02736581116914749,0.0013010990805923939
sample_17,23229,35968,176965.0,8264422.5,0.007161957677453756,0.007031076587736607
sample_17,23229,35969,176970.0,8264422.5,0.032119013369083405,0.003094470128417015
sample_17,23229,35970,176975.0,8264422.5,0.019002940505743027,0.0029593859799206257
sample_17,23229,35971,176980.0,8264422.5,0.007011112757027149,0.0012498842552304268
sample_17,23229,35972,176985.0,8264422.5,0.01849093660712242,0.00674790795892477
sample_17,23229,35973,176990.0,8264422.5,0.021868819370865822,0.010364911518990993
sample_17,23230,35935,176800.0,8264412.5,0.005277642048895359,0.010011021979153156
sample_17,23230,35936,176805.0,8264412.5,0.0052455272525548935,0.020623400807380676
sample_17,23230,35937,176810.0,8264412.5,0.015415845438838005,0.015846822410821915
sample_17,23230,35938,176815.0,8264412.5,0.015310483053326607,0.003501731436699629
sample_17,23230,35939,176820.0,8264412.5,0.0064112963154911995,0.0013287488836795092
sample_17,23230,35940,176825.0,8264412.5,0.035256076604127884,0.0014972927747294307
sample_17,23230,35941,176830.0,8264412.5,0.022329995408654213,0.0066543580032885075
sample_17,23230,35942,176835.0,8264412.5,0.01681237854063511,0.00702972337603569
sample_17,23230,35943,176840.0,8264412.5,0.005112800747156143,0.004695937503129244
sample_17,23230,35944,176845.0,8264412.5,0.009380077943205833,0.008862164802849293
sample_17,23230,35945,176850.0,8264412.5,0.012873070314526558,0.009605694562196732
sample_17,23230,35946,176855.0,8264412.5,0.005327570252120495,0.008792990818619728
sample_17,23230,35947,176860.0,8264412.5,0.006530658341944218,0.001136229489929974
sample_17,23230,35948,176865.0,8264412.5,0.018909603357315063,0.014736550860106945
sample_17,23230,35949,176870.0,8264412.5,0.03343392163515091,0.0038836454041302204
sample_17,23230,35950,176875.0,8264412.5,0.0022614633198827505,0.0028440284077078104
sample_17,23230,35951,176880.0,8264412.5,0.04551995173096657,0.009713413193821907
sample_17,23230,35952,176885.0,8264412.5,0.014696263708174229,0.0008252639090642333
sample_17,23230,35953,176890.0,8264412.5,0.0338691808283329,0.0017492303159087896
sample_17,23230,35954,176895.0,8264412.5,0.02694692462682724,0.004462479613721371
sample_17,23230,35955,176900.0,8264412.5,0.00677579315379262,0.0023705116473138332
sample_17,23230,35956,176905.0,8264412.5,0.029614735394716263,0.011007340624928474
sample_17,23230,35957,176910.0,8264412.5,0.006516433320939541,0.005028697196394205
sample_17,23230,35958,176915.0,8264412.5,0.005095127038657665,0.0181330107152462
sample_17,23230,35959,176920.0,8264412.5,0.04842006415128708,0.0027281739749014378
sample_17,23230,35960,176925.0,8264412.5,0.014995281584560871,0.00782020203769207
sample_17,23230,35961,176930.0,8264412.5,0.01869942434132099,0.013765652664005756
sample_17,23230,35962,176935.0,8264412.5,0.027914687991142273,0.004743298050016165
sample_17,23230,35963,176940.0,8264412.5,0.025474170222878456,0.004090474918484688
sample_17,23230,35964,176945.0,8264412.5,0.02465573325753212,0.005147069692611694
sample_17,23230,35965,176950.0,8264412.5,0.0038437992334365845,0.007721767760813236
sample_17,23230,35966,176955.0,8264412.5,0.0034295825753360987,0.005125104449689388
sample_17,23230,35967,176960.0,8264412.5,0.015395828522741795,0.0038806041702628136
sample_17,23230,35968,176965.0,8264412.5,0.02174539864063263,0.005049622617661953
sample_17,23230,35969,176970.0,8264412.5,0.01720621809363365,0.01034387107938528
sample_17,23230,35970,176975.0,8264412.5,0.005804348271340132,0.011645179241895676
sample_17,23230,35971,176980.0,8264412.5,0.01782245747745037,0.0046669370494782925
sample_17,23230,35972,176985.0,8264412.5,0.006162421312183142,0.003758829552680254
sample_17,23230,35973,176990.0,8264412.5,0.01676364243030548,0.0016463653882965446
sample_17,23231,35935,176800.0,8264402.5,0.0035677209962159395,0.004623408894985914
sample_17,23231,35936,176805.0,8264402.5,0.009669758379459381,0.004941228777170181
sample_17,23231,35937,176810.0,8264402.5,0.004164853133261204,0.005346043035387993
sample_17,23231,35938,176815.0,8264402.5,0.005888405255973339,0.004454868845641613
sample_17,23231,35939,176820.0,8264402.5,0.02910740301012993,0.007722002919763327
sample_17,23231,35940,176825.0,8264402.5,0.021651968359947205,0.006173097528517246
sample_17,23231,35941,176830.0,8264402.5,0.030335107818245888,0.005363781936466694
sample_17,23231,35942,176835.0,8264402.5,0.0019542959053069353,0.005858610849827528
sample_17,23231,35943,176840.0,8264402.5,0.012405917048454285,0.0019809247460216284
sample_17,23231,35944,176845.0,8264402.5,0.009690255858004093,0.0028396332636475563
sample_17,23231,35945,176850.0,8264402.5,0.022448286414146423,0.003362678922712803
sample_17,23231,35946,176855.0,8264402.5,0.023015880957245827,0.006230536848306656
sample_17,23231,35947,176860.0,8264402.5,0.021948184818029404,0.008373935706913471
sample_17,23231,35948,176865.0,8264402.5,0.016068212687969208,0.011677013710141182
sample_17,23231,35949,176870.0,8264402.5,0.0034069037064909935,0.012014816515147686
sample_17,23231,35950,176875.0,8264402.5,0.011104492470622063,0.003763903398066759
sample_17,23231,35951,176880.0,8264402.5,0.002147553488612175,0.004367441404610872
sample_17,23231,35952,176885.0,8264402.5,0.007261332124471664,0.0047342549078166485
sample_17,23231,35953,176890.0,8264402.5,0.04407576471567154,0.0009519537561573088
sample_17,23231,35954,176895.0,8264402.5,0.018134014680981636,0.017829038202762604
sample_17,23231,35955,176900.0,8264402.5,0.013134367763996124,0.006076565477997065
sample_17,23231,35956,176905.0,8264402.5,0.006273563019931316,0.006245707161724567
sample_17,23231,35957,176910.0,8264402.5,0.008403371088206768,0.0035920357331633568
sample_17,23231,35958,176915.0,8264402.5,0.010896891355514526,0.005388669203966856
sample_17,23231,35959,176920.0,8264402.5,0.01824175752699375,0.006056705955415964
sample_17,23231,35960,176925.0,8264402.5,0.016468029469251633,0.007760250940918922
sample_17,23231,35961,176930.0,8264402.5,0.006815297994762659,0.006283585447818041
sample_17,23231,35962,176935.0,8264402.5,0.03835158050060272,0.0050664544105529785
sample_17,23231,35963,176940.0,8264402.5,0.015999112278223038,0.004899145569652319
sample_17,23231,35964,176945.0,8264402.5,0.018992338329553604,0.0037832839880138636
sample_17,23231,35965,176950.0,8264402.5,0.028987713158130646,0.0014300465118139982
sample_17,23231,35966,176955.0,8264402.5,0.01741306483745575,0.004177841357886791
sample_17,23231,35967,176960.0,8264402.5,0.012959078885614872,0.009791025891900063
sample_17,23231,35968,176965.0,8264402.5,0.038664814084768295,0.009060723707079887
sample_17,23231,35969,176970.0,8264402.5,0.012643225491046906,0.0024074302054941654
sample_17,23231,35970,176975.0,8264402.5,0.021198704838752747,0.008282740600407124
sample_17,23231,35971,176980.0,8264402.5,0.00575789762660861,0.0013998892391100526
sample_17,23231,35972,176985.0,8264402.5,0.007650731131434441,0.0006740966928191483
sample_17,23231,35973,176990.0,8264402.5,0.004873759113252163,0.0052196430042386055
sample_17,23232,35936,176805.0,8264392.5,0.05387255176901817,0.005368295591324568
sample_17,23232,35937,176810.0,8264392.5,0.06202699989080429,0.005488528870046139
sample_17,23232,35938,176815.0,8264392.5,0.00033729802817106247,0.0033908241894096136
sample_17,23232,35939,176820.0,8264392.5,0.0028668674640357494,0.005983322858810425
sample_17,23232,35940,176825.0,8264392.5,0.007071698550134897,0.0011455011554062366
sample_17,23232,35941,176830.0,8264392.5,0.01418137364089489,0.0001613482745597139
sample_17,23232,35942,176835.0,8264392.5,0.015554508194327354,0.0018224555533379316
sample_17,23232,35943,176840.0,8264392.5,0.015808269381523132,0.004375686403363943
sample_17,23232,35944,176845.0,8264392.5,0.022055968642234802,0.0108346501365304
sample_17,23232,35945,176850.0,8264392.5,0.02147485315799713,0.006453344598412514
sample_17,23232,35946,176855.0,8264392.5,0.022002195939421654,0.006480701733380556
sample_17,23232,35947,176860.0,8264392.5,0.010790984146296978,0.01035277172923088
sample_17,23232,35948,176865.0,8264392.5,0.02361295185983181,0.003918842412531376
sample_17,23232,35949,176870.0,8264392.5,0.0539824515581131,0.002960359212011099
sample_17,23232,35950,176875.0,8264392.5,0.019275406375527382,0.013319592922925949
sample_17,23232,35951,176880.0,8264392.5,0.03128909692168236,0.0034007467329502106
sample_17,23232,35952,176885.0,8264392.5,0.00481701223179698,0.004280113149434328
sample_17,23232,35953,176890.0,8264392.5,0.021258477121591568,0.005643496289849281
sample_17,23232,35954,176895.0,8264392.5,0.01602284237742424,0.0070825861766934395
sample_17,23232,35955,176900.0,8264392.5,0.011554095894098282,0.002051194664090872
sample_17,23232,35956,176905.0,8264392.5,0.023011265322566032,0.007199697196483612
sample_17,23232,35957,176910.0,8264392.5,0.014900152571499348,0.0024828293826431036
sample_17,23232,35958,176915.0,8264392.5,0.008996337652206421,0.007182840257883072
sample_17,23232,35959,176920.0,8264392.5,0.014673219062387943,0.008649707771837711
sample_17,23232,35960,176925.0,8264392.5,0.02693737857043743,0.008133898489177227
sample_17,23232,35961,176930.0,8264392.5,0.04191003367304802,0.008000042289495468
sample_17,23232,35962,176935.0,8264392.5,0.009312106296420097,0.006246114149689674
sample_17,23232,35963,176940.0,8264392.5,0.007341532036662102,0.004657857120037079
sample_17,23232,35964,176945.0,8264392.5,0.011172723025083542,0.008976160548627377
sample_17,23232,35965,176950.0,8264392.5,0.007383392192423344,0.012188096530735493
sample_17,23232,35966,176955.0,8264392.5,0.018371902406215668,0.010699988342821598
sample_17,23232,35967,176960.0,8264392.5,0.03323644399642944,0.013215978629887104
sample_17,23232,35968,176965.0,8264392.5,0.012410533614456654,0.005812732502818108
sample_17,23232,35969,176970.0,8264392.5,0.016681291162967682,0.006563306786119938
sample_17,23232,35970,176975.0,8264392.5,0.04402033984661102,0.0015459354035556316
sample_17,23232,35971,176980.0,8264392.5,0.0028540310449898243,0.0013316795229911804
sample_17,23232,35972,176985.0,8264392.5,0.009253418073058128,0.004245169460773468
sample_17,23232,35973,176990.0,8264392.5,0.040272101759910583,0.002497427398338914
sample_17,23233,35936,176805.0,8264382.5,0.014972208067774773,0.007147500291466713
sample_17,23233,35937,176810.0,8264382.5,0.011503161862492561,0.00778491934761405
sample_17,23233,35938,176815.0,8264382.5,0.01709502935409546,0.003474584547802806
sample_17,23233,35939,176820.0,8264382.5,0.012315344996750355,0.0027336047496646643
sample_17,23233,35940,176825.0,8264382.5,0.009514570236206055,0.002573027741163969
sample_17,23233,35941,176830.0,8264382.5,0.009447959251701832,0.0017295146826654673
sample_17,23233,35942,176835.0,8264382.5,0.01228592824190855,0.001383576774969697
sample_17,23233,35943,176840.0,8264382.5,0.01157328486442566,0.008295823819935322
sample_17,23233,35944,176845.0,8264382.5,0.0070701297372579575,0.007659837603569031
sample_17,23233,35945,176850.0,8264382.5,0.0131002776324749,0.008063022047281265
sample_17,23233,35946,176855.0,8264382.5,0.011509601026773453,0.0015418677357956767
sample_17,23233,35947,176860.0,8264382.5,0.0025759772397577763,0.006288749165832996
sample_17,23233,35948,176865.0,8264382.5,0.004743881523609161,0.006508162245154381
sample_17,23233,35949,176870.0,8264382.5,0.013807401061058044,0.006444355007261038
sample_17,23233,35950,176875.0,8264382.5,0.004958293400704861,0.004414780996739864
sample_17,23233,35951,176880.0,8264382.5,0.024445952847599983,0.000960172270424664
sample_17,23233,35952,176885.0,8264382.5,0.0156573336571455,0.004357882775366306
sample_17,23233,35953,176890.0,8264382.5,0.01814427599310875,0.008427667431533337
sample_17,23233,35954,176895.0,8264382.5,0.04324781149625778,0.0052039907313883305
sample_17,23233,35955,176900.0,8264382.5,0.016292162239551544,0.00912187248468399
sample_17,23233,35956,176905.0,8264382.5,0.009661339223384857,0.0051004718989133835
sample_17,23233,35957,176910.0,8264382.5,0.001919508446007967,0.006650691851973534
sample_17,23233,35958,176915.0,8264382.5,0.015939686447381973,0.001520228455774486
sample_17,23233,35959,176920.0,8264382.5,0.01765909045934677,0.00797475315630436
sample_17,23233,35960,176925.0,8264382.5,0.010912204161286354,0.007238062564283609
sample_17,23233,35961,176930.0,8264382.5,0.014849423430860043,0.001748151844367385
sample_17,23233,35962,176935.0,8264382.5,0.005919381510466337,0.008479575626552105
sample_17,23233,35963,176940.0,8264382.5,0.01683315448462963,0.007650117855519056
sample_17,23233,35964,176945.0,8264382.5,0.008137761615216732,0.0044812834821641445
sample_17,23233,35965,176950.0,8264382.5,0.002005519811064005,0.0012468562927097082
sample_17,23233,35966,176955.0,8264382.5,0.01907464489340782,0.002186636673286557
sample_17,23233,35967,176960.0,8264382.5,0.02661849558353424,0.010864518582820892
sample_17,23233,35968,176965.0,8264382.5,0.008126378990709782,0.006264084950089455
sample_17,23233,35969,176970.0,8264382.5,0.006424384191632271,0.0023874780163168907
sample_17,23233,35970,176975.0,8264382.5,0.017359085381031036,0.00396423926576972
sample_17,23233,35971,176980.0,8264382.5,0.024763718247413635,0.004539273679256439
sample_17,23233,35972,176985.0,8264382.5,0.027952108532190323,0.0028540322091430426
sample_17,23233,35973,176990.0,8264382.5,0.007828455418348312,0.0047991336323320866
sample_17,23234,35936,176805.0,8264372.5,0.010640770196914673,0.006878074258565903
sample_17,23234,35937,176810.0,8264372.5,0.012231821194291115,0.006451920606195927
sample_17,23234,35938,176815.0,8264372.5,0.009119764901697636,0.005211020819842815
sample_17,23234,35939,176820.0,8264372.5,0.002576849889010191,0.006480775307863951
sample_17,23234,35940,176825.0,8264372.5,0.010350080206990242,0.005282000172883272
sample_17,23234,35941,176830.0,8264372.5,0.010600454173982143,0.00339101767167449
sample_17,23234,35942,176835.0,8264372.5,0.013973971828818321,0.01233265083283186
sample_17,23234,35943,176840.0,8264372.5,0.006547544151544571,0.005184882786124945
sample_17,23234,35944,176845.0,8264372.5,0.06919214129447937,0.0005159099819138646
sample_17,23234,35945,176850.0,8264372.5,0.008687477558851242,0.0030772611498832703
sample_17,23234,35946,176855.0,8264372.5,0.016458598896861076,0.0025173602625727654
sample_17,23234,35947,176860.0,8264372.5,0.009277417324483395,0.0015044722240418196
sample_17,23234,35948,176865.0,8264372.5,0.010661478154361248,0.003612235886976123
sample_17,23234,35949,176870.0,8264372.5,0.01737399399280548,0.0013222212437540293
sample_17,23234,35950,176875.0,8264372.5,0.026505861431360245,0.009793073870241642
sample_17,23234,35951,176880.0,8264372.5,0.03796679154038429,0.0132775092497468
sample_17,23234,35952,176885.0,8264372.5,0.04853610321879387,0.012068085372447968
sample_17,23234,35953,176890.0,8264372.5,0.019213413819670677,0.00410263380035758
sample_17,23234,35954,176895.0,8264372.5,0.018322473391890526,0.003877858631312847
sample_17,23234,35955,176900.0,8264372.5,0.009980868548154831,0.0021619373001158237
sample_17,23234,35956,176905.0,8264372.5,0.03591550886631012,0.01314233522862196
sample_17,23234,35957,176910.0,8264372.5,0.0012282687239348888,0.0015296863857656717
sample_17,23234,35958,176915.0,8264372.5,0.013449795544147491,0.00533234141767025
sample_17,23234,35959,176920.0,8264372.5,0.010471955873072147,0.01600336655974388
sample_17,23234,35960,176925.0,8264372.5,0.004661174491047859,0.010413751006126404
sample_17,23234,35961,176930.0,8264372.5,0.004976370837539434,0.0018646734533831477
sample_17,23234,35962,176935.0,8264372.5,0.004693419672548771,0.007475929334759712
sample_17,23234,35963,176940.0,8264372.5,0.011945345439016819,0.004220018163323402
sample_17,23234,35964,176945.0,8264372.5,0.012808747589588165,0.00919287372380495
sample_17,23234,35965,176950.0,8264372.5,0.0074187275022268295,0.002322808839380741
sample_17,23234,35966,176955.0,8264372.5,0.03413129597902298,0.002631513634696603
sample_17,23234,35967,176960.0,8264372.5,0.010714204981923103,0.007447361946105957
sample_17,23234,35968,176965.0,8264372.5,0.031402647495269775,0.002968615386635065
sample_17,23234,35969,176970.0,8264372.5,0.007556041236966848,0.0013846472138538957
sample_17,23234,35970,176975.0,8264372.5,0.009043815545737743,0.0056981188245117664
sample_17,23234,35971,176980.0,8264372.5,0.029143428429961205,0.010641678236424923
sample_17,23234,35972,176985.0,8264372.5,0.011432251892983913,0.00560822244733572
sample_17,23234,35973,176990.0,8264372.5,0.00950498878955841,0.00281383004039526
sample_17,23235,35936,176805.0,8264362.5,0.0018074860563501716,0.003666209988296032
sample_17,23235,35937,176810.0,8264362.5,0.011128555983304977,0.006905229762196541
sample_17,23235,35938,176815.0,8264362.5,0.012334664352238178,0.0032568434253335
sample_17,23235,35939,176820.0,8264362.5,0.003893761895596981,0.005916200578212738
sample_17,23235,35940,176825.0,8264362.5,0.01250261440873146,0.005549111403524876
sample_17,23235,35941,176830.0,8264362.5,0.0042942240834236145,0.0023197459522634745
sample_17,23235,35942,176835.0,8264362.5,0.02505548670887947,0.0007390243699774146
sample_17,23235,35943,176840.0,8264362.5,0.009612170048058033,0.006049857474863529
sample_17,23235,35944,176845.0,8264362.5,0.004436027258634567,0.00048807854182086885
sample_17,23235,35945,176850.0,8264362.5,0.01745697855949402,0.01320166327059269
sample_17,23235,35946,176855.0,8264362.5,0.009830329567193985,0.007286907639354467
sample_17,23235,35947,176860.0,8264362.5,0.023323802277445793,0.006772888824343681
sample_17,23235,35948,176865.0,8264362.5,0.023536041378974915,0.006554577499628067
sample_17,23235,35949,176870.0,8264362.5,0.0016079011838883162,0.007522123400121927
sample_17,23235,35950,176875.0,8264362.5,0.017629148438572884,0.005088139791041613
sample_17,23235,35951,176880.0,8264362.5,0.02238977514207363,0.007291868794709444
sample_17,23235,35952,176885.0,8264362.5,0.02921750582754612,0.0049226838164031506
sample_17,23235,35953,176890.0,8264362.5,0.018169771879911423,0.0017219041474163532
sample_17,23235,35954,176895.0,8264362.5,0.017070330679416656,0.001386563410051167
sample_17,23235,35955,176900.0,8264362.5,0.04836377874016762,0.012181953527033329
sample_17,23235,35956,176905.0,8264362.5,0.009448785334825516,0.010405318811535835
sample_17,23235,35957,176910.0,8264362.5,0.03692896291613579,0.002713543362915516
sample_17,23235,35958,176915.0,8264362.5,0.027721839025616646,0.006574928294867277
sample_17,23235,35959,176920.0,8264362.5,0.04462485760450363,0.0065138377249240875
sample_17,23235,35960,176925.0,8264362.5,0.07105105370283127,0.012167911976575851
sample_17,23235,35961,176930.0,8264362.5,0.019181106239557266,0.021210836246609688
sample_17,23235,35962,176935.0,8264362.5,0.013782341033220291,0.013503842987120152
sample_17,23235,35963,176940.0,8264362.5,0.03930226340889931,0.007948343642055988
sample_17,23235,35964,176945.0,8264362.5,0.012674111872911453,0.0042826649732887745
sample_17,23235,35965,176950.0,8264362.5,0.011772115714848042,0.004432316869497299
sample_17,23235,35966,176955.0,8264362.5,0.009811935015022755,0.0029682964086532593
sample_17,23235,35967,176960.0,8264362.5,0.03971744701266289,0.008636956103146076
sample_17,23235,35968,176965.0,8264362.5,0.026951085776090622,0.007879719138145447
sample_17,23235,35969,176970.0,8264362.5,0.027610672637820244,0.003939350135624409
sample_17,23235,35970,176975.0,8264362.5,0.013136832043528557,0.004518146626651287
sample_17,23235,35971,176980.0,8264362.5,0.025348681956529617,0.0030654561705887318
sample_17,23235,35972,176985.0,8264362.5,0.020821530371904373,0.010702654719352722
sample_17,23235,35973,176990.0,8264362.5,0.042106956243515015,0.007568715140223503
sample_17,23236,35936,176805.0,8264352.5,0.044633764773607254,0.01419858168810606
sample_17,23236,35937,176810.0,8264352.5,0.024491706863045692,0.018263548612594604
sample_17,23236,35938,176815.0,8264352.5,0.040248334407806396,0.007251410279422998
sample_17,23236,35939,176820.0,8264352.5,0.03664606437087059,0.002908160910010338
sample_17,23236,35940,176825.0,8264352.5,0.04279171675443649,0.005746321752667427
sample_17,23236,35941,176830.0,8264352.5,0.02139749750494957,0.009715089574456215
sample_17,23236,35942,176835.0,8264352.5,0.011186174117028713,0.004197285044938326
sample_17,23236,35943,176840.0,8264352.5,0.03158916160464287,0.0028174847830086946
sample_17,23236,35944,176845.0,8264352.5,0.08271937817335129,0.0019411540124565363
sample_17,23236,35945,176850.0,8264352.5,0.020112652331590652,0.00464261882007122
sample_17,23236,35946,176855.0,8264352.5,0.03186134248971939,0.004954623524099588
sample_17,23236,35947,176860.0,8264352.5,0.054889753460884094,0.009543543681502342
sample_17,23236,35948,176865.0,8264352.5,0.031979143619537354,0.004565609619021416
sample_17,23236,35949,176870.0,8264352.5,0.015292314812541008,0.005339486058801413
sample_17,23236,35950,176875.0,8264352.5,0.008890941739082336,0.012686893343925476
sample_17,23236,35951,176880.0,8264352.5,0.002589807379990816,0.00940662156790495
sample_17,23236,35952,176885.0,8264352.5,0.038482777774333954,0.0066251251846551895
sample_17,23236,35953,176890.0,8264352.5,0.03286115825176239,0.015042969025671482
sample_17,23236,35954,176895.0,8264352.5,0.032788265496492386,0.009938997216522694
sample_17,23236,35955,176900.0,8264352.5,0.006694595329463482,0.0012646869290620089
sample_17,23236,35956,176905.0,8264352.5,0.03347920626401901,0.006490429863333702
sample_17,23236,35957,176910.0,8264352.5,0.011573676019906998,0.008122075349092484
sample_17,23236,35958,176915.0,8264352.5,0.029712319374084473,0.006070710252970457
sample_17,23236,35959,176920.0,8264352.5,0.04977567493915558,0.0041193184442818165
sample_17,23236,35960,176925.0,8264352.5,0.04330255836248398,0.0029380004853010178
sample_17,23236,35961,176930.0,8264352.5,0.02891574800014496,0.0015629148110747337
sample_17,23236,35962,176935.0,8264352.5,0.023088179528713226,0.0006722810212522745
sample_17,23236,35963,176940.0,8264352.5,0.05045010894536972,0.0023881089873611927
sample_17,23236,35964,176945.0,8264352.5,0.010279717855155468,0.00220771343447268
sample_17,23236,35965,176950.0,8264352.5,0.0033278842456638813,0.001489916699938476
sample_17,23236,35966,176955.0,8264352.5,0.03427896648645401,0.009229134768247604
sample_17,23236,35967,176960.0,8264352.5,0.030253415927290916,0.00736751826480031
sample_17,23236,35968,176965.0,8264352.5,0.02728334255516529,0.006712756585329771
sample_17,23236,35969,176970.0,8264352.5,0.013976985588669777,0.0014708942035213113
sample_17,23236,35970,176975.0,8264352.5,0.0019441836047917604,0.005224074237048626
sample_17,23236,35971,176980.0,8264352.5,0.008390401490032673,0.00397750036790967
sample_17,23236,35972,176985.0,8264352.5,0.02793482132256031,0.0031323758885264397
sample_17,23236,35973,176990.0,8264352.5,0.06042458117008209,0.007936435751616955
sample_17,23236,35974,176995.0,8264352.5,0.006181963719427586,0.002129242056980729
sample_17,23237,35936,176805.0,8264342.5,0.010786518454551697,0.00863162986934185
sample_17,23237,35937,176810.0,8264342.5,0.015047972090542316,0.004865334369242191
sample_17,23237,35938,176815.0,8264342.5,0.008245951496064663,0.0008676700526848435
sample_17,23237,35939,176820.0,8264342.5,0.016518693417310715,0.0060029407031834126
sample_17,23237,35940,176825.0,8264342.5,0.004149648826569319,0.004145536571741104
sample_17,23237,35941,176830.0,8264342.5,0.040428195148706436,0.0117776058614254
sample_17,23237,35942,176835.0,8264342.5,0.032150737941265106,0.015897899866104126
sample_17,23237,35943,176840.0,8264342.5,0.029585666954517365,0.004030822776257992
sample_17,23237,35944,176845.0,8264342.5,0.004756924696266651,0.008130830712616444
sample_17,23237,35945,176850.0,8264342.5,0.004729581996798515,0.006520844995975494
sample_17,23237,35946,176855.0,8264342.5,0.01227038074284792,0.0049629537388682365
sample_17,23237,35947,176860.0,8264342.5,0.042065273970365524,0.003985636867582798
sample_17,23237,35948,176865.0,8264342.5,0.04555259644985199,0.003436072263866663
sample_17,23237,35949,176870.0,8264342.5,0.029420601204037666,0.004076884128153324
sample_17,23237,35950,176875.0,8264342.5,0.019445892423391342,0.0022013243287801743
sample_17,23237,35951,176880.0,8264342.5,0.023134298622608185,0.0037759533151984215
sample_17,23237,35952,176885.0,8264342.5,0.023064961656928062,0.0061796000227332115
sample_17,23237,35953,176890.0,8264342.5,0.008680659346282482,0.0012119467137381434
sample_17,23237,35954,176895.0,8264342.5,0.009296704083681107,0.001679396373219788
sample_17,23237,35955,176900.0,8264342.5,0.010149910114705563,0.0010088691487908363
sample_17,23237,35956,176905.0,8264342.5,0.022935645654797554,0.00425992626696825
sample_17,23237,35957,176910.0,8264342.5,0.06140460446476936,0.011612478643655777
sample_17,23237,35958,176915.0,8264342.5,0.003832630580291152,0.003975453320890665
sample_18,23764,31800,156125.0,8259072.5,0.018029415979981422,0.0018288297578692436
sample_18,23764,31801,156130.0,8259072.5,0.018909821286797523,0.004445580765604973
sample_18,23764,31802,156135.0,8259072.5,0.02591950073838234,0.0024247870314866304
sample_18,23764,31803,156140.0,8259072.5,0.019837001338601112,0.007425449788570404
sample_18,23764,31804,156145.0,8259072.5,0.01315950695425272,0.001752055948600173
sample_18,23764,31805,156150.0,8259072.5,0.005379233509302139,0.013831844553351402
sample_18,23764,31806,156155.0,8259072.5,0.0038207764737308025,0.012044427916407585
sample_18,23764,31807,156160.0,8259072.5,0.011035976000130177,0.0076308418065309525
sample_18,23764,31808,156165.0,8259072.5,0.01171715185046196,0.004347916692495346
sample_18,23764,31809,156170.0,8259072.5,0.021711619570851326,0.008475317619740963
sample_18,23764,31810,156175.0,8259072.5,0.020659517496824265,0.0066368551924824715
sample_18,23764,31811,156180.0,8259072.5,0.014123324304819107,0.00702232401818037
sample_18,23764,31812,156185.0,8259072.5,0.014304785057902336,0.0036529232747852802
sample_18,23764,31813,156190.0,8259072.5,0.0041620759293437,0.005072963424026966
sample_18,23764,31814,156195.0,8259072.5,0.007147899363189936,0.0017226382624357939
sample_18,23764,31815,156200.0,8259072.5,0.020885929465293884,0.006162144243717194
sample_18,23764,31816,156205.0,8259072.5,0.004881844390183687,0.002840010216459632
sample_18,23764,31817,156210.0,8259072.5,0.013714941218495369,0.00787920318543911
sample_18,23764,31818,156215.0,8259072.5,0.011849838308990002,0.004714960232377052
sample_18,23764,31819,156220.0,8259072.5,0.014537854120135307,0.0037729977630078793
sample_18,23764,31820,156225.0,8259072.5,0.021307218819856644,0.006610750220716
sample_18,23764,31821,156230.0,8259072.5,0.02247960865497589,0.0017767238896340132
sample_18,23764,31822,156235.0,8259072.5,0.014125900343060493,0.016973253339529037
sample_18,23764,31823,156240.0,8259072.5,0.0037469894159585238,0.003584945574402809
sample_18,23764,31824,156245.0,8259072.5,0.012800747528672218,0.002448576269671321
sample_18,23764,31825,156250.0,8259072.5,0.0181119367480278,0.0059491293504834175
sample_18,23764,31826,156255.0,8259072.5,0.0030774318147450686,0.0013936960604041815
sample_18,23764,31827,156260.0,8259072.5,0.010991246439516544,0.0038505608681589365
sample_18,23764,31828,156265.0,8259072.5,0.0028758258558809757,0.009189466014504433
sample_18,23764,31829,156270.0,8259072.5,0.014094250276684761,0.0023602782748639584
sample_18,23764,31830,156275.0,8259072.5,0.03217412158846855,0.003545550163835287
sample_18,23764,31831,156280.0,8259072.5,0.022338207811117172,0.006655518431216478
sample_18,23764,31832,156285.0,8259072.5,0.03606807067990303,0.009119204245507717
sample_18,23764,31833,156290.0,8259072.5,0.007823368534445763,0.01949995569884777
sample_18,23764,31834,156295.0,8259072.5,0.009548507630825043,0.012956143356859684
sample_18,23764,31835,156300.0,8259072.5,0.014172526076436043,0.011182672344148159
sample_18,23764,31836,156305.0,8259072.5,0.059466369450092316,0.0110824229195714
sample_18,23764,31837,156310.0,8259072.5,0.020308541133999825,0.008738710545003414
sample_18,23764,31838,156315.0,8259072.5,0.011320497840642929,0.005208954215049744
sample_18,23765,31800,156125.0,8259062.5,0.020314563065767288,0.0021834534127265215
sample_18,23765,31801,156130.0,8259062.5,0.010758649557828903,0.0045247916132211685
sample_18,23765,31802,156135.0,8259062.5,0.019237937405705452,0.0017664401093497872
sample_18,23765,31803,156140.0,8259062.5,0.019970789551734924,0.00042509898776188493
sample_18,23765,31804,156145.0,8259062.5,0.023323822766542435,0.001866313279606402
sample_18,23765,31805,156150.0,8259062.5,0.033059485256671906,0.0045094359666109085
sample_18,23765,31806,156155.0,8259062.5,0.020159637555480003,0.006377051118761301
sample_18,23765,31807,156160.0,8259062.5,0.011619935743510723,0.003820956451818347
sample_18,23765,31808,156165.0,8259062.5,0.019484397023916245,0.002311151009052992
sample_18,23765,31809,156170.0,8259062.5,0.01517743431031704,0.0019780562724918127
sample_18,23765,31810,156175.0,8259062.5,0.005183598026633263,0.0022224360145628452
sample_18,23765,31811,156180.0,8259062.5,0.01897665299475193,0.004656062461435795
sample_18,23765,31812,156185.0,8259062.5,0.015716660767793655,0.0004562489630188793
sample_18,23765,31813,156190.0,8259062.5,0.004262363538146019,0.004433669615536928
sample_18,23765,31814,156195.0,8259062.5,0.011479873210191727,0.002204688498750329
sample_18,23765,31815,156200.0,8259062.5,0.007925797253847122,0.0008245393983088434
sample_18,23765,31816,156205.0,8259062.5,0.002382732927799225,0.007490990217775106
sample_18,23765,31817,156210.0,8259062.5,0.013225514441728592,0.006624103523790836
sample_18,23765,31818,156215.0,8259062.5,0.00949101708829403,0.012053094804286957
sample_18,23765,31819,156220.0,8259062.5,0.00831369124352932,0.006085711997002363
sample_18,23765,31820,156225.0,8259062.5,0.020294323563575745,0.009189624339342117
sample_18,23765,31821,156230.0,8259062.5,0.01887480355799198,0.010260435752570629
sample_18,23765,31822,156235.0,8259062.5,0.02947666496038437,0.00901139434427023
sample_18,23765,31823,156240.0,8259062.5,0.06564551591873169,0.0027422946877777576
sample_18,23765,31824,156245.0,8259062.5,0.011705281212925911,0.0050574070774018764
sample_18,23765,31825,156250.0,8259062.5,0.016502317041158676,0.002900307532399893
sample_18,23765,31826,156255.0,8259062.5,0.0180815476924181,0.0015495280968025327
sample_18,23765,31827,156260.0,8259062.5,0.011768397875130177,0.00491670286282897
sample_18,23765,31828,156265.0,8259062.5,0.021427765488624573,0.00527894077822566
sample_18,23765,31829,156270.0,8259062.5,0.06031643599271774,0.003865554230287671
sample_18,23765,31830,156275.0,8259062.5,0.013683604076504707,0.006720527075231075
sample_18,23765,31831,156280.0,8259062.5,0.019963974133133888,0.002504502423107624
sample_18,23765,31832,156285.0,8259062.5,0.021859489381313324,0.004230753052979708
sample_18,23765,31833,156290.0,8259062.5,0.006038869731128216,0.001511108479462564
sample_18,23765,31834,156295.0,8259062.5,0.018694907426834106,0.0013844515196979046
sample_18,23765,31835,156300.0,8259062.5,0.007336939685046673,0.004065270069986582
sample_18,23765,31836,156305.0,8259062.5,0.009645719081163406,0.0039078728295862675
sample_18,23765,31837,156310.0,8259062.5,0.0031314766965806484,0.0026016542688012123
sample_18,23765,31838,156315.0,8259062.5,0.008086705580353737,0.0012223703088238835
sample_18,23766,31800,156125.0,8259052.5,0.00656975619494915,0.0007031484856270254
sample_18,23766,31801,156130.0,8259052.5,0.004347588401287794,0.0005994387320242822
sample_18,23766,31802,156135.0,8259052.5,0.02720276080071926,0.0018101891037076712
sample_18,23766,31803,156140.0,8259052.5,0.007355518639087677,0.0023702415637671947
sample_18,23766,31804,156145.0,8259052.5,0.019213572144508362,0.008612556383013725
sample_18,23766,31805,156150.0,8259052.5,0.03141779452562332,0.004182652570307255
sample_18,23766,31806,156155.0,8259052.5,0.01383963879197836,0.008705982938408852
sample_18,23766,31807,156160.0,8259052.5,0.00395168736577034,0.013899805024266243
sample_18,23766,31808,156165.0,8259052.5,0.009102189913392067,0.00656541483476758
sample_18,23766,31809,156170.0,8259052.5,0.009441738948225975,0.0016448324313387275
sample_18,23766,31810,156175.0,8259052.5,0.014032716862857342,0.0001441517670173198
sample_18,23766,31811,156180.0,8259052.5,0.018115825951099396,0.005410362035036087
sample_18,23766,31812,156185.0,8259052.5,0.009098050184547901,0.006603453774005175
sample_18,23766,31813,156190.0,8259052.5,0.018498459830880165,0.015677915886044502
sample_18,23766,31814,156195.0,8259052.5,0.013118581846356392,0.01681913062930107
sample_18,23766,31815,156200.0,8259052.5,0.019853459671139717,0.0004384308122098446
sample_18,23766,31816,156205.0,8259052.5,0.01755315624177456,0.010074407793581486
sample_18,23766,31817,156210.0,8259052.5,0.008924691937863827,0.0005875013885088265
sample_18,23766,31818,156215.0,8259052.5,0.004127709660679102,0.001258279662579298
sample_18,23766,31819,156220.0,8259052.5,0.002954669063910842,0.0012528749648481607
sample_18,23766,31820,156225.0,8259052.5,0.008654700592160225,0.007347648032009602
sample_18,23766,31821,156230.0,8259052.5,0.007702729664742947,0.010025568306446075
sample_18,23766,31822,156235.0,8259052.5,0.017474085092544556,0.007787642069160938
sample_18,23766,31823,156240.0,8259052.5,0.019784150645136833,0.00564147625118494
sample_18,23766,31824,156245.0,8259052.5,0.016446584835648537,0.004442005418241024
sample_18,23766,31825,156250.0,8259052.5,0.008044767193496227,0.005971044301986694
sample_18,23766,31826,156255.0,8259052.5,0.012561939656734467,0.003948349971324205
sample_18,23766,31827,156260.0,8259052.5,0.011254173703491688,0.002516623120754957
sample_18,23766,31828,156265.0,8259052.5,0.017088886350393295,0.006959404330700636
sample_18,23766,31829,156270.0,8259052.5,0.02462776005268097,0.0021506990306079388
sample_18,23766,31830,156275.0,8259052.5,0.005086598917841911,0.0019234777428209782
sample_18,23766,31831,156280.0,8259052.5,0.02866174466907978,0.01229291781783104
sample_18,23766,31832,156285.0,8259052.5,0.016702989116311073,0.003068812657147646
sample_18,23766,31833,156290.0,8259052.5,0.07335039973258972,0.004784348886460066
sample_18,23766,31834,156295.0,8259052.5,0.014439737424254417,0.007845726795494556
sample_18,23766,31835,156300.0,8259052.5,0.030302632600069046,0.008763477206230164
sample_18,23766,31836,156305.0,8259052.5,0.008719826117157936,0.005362742114812136
sample_18,23766,31837,156310.0,8259052.5,0.015110187232494354,0.004374256357550621
sample_18,23766,31838,156315.0,8259052.5,0.01773974858224392,0.0036267521791160107
sample_18,23767,31800,156125.0,8259042.5,0.018105948343873024,0.0053421249613165855
sample_18,23767,31801,156130.0,8259042.5,0.013515666127204895,0.0009907230269163847
sample_18,23767,31802,156135.0,8259042.5,0.021300431340932846,0.0021510578226298094
sample_18,23767,31803,156140.0,8259042.5,0.017728524282574654,0.0019216799410060048
sample_18,23767,31804,156145.0,8259042.5,0.017117759212851524,0.0012430907227098942
sample_18,23767,31805,156150.0,8259042.5,0.008107008412480354,0.003634643042460084
sample_18,23767,31806,156155.0,8259042.5,0.008822541683912277,0.001373465871438384
sample_18,23767,31807,156160.0,8259042.5,0.029971202835440636,0.006358603481203318
sample_18,23767,31808,156165.0,8259042.5,0.02329646795988083,0.006704360246658325
sample_18,23767,31809,156170.0,8259042.5,0.025572743266820908,0.007741240318864584
sample_18,23767,31810,156175.0,8259042.5,0.009931000880897045,0.005859725642949343
sample_18,23767,31811,156180.0,8259042.5,0.00672602653503418,0.006096916738897562
sample_18,23767,31812,156185.0,8259042.5,0.000692998874001205,0.007143539842218161
sample_18,23767,31813,156190.0,8259042.5,0.012884690426290035,0.003912077751010656
sample_18,23767,31814,156195.0,8259042.5,0.007361102849245071,0.0026442462112754583
sample_18,23767,31815,156200.0,8259042.5,0.007583829574286938,0.008313249796628952
sample_18,23767,31816,156205.0,8259042.5,0.021637842059135437,0.005100281909108162
sample_18,23767,31817,156210.0,8259042.5,0.013990549370646477,0.0029567680321633816
sample_18,23767,31818,156215.0,8259042.5,0.036787793040275574,0.001136518782004714
sample_18,23767,31819,156220.0,8259042.5,0.011556005105376244,0.002325377892702818
sample_18,23767,31820,156225.0,8259042.5,0.039065875113010406,0.002007239032536745
sample_18,23767,31821,156230.0,8259042.5,0.02441002056002617,0.0020245553459972143
sample_18,23767,31822,156235.0,8259042.5,0.022445447742938995,0.0023338140454143286
sample_18,23767,31823,156240.0,8259042.5,0.004822229500859976,0.003570940112695098
sample_18,23767,31824,156245.0,8259042.5,0.009067686274647713,0.00980281736701727
sample_18,23767,31825,156250.0,8259042.5,0.029809551313519478,0.004403846804052591
sample_18,23767,31826,156255.0,8259042.5,0.0157844889909029,0.005096625071018934
sample_18,23767,31827,156260.0,8259042.5,0.028362147510051727,0.010269680991768837
sample_18,23767,31828,156265.0,8259042.5,0.007389376405626535,0.00591130368411541
sample_18,23767,31829,156270.0,8259042.5,0.021761707961559296,0.0011348121333867311
sample_18,23767,31830,156275.0,8259042.5,0.03784568980336189,0.003064148360863328
sample_18,23767,31831,156280.0,8259042.5,0.006773187778890133,0.006739807780832052
sample_18,23767,31832,156285.0,8259042.5,0.04210712015628815,0.00536471139639616
sample_18,23767,31833,156290.0,8259042.5,0.015702949836850166,0.015508296899497509
sample_18,23767,31834,156295.0,8259042.5,0.029665876179933548,0.0006002337904646993
sample_18,23767,31835,156300.0,8259042.5,0.02331855334341526,0.0048982794396579266
sample_18,23767,31836,156305.0,8259042.5,0.01859400048851967,0.0018808383028954268
sample_18,23767,31837,156310.0,8259042.5,0.004741777200251818,0.004168894607573748
sample_18,23767,31838,156315.0,8259042.5,0.010686940513551235,0.0039217364974319935
sample_18,23768,31800,156125.0,8259032.5,0.01169060543179512,0.0008798219496384263
sample_18,23768,31801,156130.0,8259032.5,0.0006107654189690948,0.004102449864149094
sample_18,23768,31802,156135.0,8259032.5,0.007849342189729214,0.005060367751866579
sample_18,23768,31803,156140.0,8259032.5,0.030666090548038483,0.0036102798767387867
sample_18,23768,31804,156145.0,8259032.5,0.008860627189278603,0.001909309416078031
sample_18,23768,31805,156150.0,8259032.5,0.012176483869552612,0.0024874871596693993
sample_18,23768,31806,156155.0,8259032.5,0.006605961360037327,0.007069644518196583
sample_18,23768,31807,156160.0,8259032.5,0.014403419569134712,0.006346357986330986
sample_18,23768,31808,156165.0,8259032.5,0.010633282363414764,0.0016499556368216872
sample_18,23768,31809,156170.0,8259032.5,0.022506725043058395,0.0043365610763430595
sample_18,23768,31810,156175.0,8259032.5,0.0044303033500909805,0.005236626137048006
sample_18,23768,31811,156180.0,8259032.5,0.00665194122120738,0.004743104800581932
sample_18,23768,31812,156185.0,8259032.5,0.010035913437604904,0.00941822212189436
sample_18,23768,31813,156190.0,8259032.5,0.007705384865403175,0.001252679037861526
sample_18,23768,31814,156195.0,8259032.5,0.001134152407757938,0.013887484557926655
sample_18,23768,31815,156200.0,8259032.5,0.014443039894104004,0.0020602408330887556
sample_18,23768,31816,156205.0,8259032.5,0.01642582379281521,0.0002773359592538327
sample_18,23768,31817,156210.0,8259032.5,0.02698489837348461,0.001433869358152151
sample_18,23768,31818,156215.0,8259032.5,0.017489640042185783,0.0019361013546586037
sample_18,23768,31819,156220.0,8259032.5,0.018612300977110863,0.007550862617790699
sample_18,23768,31820,156225.0,8259032.5,0.012250188738107681,0.003184972330927849
sample_18,23768,31821,156230.0,8259032.5,0.018388688564300537,0.006856916472315788
sample_18,23768,31822,156235.0,8259032.5,0.006636380683630705,0.00945365522056818
sample_18,23768,31823,156240.0,8259032.5,0.006559483706951141,0.010797448456287384
sample_18,23768,31824,156245.0,8259032.5,0.013478413224220276,0.0029752561822533607
sample_18,23768,31825,156250.0,8259032.5,0.007053877227008343,0.0033421567641198635
sample_18,23768,31826,156255.0,8259032.5,0.0066608404740691185,0.014981763437390327
sample_18,23768,31827,156260.0,8259032.5,0.018504561856389046,0.0034610885195434093
sample_18,23768,31828,156265.0,8259032.5,0.006959066726267338,0.011056200601160526
sample_18,23768,31829,156270.0,8259032.5,0.010436588898301125,0.004029830452054739
sample_18,23768,31830,156275.0,8259032.5,0.018975211307406425,0.004441994708031416
sample_18,23768,31831,156280.0,8259032.5,0.033275116235017776,0.005678053479641676
sample_18,23768,31832,156285.0,8259032.5,0.006077781319618225,0.000868752715177834
sample_18,23768,31833,156290.0,8259032.5,0.01732073724269867,0.00900944322347641
sample_18,23768,31834,156295.0,8259032.5,0.013979089446365833,0.0042917001992464066
sample_18,23768,31835,156300.0,8259032.5,0.017027292400598526,0.008165271021425724
sample_18,23768,31836,156305.0,8259032.5,0.0049755387008190155,0.0028003505431115627
sample_18,23768,31837,156310.0,8259032.5,0.015286613255739212,0.002733697183430195
sample_18,23768,31838,156315.0,8259032.5,0.0015584618085995317,0.0006283556576818228
sample_18,23769,31800,156125.0,8259022.5,0.06569191813468933,0.012352530844509602
sample_18,23769,31801,156130.0,8259022.5,0.02498912811279297,0.008025715127587318
sample_18,23769,31802,156135.0,8259022.5,0.018670421093702316,0.005033451598137617
sample_18,23769,31803,156140.0,8259022.5,0.011454980820417404,0.0016258168034255505
sample_18,23769,31804,156145.0,8259022.5,0.03099236637353897,0.0068758148699998856
sample_18,23769,31805,156150.0,8259022.5,0.01942276954650879,0.0012575923465192318
sample_18,23769,31806,156155.0,8259022.5,0.004499994218349457,0.005529174115508795
sample_18,23769,31807,156160.0,8259022.5,0.008517679758369923,0.001307067577727139
sample_18,23769,31808,156165.0,8259022.5,0.004327618051320314,0.009919017553329468
sample_18,23769,31809,156170.0,8259022.5,0.004708056803792715,0.006497490219771862
sample_18,23769,31810,156175.0,8259022.5,0.005836564116179943,0.003462859196588397
sample_18,23769,31811,156180.0,8259022.5,0.009345216676592827,0.01065378449857235
sample_18,23769,31812,156185.0,8259022.5,0.013662822544574738,0.006070659961551428
sample_18,23769,31813,156190.0,8259022.5,0.016193812713027,0.008012933656573296
sample_18,23769,31814,156195.0,8259022.5,0.006777175236493349,0.004653394687920809
sample_18,23769,31815,156200.0,8259022.5,0.01497501228004694,0.00985228642821312
sample_18,23769,31816,156205.0,8259022.5,0.012426856905221939,0.004256279673427343
sample_18,23769,31817,156210.0,8259022.5,0.0004588564042933285,0.011164821684360504
sample_18,23769,31818,156215.0,8259022.5,0.01779913529753685,0.010581431910395622
sample_18,23769,31819,156220.0,8259022.5,0.0231452789157629,0.0016486452659592032
sample_18,23769,31820,156225.0,8259022.5,0.019138675183057785,0.008449118584394455
sample_18,23769,31821,156230.0,8259022.5,0.008593290112912655,0.015535358339548111
sample_18,23769,31822,156235.0,8259022.5,0.037317052483558655,0.008372034877538681
sample_18,23769,31823,156240.0,8259022.5,0.023427113890647888,0.0055385008454322815
sample_18,23769,31824,156245.0,8259022.5,0.007619854994118214,0.004799338057637215
sample_18,23769,31825,156250.0,8259022.5,0.007717161905020475,0.015248861163854599
sample_18,23769,31826,156255.0,8259022.5,0.03803388401865959,0.027100615203380585
sample_18,23769,31827,156260.0,8259022.5,0.031248789280653,0.00856718048453331
sample_18,23769,31828,156265.0,8259022.5,0.01772547885775566,0.006581854075193405
sample_18,23769,31829,156270.0,8259022.5,0.019563574343919754,0.0027688597328960896
sample_18,23769,31830,156275.0,8259022.5,0.005966616794466972,0.003954265732318163
sample_18,23769,31831,156280.0,8259022.5,0.014165465719997883,0.00047013352741487324
sample_18,23769,31832,156285.0,8259022.5,0.007168614771217108,0.00367672648280859
sample_18,23769,31833,156290.0,8259022.5,0.023067638278007507,0.004604409448802471
sample_18,23769,31834,156295.0,8259022.5,0.06869068741798401,0.013519265688955784
sample_18,23769,31835,156300.0,8259022.5,0.009122628718614578,0.006767534650862217
sample_18,23769,31836,156305.0,8259022.5,0.005385060328990221,0.005582519341260195
sample_18,23769,31837,156310.0,8259022.5,0.006390293128788471,0.006578878033906221
sample_18,23769,31838,156315.0,8259022.5,0.004793784115463495,0.0019296236569061875
sample_18,23770,31800,156125.0,8259012.5,0.01377942319959402,0.003936317749321461
sample_18,23770,31801,156130.0,8259012.5,0.02198653668165207,0.0035766223445534706
sample_18,23770,31802,156135.0,8259012.5,0.025790421292185783,0.004472442902624607
sample_18,23770,31803,156140.0,8259012.5,0.016358692198991776,0.005368137266486883
sample_18,23770,31804,156145.0,8259012.5,0.013609264977276325,0.008032005280256271
sample_18,23770,31805,156150.0,8259012.5,0.011205395683646202,0.0035800484474748373
sample_18,23770,31806,156155.0,8259012.5,0.015533821657299995,0.00279135350137949
sample_18,23770,31807,156160.0,8259012.5,0.04547460004687309,0.0006482785101979971
sample_18,23770,31808,156165.0,8259012.5,0.009172707796096802,0.0010521155782043934
sample_18,23770,31809,156170.0,8259012.5,0.011627323925495148,0.003404165618121624
sample_18,23770,31810,156175.0,8259012.5,0.0040692477487027645,0.005121877416968346
sample_18,23770,31811,156180.0,8259012.5,0.006263188552111387,0.008364907465875149
sample_18,23770,31812,156185.0,8259012.5,0.006529510486871004,0.007425636984407902
sample_18,23770,31813,156190.0,8259012.5,0.013272508978843689,0.004127947613596916
sample_18,23770,31814,156195.0,8259012.5,0.0024049729108810425,0.009431146085262299
sample_18,23770,31815,156200.0,8259012.5,0.011435132473707199,0.008583170361816883
sample_18,23770,31816,156205.0,8259012.5,0.00494514312595129,0.007726357784122229
sample_18,23770,31817,156210.0,8259012.5,0.0015786397270858288,0.0035901654046028852
sample_18,23770,31818,156215.0,8259012.5,0.02092422917485237,0.0015737629728391767
sample_18,23770,31819,156220.0,8259012.5,0.007904178462922573,0.004924256354570389
sample_18,23770,31820,156225.0,8259012.5,0.009452834725379944,0.01119479164481163
sample_18,23770,31821,156230.0,8259012.5,0.008216774091124535,0.008369065821170807
sample_18,23770,31822,156235.0,8259012.5,0.02217964269220829,0.003301565069705248
sample_18,23770,31823,156240.0,8259012.5,0.006115059368312359,0.004081643186509609
sample_18,23770,31824,156245.0,8259012.5,0.02659631334245205,0.009079493582248688
sample_18,23770,31825,156250.0,8259012.5,0.027623623609542847,0.006089861039072275
sample_18,23770,31826,156255.0,8259012.5,0.026656586676836014,0.0020649791695177555
sample_18,23770,31827,156260.0,8259012.5,0.0220571868121624,0.0016667908057570457
sample_18,23770,31828,156265.0,8259012.5,0.03022339567542076,0.0012534052366390824
sample_18,23770,31829,156270.0,8259012.5,0.043436359614133835,0.006551040802150965
sample_18,23770,31830,156275.0,8259012.5,0.012575591914355755,0.004808081313967705
sample_18,23770,31831,156280.0,8259012.5,0.018449977040290833,0.004964417777955532
sample_18,23770,31832,156285.0,8259012.5,0.018850667402148247,0.006244941148906946
sample_18,23770,31833,156290.0,8259012.5,0.007613289635628462,0.0028956723399460316
sample_18,23770,31834,156295.0,8259012.5,0.008422969840466976,0.0005313687142916024
sample_18,23770,31835,156300.0,8259012.5,0.004089482128620148,0.004186580888926983
sample_18,23770,31836,156305.0,8259012.5,0.04542965814471245,0.002686532912775874
sample_18,23770,31837,156310.0,8259012.5,0.03847191482782364,0.0034045367501676083
sample_18,23770,31838,156315.0,8259012.5,0.008960923179984093,0.0007326707127504051
sample_18,23771,31800,156125.0,8259002.5,0.013362240977585316,0.003787881461903453
sample_18,23771,31801,156130.0,8259002.5,0.01767747290432453,0.009092375636100769
sample_18,23771,31802,156135.0,8259002.5,0.0038498707581311464,0.0026844865642488003
sample_18,23771,31803,156140.0,8259002.5,0.026243504136800766,0.008866757154464722
sample_18,23771,31804,156145.0,8259002.5,0.0022006104700267315,0.0023901097010821104
sample_18,23771,31805,156150.0,8259002.5,0.01603648252785206,0.0022367737255990505
sample_18,23771,31806,156155.0,8259002.5,0.015103274956345558,0.0039655230939388275
sample_18,23771,31807,156160.0,8259002.5,0.06428083032369614,0.004461758770048618
sample_18,23771,31808,156165.0,8259002.5,0.02861006185412407,0.0005336267058737576
sample_18,23771,31809,156170.0,8259002.5,0.017993014305830002,0.004844482522457838
sample_18,23771,31810,156175.0,8259002.5,0.008048213087022305,0.008993063122034073
sample_18,23771,31811,156180.0,8259002.5,0.021750112995505333,0.015475962311029434
sample_18,23771,31812,156185.0,8259002.5,0.009994151070713997,0.007557660806924105
sample_18,23771,31813,156190.0,8259002.5,0.012700432911515236,0.002962340135127306
sample_18,23771,31814,156195.0,8259002.5,0.0017907489091157913,0.001195672550238669
sample_18,23771,31815,156200.0,8259002.5,0.0219879113137722,0.0029854364693164825
sample_18,23771,31816,156205.0,8259002.5,0.020927345380187035,0.0033232090063393116
sample_18,23771,31817,156210.0,8259002.5,0.029832862317562103,0.0029516774229705334
sample_18,23771,31818,156215.0,8259002.5,0.06085532531142235,0.00568684097379446
sample_18,23771,31819,156220.0,8259002.5,0.0010420416947454214,0.005946094635874033
sample_18,23771,31820,156225.0,8259002.5,0.0019759226124733686,0.0056760236620903015
sample_18,23771,31821,156230.0,8259002.5,0.0015876059187576175,0.0023983868304640055
sample_18,23771,31822,156235.0,8259002.5,0.016026606783270836,0.006881417706608772
sample_18,23771,31823,156240.0,8259002.5,0.02726060524582863,0.004486139863729477
sample_18,23771,31824,156245.0,8259002.5,0.004682786297053099,0.003669853089377284
sample_18,23771,31825,156250.0,8259002.5,0.007312451489269733,0.0022227440495043993
sample_18,23771,31826,156255.0,8259002.5,0.009013762697577477,0.0034699933603405952
sample_18,23771,31827,156260.0,8259002.5,0.01567970961332321,0.002792766084894538
sample_18,23771,31828,156265.0,8259002.5,0.007347577717155218,0.005682544782757759
sample_18,23771,31829,156270.0,8259002.5,0.030968820676207542,0.008029990829527378
sample_18,23771,31830,156275.0,8259002.5,0.016733141615986824,0.003099786350503564
sample_18,23771,31831,156280.0,8259002.5,0.027168158441781998,0.007867584004998207
sample_18,23771,31832,156285.0,8259002.5,0.0028123403899371624,0.004477620590478182
sample_18,23771,31833,156290.0,8259002.5,0.00516437878832221,0.007638117298483849
sample_18,23771,31834,156295.0,8259002.5,0.004931678995490074,0.005923873744904995
sample_18,23771,31835,156300.0,8259002.5,0.004327050875872374,0.003058159723877907
sample_18,23771,31836,156305.0,8259002.5,0.01284481305629015,0.004878789186477661
sample_18,23771,31837,156310.0,8259002.5,0.023975199088454247,0.009511448442935944
sample_18,23771,31838,156315.0,8259002.5,0.007445508148521185,0.0006008229684084654
sample_18,23772,31800,156125.0,8258992.5,0.0020623025484383106,0.009978343732655048
sample_18,23772,31801,156130.0,8258992.5,0.024837806820869446,0.009620166383683681
sample_18,23772,31802,156135.0,8258992.5,0.02439669519662857,0.004954341799020767
sample_18,23772,31803,156140.0,8258992.5,0.011826109141111374,0.0014949836768209934
sample_18,23772,31804,156145.0,8258992.5,0.014148242771625519,0.0023059332743287086
sample_18,23772,31805,156150.0,8258992.5,0.010926680639386177,0.003896774258464575
sample_18,23772,31806,156155.0,8258992.5,0.014923138543963432,0.013474096544086933
sample_18,23772,31807,156160.0,8258992.5,0.013733254745602608,0.0014865868724882603
sample_18,23772,31808,156165.0,8258992.5,0.013526774942874908,0.005721792578697205
sample_18,23772,31809,156170.0,8258992.5,0.0033905478194355965,0.0009615441085770726
sample_18,23772,31810,156175.0,8258992.5,0.01875317469239235,0.0024671796709299088
sample_18,23772,31811,156180.0,8258992.5,0.04107298329472542,0.0016395357670262456
sample_18,23772,31812,156185.0,8258992.5,0.028953848406672478,0.004049134906381369
sample_18,23772,31813,156190.0,8258992.5,0.025659356266260147,0.0035346890799701214
sample_18,23772,31814,156195.0,8258992.5,0.015421641990542412,0.002219276735559106
sample_18,23772,31815,156200.0,8258992.5,0.015709470957517624,0.0016512097790837288
sample_18,23772,31816,156205.0,8258992.5,0.008074067533016205,0.0012533586705103517
sample_18,23772,31817,156210.0,8258992.5,0.009640475735068321,0.0012290573213249445
sample_18,23772,31818,156215.0,8258992.5,0.0026220811996608973,0.0008601581212133169
sample_18,23772,31819,156220.0,8258992.5,0.00957697443664074,0.006504826247692108
sample_18,23772,31820,156225.0,8258992.5,0.016598906368017197,0.005758185405284166
sample_18,23772,31821,156230.0,8258992.5,0.021918384358286858,0.0015217317268252373
sample_18,23772,31822,156235.0,8258992.5,0.0030253278091549873,0.0012603183276951313
sample_18,23772,31823,156240.0,8258992.5,0.01306095626205206,0.007863452658057213
sample_18,23772,31824,156245.0,8258992.5,0.007294703274965286,0.009135685861110687
sample_18,23772,31825,156250.0,8258992.5,0.01646837219595909,0.0035914876498281956
sample_18,23772,31826,156255.0,8258992.5,0.014584966003894806,0.006890741176903248
sample_18,23772,31827,156260.0,8258992.5,0.008626235648989677,0.004091977141797543
sample_18,23772,31828,156265.0,8258992.5,0.0041606188751757145,0.0041983178816735744
sample_18,23772,31829,156270.0,8258992.5,0.00207922444678843,0.00039309466956183314
sample_18,23772,31830,156275.0,8258992.5,0.0036285188980400562,0.006369688548147678
sample_18,23772,31831,156280.0,8258992.5,0.030439745634794235,0.008363855071365833
sample_18,23772,31832,156285.0,8258992.5,0.015855111181735992,0.009126023389399052
sample_18,23772,31833,156290.0,8258992.5,0.030161039903759956,0.002217666944488883
sample_18,23772,31834,156295.0,8258992.5,0.01039114873856306,0.009174191392958164
sample_18,23772,31835,156300.0,8258992.5,0.0033921266440302134,0.006493615917861462
sample_18,23772,31836,156305.0,8258992.5,0.010559662245213985,0.0018844280857592821
sample_18,23772,31837,156310.0,8258992.5,0.009580086916685104,0.0015995625872164965
sample_18,23772,31838,156315.0,8258992.5,0.00906105525791645,0.0015609289985150099
sample_18,23773,31800,156125.0,8258982.5,0.022893594577908516,0.005807521753013134
sample_18,23773,31801,156130.0,8258982.5,0.007365348748862743,0.005032132379710674
sample_18,23773,31802,156135.0,8258982.5,0.01206428837031126,0.002995694987475872
sample_18,23773,31803,156140.0,8258982.5,0.027967948466539383,0.004851053468883038
sample_18,23773,31804,156145.0,8258982.5,0.010276184417307377,0.006229044403880835
sample_18,23773,31805,156150.0,8258982.5,0.027134377509355545,0.010619677603244781
sample_18,23773,31806,156155.0,8258982.5,0.022482965141534805,0.001799456775188446
sample_18,23773,31807,156160.0,8258982.5,0.008215954527258873,0.0030408683232963085
sample_18,23773,31808,156165.0,8258982.5,0.004672342911362648,0.004812076687812805
sample_18,23773,31809,156170.0,8258982.5,0.016949642449617386,0.004863266367465258
sample_18,23773,31810,156175.0,8258982.5,0.015073097310960293,0.0028615067712962627
sample_18,23773,31811,156180.0,8258982.5,0.015708167105913162,0.002952772891148925
sample_18,23773,31812,156185.0,8258982.5,0.009998559951782227,0.007143693044781685
sample_18,23773,31813,156190.0,8258982.5,0.009508684277534485,0.0037058754824101925
sample_18,23773,31814,156195.0,8258982.5,0.03432105481624603,0.014094491489231586
sample_18,23773,31815,156200.0,8258982.5,0.028559476137161255,0.006785830482840538
sample_18,23773,31816,156205.0,8258982.5,0.018883684650063515,0.001005467027425766
sample_18,23773,31817,156210.0,8258982.5,0.0006451182998716831,0.006004851311445236
sample_18,23773,31818,156215.0,8258982.5,0.024611836299300194,0.005249088630080223
sample_18,23773,31819,156220.0,8258982.5,0.01170443743467331,0.004898418672382832
sample_18,23773,31820,156225.0,8258982.5,0.019684666767716408,0.0012210099957883358
sample_18,23773,31821,156230.0,8258982.5,0.004356855526566505,0.00799333956092596
sample_18,23773,31822,156235.0,8258982.5,0.0031575884204357862,0.002479909686371684
sample_18,23773,31823,156240.0,8258982.5,0.008611127734184265,0.002641360741108656
sample_18,23773,31824,156245.0,8258982.5,0.03503438085317612,0.007689512334764004
sample_18,23773,31825,156250.0,8258982.5,0.024916648864746094,0.0007446540403179824
sample_18,23773,31826,156255.0,8258982.5,0.01837843284010887,0.0009080270538106561
sample_18,23773,31827,156260.0,8258982.5,0.04211214929819107,0.0008659427985548973
sample_18,23773,31828,156265.0,8258982.5,0.041568201035261154,0.0058387755416333675
sample_18,23773,31829,156270.0,8258982.5,0.00660889595746994,0.006149448920041323
sample_18,23773,31830,156275.0,8258982.5,0.013693766668438911,0.003428265918046236
sample_18,23773,31831,156280.0,8258982.5,0.017573118209838867,0.0008120969287119806
sample_18,23773,31832,156285.0,8258982.5,0.016148414462804794,0.005894136615097523
sample_18,23773,31833,156290.0,8258982.5,0.03933900594711304,0.003546671476215124
sample_18,23773,31834,156295.0,8258982.5,0.03277385234832764,0.0036831514444202185
sample_18,23773,31835,156300.0,8258982.5,0.010717523284256458,0.0025673233903944492
sample_18,23773,31836,156305.0,8258982.5,0.010839493945240974,0.005181591026484966
sample_18,23773,31837,156310.0,8258982.5,0.02319689467549324,0.0017116942908614874
sample_18,23773,31838,156315.0,8258982.5,0.020544158294796944,0.002792979124933481
sample_18,23774,31801,156130.0,8258972.5,0.010823769494891167,0.004584666341543198
sample_18,23774,31802,156135.0,8258972.5,0.012003408744931221,0.004743968602269888
sample_18,23774,31803,156140.0,8258972.5,0.017662055790424347,0.007958920672535896
sample_18,23774,31804,156145.0,8258972.5,0.010440350510179996,0.0020389764104038477
sample_18,23774,31805,156150.0,8258972.5,0.023898599669337273,0.0022272372152656317
sample_18,23774,31806,156155.0,8258972.5,0.03011208027601242,0.00037682909169234335
sample_18,23774,31807,156160.0,8258972.5,0.00615963339805603,0.003383378032594919
sample_18,23774,31808,156165.0,8258972.5,0.015603446401655674,0.0030192723497748375
sample_18,23774,31809,156170.0,8258972.5,0.007969739846885204,0.0034137864131480455
sample_18,23774,31810,156175.0,8258972.5,0.0030081740114837885,0.0055848597548902035
sample_18,23774,31811,156180.0,8258972.5,0.024518653750419617,0.008049248717725277
sample_18,23774,31812,156185.0,8258972.5,0.014405524358153343,0.004915682598948479
sample_18,23774,31813,156190.0,8258972.5,0.0030855827499181032,0.0029487800784409046
sample_18,23774,31814,156195.0,8258972.5,0.025818560272455215,0.00563907390460372
sample_18,23774,31815,156200.0,8258972.5,0.023291198536753654,0.0012468454660847783
sample_18,23774,31816,156205.0,8258972.5,0.0066421981900930405,0.0007371639949269593
sample_18,23774,31817,156210.0,8258972.5,0.01101815514266491,0.00553465448319912
sample_18,23774,31818,156215.0,8258972.5,0.018806224688887596,0.0024393724743276834
sample_18,23774,31819,156220.0,8258972.5,0.00019947353575844318,0.0009134488645941019
sample_18,23774,31820,156225.0,8258972.5,0.004332622513175011,0.009390800260007381
sample_18,23774,31821,156230.0,8258972.5,0.04021470248699188,0.014951428398489952
sample_18,23774,31822,156235.0,8258972.5,0.05096171796321869,0.0026458119973540306
sample_18,23774,31823,156240.0,8258972.5,0.01909058913588524,0.002385009080171585
sample_18,23774,31824,156245.0,8258972.5,0.01573290303349495,0.005234119016677141
sample_18,23774,31825,156250.0,8258972.5,0.004179120995104313,0.009419815614819527
sample_18,23774,31826,156255.0,8258972.5,0.005791542120277882,0.009250949136912823
sample_18,23774,31827,156260.0,8258972.5,0.035400643944740295,0.006507818587124348
sample_18,23774,31828,156265.0,8258972.5,0.00750736566260457,0.0019663553684949875
sample_18,23774,31829,156270.0,8258972.5,0.0141803789883852,0.0009538011508993804
sample_18,23774,31830,156275.0,8258972.5,0.0038070823065936565,0.003167000599205494
sample_18,23774,31831,156280.0,8258972.5,0.0391802154481411,0.0012180247576907277
sample_18,23774,31832,156285.0,8258972.5,0.026572901755571365,0.00255779130384326
sample_18,23774,31833,156290.0,8258972.5,0.019495230168104172,0.0024169902317225933
sample_18,23774,31834,156295.0,8258972.5,0.01393248699605465,0.0016133664175868034
sample_18,23774,31835,156300.0,8258972.5,0.039755672216415405,0.0026460217777639627
sample_18,23774,31836,156305.0,8258972.5,0.012318877503275871,0.0008860865491442382
sample_18,23774,31837,156310.0,8258972.5,0.0049456264823675156,0.0029199260752648115
sample_18,23774,31838,156315.0,8258972.5,0.006959473714232445,0.005389895755797625
sample_18,23775,31801,156130.0,8258962.5,0.0030473098158836365,0.002778037451207638
sample_18,23775,31802,156135.0,8258962.5,0.010034799575805664,0.0024237707257270813
sample_18,23775,31803,156140.0,8258962.5,0.005795910954475403,0.0007895251037552953
sample_18,23775,31804,156145.0,8258962.5,0.014910944737493992,0.0012353176716715097
sample_18,23775,31805,156150.0,8258962.5,0.0017642902676016092,0.003313446417450905
sample_18,23775,31806,156155.0,8258962.5,0.014635789208114147,0.009424976073205471
sample_18,23775,31807,156160.0,8258962.5,0.013349102810025215,0.003834350034594536
sample_18,23775,31808,156165.0,8258962.5,0.009314248338341713,0.0053147790022194386
sample_18,23775,31809,156170.0,8258962.5,0.005446705035865307,0.008347094990313053
sample_18,23775,31810,156175.0,8258962.5,0.008827689103782177,0.006255406886339188
sample_18,23775,31811,156180.0,8258962.5,0.007280191872268915,0.006140792276710272
sample_18,23775,31812,156185.0,8258962.5,0.014348771423101425,0.0073037538677453995
sample_18,23775,31813,156190.0,8258962.5,0.008724527433514595,0.003042610129341483
sample_18,23775,31814,156195.0,8258962.5,0.014858165755867958,0.009960456751286983
sample_18,23775,31815,156200.0,8258962.5,0.003456528764218092,0.004571074619889259
sample_18,23775,31816,156205.0,8258962.5,0.0148875517770648,0.0017407711129635572
sample_18,23775,31817,156210.0,8258962.5,0.012663071043789387,0.0022217456717044115
sample_18,23775,31818,156215.0,8258962.5,0.014212101697921753,0.0034722231794148684
sample_18,23775,31819,156220.0,8258962.5,0.008909042924642563,0.0016981178196147084
sample_18,23775,31820,156225.0,8258962.5,0.021113740280270576,0.009325185790657997
sample_18,23775,31821,156230.0,8258962.5,0.006164932157844305,0.011976310983300209
sample_18,23775,31822,156235.0,8258962.5,0.01311344001442194,0.0057084402069449425
sample_18,23775,31823,156240.0,8258962.5,0.013391440734267235,0.0015326302964240313
sample_18,23775,31824,156245.0,8258962.5,0.014573968015611172,0.004203543998301029
sample_18,23775,31825,156250.0,8258962.5,0.030288495123386383,0.0030658962205052376
sample_18,23775,31826,156255.0,8258962.5,0.011403176933526993,0.002665943931788206
sample_18,23775,31827,156260.0,8258962.5,0.010541739873588085,0.005392423830926418
sample_18,23775,31828,156265.0,8258962.5,0.010305719450116158,0.001819489523768425
sample_18,23775,31829,156270.0,8258962.5,0.022089757025241852,0.004773852415382862
sample_18,23775,31830,156275.0,8258962.5,0.0020320622716099024,0.0031321323476731777
sample_18,23775,31831,156280.0,8258962.5,0.007546677254140377,0.002900555031374097
sample_18,23775,31832,156285.0,8258962.5,0.014011835679411888,0.009628333151340485
sample_18,23775,31833,156290.0,8258962.5,0.01986803114414215,0.003677748842164874
sample_18,23775,31834,156295.0,8258962.5,0.02157743275165558,0.007939995266497135
sample_18,23775,31835,156300.0,8258962.5,0.014891666360199451,0.012700970284640789
sample_18,23775,31836,156305.0,8258962.5,0.014914956875145435,0.004178285598754883
sample_18,23775,31837,156310.0,8258962.5,0.004887898452579975,0.0036875391378998756
sample_18,23775,31838,156315.0,8258962.5,0.004877605941146612,0.0030827242881059647
sample_18,23776,31801,156130.0,8258952.5,0.006137598305940628,0.0010522323427721858
sample_18,23776,31802,156135.0,8258952.5,0.026445327326655388,0.0029066717252135277
sample_18,23776,31803,156140.0,8258952.5,0.016847733408212662,0.007654350716620684
sample_18,23776,31804,156145.0,8258952.5,0.008044195361435413,0.006258907727897167
sample_18,23776,31805,156150.0,8258952.5,0.013112233951687813,0.004060514271259308
sample_18,23776,31806,156155.0,8258952.5,0.0021195237059146166,0.006252215709537268
sample_18,23776,31807,156160.0,8258952.5,0.01793435588479042,0.003997810650616884
sample_18,23776,31808,156165.0,8258952.5,0.0374409444630146,0.007311663590371609
sample_18,23776,31809,156170.0,8258952.5,0.013872610405087471,0.0028719131369143724
sample_18,23776,31810,156175.0,8258952.5,0.005629701539874077,0.0038163289427757263
sample_18,23776,31811,156180.0,8258952.5,0.022430120036005974,0.0028675231151282787
sample_18,23776,31812,156185.0,8258952.5,0.004598601721227169,0.005440445151180029
sample_18,23776,31813,156190.0,8258952.5,0.007413283921778202,0.0028802137821912766
sample_18,23776,31814,156195.0,8258952.5,0.013225508853793144,0.011013589799404144
sample_18,23776,31815,156200.0,8258952.5,0.018564214929938316,0.003607031423598528
sample_18,23776,31816,156205.0,8258952.5,0.022039074450731277,0.0034066918306052685
sample_18,23776,31817,156210.0,8258952.5,0.06111329793930054,0.0007266401080414653
sample_18,23776,31818,156215.0,8258952.5,0.005678157322108746,0.005410162732005119
sample_18,23776,31819,156220.0,8258952.5,0.02399405650794506,0.002018306404352188
sample_18,23776,31820,156225.0,8258952.5,0.029583768919110298,0.004843616858124733
sample_18,23776,31821,156230.0,8258952.5,0.06419278681278229,0.0032055084593594074
sample_18,23776,31822,156235.0,8258952.5,0.027371004223823547,0.010017197579145432
sample_18,23776,31823,156240.0,8258952.5,0.0043724412098526955,0.001982220448553562
sample_18,23776,31824,156245.0,8258952.5,0.003123518778011203,0.008989451453089714
sample_18,23776,31825,156250.0,8258952.5,0.0035137466620653868,0.00660497834905982
sample_18,23776,31826,156255.0,8258952.5,0.004227468743920326,0.007030055858194828
sample_18,23776,31827,156260.0,8258952.5,0.017724651843309402,0.002736801980063319
sample_18,23776,31828,156265.0,8258952.5,0.017740875482559204,0.0018910524668172002
sample_18,23776,31829,156270.0,8258952.5,0.013292400166392326,0.002867703791707754
sample_18,23776,31830,156275.0,8258952.5,0.01884731464087963,0.006199747323989868
sample_18,23776,31831,156280.0,8258952.5,0.01290595717728138,0.006783725693821907
sample_18,23776,31832,156285.0,8258952.5,0.005203235428780317,0.0030033860821276903
sample_18,23776,31833,156290.0,8258952.5,0.005206072703003883,0.0035820393823087215
sample_18,23776,31834,156295.0,8258952.5,0.003564504673704505,0.021541474387049675
sample_18,23776,31835,156300.0,8258952.5,0.027348103001713753,0.006064491346478462
sample_18,23776,31836,156305.0,8258952.5,0.04192467778921127,0.004152921959757805
sample_18,23776,31837,156310.0,8258952.5,0.0005243634805083275,0.006150256376713514
sample_18,23776,31838,156315.0,8258952.5,0.020415563136339188,0.0061815641820430756
sample_18,23777,31801,156130.0,8258942.5,0.02846066653728485,0.00617340300232172
sample_18,23777,31802,156135.0,8258942.5,0.006177213508635759,0.0014703392516821623
sample_18,23777,31803,156140.0,8258942.5,0.016491711139678955,0.008146337233483791
sample_18,23777,31804,156145.0,8258942.5,0.02444165199995041,0.018895436078310013
sample_18,23777,31805,156150.0,8258942.5,0.027176860719919205,0.002176912035793066
sample_18,23777,31806,156155.0,8258942.5,0.005148007534444332,0.0057282946072518826
sample_18,23777,31807,156160.0,8258942.5,0.028090178966522217,0.002585086040198803
sample_18,23777,31808,156165.0,8258942.5,0.06489314883947372,0.002598490798845887
sample_18,23777,31809,156170.0,8258942.5,0.02401093952357769,0.003946501761674881
sample_18,23777,31810,156175.0,8258942.5,0.024386007338762283,0.0038435738533735275
sample_18,23777,31811,156180.0,8258942.5,0.005461919121444225,0.0017429469153285027
sample_18,23777,31812,156185.0,8258942.5,0.006595983169972897,0.004305144771933556
sample_18,23777,31813,156190.0,8258942.5,0.015800422057509422,0.009484623558819294
sample_18,23777,31814,156195.0,8258942.5,0.025181381031870842,0.006320551969110966
sample_18,23777,31815,156200.0,8258942.5,0.015150466002523899,0.0018486510962247849
sample_18,23777,31816,156205.0,8258942.5,0.0013803343754261732,0.0021660716738551855
sample_18,23777,31817,156210.0,8258942.5,0.02646736428141594,0.0017312564887106419
sample_18,23777,31818,156215.0,8258942.5,0.008906085975468159,0.007329967804253101
sample_18,23777,31819,156220.0,8258942.5,0.014525042846798897,0.005580778233706951
sample_18,23777,31820,156225.0,8258942.5,0.02204732783138752,0.0063899848610162735
sample_18,23777,31821,156230.0,8258942.5,0.013965385966002941,0.0037365430034697056
sample_18,23777,31822,156235.0,8258942.5,0.033060792833566666,0.0019474528962746263
sample_18,23777,31823,156240.0,8258942.5,0.05290895700454712,0.002185647841542959
sample_18,23777,31824,156245.0,8258942.5,0.017912141978740692,0.012330077588558197
sample_18,23777,31825,156250.0,8258942.5,0.007985008880496025,0.011758990585803986
sample_18,23777,31826,156255.0,8258942.5,0.017584383487701416,0.004126628395169973
sample_18,23777,31827,156260.0,8258942.5,0.008134718053042889,0.0008918438688851893
sample_18,23777,31828,156265.0,8258942.5,0.002620041836053133,0.0031647123396396637
sample_18,23777,31829,156270.0,8258942.5,0.004528142977505922,0.007315600290894508
sample_18,23777,31830,156275.0,8258942.5,0.025743739679455757,0.0028789315838366747
sample_18,23777,31831,156280.0,8258942.5,0.019750773906707764,0.0017676736460998654
sample_18,23777,31832,156285.0,8258942.5,0.012176468968391418,0.0036866439040750265
sample_18,23777,31833,156290.0,8258942.5,0.025278259068727493,0.006015836261212826
sample_18,23777,31834,156295.0,8258942.5,0.031072210520505905,0.002986868377774954
sample_18,23777,31835,156300.0,8258942.5,0.005304536782205105,0.01027727872133255
sample_18,23777,31836,156305.0,8258942.5,0.03835979849100113,0.004143937490880489
sample_18,23777,31837,156310.0,8258942.5,0.03270290791988373,0.0014519930118694901
sample_18,23777,31838,156315.0,8258942.5,0.027192385867238045,0.002733460161834955
sample_18,23778,31801,156130.0,8258932.5,0.027147509157657623,0.0018901933217421174
sample_18,23778,31802,156135.0,8258932.5,0.015371738001704216,0.017729151993989944
sample_18,23778,31803,156140.0,8258932.5,0.014230277389287949,0.005046825855970383
sample_18,23778,31804,156145.0,8258932.5,0.014104252681136131,0.005489237606525421
sample_18,23778,31805,156150.0,8258932.5,0.010710060596466064,0.002402680926024914
sample_18,23778,31806,156155.0,8258932.5,0.01595708355307579,0.0017456121277064085
sample_18,23778,31807,156160.0,8258932.5,0.007865271531045437,0.0029514823108911514
sample_18,23778,31808,156165.0,8258932.5,0.025005578994750977,0.002334028948098421
sample_18,23778,31809,156170.0,8258932.5,0.005989220924675465,0.0042510973289608955
sample_18,23778,31810,156175.0,8258932.5,0.009488610550761223,0.003457729471847415
sample_18,23778,31811,156180.0,8258932.5,0.005020439624786377,0.0016702015418559313
sample_18,23778,31812,156185.0,8258932.5,0.014728907495737076,0.002977399853989482
sample_18,23778,31813,156190.0,8258932.5,0.009720155037939548,0.012039066292345524
sample_18,23778,31814,156195.0,8258932.5,0.045764267444610596,0.01401110552251339
sample_18,23778,31815,156200.0,8258932.5,0.0041352794505655766,0.0018159763421863317
sample_18,23778,31816,156205.0,8258932.5,0.01947404444217682,0.014712030068039894
sample_18,23778,31817,156210.0,8258932.5,0.014644411392509937,0.013402579352259636
sample_18,23778,31818,156215.0,8258932.5,0.01544884406030178,0.009775142185389996
sample_18,23778,31819,156220.0,8258932.5,0.00432491535320878,0.007449448108673096
sample_18,23778,31820,156225.0,8258932.5,0.0024623735807836056,0.0026667877100408077
sample_18,23778,31821,156230.0,8258932.5,0.04142209514975548,0.002630318980664015
sample_18,23778,31822,156235.0,8258932.5,0.008416342549026012,0.007088935934007168
sample_18,23778,31823,156240.0,8258932.5,0.0041679139249026775,0.010897539556026459
sample_18,23778,31824,156245.0,8258932.5,0.010646520182490349,0.0021634234581142664
sample_18,23778,31825,156250.0,8258932.5,0.02464696392416954,0.002465822733938694
sample_18,23778,31826,156255.0,8258932.5,0.020538751035928726,0.002486653160303831
sample_18,23778,31827,156260.0,8258932.5,0.017797984182834625,0.018451279029250145
sample_18,23778,31828,156265.0,8258932.5,0.038214586675167084,0.002762113232165575
sample_18,23778,31829,156270.0,8258932.5,0.02485601417720318,0.0067031970247626305
sample_18,23778,31830,156275.0,8258932.5,0.03658472001552582,0.002366265282034874
sample_18,23778,31831,156280.0,8258932.5,0.029507068917155266,0.007945260033011436
sample_18,23778,31832,156285.0,8258932.5,0.003352236468344927,0.004171844571828842
sample_18,23778,31833,156290.0,8258932.5,0.028885433450341225,0.005563599523156881
sample_18,23778,31834,156295.0,8258932.5,0.03781294822692871,0.006858577951788902
sample_18,23778,31835,156300.0,8258932.5,0.009643998928368092,0.001299734110943973
sample_18,23778,31836,156305.0,8258932.5,0.025443358346819878,0.005428634118288755
sample_18,23778,31837,156310.0,8258932.5,0.0008791252039372921,0.012955674901604652
sample_18,23778,31838,156315.0,8258932.5,0.0092374999076128,0.005776675883680582
sample_18,23779,31801,156130.0,8258922.5,0.06337027996778488,0.004338483326137066
sample_18,23779,31802,156135.0,8258922.5,0.008268136531114578,0.00846096407622099
sample_18,23779,31803,156140.0,8258922.5,0.010159301571547985,0.001796678639948368
sample_18,23779,31804,156145.0,8258922.5,0.00958317518234253,0.0038916298653930426
sample_18,23779,31805,156150.0,8258922.5,0.0028067261446267366,0.005303441546857357
sample_18,23779,31806,156155.0,8258922.5,0.006947243586182594,0.0030593862757086754
sample_18,23779,31807,156160.0,8258922.5,0.00591678824275732,0.006528555415570736
sample_18,23779,31808,156165.0,8258922.5,0.015227342024445534,0.004971073474735022
sample_18,23779,31809,156170.0,8258922.5,0.011950407177209854,0.005099221132695675
sample_18,23779,31810,156175.0,8258922.5,0.0024490978103131056,0.0011472352780401707
sample_18,23779,31811,156180.0,8258922.5,0.01326555386185646,0.0028903870843350887
sample_18,23779,31812,156185.0,8258922.5,0.004459423013031483,0.004421787336468697
sample_19,11367,14350,68875.0,8383042.5,0.001547902706079185,0.0030068201012909412
sample_19,11367,14351,68880.0,8383042.5,0.014648150652647018,0.007445176597684622
sample_19,11367,14352,68885.0,8383042.5,0.024955812841653824,0.0015170432161539793
sample_19,11367,14353,68890.0,8383042.5,0.0069592297077178955,0.003628726350143552
sample_19,11367,14354,68895.0,8383042.5,0.01686401478946209,0.006265093572437763
sample_19,11367,14355,68900.0,8383042.5,0.008484236896038055,0.004544353112578392
sample_19,11367,14356,68905.0,8383042.5,0.003654120024293661,0.00906153954565525
sample_19,11367,14357,68910.0,8383042.5,0.008293566294014454,0.003043235745280981
sample_19,11367,14358,68915.0,8383042.5,0.006581374444067478,0.006159880198538303
sample_19,11367,14359,68920.0,8383042.5,0.020146142691373825,0.009769381955265999
sample_19,11367,14360,68925.0,8383042.5,0.026967888697981834,0.004165445454418659
sample_19,11367,14361,68930.0,8383042.5,0.014301076531410217,0.0007209065370261669
sample_19,11367,14362,68935.0,8383042.5,0.019710903987288475,0.0029017759952694178
sample_19,11367,14363,68940.0,8383042.5,0.021303487941622734,0.012614955194294453
sample_19,11367,14364,68945.0,8383042.5,0.019157925620675087,0.006153690163046122
sample_19,11367,14365,68950.0,8383042.5,0.015249880962073803,0.007298946846276522
sample_19,11367,14366,68955.0,8383042.5,0.007531416602432728,0.005009092390537262
sample_19,11367,14367,68960.0,8383042.5,0.01216944120824337,0.009523605927824974
sample_19,11367,14368,68965.0,8383042.5,0.010595390573143959,0.005572829861193895
sample_19,11367,14369,68970.0,8383042.5,0.00812477059662342,0.009896306321024895
sample_19,11367,14370,68975.0,8383042.5,0.019293703138828278,0.005930669605731964
sample_19,11367,14371,68980.0,8383042.5,0.002038824139162898,0.004337985999882221
sample_19,11367,14372,68985.0,8383042.5,0.023584358394145966,0.004009723663330078
sample_19,11367,14373,68990.0,8383042.5,0.009669860824942589,0.0024108951911330223
sample_19,11367,14374,68995.0,8383042.5,0.008248300291597843,0.0027879206463694572
sample_19,11367,14375,69000.0,8383042.5,0.009006699547171593,0.004495950881391764
sample_19,11367,14376,69005.0,8383042.5,0.010268371552228928,0.008968112990260124
sample_19,11367,14377,69010.0,8383042.5,0.005034411326050758,0.00869084894657135
sample_19,11367,14378,69015.0,8383042.5,0.008578382432460785,0.0018952954560518265
sample_19,11367,14379,69020.0,8383042.5,0.016536228358745575,0.005203391425311565
sample_19,11367,14380,69025.0,8383042.5,0.008465752005577087,0.008071578107774258
sample_19,11367,14381,69030.0,8383042.5,0.005236405413597822,0.001745777321048081
sample_19,11367,14382,69035.0,8383042.5,0.0019670934416353703,0.007125516422092915
sample_19,11367,14383,69040.0,8383042.5,0.008118946105241776,2.1572608602582477e-05
sample_19,11367,14384,69045.0,8383042.5,0.007024176884442568,0.010464463382959366
sample_19,11367,14385,69050.0,8383042.5,0.018181025981903076,0.004092426039278507
sample_19,11367,14386,69055.0,8383042.5,0.005295176990330219,0.005065950099378824
sample_19,11367,14387,69060.0,8383042.5,0.006028173491358757,0.005611870437860489
sample_19,11367,14388,69065.0,8383042.5,0.023021068423986435,0.014070188626646996
sample_19,11368,14350,68875.0,8383032.5,0.01153747458010912,0.014100058935582638
sample_19,11368,14351,68880.0,8383032.5,0.0021401469130069017,0.012109717354178429
sample_19,11368,14352,68885.0,8383032.5,0.026366539299488068,0.019878091290593147
sample_19,11368,14353,68890.0,8383032.5,0.011068027466535568,0.0034831289667636156
sample_19,11368,14354,68895.0,8383032.5,0.0016205887077376246,0.0027181915938854218
sample_19,11368,14355,68900.0,8383032.5,0.007413018494844437,0.006225951947271824
sample_19,11368,14356,68905.0,8383032.5,0.006524841301143169,0.005028216168284416
sample_19,11368,14357,68910.0,8383032.5,0.006937479600310326,0.0018037958070635796
sample_19,11368,14358,68915.0,8383032.5,0.006492851302027702,0.003874602960422635
sample_19,11368,14359,68920.0,8383032.5,0.002589126117527485,0.003055458888411522
sample_19,11368,14360,68925.0,8383032.5,0.015597454272210598,0.0008520671399310231
sample_19,11368,14361,68930.0,8383032.5,0.007337785791605711,0.001457861508242786
sample_19,11368,14362,68935.0,8383032.5,0.005483217071741819,0.010953267104923725
sample_19,11368,14363,68940.0,8383032.5,0.012508614920079708,0.003774716053158045
sample_19,11368,14364,68945.0,8383032.5,0.013180900365114212,0.0020222433377057314
sample_19,11368,14365,68950.0,8383032.5,0.01998850330710411,0.0037788196932524443
sample_19,11368,14366,68955.0,8383032.5,0.009774981066584587,0.003598126582801342
sample_19,11368,14367,68960.0,8383032.5,0.0023213576059788465,0.010718966834247112
sample_19,11368,14368,68965.0,8383032.5,0.008374564349651337,0.00862367544323206
sample_19,11368,14369,68970.0,8383032.5,0.0043964264914393425,0.008485407568514347
sample_19,11368,14370,68975.0,8383032.5,0.0057980576530098915,0.009160852059721947
sample_19,11368,14371,68980.0,8383032.5,0.0034865685738623142,0.007001614663749933
sample_19,11368,14372,68985.0,8383032.5,0.027519531548023224,0.006688058841973543
sample_19,11368,14373,68990.0,8383032.5,0.009059681557118893,0.003594124224036932
sample_19,11368,14374,68995.0,8383032.5,0.015480727888643742,0.0038382732309401035
sample_19,11368,14375,69000.0,8383032.5,0.01713932678103447,0.002085077576339245
sample_19,11368,14376,69005.0,8383032.5,0.0053781610913574696,0.004879834596067667
sample_19,11368,14377,69010.0,8383032.5,0.00854502897709608,0.0069862413220107555
sample_19,11368,14378,69015.0,8383032.5,0.011973852291703224,0.0005168867646716535
sample_19,11368,14379,69020.0,8383032.5,0.0041592479683458805,0.007909292355179787
sample_19,11368,14380,69025.0,8383032.5,0.0051993816159665585,0.0017021764069795609
sample_19,11368,14381,69030.0,8383032.5,0.0027030357159674168,0.003311297856271267
sample_19,11368,14382,69035.0,8383032.5,0.0009635186288505793,0.004905266221612692
sample_19,11368,14383,69040.0,8383032.5,0.01538928970694542,0.00440268125385046
sample_19,11368,14384,69045.0,8383032.5,0.010114406235516071,0.005115206353366375
sample_19,11368,14385,69050.0,8383032.5,0.005638281349092722,0.0014174497919157147
sample_19,11368,14386,69055.0,8383032.5,0.007945980876684189,0.005495482590049505
sample_19,11368,14387,69060.0,8383032.5,0.004376910161226988,0.0105570238083601
sample_19,11368,14388,69065.0,8383032.5,0.004240837879478931,0.0038384601939469576
sample_19,11369,14350,68875.0,8383022.5,0.004993128124624491,0.0029319163877516985
sample_19,11369,14351,68880.0,8383022.5,0.004691359121352434,0.0029987457673996687
sample_19,11369,14352,68885.0,8383022.5,0.015685927122831345,0.0006308263982646167
sample_19,11369,14353,68890.0,8383022.5,0.006529720965772867,0.009500164538621902
sample_19,11369,14354,68895.0,8383022.5,0.019572364166378975,0.001932350336574018
sample_19,11369,14355,68900.0,8383022.5,0.005640474148094654,0.006756240967661142
sample_19,11369,14356,68905.0,8383022.5,0.010823125950992107,0.0023964366409927607
sample_19,11369,14357,68910.0,8383022.5,0.018190454691648483,0.005755380727350712
sample_19,11369,14358,68915.0,8383022.5,0.02854631282389164,0.00733720138669014
sample_19,11369,14359,68920.0,8383022.5,0.022265393286943436,0.008417277596890926
sample_19,11369,14360,68925.0,8383022.5,0.009998970665037632,0.008664189837872982
sample_19,11369,14361,68930.0,8383022.5,0.015470879152417183,0.002894266974180937
sample_19,11369,14362,68935.0,8383022.5,0.008805522695183754,0.001207237015478313
sample_19,11369,14363,68940.0,8383022.5,0.007183930370956659,0.009538690559566021
sample_19,11369,14364,68945.0,8383022.5,0.0030522572342306376,0.003246174193918705
sample_19,11369,14365,68950.0,8383022.5,0.020139914005994797,0.006274182815104723
sample_19,11369,14366,68955.0,8383022.5,0.008138755336403847,0.0011287890374660492
sample_19,11369,14367,68960.0,8383022.5,0.00318069476634264,0.0072311414405703545
sample_19,11369,14368,68965.0,8383022.5,0.007135952357202768,0.00042953144293278456
sample_19,11369,14369,68970.0,8383022.5,0.002700810320675373,0.001007039099931717
sample_19,11369,14370,68975.0,8383022.5,0.019514072686433792,0.003316899761557579
sample_19,11369,14371,68980.0,8383022.5,0.024656347930431366,0.01700468733906746
sample_19,11369,14372,68985.0,8383022.5,0.017309563234448433,0.006999798584729433
sample_19,11369,14373,68990.0,8383022.5,0.02779121696949005,0.0036678649485111237
sample_19,11369,14374,68995.0,8383022.5,0.006763481069356203,0.003390186931937933
sample_19,11369,14375,69000.0,8383022.5,0.014149459078907967,0.0061179269105196
sample_19,11369,14376,69005.0,8383022.5,0.007624089252203703,0.0004787492216564715
sample_19,11369,14377,69010.0,8383022.5,0.004604693967849016,0.0005733547732234001
sample_19,11369,14378,69015.0,8383022.5,0.0041847531683743,0.003616577247157693
sample_19,11369,14379,69020.0,8383022.5,0.01492278091609478,0.0025371110532432795
sample_19,11369,14380,69025.0,8383022.5,0.002013101242482662,0.005883709527552128
sample_19,11369,14381,69030.0,8383022.5,0.011058012023568153,0.007058644667267799
sample_19,11369,14382,69035.0,8383022.5,0.01248376164585352,0.0070716217160224915
sample_19,11369,14383,69040.0,8383022.5,0.006412632297724485,0.005685726180672646
sample_19,11369,14384,69045.0,8383022.5,0.0040893699042499065,0.011476952582597733
sample_19,11369,14385,69050.0,8383022.5,0.04041685909032822,0.009478085674345493
sample_19,11369,14386,69055.0,8383022.5,0.01624983735382557,0.010699060745537281
sample_19,11369,14387,69060.0,8383022.5,0.007359884679317474,0.007298171985894442
sample_19,11369,14388,69065.0,8383022.5,0.016180705279111862,0.010497680865228176
sample_19,11370,14351,68880.0,8383012.5,0.006469199433922768,0.004468514118343592
sample_19,11370,14352,68885.0,8383012.5,0.004436918999999762,0.010088542476296425
sample_19,11370,14353,68890.0,8383012.5,0.005599603988230228,0.002605288289487362
sample_19,11370,14354,68895.0,8383012.5,0.011907360516488552,0.00587726105004549
sample_19,11370,14355,68900.0,8383012.5,0.006884502712637186,0.01122380793094635
sample_19,11370,14356,68905.0,8383012.5,0.0031864261254668236,0.0025483195204287767
sample_19,11370,14357,68910.0,8383012.5,0.010362653061747551,0.0034064287319779396
sample_19,11370,14358,68915.0,8383012.5,0.01683107204735279,0.014046715572476387
sample_19,11370,14359,68920.0,8383012.5,0.0067660207860171795,0.0090121328830719
sample_19,11370,14360,68925.0,8383012.5,0.002423190278932452,0.007584323175251484
sample_19,11370,14361,68930.0,8383012.5,0.03449811786413193,0.005020846612751484
sample_19,11370,14362,68935.0,8383012.5,0.010518734343349934,0.007112481165677309
sample_19,11370,14363,68940.0,8383012.5,0.008615555241703987,0.01675605960190296
sample_19,11370,14364,68945.0,8383012.5,0.008597927168011665,0.003839001525193453
sample_19,11370,14365,68950.0,8383012.5,0.004074427764862776,0.002372369635850191
sample_19,11370,14366,68955.0,8383012.5,0.005671550519764423,0.0014614099636673927
sample_19,11370,14367,68960.0,8383012.5,0.006451089400798082,0.013415565714240074
sample_19,11370,14368,68965.0,8383012.5,0.010738374665379524,0.001686292001977563
sample_19,11370,14369,68970.0,8383012.5,0.0007729849894531071,0.005319554824382067
sample_19,11370,14370,68975.0,8383012.5,0.010346938855946064,0.0025190971791744232
sample_19,11370,14371,68980.0,8383012.5,0.019774101674556732,0.00546256871894002
sample_19,11370,14372,68985.0,8383012.5,0.010108593851327896,0.006366287358105183
sample_19,11370,14373,68990.0,8383012.5,0.0028501953929662704,0.005109746474772692
sample_19,11370,14374,68995.0,8383012.5,0.014136993326246738,0.006330534815788269
sample_19,11370,14375,69000.0,8383012.5,0.009960824623703957,0.006507948040962219
sample_19,11370,14376,69005.0,8383012.5,0.0076667857356369495,0.0026246816851198673
sample_19,11370,14377,69010.0,8383012.5,0.028516236692667007,0.003647605888545513
sample_19,11370,14378,69015.0,8383012.5,0.0031347558833658695,0.013139006681740284
sample_19,11370,14379,69020.0,8383012.5,0.015782425180077553,0.002607623813673854
sample_19,11370,14380,69025.0,8383012.5,0.003568917280063033,0.002460693009197712
sample_19,11370,14381,69030.0,8383012.5,0.021030236035585403,0.0019574735779315233
sample_19,11370,14382,69035.0,8383012.5,0.00888054445385933,0.006333016790449619
sample_19,11370,14383,69040.0,8383012.5,0.009996483102440834,0.006294200196862221
sample_19,11370,14384,69045.0,8383012.5,0.016920024529099464,0.006129960995167494
sample_19,11370,14385,69050.0,8383012.5,0.03603978827595711,0.003335201647132635
sample_19,11370,14386,69055.0,8383012.5,0.03896667808294296,0.01081252284348011
sample_19,11370,14387,69060.0,8383012.5,0.026871677488088608,0.006464479491114616
sample_19,11370,14388,69065.0,8383012.5,0.0156426839530468,0.004748837556689978
sample_19,11370,14389,69070.0,8383012.5,0.0045625753700733185,0.004727105610072613
sample_19,11371,14351,68880.0,8383002.5,0.02167445793747902,0.007669899612665176
sample_19,11371,14352,68885.0,8383002.5,0.009033781476318836,0.013994087465107441
sample_19,11371,14353,68890.0,8383002.5,0.01343449018895626,0.007964707911014557
sample_19,11371,14354,68895.0,8383002.5,0.03256746008992195,0.0022352952510118484
sample_19,11371,14355,68900.0,8383002.5,0.002932170871645212,0.0037453346885740757
sample_19,11371,14356,68905.0,8383002.5,0.00857390183955431,0.007704099640250206
sample_19,11371,14357,68910.0,8383002.5,0.008185802958905697,0.009110747836530209
sample_19,11371,14358,68915.0,8383002.5,0.003951198887079954,0.002569138538092375
sample_19,11371,14359,68920.0,8383002.5,0.009418154135346413,0.0005631467793136835
sample_19,11371,14360,68925.0,8383002.5,0.009334316477179527,0.0058173974975943565
sample_19,11371,14361,68930.0,8383002.5,0.014388198032975197,0.005436732899397612
sample_19,11371,14362,68935.0,8383002.5,0.0031610694713890553,0.0025531791616231203
sample_19,11371,14363,68940.0,8383002.5,0.01658383011817932,0.001253579743206501
sample_19,11371,14364,68945.0,8383002.5,0.012218833900988102,0.014371901750564575
sample_19,11371,14365,68950.0,8383002.5,0.002472714986652136,0.004219720605760813
sample_19,11371,14366,68955.0,8383002.5,0.010810982435941696,0.009065628051757812
sample_19,11371,14367,68960.0,8383002.5,0.015521366149187088,0.001958312466740608
sample_19,11371,14368,68965.0,8383002.5,0.002812017686665058,0.0009522998007014394
sample_19,11371,14369,68970.0,8383002.5,0.008098112419247627,0.007880700752139091
sample_19,11371,14370,68975.0,8383002.5,0.012923705391585827,0.011410689912736416
sample_19,11371,14371,68980.0,8383002.5,0.007000072859227657,0.018003087490797043
sample_19,11371,14372,68985.0,8383002.5,0.009839843027293682,0.007066428195685148
sample_19,11371,14373,68990.0,8383002.5,0.007964788936078548,0.00336057273671031
sample_19,11371,14374,68995.0,8383002.5,0.012330344878137112,0.002201091032475233
sample_19,11371,14375,69000.0,8383002.5,0.007631333544850349,0.0017459217924624681
sample_19,11371,14376,69005.0,8383002.5,0.004550519399344921,0.005340485367923975
sample_19,11371,14377,69010.0,8383002.5,0.04080627113580704,0.002007985720410943
sample_19,11371,14378,69015.0,8383002.5,0.013189618475735188,0.008054222911596298
sample_19,11371,14379,69020.0,8383002.5,0.008921252563595772,0.007160536479204893
sample_19,11371,14380,69025.0,8383002.5,0.0027789126615971327,0.00432741129770875
sample_19,11371,14381,69030.0,8383002.5,0.0066923717968165874,0.021978270262479782
sample_19,11371,14382,69035.0,8383002.5,0.0010525829857215285,0.005358971655368805
sample_19,11371,14383,69040.0,8383002.5,0.006496640853583813,0.0009013745002448559
sample_19,11371,14384,69045.0,8383002.5,0.025730174034833908,0.004598095081746578
sample_19,11371,14385,69050.0,8383002.5,0.024635368958115578,0.000645619526039809
sample_19,11371,14386,69055.0,8383002.5,0.010515706613659859,0.003206799505278468
sample_19,11371,14387,69060.0,8383002.5,0.029829781502485275,0.009960031136870384
sample_19,11371,14388,69065.0,8383002.5,0.022117333486676216,0.005246909335255623
sample_19,11371,14389,69070.0,8383002.5,0.0009181809145957232,0.0073995525017380714
sample_19,11372,14351,68880.0,8382992.5,0.00827951729297638,0.009315351955592632
sample_19,11372,14352,68885.0,8382992.5,0.00750745739787817,0.0004851272387895733
sample_19,11372,14353,68890.0,8382992.5,0.007317480631172657,0.002181350253522396
sample_19,11372,14354,68895.0,8382992.5,0.006911993958055973,0.0028748433105647564
sample_19,11372,14355,68900.0,8382992.5,0.006091211922466755,0.008438409306108952
sample_19,11372,14356,68905.0,8382992.5,0.009383462369441986,0.007308322470635176
sample_19,11372,14357,68910.0,8382992.5,0.012144706211984158,0.006372361443936825
sample_19,11372,14358,68915.0,8382992.5,0.00033019125112332404,0.009208885952830315
sample_19,11372,14359,68920.0,8382992.5,0.003999390173703432,0.0019657982047647238
sample_19,11372,14360,68925.0,8382992.5,0.014892250299453735,0.002451160456985235
sample_19,11372,14361,68930.0,8382992.5,0.004804306663572788,0.004434955306351185
sample_19,11372,14362,68935.0,8382992.5,0.006664930377155542,0.0009944505291059613
sample_19,11372,14363,68940.0,8382992.5,0.0018413104116916656,0.006359286606311798
sample_19,11372,14364,68945.0,8382992.5,0.007665294222533703,0.010392993688583374
sample_19,11372,14365,68950.0,8382992.5,0.010326930321753025,0.004734545946121216
sample_19,11372,14366,68955.0,8382992.5,0.015294256620109081,0.008241086266934872
sample_19,11372,14367,68960.0,8382992.5,0.010472374968230724,0.0018003399018198252
sample_19,11372,14368,68965.0,8382992.5,0.008332549594342709,0.00463873241096735
sample_19,11372,14369,68970.0,8382992.5,0.0057007381692528725,0.004168192856013775
sample_19,11372,14370,68975.0,8382992.5,0.02183011919260025,0.006391388364136219
sample_19,11372,14371,68980.0,8382992.5,0.007799786515533924,0.0038292687386274338
sample_19,11372,14372,68985.0,8382992.5,0.009348347783088684,0.0010079583153128624
sample_19,11372,14373,68990.0,8382992.5,0.004774352535605431,0.005227923858910799
sample_19,11372,14374,68995.0,8382992.5,0.024419693276286125,0.002949299057945609
sample_19,11372,14375,69000.0,8382992.5,0.007366174831986427,0.0034751042257994413
sample_19,11372,14376,69005.0,8382992.5,0.023916075006127357,0.0044424524530768394
sample_19,11372,14377,69010.0,8382992.5,0.010635643266141415,0.0028710360638797283
sample_19,11372,14378,69015.0,8382992.5,0.022141870111227036,0.004316090606153011
sample_19,11372,14379,69020.0,8382992.5,0.008357136510312557,0.007032438647001982
sample_19,11372,14380,69025.0,8382992.5,0.011972510255873203,0.003192740958184004
sample_19,11372,14381,69030.0,8382992.5,0.011834840290248394,0.013088192790746689
sample_19,11372,14382,69035.0,8382992.5,0.009423361159861088,0.00622633658349514
sample_19,11372,14383,69040.0,8382992.5,0.02727644145488739,0.005645107477903366
sample_19,11372,14384,69045.0,8382992.5,0.0049992711283266544,0.0015540666645392776
sample_19,11372,14385,69050.0,8382992.5,0.00955591257661581,0.007539624348282814
sample_19,11372,14386,69055.0,8382992.5,0.005974769592285156,0.0013365919003263116
sample_19,11372,14387,69060.0,8382992.5,0.008193531073629856,0.007945436052978039
sample_19,11372,14388,69065.0,8382992.5,0.01943018287420273,0.003680423367768526
sample_19,11372,14389,69070.0,8382992.5,0.008738279342651367,0.003522130660712719
sample_19,11373,14351,68880.0,8382982.5,0.007469552103430033,0.002610387746244669
sample_19,11373,14352,68885.0,8382982.5,0.0122798141092062,0.0014365799725055695
sample_19,11373,14353,68890.0,8382982.5,0.013663483783602715,0.008354566991329193
sample_19,11373,14354,68895.0,8382982.5,0.042638931423425674,0.004638195503503084
sample_19,11373,14355,68900.0,8382982.5,0.0024414516519755125,0.007714622188359499
sample_19,11373,14356,68905.0,8382982.5,0.0018250021385028958,0.014630712568759918
sample_19,11373,14357,68910.0,8382982.5,0.012253288179636002,0.005477987229824066
sample_19,11373,14358,68915.0,8382982.5,0.0038302303291857243,0.0032858881168067455
sample_19,11373,14359,68920.0,8382982.5,0.039342258125543594,0.004369190428406
sample_19,11373,14360,68925.0,8382982.5,0.021622907370328903,0.018381306901574135
sample_19,11373,14361,68930.0,8382982.5,0.002426124643534422,0.004077643156051636
sample_19,11373,14362,68935.0,8382982.5,0.017888810485601425,0.005926010198891163
sample_19,11373,14363,68940.0,8382982.5,0.009378412738442421,0.003257348434999585
sample_19,11373,14364,68945.0,8382982.5,0.0065822480246424675,0.008647932671010494
sample_19,11373,14365,68950.0,8382982.5,0.004236714448779821,0.007490602321922779
sample_19,11373,14366,68955.0,8382982.5,0.005177440121769905,0.0035052765160799026
sample_19,11373,14367,68960.0,8382982.5,0.02033347263932228,0.0017943459097296
sample_19,11373,14368,68965.0,8382982.5,0.005146217532455921,0.009429436177015305
sample_19,11373,14369,68970.0,8382982.5,0.005996336229145527,0.00893421471118927
sample_19,11373,14370,68975.0,8382982.5,0.0038421349599957466,0.0023023136891424656
sample_19,11373,14371,68980.0,8382982.5,0.008761849254369736,0.0097725298255682
sample_19,11373,14372,68985.0,8382982.5,0.009351946413516998,0.0014271121472120285
sample_19,11373,14373,68990.0,8382982.5,0.016337372362613678,0.003961833659559488
sample_19,11373,14374,68995.0,8382982.5,0.007897372357547283,0.005848980974406004
sample_19,11373,14375,69000.0,8382982.5,0.003378711873665452,0.002869155490770936
sample_19,11373,14376,69005.0,8382982.5,0.01244598999619484,0.0030606547370553017
sample_19,11373,14377,69010.0,8382982.5,0.0070952014066278934,0.008812952786684036
sample_19,11373,14378,69015.0,8382982.5,0.007327895145863295,0.0030945432372391224
sample_19,11373,14379,69020.0,8382982.5,0.005831885151565075,0.0008083287393674254
sample_19,11373,14380,69025.0,8382982.5,0.007691292092204094,0.0046651773154735565
sample_19,11373,14381,69030.0,8382982.5,0.004028666764497757,0.005604580044746399
sample_19,11373,14382,69035.0,8382982.5,0.011388344690203667,0.010219264775514603
sample_19,11373,14383,69040.0,8382982.5,0.012736337259411812,0.0028085284866392612
sample_19,11373,14384,69045.0,8382982.5,0.0046690283343195915,0.0072370050475001335
sample_19,11373,14385,69050.0,8382982.5,0.0036311817821115255,0.009556865319609642
sample_19,11373,14386,69055.0,8382982.5,0.007910206913948059,0.006805642507970333
sample_19,11373,14387,69060.0,8382982.5,0.003148480784147978,0.0013753620442003012
sample_19,11373,14388,69065.0,8382982.5,0.004830287303775549,0.0077070146799087524
sample_19,11373,14389,69070.0,8382982.5,0.010195343755185604,0.009419629350304604
sample_19,11374,14351,68880.0,8382972.5,0.02173970453441143,0.011173833161592484
sample_19,11374,14352,68885.0,8382972.5,0.013482114300131798,0.006155765149742365
sample_19,11374,14353,68890.0,8382972.5,0.010091777890920639,0.003386982949450612
sample_19,11374,14354,68895.0,8382972.5,0.0029172261711210012,0.0036746831610798836
sample_19,11374,14355,68900.0,8382972.5,0.0009354451321996748,0.004864780232310295
sample_19,11374,14356,68905.0,8382972.5,0.013209393247961998,0.007217360660433769
sample_19,11374,14357,68910.0,8382972.5,0.03333418443799019,0.0019834134727716446
sample_19,11374,14358,68915.0,8382972.5,0.012940695509314537,0.005812948103994131
sample_19,11374,14359,68920.0,8382972.5,0.021985135972499847,0.005355179775506258
sample_19,11374,14360,68925.0,8382972.5,0.005795399192720652,0.01354140229523182
sample_19,11374,14361,68930.0,8382972.5,0.0039234766736626625,0.014691963791847229
sample_19,11374,14362,68935.0,8382972.5,0.012526147067546844,0.009280150756239891
sample_19,11374,14363,68940.0,8382972.5,0.0011064924765378237,0.008261632174253464
sample_19,11374,14364,68945.0,8382972.5,0.003978269640356302,0.00807542447000742
sample_19,11374,14365,68950.0,8382972.5,0.0247010700404644,0.0037041509058326483
sample_19,11374,14366,68955.0,8382972.5,0.013479374349117279,0.005723917856812477
sample_19,11374,14367,68960.0,8382972.5,0.005849885754287243,0.0012848672922700644
sample_19,11374,14368,68965.0,8382972.5,0.007565758191049099,0.0024693270679563284
sample_19,11374,14369,68970.0,8382972.5,0.010310860350728035,0.016474634408950806
sample_19,11374,14370,68975.0,8382972.5,0.024178463965654373,0.012504193931818008
sample_19,11374,14371,68980.0,8382972.5,0.01192944310605526,0.00897547323256731
sample_19,11374,14372,68985.0,8382972.5,0.011412620544433594,0.01311176922172308
sample_19,11374,14373,68990.0,8382972.5,0.01104662287980318,0.00166340172290802
sample_19,11374,14374,68995.0,8382972.5,0.0269780270755291,0.0016564256511628628
sample_19,11374,14375,69000.0,8382972.5,0.006694004870951176,0.003428747644647956
sample_19,11374,14376,69005.0,8382972.5,0.03454877436161041,0.006089781876653433
sample_19,11374,14377,69010.0,8382972.5,0.007212797179818153,0.009568603709340096
sample_19,11374,14378,69015.0,8382972.5,0.009536590427160263,0.003365559969097376
sample_19,11374,14379,69020.0,8382972.5,0.013066519983112812,0.003255125368013978
sample_19,11374,14380,69025.0,8382972.5,0.004980005789548159,0.00035294308327138424
sample_19,11374,14381,69030.0,8382972.5,0.004441331140697002,0.002583784982562065
sample_19,11374,14382,69035.0,8382972.5,0.006824761629104614,0.003836071351543069
sample_19,11374,14383,69040.0,8382972.5,0.013053384609520435,0.0161045640707016
sample_19,11374,14384,69045.0,8382972.5,0.008659888058900833,0.004955894313752651
sample_19,11374,14385,69050.0,8382972.5,0.011992029845714569,0.001225303509272635
sample_19,11374,14386,69055.0,8382972.5,0.006260977126657963,0.0015189622063189745
sample_19,11374,14387,69060.0,8382972.5,0.002387038664892316,0.0069968788884580135
sample_19,11374,14388,69065.0,8382972.5,0.0021288071293383837,0.003832826390862465
sample_19,11374,14389,69070.0,8382972.5,0.0042696320451796055,0.0023791834246367216
sample_19,11375,14351,68880.0,8382962.5,0.005365775432437658,0.002310078125447035
sample_19,11375,14352,68885.0,8382962.5,0.00356544298119843,0.0020230610389262438
sample_19,11375,14353,68890.0,8382962.5,0.004774208180606365,0.002113946247845888
sample_19,11375,14354,68895.0,8382962.5,0.007045468781143427,0.0012436131946742535
sample_19,11375,14355,68900.0,8382962.5,0.018355675041675568,0.0005580842262133956
sample_19,11375,14356,68905.0,8382962.5,0.0050103431567549706,0.010353023186326027
sample_19,11375,14357,68910.0,8382962.5,0.004540368914604187,0.0035918885841965675
sample_19,11375,14358,68915.0,8382962.5,0.003810786409303546,0.003900907700881362
sample_19,11375,14359,68920.0,8382962.5,0.014803703874349594,0.006340756081044674
sample_19,11375,14360,68925.0,8382962.5,0.017594438046216965,0.0074169933795928955
sample_19,11375,14361,68930.0,8382962.5,0.0146360844373703,0.0060815890319645405
sample_19,11375,14362,68935.0,8382962.5,0.00798625685274601,0.002029529307037592
sample_19,11375,14363,68940.0,8382962.5,0.01326698623597622,0.0008928694878704846
sample_19,11375,14364,68945.0,8382962.5,0.00929940678179264,0.006216653157025576
sample_19,11375,14365,68950.0,8382962.5,0.003486994653940201,0.004807498771697283
sample_19,11375,14366,68955.0,8382962.5,0.009891665540635586,0.008973288349807262
sample_19,11375,14367,68960.0,8382962.5,0.010453588329255581,0.0018560304306447506
sample_19,11375,14368,68965.0,8382962.5,0.0019274879014119506,0.001346980920061469
sample_19,11375,14369,68970.0,8382962.5,0.044049039483070374,0.007538215257227421
sample_19,11375,14370,68975.0,8382962.5,0.032343290746212006,0.0020193755626678467
sample_19,11375,14371,68980.0,8382962.5,0.027886275202035904,0.0021011519711464643
sample_19,11375,14372,68985.0,8382962.5,0.009591509588062763,0.009077539667487144
sample_19,11375,14373,68990.0,8382962.5,0.007830223999917507,0.004586863797158003
sample_19,11375,14374,68995.0,8382962.5,0.011720042675733566,0.0029861500952392817
sample_19,11375,14375,69000.0,8382962.5,0.013835504651069641,0.0126371243968606
sample_19,11375,14376,69005.0,8382962.5,0.020463697612285614,0.0019789524376392365
sample_19,11375,14377,69010.0,8382962.5,0.013453425839543343,0.0063950857147574425
sample_19,11375,14378,69015.0,8382962.5,0.013155745342373848,0.004034542012959719
sample_19,11375,14379,69020.0,8382962.5,0.005302415229380131,0.002524844603613019
sample_19,11375,14380,69025.0,8382962.5,0.025540314614772797,0.0028097783215343952
sample_19,11375,14381,69030.0,8382962.5,0.012375559657812119,0.00913579948246479
sample_19,11375,14382,69035.0,8382962.5,0.0074586947448551655,0.0014948423486202955
sample_19,11375,14383,69040.0,8382962.5,0.0013510189019143581,0.0027509452775120735
sample_19,11375,14384,69045.0,8382962.5,0.017877880483865738,0.014693038538098335
sample_19,11375,14385,69050.0,8382962.5,0.016255278140306473,0.009211470372974873
sample_19,11375,14386,69055.0,8382962.5,0.009530116803944111,0.0036362302489578724
sample_19,11375,14387,69060.0,8382962.5,0.015389054082334042,0.005875358358025551
sample_19,11375,14388,69065.0,8382962.5,0.003264394588768482,0.003225498367100954
sample_19,11375,14389,69070.0,8382962.5,0.02277473732829094,0.0070131090469658375
sample_19,11376,14351,68880.0,8382952.5,0.00840804260224104,0.0024437489919364452
sample_19,11376,14352,68885.0,8382952.5,0.015491427853703499,0.0012040531728416681
sample_19,11376,14353,68890.0,8382952.5,0.01392378006130457,0.00985761545598507
sample_19,11376,14354,68895.0,8382952.5,0.0055620609782636166,0.00234446139074862
sample_19,11376,14355,68900.0,8382952.5,0.012326689437031746,0.003254337701946497
sample_19,11376,14356,68905.0,8382952.5,0.009982263669371605,0.0028649629093706608
sample_19,11376,14357,68910.0,8382952.5,0.0027872337959706783,0.002004181267693639
sample_19,11376,14358,68915.0,8382952.5,0.0053324392065405846,0.009373934008181095
sample_19,11376,14359,68920.0,8382952.5,0.027137216180562973,0.0047037601470947266
sample_19,11376,14360,68925.0,8382952.5,0.022233759984374046,0.003142404602840543
sample_19,11376,14361,68930.0,8382952.5,0.005956188775599003,0.0012242768425494432
sample_19,11376,14362,68935.0,8382952.5,0.012408943846821785,0.007967463694512844
sample_19,11376,14363,68940.0,8382952.5,0.004608250223100185,0.0037678726948797703
sample_19,11376,14364,68945.0,8382952.5,0.009705877862870693,0.0069963326677680016
sample_19,11376,14365,68950.0,8382952.5,0.009950441308319569,0.01025035884231329
sample_19,11376,14366,68955.0,8382952.5,0.010550754144787788,0.006400474347174168
sample_19,11376,14367,68960.0,8382952.5,0.012902820482850075,0.007065552286803722
sample_19,11376,14368,68965.0,8382952.5,0.016754988580942154,0.018819659948349
sample_19,11376,14369,68970.0,8382952.5,0.0036657373420894146,0.006190634332597256
sample_19,11376,14370,68975.0,8382952.5,0.0023886505514383316,0.009310942143201828
sample_19,11376,14371,68980.0,8382952.5,0.014546133577823639,0.01147986389696598
sample_19,11376,14372,68985.0,8382952.5,0.011418220587074757,0.01012065727263689
sample_19,11376,14373,68990.0,8382952.5,0.0027218752074986696,0.0016784354811534286
sample_19,11376,14374,68995.0,8382952.5,0.00944843702018261,0.0013999398797750473
sample_19,11376,14375,69000.0,8382952.5,0.04193805530667305,0.0015681483782827854
sample_19,11376,14376,69005.0,8382952.5,0.019618671387434006,0.0002615737612359226
sample_19,11376,14377,69010.0,8382952.5,0.011213790625333786,0.006132232956588268
sample_19,11376,14378,69015.0,8382952.5,0.032102059572935104,0.006410600617527962
sample_19,11376,14379,69020.0,8382952.5,0.0014475772622972727,0.0025017457082867622
sample_19,11376,14380,69025.0,8382952.5,0.0031222524121403694,0.0042957705445587635
sample_19,11376,14381,69030.0,8382952.5,0.005642230622470379,0.009149806573987007
sample_19,11376,14382,69035.0,8382952.5,0.005258471705019474,0.012126393616199493
sample_19,11376,14383,69040.0,8382952.5,0.0034882130566984415,0.002439750824123621
sample_19,11376,14384,69045.0,8382952.5,0.012936488725244999,0.002688775537535548
sample_19,11376,14385,69050.0,8382952.5,0.008264820091426373,0.006382083520293236
sample_19,11376,14386,69055.0,8382952.5,0.0049722581170499325,0.008297916501760483
sample_19,11376,14387,69060.0,8382952.5,0.004858836531639099,0.022390983998775482
sample_19,11376,14388,69065.0,8382952.5,0.004992987494915724,0.007045886479318142
sample_19,11376,14389,69070.0,8382952.5,0.008385107852518559,0.0022047613747417927
sample_19,11377,14351,68880.0,8382942.5,0.004768247250467539,0.0010352196404710412
sample_19,11377,14352,68885.0,8382942.5,0.01034142728894949,0.00902551133185625
sample_19,11377,14353,68890.0,8382942.5,0.008640963584184647,0.0033135770354419947
sample_19,11377,14354,68895.0,8382942.5,0.010103750973939896,0.005195629317313433
sample_19,11377,14355,68900.0,8382942.5,0.008866478689014912,0.004054402932524681
sample_19,11377,14356,68905.0,8382942.5,0.013029399327933788,0.0005271864938549697
sample_19,11377,14357,68910.0,8382942.5,0.01109879557043314,0.002892186399549246
sample_19,11377,14358,68915.0,8382942.5,0.010355752892792225,0.00465869065374136
sample_19,11377,14359,68920.0,8382942.5,0.01760857179760933,0.005742199718952179
sample_19,11377,14360,68925.0,8382942.5,0.03703279793262482,0.005427672527730465
sample_19,11377,14361,68930.0,8382942.5,0.010446345433592796,0.004745835904031992
sample_19,11377,14362,68935.0,8382942.5,0.007288540713489056,0.004105367697775364
sample_19,11377,14363,68940.0,8382942.5,0.005126273259520531,0.00467257434502244
sample_19,11377,14364,68945.0,8382942.5,0.004843409638851881,0.011291289702057838
sample_19,11377,14365,68950.0,8382942.5,0.009706337004899979,0.005985488183796406
sample_19,11377,14366,68955.0,8382942.5,0.00941623654216528,0.001310113351792097
sample_19,11377,14367,68960.0,8382942.5,0.01018623448908329,0.010160678066313267
sample_19,11377,14368,68965.0,8382942.5,0.023283343762159348,0.0008705044747330248
sample_19,11377,14369,68970.0,8382942.5,0.0022299434058368206,0.008309864439070225
sample_19,11377,14370,68975.0,8382942.5,0.016489388421177864,0.007052961736917496
sample_19,11377,14371,68980.0,8382942.5,0.010154956951737404,0.015066268853843212
sample_19,11377,14372,68985.0,8382942.5,0.002667093649506569,0.010576428845524788
sample_19,11377,14373,68990.0,8382942.5,0.007983043789863586,0.008092610165476799
sample_19,11377,14374,68995.0,8382942.5,0.01215637382119894,0.006070611998438835
sample_19,11377,14375,69000.0,8382942.5,0.0006444085738621652,0.008045301772654057
sample_19,11377,14376,69005.0,8382942.5,0.0029455586336553097,0.005215062294155359
sample_19,11377,14377,69010.0,8382942.5,0.02011115849018097,0.006938627455383539
sample_19,11377,14378,69015.0,8382942.5,0.006263637915253639,0.002609902061522007
sample_19,11377,14379,69020.0,8382942.5,0.015039945021271706,0.00456688879057765
sample_19,11377,14380,69025.0,8382942.5,0.011298189871013165,0.006856775376945734
sample_19,11377,14381,69030.0,8382942.5,0.008706850931048393,0.003705260343849659
sample_19,11377,14382,69035.0,8382942.5,0.01058024913072586,0.002753111068159342
sample_19,11377,14383,69040.0,8382942.5,0.009752835147082806,0.0071989367716014385
sample_19,11377,14384,69045.0,8382942.5,0.006312861107289791,0.0006880902219563723
sample_19,11377,14385,69050.0,8382942.5,0.026971103623509407,0.002517225220799446
sample_19,11377,14386,69055.0,8382942.5,0.009899726137518883,0.0017387664411216974
sample_19,11377,14387,69060.0,8382942.5,0.007010291330516338,0.006280340254306793
sample_19,11377,14388,69065.0,8382942.5,0.006803169846534729,0.004234025254845619
sample_19,11377,14389,69070.0,8382942.5,0.008341511711478233,0.002948175184428692
sample_19,11378,14351,68880.0,8382932.5,0.008294076658785343,0.0019853359553962946
sample_19,11378,14352,68885.0,8382932.5,0.0028796284459531307,0.0011698734015226364
sample_19,11378,14353,68890.0,8382932.5,0.0037459523882716894,0.001826633233577013
sample_19,11378,14354,68895.0,8382932.5,0.004039268009364605,0.005534274969249964
sample_19,11378,14355,68900.0,8382932.5,0.013424498960375786,0.0006532951374538243
sample_19,11378,14356,68905.0,8382932.5,0.004141707438975573,0.02191210351884365
sample_19,11378,14357,68910.0,8382932.5,0.012428661808371544,0.006706579588353634
sample_19,11378,14358,68915.0,8382932.5,0.013311047106981277,0.0063153039664030075
sample_19,11378,14359,68920.0,8382932.5,0.006063966080546379,0.0032595698721706867
sample_19,11378,14360,68925.0,8382932.5,0.0192409735172987,0.006897766143083572
sample_19,11378,14361,68930.0,8382932.5,0.00727092195302248,0.002032833406701684
sample_19,11378,14362,68935.0,8382932.5,0.016890741884708405,0.0047464692033827305
sample_19,11378,14363,68940.0,8382932.5,0.008349584415555,0.003105056006461382
sample_19,11378,14364,68945.0,8382932.5,0.0024332243483513594,0.004107107874006033
sample_19,11378,14365,68950.0,8382932.5,0.002746984828263521,0.0019453538116067648
sample_19,11378,14366,68955.0,8382932.5,0.002028433373197913,0.010626908391714096
sample_19,11378,14367,68960.0,8382932.5,0.003646802855655551,0.0021160810720175505
sample_19,11378,14368,68965.0,8382932.5,0.007942457683384418,0.0014565351884812117
sample_19,11378,14369,68970.0,8382932.5,0.0028729760088026524,0.0008872490143403411
sample_19,11378,14370,68975.0,8382932.5,0.0027101668529212475,0.01975216343998909
sample_19,11378,14371,68980.0,8382932.5,0.018346691504120827,0.004799891263246536
sample_19,11378,14372,68985.0,8382932.5,0.006642051972448826,0.004662295803427696
sample_19,11378,14373,68990.0,8382932.5,0.0021985741332173347,0.013804841786623001
sample_19,11378,14374,68995.0,8382932.5,0.009327705018222332,0.0026003874372690916
sample_19,11378,14375,69000.0,8382932.5,0.0047928038984537125,0.0035470249131321907
sample_19,11378,14376,69005.0,8382932.5,0.005410508252680302,0.003865244332700968
sample_19,11378,14377,69010.0,8382932.5,0.011692809872329235,0.004016473423689604
sample_19,11378,14378,69015.0,8382932.5,0.011297657154500484,0.0076287914998829365
sample_19,11378,14379,69020.0,8382932.5,0.006781755015254021,0.0007257948163896799
sample_19,11378,14380,69025.0,8382932.5,0.007037044502794743,0.0029315194115042686
sample_19,11378,14381,69030.0,8382932.5,0.009336101822555065,0.002964185317978263
sample_19,11378,14382,69035.0,8382932.5,0.01925845816731453,0.011484110727906227
sample_19,11378,14383,69040.0,8382932.5,0.020978420972824097,0.0003327887679915875
sample_19,11378,14384,69045.0,8382932.5,0.015771813690662384,0.005612506996840239
sample_19,11378,14385,69050.0,8382932.5,0.018037714064121246,0.004289983306080103
sample_19,11378,14386,69055.0,8382932.5,0.02234332635998726,0.005882222205400467
sample_19,11378,14387,69060.0,8382932.5,0.010218924842774868,0.0017480989918112755
sample_19,11378,14388,69065.0,8382932.5,0.006180880591273308,0.003768621012568474
sample_19,11378,14389,69070.0,8382932.5,0.003307127393782139,0.006848536431789398
sample_19,11379,14351,68880.0,8382922.5,0.03261134773492813,0.007452770136296749
sample_19,11379,14352,68885.0,8382922.5,0.022617850452661514,0.004329360090196133
sample_19,11379,14353,68890.0,8382922.5,0.008941011503338814,0.005799951031804085
sample_19,11379,14354,68895.0,8382922.5,0.016905490309000015,0.007785655092447996
sample_19,11379,14355,68900.0,8382922.5,0.000871624331921339,0.0014481537509709597
sample_19,11379,14356,68905.0,8382922.5,0.010837504640221596,0.006896425969898701
sample_19,11379,14357,68910.0,8382922.5,0.006188140716403723,0.00891938991844654
sample_19,11379,14358,68915.0,8382922.5,0.010394609533250332,0.0061281160451471806
sample_19,11379,14359,68920.0,8382922.5,0.007106436416506767,0.009019299410283566
sample_19,11379,14360,68925.0,8382922.5,0.0018685611430555582,0.00400259206071496
sample_19,11379,14361,68930.0,8382922.5,0.0083355363458395,0.002772364066913724
sample_19,11379,14362,68935.0,8382922.5,0.008060803636908531,0.0004848974058404565
sample_19,11379,14363,68940.0,8382922.5,0.00959705002605915,0.027704201638698578
sample_19,11379,14364,68945.0,8382922.5,0.0011892091715708375,0.003920925315469503
sample_19,11379,14365,68950.0,8382922.5,0.01822889782488346,0.001061673159711063
sample_19,11379,14366,68955.0,8382922.5,0.015659892931580544,0.006117088254541159
sample_19,11379,14367,68960.0,8382922.5,0.01836881786584854,0.010493500158190727
sample_19,11379,14368,68965.0,8382922.5,0.015155915170907974,0.0004012159479316324
sample_19,11379,14369,68970.0,8382922.5,0.01335038710385561,0.004811379127204418
sample_19,11379,14370,68975.0,8382922.5,0.0010454751318320632,0.0046501620672643185
sample_19,11379,14371,68980.0,8382922.5,0.01023559644818306,0.0064480905421078205
sample_19,11379,14372,68985.0,8382922.5,0.015179729089140892,0.015716860070824623
sample_19,11379,14373,68990.0,8382922.5,0.02818770334124565,0.005726255476474762
sample_19,11379,14374,68995.0,8382922.5,0.006862994283437729,0.00960532296448946
sample_19,11379,14375,69000.0,8382922.5,0.0059338221326470375,0.002933176001533866
sample_19,11379,14376,69005.0,8382922.5,0.003083553398028016,0.007095110137015581
sample_19,11379,14377,69010.0,8382922.5,0.004756252747029066,0.003827436361461878
sample_19,11379,14378,69015.0,8382922.5,0.00949804950505495,0.001776559161953628
sample_19,11379,14379,69020.0,8382922.5,0.0022394719999283552,0.0064614866860210896
sample_19,11379,14380,69025.0,8382922.5,0.007937833666801453,0.0038348904345184565
sample_19,11379,14381,69030.0,8382922.5,0.00437453668564558,0.0004390275862533599
sample_19,11379,14382,69035.0,8382922.5,0.006336183287203312,0.003714930033311248
sample_19,11379,14383,69040.0,8382922.5,0.019518857821822166,0.0031405272893607616
sample_19,11379,14384,69045.0,8382922.5,0.010711087845265865,0.0013859695754945278
sample_19,11379,14385,69050.0,8382922.5,0.01776948757469654,0.005417427513748407
sample_19,11379,14386,69055.0,8382922.5,0.014528622850775719,0.0020432323217391968
sample_19,11379,14387,69060.0,8382922.5,0.009703775867819786,0.004983179271221161
sample_19,11379,14388,69065.0,8382922.5,0.008027845993638039,0.004570335149765015
sample_19,11379,14389,69070.0,8382922.5,0.023764589801430702,0.013446206226944923
sample_19,11380,14351,68880.0,8382912.5,0.005529874004423618,0.009261388331651688
sample_19,11380,14352,68885.0,8382912.5,0.0030783796682953835,0.006147155538201332
sample_19,11380,14353,68890.0,8382912.5,0.008415675722062588,0.002717075403779745
sample_19,11380,14354,68895.0,8382912.5,0.00820476096123457,0.005007252097129822
sample_19,11380,14355,68900.0,8382912.5,0.0032834892626851797,0.0054326471872627735
sample_19,11380,14356,68905.0,8382912.5,0.015439154580235481,0.008059151470661163
sample_19,11380,14357,68910.0,8382912.5,0.020811285823583603,0.0031470712274312973
sample_19,11380,14358,68915.0,8382912.5,0.0035718793515115976,0.007108229678124189
sample_19,11380,14359,68920.0,8382912.5,0.009468517266213894,0.004725372418761253
sample_19,11380,14360,68925.0,8382912.5,0.005120984744280577,0.0009671112056821585
sample_19,11380,14361,68930.0,8382912.5,0.0027328035794198513,0.01080964133143425
sample_19,11380,14362,68935.0,8382912.5,0.012589159421622753,0.000580200576223433
sample_19,11380,14363,68940.0,8382912.5,0.006367758847773075,0.008871275000274181
sample_19,11380,14364,68945.0,8382912.5,0.0028874503914266825,0.007969146594405174
sample_19,11380,14365,68950.0,8382912.5,0.008378460071980953,0.007319926284253597
sample_19,11380,14366,68955.0,8382912.5,0.026023482903838158,0.0018972590332850814
sample_19,11380,14367,68960.0,8382912.5,0.033118993043899536,0.013550015166401863
sample_19,11380,14368,68965.0,8382912.5,0.013035217300057411,0.0036819514352828264
sample_19,11380,14369,68970.0,8382912.5,0.015822485089302063,0.002238477347418666
sample_19,11380,14370,68975.0,8382912.5,0.00026395596796646714,0.007170774508267641
sample_19,11380,14371,68980.0,8382912.5,0.007590957917273045,0.00396621972322464
sample_19,11380,14372,68985.0,8382912.5,0.004533309489488602,0.0038707670755684376
sample_19,11380,14373,68990.0,8382912.5,0.013865061104297638,0.0016083639347925782
sample_19,11380,14374,68995.0,8382912.5,0.008830377832055092,0.003845718689262867
sample_19,11380,14375,69000.0,8382912.5,0.017272012308239937,0.006208185106515884
sample_19,11380,14376,69005.0,8382912.5,0.008152422495186329,0.01220429316163063
sample_19,11380,14377,69010.0,8382912.5,0.019797956570982933,0.0026602281723171473
sample_19,11380,14378,69015.0,8382912.5,0.020763840526342392,0.0030597816221415997
sample_19,11380,14379,69020.0,8382912.5,0.007723980583250523,0.011913467198610306
sample_19,11380,14380,69025.0,8382912.5,0.030562011525034904,0.003746295114979148
sample_19,11380,14381,69030.0,8382912.5,0.0018704448593780398,0.0029140575788915157
sample_19,11380,14382,69035.0,8382912.5,0.0027425838634371758,0.003030502237379551
sample_19,11380,14383,69040.0,8382912.5,0.005354969296604395,0.0047647347673773766
sample_19,11380,14384,69045.0,8382912.5,0.009433428756892681,0.013654673472046852
sample_19,11380,14385,69050.0,8382912.5,0.018294058740139008,0.01960364542901516
sample_19,11380,14386,69055.0,8382912.5,0.002784358337521553,0.0036722002550959587
sample_19,11380,14387,69060.0,8382912.5,0.0052336035296320915,0.0014564046869054437
sample_19,11380,14388,69065.0,8382912.5,0.00748531986027956,0.0010419436730444431
sample_19,11380,14389,69070.0,8382912.5,0.007907344959676266,0.01008526235818863
sample_19,11381,14351,68880.0,8382902.5,0.013219053857028484,0.005087410565465689
sample_19,11381,14352,68885.0,8382902.5,0.0007765810005366802,0.007087564095854759
sample_19,11381,14353,68890.0,8382902.5,0.017036963254213333,0.004422573372721672
sample_19,11381,14354,68895.0,8382902.5,0.014003414660692215,0.009603355079889297
sample_19,11381,14355,68900.0,8382902.5,0.006051333155483007,0.002088043838739395
sample_19,11381,14356,68905.0,8382902.5,0.0033621920738369226,0.004163302015513182
sample_19,11381,14357,68910.0,8382902.5,0.005901741795241833,0.004425642546266317
sample_19,11381,14358,68915.0,8382902.5,0.008486051112413406,0.008794732391834259
sample_19,11381,14359,68920.0,8382902.5,0.006311673671007156,0.014597484841942787
sample_19,11381,14360,68925.0,8382902.5,0.011421652510762215,0.007128824945539236
sample_19,11381,14361,68930.0,8382902.5,0.0029007489793002605,0.007884446531534195
sample_19,11381,14362,68935.0,8382902.5,0.01618332974612713,0.007129758130759001
sample_19,11381,14363,68940.0,8382902.5,0.028628870844841003,0.0034708816092461348
sample_19,11381,14364,68945.0,8382902.5,0.010800679214298725,0.002538820030167699
sample_19,11381,14365,68950.0,8382902.5,0.010243171826004982,0.001445993548259139
sample_19,11381,14366,68955.0,8382902.5,0.0021666218526661396,0.012979412451386452
sample_19,11381,14367,68960.0,8382902.5,0.0034044208005070686,0.007700109854340553
sample_19,11381,14368,68965.0,8382902.5,0.017255526036024094,4.1129602323053405e-05
sample_19,11381,14369,68970.0,8382902.5,0.009496215730905533,0.0024170828983187675
sample_19,11381,14370,68975.0,8382902.5,0.027785565704107285,0.00919973012059927
sample_19,11381,14371,68980.0,8382902.5,0.014614438638091087,0.013800110667943954
sample_19,11381,14372,68985.0,8382902.5,0.01015135832130909,0.00453680194914341
sample_19,11381,14373,68990.0,8382902.5,0.00843469426035881,0.002252108883112669
sample_19,11381,14374,68995.0,8382902.5,0.013987822458148003,0.001575086498633027
sample_19,11381,14375,69000.0,8382902.5,0.008973999880254269,0.003752098884433508
sample_19,11381,14376,69005.0,8382902.5,0.005502594634890556,0.0017480900278314948
sample_19,11381,14377,69010.0,8382902.5,0.00668641272932291,0.005650690291076899
sample_19,11381,14378,69015.0,8382902.5,0.0024502316955477,0.0033502071164548397
sample_19,11381,14379,69020.0,8382902.5,0.0015540403546765447,0.00403187982738018
sample_19,11381,14380,69025.0,8382902.5,0.004556112457066774,0.006133061833679676
sample_19,11381,14381,69030.0,8382902.5,0.008411958813667297,0.00271640345454216
sample_19,11381,14382,69035.0,8382902.5,0.003948417026549578,0.002204639371484518
sample_19,11381,14383,69040.0,8382902.5,0.013484515249729156,0.004582591820508242
sample_19,11381,14384,69045.0,8382902.5,0.015492456033825874,0.004503586329519749
sample_19,11381,14385,69050.0,8382902.5,0.013570759445428848,0.00633942661806941
sample_19,11381,14386,69055.0,8382902.5,0.01047456730157137,0.0065402137115597725
sample_19,11381,14387,69060.0,8382902.5,0.013436506502330303,0.005527502857148647
sample_19,11381,14388,69065.0,8382902.5,0.01839199848473072,0.0050463550724089146
sample_19,11381,14389,69070.0,8382902.5,0.009307348169386387,0.007044807076454163
sample_19,11382,14351,68880.0,8382892.5,0.024254728108644485,0.0019391071982681751
sample_19,11382,14352,68885.0,8382892.5,0.012223856523633003,0.00609929021447897
sample_19,11382,14353,68890.0,8382892.5,0.0030077293049544096,0.0021955319680273533
sample_19,11382,14354,68895.0,8382892.5,0.00403978768736124,0.004934689030051231
sample_19,11382,14355,68900.0,8382892.5,0.0014573814114555717,0.007391510996967554
sample_19,11382,14356,68905.0,8382892.5,0.005218847654759884,0.006610078737139702
sample_19,11382,14357,68910.0,8382892.5,0.011844531632959843,0.0038709896616637707
sample_19,11382,14358,68915.0,8382892.5,0.005097780376672745,0.007841784507036209
sample_19,11382,14359,68920.0,8382892.5,0.004712307825684547,0.020566601306200027
sample_19,11382,14360,68925.0,8382892.5,0.010525017976760864,0.0023390185087919235
sample_19,11382,14361,68930.0,8382892.5,0.0020265746861696243,0.0012557811569422483
sample_19,11382,14362,68935.0,8382892.5,0.017204977571964264,0.004107105545699596
sample_19,11382,14363,68940.0,8382892.5,0.006216380745172501,0.009045245125889778
sample_19,11382,14364,68945.0,8382892.5,0.008514170534908772,0.009197009727358818
sample_19,11382,14365,68950.0,8382892.5,0.0005329508567228913,0.0022770012728869915
sample_20,9374,14792,71085.0,8402972.5,0.030465591698884964,0.003914094064384699
sample_20,9374,14793,71090.0,8402972.5,0.010521572083234787,0.007379476446658373
sample_20,9374,14794,71095.0,8402972.5,0.010716601274907589,0.00719858892261982
sample_20,9374,14795,71100.0,8402972.5,0.005768872331827879,0.003874007612466812
sample_20,9374,14796,71105.0,8402972.5,0.015886932611465454,0.008166107349097729
sample_20,9374,14797,71110.0,8402972.5,0.015549594536423683,0.021950721740722656
sample_20,9374,14798,71115.0,8402972.5,0.02106422185897827,0.006751015782356262
sample_20,9374,14799,71120.0,8402972.5,0.012761947698891163,0.00515367416664958
sample_20,9374,14800,71125.0,8402972.5,0.007465646602213383,0.005209965631365776
sample_20,9374,14801,71130.0,8402972.5,0.011561933904886246,0.003447557333856821
sample_20,9374,14802,71135.0,8402972.5,0.013505160808563232,0.006562314927577972
sample_20,9374,14803,71140.0,8402972.5,0.007432696409523487,0.0036379466764628887
sample_20,9374,14804,71145.0,8402972.5,0.006886606104671955,0.005233372561633587
sample_20,9374,14805,71150.0,8402972.5,0.003939720802009106,0.0015810022596269846
sample_20,9374,14806,71155.0,8402972.5,0.005552719812840223,0.007250651717185974
sample_20,9374,14807,71160.0,8402972.5,0.007893395610153675,0.003746609203517437
sample_20,9374,14808,71165.0,8402972.5,0.027089999988675117,0.0050703296437859535
sample_20,9374,14809,71170.0,8402972.5,0.002250265097245574,0.0074447328224778175
sample_20,9374,14810,71175.0,8402972.5,0.007690839469432831,0.026312638074159622
sample_20,9374,14811,71180.0,8402972.5,0.0073853167705237865,0.003123984904959798
sample_20,9374,14812,71185.0,8402972.5,0.005695776082575321,0.004246789030730724
sample_20,9374,14813,71190.0,8402972.5,0.01615566946566105,0.002784083364531398
sample_20,9374,14814,71195.0,8402972.5,0.006559575907886028,0.0030210588593035936
sample_20,9374,14815,71200.0,8402972.5,0.025711186230182648,0.008116886019706726
sample_20,9374,14816,71205.0,8402972.5,0.019216708838939667,0.004084059502929449
sample_20,9374,14817,71210.0,8402972.5,0.012896524742245674,0.0013432539999485016
sample_20,9374,14818,71215.0,8402972.5,0.026399031281471252,0.0019415089627727866
sample_20,9374,14819,71220.0,8402972.5,0.004740738309919834,0.0018942896276712418
sample_20,9374,14820,71225.0,8402972.5,0.010776317678391933,0.009348510764539242
sample_20,9374,14821,71230.0,8402972.5,0.002547570737078786,0.004874787293374538
sample_20,9374,14822,71235.0,8402972.5,0.004236316308379173,0.0012712650932371616
sample_20,9374,14823,71240.0,8402972.5,0.0007371988031081855,0.013091910630464554
sample_20,9374,14824,71245.0,8402972.5,0.016324084252119064,0.005055737681686878
sample_20,9374,14825,71250.0,8402972.5,0.01084127277135849,0.01256176084280014
sample_20,9374,14826,71255.0,8402972.5,0.012628783471882343,0.006002602633088827
sample_20,9374,14827,71260.0,8402972.5,0.01506284810602665,0.0012276731431484222
sample_20,9375,14789,71070.0,8402962.5,0.004685836378484964,0.008147026412189007
sample_20,9375,14790,71075.0,8402962.5,0.008226762525737286,0.006027495954185724
sample_20,9375,14791,71080.0,8402962.5,0.02805088460445404,0.0033089297357946634
sample_20,9375,14792,71085.0,8402962.5,0.010553145781159401,0.0056228539906442165
sample_20,9375,14793,71090.0,8402962.5,0.03169861063361168,0.005887513514608145
sample_20,9375,14794,71095.0,8402962.5,0.01926489546895027,0.001025057048536837
sample_20,9375,14795,71100.0,8402962.5,0.005239494610577822,0.002092494163662195
sample_20,9375,14796,71105.0,8402962.5,0.019749043509364128,0.006770455278456211
sample_20,9375,14797,71110.0,8402962.5,0.017821544781327248,0.0018317026551812887
sample_20,9375,14798,71115.0,8402962.5,0.016080908477306366,0.004026436246931553
sample_20,9375,14799,71120.0,8402962.5,0.015833593904972076,0.0019678636454045773
sample_20,9375,14800,71125.0,8402962.5,0.003474458120763302,0.003126154188066721
sample_20,9375,14801,71130.0,8402962.5,0.00372350518591702,0.005544501822441816
sample_20,9375,14802,71135.0,8402962.5,0.005981745198369026,0.0023081100080162287
sample_20,9375,14803,71140.0,8402962.5,0.015481184236705303,0.0050430940464138985
sample_20,9375,14804,71145.0,8402962.5,0.026192117482423782,0.004739714786410332
sample_20,9375,14805,71150.0,8402962.5,0.00960644893348217,0.001977290026843548
sample_20,9375,14806,71155.0,8402962.5,0.00601485650986433,0.01335910614579916
sample_20,9375,14807,71160.0,8402962.5,0.003618501592427492,0.010379655286669731
sample_20,9375,14808,71165.0,8402962.5,0.004852702375501394,0.005404344759881496
sample_20,9375,14809,71170.0,8402962.5,0.00894569605588913,0.02162766270339489
sample_20,9375,14810,71175.0,8402962.5,0.0282173790037632,0.008386385627090931
sample_20,9375,14811,71180.0,8402962.5,0.008056925609707832,0.0063617536798119545
sample_20,9375,14812,71185.0,8402962.5,0.01907055824995041,0.002227605087682605
sample_20,9375,14813,71190.0,8402962.5,0.0047058891505002975,0.004060286562889814
sample_20,9375,14814,71195.0,8402962.5,0.014635155908763409,0.002340159844607115
sample_20,9375,14815,71200.0,8402962.5,0.010081800632178783,0.006521413568407297
sample_20,9375,14816,71205.0,8402962.5,0.031234662979841232,0.010606130585074425
sample_20,9375,14817,71210.0,8402962.5,0.01068766787648201,0.009426330216228962
sample_20,9375,14818,71215.0,8402962.5,0.017109116539359093,0.0012147565139457583
sample_20,9375,14819,71220.0,8402962.5,0.021564994007349014,0.011549904942512512
sample_20,9375,14820,71225.0,8402962.5,0.027321208268404007,0.0053422157652676105
sample_20,9375,14821,71230.0,8402962.5,0.0035987156443297863,0.003540991572663188
sample_20,9375,14822,71235.0,8402962.5,0.01951972208917141,0.0013474759180098772
sample_20,9375,14823,71240.0,8402962.5,0.01162058487534523,0.0048986091278493404
sample_20,9375,14824,71245.0,8402962.5,0.03759100288152695,0.0041428483091294765
sample_20,9375,14825,71250.0,8402962.5,0.03783859312534332,0.0022400710731744766
sample_20,9375,14826,71255.0,8402962.5,0.0017224636394530535,0.0013968389248475432
sample_20,9375,14827,71260.0,8402962.5,0.019777707755565643,0.006333680357784033
sample_20,9376,14789,71070.0,8402952.5,0.007750814780592918,0.004347679670900106
sample_20,9376,14790,71075.0,8402952.5,0.04354037344455719,0.004346650559455156
sample_20,9376,14791,71080.0,8402952.5,0.015043668448925018,0.0003025176119990647
sample_20,9376,14792,71085.0,8402952.5,0.024487487971782684,0.0029270723462104797
sample_20,9376,14793,71090.0,8402952.5,0.017318105325102806,0.013804690912365913
sample_20,9376,14794,71095.0,8402952.5,0.010213198140263557,0.002535114996135235
sample_20,9376,14795,71100.0,8402952.5,0.022757358849048615,0.00911710411310196
sample_20,9376,14796,71105.0,8402952.5,0.03349084407091141,0.010745779611170292
sample_20,9376,14797,71110.0,8402952.5,0.012502254918217659,0.004166300408542156
sample_20,9376,14798,71115.0,8402952.5,0.009702453389763832,0.002343364991247654
sample_20,9376,14799,71120.0,8402952.5,0.0024857083335518837,0.005780077539384365
sample_20,9376,14800,71125.0,8402952.5,0.0007280618883669376,0.0018294119508937001
sample_20,9376,14801,71130.0,8402952.5,0.03256736323237419,0.007798563688993454
sample_20,9376,14802,71135.0,8402952.5,0.011760853230953217,0.008466657251119614
sample_20,9376,14803,71140.0,8402952.5,0.03410979360342026,0.0067870537750422955
sample_20,9376,14804,71145.0,8402952.5,0.009572422131896019,0.008564326912164688
sample_20,9376,14805,71150.0,8402952.5,0.028541982173919678,0.010595228523015976
sample_20,9376,14806,71155.0,8402952.5,0.023728303611278534,0.00410281028598547
sample_20,9376,14807,71160.0,8402952.5,0.05194055289030075,0.002443953650072217
sample_20,9376,14808,71165.0,8402952.5,0.019302010536193848,0.010124815627932549
sample_20,9376,14809,71170.0,8402952.5,0.016872897744178772,0.004839418455958366
sample_20,9376,14810,71175.0,8402952.5,0.010352585464715958,0.0021683925297111273
sample_20,9376,14811,71180.0,8402952.5,0.02908233366906643,0.006187068298459053
sample_20,9376,14812,71185.0,8402952.5,0.004927547182887793,0.015086540952324867
sample_20,9376,14813,71190.0,8402952.5,0.013260122388601303,0.0031180186197161674
sample_20,9376,14814,71195.0,8402952.5,0.024218030273914337,0.00421614944934845
sample_20,9376,14815,71200.0,8402952.5,0.004800118040293455,0.0034173810854554176
sample_20,9376,14816,71205.0,8402952.5,0.0020852498710155487,0.007080384995788336
sample_20,9376,14817,71210.0,8402952.5,0.019729647785425186,0.00378031050786376
sample_20,9376,14818,71215.0,8402952.5,0.00990701001137495,0.0034548465628176928
sample_20,9376,14819,71220.0,8402952.5,0.0033429618924856186,0.0013523895759135485
sample_20,9376,14820,71225.0,8402952.5,0.008761879056692123,0.007144189905375242
sample_20,9376,14821,71230.0,8402952.5,0.00023177448019851,0.00803676899522543
sample_20,9376,14822,71235.0,8402952.5,0.004251493141055107,0.001589317573234439
sample_20,9376,14823,71240.0,8402952.5,0.0024296066258102655,0.009857194498181343
sample_20,9376,14824,71245.0,8402952.5,0.022295162081718445,0.0019950789865106344
sample_20,9376,14825,71250.0,8402952.5,0.03074595332145691,0.0023160683922469616
sample_20,9376,14826,71255.0,8402952.5,0.009849430061876774,0.009664293378591537
sample_20,9376,14827,71260.0,8402952.5,0.006888749077916145,0.014812227338552475
sample_20,9377,14789,71070.0,8402942.5,0.020483357831835747,0.0024159480817615986
sample_20,9377,14790,71075.0,8402942.5,0.015600563026964664,0.01020391657948494
sample_20,9377,14791,71080.0,8402942.5,0.009930511005222797,0.009878793731331825
sample_20,9377,14792,71085.0,8402942.5,0.008808517828583717,0.0019048983231186867
sample_20,9377,14793,71090.0,8402942.5,0.01958278939127922,0.003159495536237955
sample_20,9377,14794,71095.0,8402942.5,0.005420194938778877,0.0041751498356461525
sample_20,9377,14795,71100.0,8402942.5,0.014327199198305607,0.004723384045064449
sample_20,9377,14796,71105.0,8402942.5,0.011144709773361683,0.0037469230592250824
sample_20,9377,14797,71110.0,8402942.5,0.00729608628898859,0.006430635694414377
sample_20,9377,14798,71115.0,8402942.5,0.02493535354733467,0.0054881083779037
sample_20,9377,14799,71120.0,8402942.5,0.005736236460506916,0.0019232677295804024
sample_20,9377,14800,71125.0,8402942.5,0.002126335632055998,0.01796204224228859
sample_20,9377,14801,71130.0,8402942.5,0.005300187971442938,0.0008685351931490004
sample_20,9377,14802,71135.0,8402942.5,0.0025700468104332685,0.008683684282004833
sample_20,9377,14803,71140.0,8402942.5,0.027818825095891953,0.013672711327672005
sample_20,9377,14804,71145.0,8402942.5,0.008898180909454823,0.010782134719192982
sample_20,9377,14805,71150.0,8402942.5,0.043329909443855286,0.00988740660250187
sample_20,9377,14806,71155.0,8402942.5,0.014367163181304932,0.005278429482132196
sample_20,9377,14807,71160.0,8402942.5,0.006304129026830196,0.0023026522248983383
sample_20,9377,14808,71165.0,8402942.5,0.0022412175312638283,0.0017784914234653115
sample_20,9377,14809,71170.0,8402942.5,0.020323893055319786,0.005341031588613987
sample_20,9377,14810,71175.0,8402942.5,0.016395948827266693,0.005163762718439102
sample_20,9377,14811,71180.0,8402942.5,0.002070457674562931,0.00984091404825449
sample_20,9377,14812,71185.0,8402942.5,0.013721410185098648,0.0008395978366024792
sample_20,9377,14813,71190.0,8402942.5,0.008399014361202717,0.002074006712064147
sample_20,9377,14814,71195.0,8402942.5,0.0007072804728522897,0.007026907987892628
sample_20,9377,14815,71200.0,8402942.5,0.0063217272982001305,0.005114745814353228
sample_20,9377,14816,71205.0,8402942.5,0.016644131392240524,0.0016975428443402052
sample_20,9377,14817,71210.0,8402942.5,0.003514291252940893,0.0021082202438265085
sample_20,9377,14818,71215.0,8402942.5,0.01315257977694273,0.003716900013387203
sample_20,9377,14819,71220.0,8402942.5,0.019786594435572624,0.0025121597573161125
sample_20,9377,14820,71225.0,8402942.5,0.04195861890912056,0.0036493747029453516
sample_20,9377,14821,71230.0,8402942.5,0.004596270155161619,0.005726397968828678
sample_20,9377,14822,71235.0,8402942.5,0.01910274103283882,0.006496410816907883
sample_20,9377,14823,71240.0,8402942.5,0.015689101070165634,0.00028629659209400415
sample_20,9377,14824,71245.0,8402942.5,0.0009456317638978362,0.006697692908346653
sample_20,9377,14825,71250.0,8402942.5,0.027082057669758797,0.0007975350599735975
sample_20,9377,14826,71255.0,8402942.5,0.007962197065353394,0.007439711131155491
sample_20,9377,14827,71260.0,8402942.5,0.019307753071188927,0.004241222515702248
sample_20,9378,14789,71070.0,8402932.5,0.014918278902769089,0.014490338042378426
sample_20,9378,14790,71075.0,8402932.5,0.04320749640464783,0.006563300266861916
sample_20,9378,14791,71080.0,8402932.5,0.016731461510062218,0.0048315078020095825
sample_20,9378,14792,71085.0,8402932.5,0.003293032292276621,0.0026010090950876474
sample_20,9378,14793,71090.0,8402932.5,0.01770666614174843,0.0015966095961630344
sample_20,9378,14794,71095.0,8402932.5,0.012903538532555103,0.003894933732226491
sample_20,9378,14795,71100.0,8402932.5,0.022673606872558594,0.0024744155816733837
sample_20,9378,14796,71105.0,8402932.5,0.0002690684050321579,0.010062234476208687
sample_20,9378,14797,71110.0,8402932.5,0.0018579426687210798,0.009522597305476665
sample_20,9378,14798,71115.0,8402932.5,0.005678216926753521,0.00277344835922122
sample_20,9378,14799,71120.0,8402932.5,0.014331385493278503,0.0026809684932231903
sample_20,9378,14800,71125.0,8402932.5,0.02033872716128826,0.002601105719804764
sample_20,9378,14801,71130.0,8402932.5,0.011747509241104126,0.012519058771431446
sample_20,9378,14802,71135.0,8402932.5,0.0022611981257796288,0.0012458075070753694
sample_20,9378,14803,71140.0,8402932.5,0.00502209085971117,0.008312796242535114
sample_20,9378,14804,71145.0,8402932.5,0.008317016996443272,0.00524951471015811
sample_20,9378,14805,71150.0,8402932.5,0.00581693509593606,0.00796931330114603
sample_20,9378,14806,71155.0,8402932.5,0.010891656391322613,0.006439513526856899
sample_20,9378,14807,71160.0,8402932.5,0.004457087721675634,0.006699006073176861
sample_20,9378,14808,71165.0,8402932.5,0.009169109165668488,0.003283608937636018
sample_20,9378,14809,71170.0,8402932.5,0.012232092209160328,0.0018778725061565638
sample_20,9378,14810,71175.0,8402932.5,0.037998028099536896,0.005510314367711544
sample_20,9378,14811,71180.0,8402932.5,0.006906098686158657,0.001145720947533846
sample_20,9378,14812,71185.0,8402932.5,0.004327397793531418,0.002223648363724351
sample_20,9378,14813,71190.0,8402932.5,0.007485696114599705,0.0014475766802206635
sample_20,9378,14814,71195.0,8402932.5,0.025242581963539124,0.0075432416051626205
sample_20,9378,14815,71200.0,8402932.5,0.008049418218433857,0.011496545746922493
sample_20,9378,14816,71205.0,8402932.5,0.0018275901675224304,0.008958645164966583
sample_20,9378,14817,71210.0,8402932.5,0.003756328485906124,0.0044519491493701935
sample_20,9378,14818,71215.0,8402932.5,0.028504375368356705,0.0018555409042164683
sample_20,9378,14819,71220.0,8402932.5,0.027088310569524765,0.006705882027745247
sample_20,9378,14820,71225.0,8402932.5,0.018147200345993042,0.013264404609799385
sample_20,9378,14821,71230.0,8402932.5,0.012327015399932861,0.006205919198691845
sample_20,9378,14822,71235.0,8402932.5,0.011916032992303371,0.0035689487121999264
sample_20,9378,14823,71240.0,8402932.5,0.032757192850112915,0.007925929501652718
sample_20,9378,14824,71245.0,8402932.5,0.005871085450053215,0.009008912369608879
sample_20,9378,14825,71250.0,8402932.5,0.007273213472217321,0.003958182409405708
sample_20,9378,14826,71255.0,8402932.5,0.024467380717396736,0.01142776757478714
sample_20,9378,14827,71260.0,8402932.5,0.014501189813017845,0.0034169547725468874
sample_20,9379,14789,71070.0,8402922.5,0.01956464909017086,0.0018373321508988738
sample_20,9379,14790,71075.0,8402922.5,0.0446883887052536,0.0044546485878527164
sample_20,9379,14791,71080.0,8402922.5,0.008798184804618359,0.014754082076251507
sample_20,9379,14792,71085.0,8402922.5,0.0036406759172677994,0.0068886480294167995
sample_20,9379,14793,71090.0,8402922.5,0.00438427459448576,0.009682432748377323
sample_20,9379,14794,71095.0,8402922.5,0.003117488930001855,0.0004941555089317262
sample_20,9379,14795,71100.0,8402922.5,0.012011810205876827,0.004364131949841976
sample_20,9379,14796,71105.0,8402922.5,0.00936986319720745,0.003752727061510086
sample_20,9379,14797,71110.0,8402922.5,0.013560323044657707,0.004344226326793432
sample_20,9379,14798,71115.0,8402922.5,0.00959667656570673,0.0012753693154081702
sample_20,9379,14799,71120.0,8402922.5,0.01041333843022585,0.0033982989843934774
sample_20,9379,14800,71125.0,8402922.5,0.02635299786925316,0.0020004180260002613
sample_20,9379,14801,71130.0,8402922.5,0.004423627629876137,0.002069884678348899
sample_20,9379,14802,71135.0,8402922.5,0.006937711499631405,0.008975266478955746
sample_20,9379,14803,71140.0,8402922.5,0.03841673582792282,0.006310528144240379
sample_20,9379,14804,71145.0,8402922.5,0.020502567291259766,0.0016612638719379902
sample_20,9379,14805,71150.0,8402922.5,0.003320499090477824,0.0006906422204338014
sample_20,9379,14806,71155.0,8402922.5,0.012498315423727036,0.0020152777433395386
sample_20,9379,14807,71160.0,8402922.5,0.0313476100564003,0.0019792290404438972
sample_20,9379,14808,71165.0,8402922.5,0.005384116433560848,0.011237134225666523
sample_20,9379,14809,71170.0,8402922.5,0.01624011993408203,0.0010266591561958194
sample_20,9379,14810,71175.0,8402922.5,0.010073798708617687,0.007883617654442787
sample_20,9379,14811,71180.0,8402922.5,0.037145454436540604,0.0028781548608094454
sample_20,9379,14812,71185.0,8402922.5,0.005565431900322437,0.003371037309989333
sample_20,9379,14813,71190.0,8402922.5,0.010329151526093483,0.0040198820643126965
sample_20,9379,14814,71195.0,8402922.5,0.01770228147506714,0.0025749672204256058
sample_20,9379,14815,71200.0,8402922.5,0.005476850084960461,0.0026430897414684296
sample_20,9379,14816,71205.0,8402922.5,0.006168864201754332,0.013658406212925911
sample_20,9379,14817,71210.0,8402922.5,0.015764858573675156,0.002382578793913126
sample_20,9379,14818,71215.0,8402922.5,0.03506778925657272,0.005044417455792427
sample_20,9379,14819,71220.0,8402922.5,0.031386710703372955,0.010570572689175606
sample_20,9379,14820,71225.0,8402922.5,0.009214825928211212,0.00047094779438339174
sample_20,9379,14821,71230.0,8402922.5,0.014996025711297989,0.002476390916854143
sample_20,9379,14822,71235.0,8402922.5,0.015120768919587135,0.0026545801665633917
sample_20,9379,14823,71240.0,8402922.5,0.005544531159102917,0.0025964577216655016
sample_20,9379,14824,71245.0,8402922.5,0.012945836409926414,0.00100199063308537
sample_20,9379,14825,71250.0,8402922.5,0.015620475634932518,0.00047691824147477746
sample_20,9379,14826,71255.0,8402922.5,0.012943828478455544,0.004044537898153067
sample_20,9379,14827,71260.0,8402922.5,0.012858408503234386,0.01124241016805172
sample_20,9380,14789,71070.0,8402912.5,0.012634264305233955,0.010706587694585323
sample_20,9380,14790,71075.0,8402912.5,0.05251220613718033,0.010042780078947544
sample_20,9380,14791,71080.0,8402912.5,0.03073091432452202,0.002456698101013899
sample_20,9380,14792,71085.0,8402912.5,0.0010951844742521644,0.0012101938482373953
sample_20,9380,14793,71090.0,8402912.5,0.0072820549830794334,0.003392208833247423
sample_20,9380,14794,71095.0,8402912.5,0.019417913630604744,0.014136847108602524
sample_20,9380,14795,71100.0,8402912.5,0.007697961758822203,0.007065915502607822
sample_20,9380,14796,71105.0,8402912.5,0.045477911829948425,0.0005238111480139196
sample_20,9380,14797,71110.0,8402912.5,0.02662929706275463,0.012901314534246922
sample_20,9380,14798,71115.0,8402912.5,0.018666768446564674,0.008281351998448372
sample_20,9380,14799,71120.0,8402912.5,0.011452685110270977,0.003776124445721507
sample_20,9380,14800,71125.0,8402912.5,0.026547830551862717,0.004145798273384571
sample_20,9380,14801,71130.0,8402912.5,0.04989810287952423,0.003324445802718401
sample_20,9380,14802,71135.0,8402912.5,0.026622164994478226,0.010152213275432587
sample_20,9380,14803,71140.0,8402912.5,0.01872020773589611,0.0048234430141747
sample_20,9380,14804,71145.0,8402912.5,0.038456179201602936,0.006527278572320938
sample_20,9380,14805,71150.0,8402912.5,0.01739603467285633,0.0015564818168058991
sample_20,9380,14806,71155.0,8402912.5,0.005719331093132496,0.00880307238548994
sample_20,9380,14807,71160.0,8402912.5,0.002710806904360652,0.012501640245318413
sample_20,9380,14808,71165.0,8402912.5,0.018530195578932762,0.005384413991123438
sample_20,9380,14809,71170.0,8402912.5,0.021512195467948914,0.002958057913929224
sample_20,9380,14810,71175.0,8402912.5,0.004352852236479521,0.0013869868125766516
sample_20,9380,14811,71180.0,8402912.5,0.0022529764100909233,0.0011872216127812862
sample_20,9380,14812,71185.0,8402912.5,0.008704472333192825,0.005650954786688089
sample_20,9380,14813,71190.0,8402912.5,0.009588688611984253,0.002927459543570876
sample_20,9380,14814,71195.0,8402912.5,0.013058802112936974,0.004613048397004604
sample_20,9380,14815,71200.0,8402912.5,0.015187794342637062,0.0031594987958669662
sample_20,9380,14816,71205.0,8402912.5,0.008526363410055637,0.007468382362276316
sample_20,9380,14817,71210.0,8402912.5,0.014134789817035198,0.010668955743312836
sample_20,9380,14818,71215.0,8402912.5,0.011955119669437408,0.00401686504483223
sample_20,9380,14819,71220.0,8402912.5,0.01356921624392271,0.002482278971001506
sample_20,9380,14820,71225.0,8402912.5,0.017045091837644577,0.00592582393437624
sample_20,9380,14821,71230.0,8402912.5,0.011679021641612053,0.011905135586857796
sample_20,9380,14822,71235.0,8402912.5,0.0025015557184815407,0.008010477758944035
sample_20,9380,14823,71240.0,8402912.5,0.008907039649784565,0.006824850104749203
sample_20,9380,14824,71245.0,8402912.5,0.026796109974384308,0.007878683507442474
sample_20,9380,14825,71250.0,8402912.5,0.022037813439965248,0.0016014499124139547
sample_20,9380,14826,71255.0,8402912.5,0.010993367992341518,0.0011055353097617626
sample_20,9380,14827,71260.0,8402912.5,0.011083345860242844,0.003644350916147232
sample_20,9381,14789,71070.0,8402902.5,0.006200164556503296,0.006685223430395126
sample_20,9381,14790,71075.0,8402902.5,0.0065864818170666695,0.008654396049678326
sample_20,9381,14791,71080.0,8402902.5,0.009739367291331291,0.007412111386656761
sample_20,9381,14792,71085.0,8402902.5,0.01511058583855629,0.00335987308062613
sample_20,9381,14793,71090.0,8402902.5,0.017865967005491257,0.0044219959527254105
sample_20,9381,14794,71095.0,8402902.5,0.021764123812317848,0.014189359731972218
sample_20,9381,14795,71100.0,8402902.5,0.006664786953479052,0.00227632955648005
sample_20,9381,14796,71105.0,8402902.5,0.016083011403679848,0.004159117117524147
sample_20,9381,14797,71110.0,8402902.5,0.0034773522056639194,0.0025179509539157152
sample_20,9381,14798,71115.0,8402902.5,0.020205920562148094,0.0010652898345142603
sample_20,9381,14799,71120.0,8402902.5,0.0050475383177399635,0.004698504228144884
sample_20,9381,14800,71125.0,8402902.5,0.00800471194088459,0.004130889195948839
sample_20,9381,14801,71130.0,8402902.5,0.01592973992228508,0.00844256766140461
sample_20,9381,14802,71135.0,8402902.5,0.039242006838321686,0.005572345573455095
sample_20,9381,14803,71140.0,8402902.5,0.017293378710746765,0.015420953743159771
sample_20,9381,14804,71145.0,8402902.5,0.03125157579779625,0.005454160273075104
sample_20,9381,14805,71150.0,8402902.5,0.007632691413164139,0.01272109616547823
sample_20,9381,14806,71155.0,8402902.5,0.014508996158838272,0.006726521998643875
sample_20,9381,14807,71160.0,8402902.5,0.006014680955559015,0.007947980426251888
sample_20,9381,14808,71165.0,8402902.5,0.011417979374527931,0.002439113799482584
sample_20,9381,14809,71170.0,8402902.5,0.006490027531981468,0.012484273873269558
sample_20,9381,14810,71175.0,8402902.5,0.015514977276325226,0.008901601657271385
sample_20,9381,14811,71180.0,8402902.5,0.014638341031968594,0.005774191580712795
sample_20,9381,14812,71185.0,8402902.5,0.010118757374584675,0.0028924024663865566
sample_20,9381,14813,71190.0,8402902.5,0.005389492493122816,0.004988371394574642
sample_20,9381,14814,71195.0,8402902.5,0.010579168796539307,0.00452085305005312
sample_20,9381,14815,71200.0,8402902.5,0.023706041276454926,0.011693095788359642
sample_20,9381,14816,71205.0,8402902.5,0.024632932618260384,0.0074683381244540215
sample_20,9381,14817,71210.0,8402902.5,0.02502535656094551,0.007159750908613205
sample_20,9381,14818,71215.0,8402902.5,0.05348049849271774,0.005431730300188065
sample_20,9381,14819,71220.0,8402902.5,0.038297489285469055,0.0046699028462171555
sample_20,9381,14820,71225.0,8402902.5,0.0312669612467289,0.010134268552064896
sample_20,9381,14821,71230.0,8402902.5,0.02699737250804901,0.00423563364893198
sample_20,9381,14822,71235.0,8402902.5,0.007863108068704605,0.0026211279910057783
sample_20,9381,14823,71240.0,8402902.5,0.00511676911264658,0.0006500708404928446
sample_20,9381,14824,71245.0,8402902.5,0.0037485987413674593,0.011466198600828648
sample_20,9381,14825,71250.0,8402902.5,0.007663431111723185,0.009584273211658001
sample_20,9381,14826,71255.0,8402902.5,0.016068825498223305,0.0059415120631456375
sample_20,9381,14827,71260.0,8402902.5,0.005061693489551544,0.00728193111717701
sample_20,9382,14789,71070.0,8402892.5,0.014246294274926186,0.007096775807440281
sample_20,9382,14790,71075.0,8402892.5,0.032192859798669815,0.0013721681898459792
sample_20,9382,14791,71080.0,8402892.5,0.018465500324964523,0.005149710923433304
sample_20,9382,14792,71085.0,8402892.5,0.03437675163149834,0.0015079944860190153
sample_20,9382,14793,71090.0,8402892.5,0.0017961999401450157,0.005122533068060875
sample_20,9382,14794,71095.0,8402892.5,0.004247632808983326,0.009022193029522896
sample_20,9382,14795,71100.0,8402892.5,0.030282415449619293,0.0026404093950986862
sample_20,9382,14796,71105.0,8402892.5,0.011048580519855022,0.005450744181871414
sample_20,9382,14797,71110.0,8402892.5,0.03271940350532532,0.0058920797891914845
sample_20,9382,14798,71115.0,8402892.5,0.010325427167117596,0.0038289171643555164
sample_20,9382,14799,71120.0,8402892.5,0.002807426732033491,0.012326843105256557
sample_20,9382,14800,71125.0,8402892.5,0.017019614577293396,0.005936805624514818
sample_20,9382,14801,71130.0,8402892.5,0.00960281677544117,0.002200833521783352
sample_20,9382,14802,71135.0,8402892.5,0.012165551073849201,0.0006340278196148574
sample_20,9382,14803,71140.0,8402892.5,0.005715585313737392,0.00544467568397522
sample_20,9382,14804,71145.0,8402892.5,0.024829072877764702,0.003015603870153427
sample_20,9382,14805,71150.0,8402892.5,0.009341009892523289,0.0016404390335083008
sample_20,9382,14806,71155.0,8402892.5,0.018910419195890427,0.0025223351549357176
sample_20,9382,14807,71160.0,8402892.5,0.014066747389733791,0.005308374296873808
sample_20,9382,14808,71165.0,8402892.5,0.025083597749471664,0.002079202327877283
sample_20,9382,14809,71170.0,8402892.5,0.014799730852246284,0.005729321390390396
sample_20,9382,14810,71175.0,8402892.5,0.018702203407883644,0.008339675143361092
sample_20,9382,14811,71180.0,8402892.5,0.0010240375995635986,0.0009245044784620404
sample_20,9382,14812,71185.0,8402892.5,0.002987125888466835,0.0031717095989733934
sample_20,9382,14813,71190.0,8402892.5,0.004847771488130093,0.011637719348073006
sample_20,9382,14814,71195.0,8402892.5,0.02502056211233139,0.008265893906354904
sample_20,9382,14815,71200.0,8402892.5,0.005991505458950996,0.000507565273437649
sample_20,9382,14816,71205.0,8402892.5,0.02414296753704548,0.003153923898935318
sample_20,9382,14817,71210.0,8402892.5,0.015171734616160393,0.012132103554904461
sample_20,9382,14818,71215.0,8402892.5,0.026507368311285973,0.01442778017371893
sample_20,9382,14819,71220.0,8402892.5,0.046210724860429764,0.009795088320970535
sample_20,9382,14820,71225.0,8402892.5,0.014176063239574432,0.001281860750168562
sample_20,9382,14821,71230.0,8402892.5,0.010446960106492043,0.003740752348676324
sample_20,9382,14822,71235.0,8402892.5,0.0027065076865255833,0.0004245416494086385
sample_20,9382,14823,71240.0,8402892.5,0.006474612280726433,0.004593021236360073
sample_20,9382,14824,71245.0,8402892.5,0.019680140540003777,0.020611274987459183
sample_20,9382,14825,71250.0,8402892.5,0.005920598283410072,0.0029746792279183865
sample_20,9382,14826,71255.0,8402892.5,0.018495390191674232,0.007383234798908234
sample_20,9382,14827,71260.0,8402892.5,0.02379700355231762,0.003393076825886965
sample_20,9383,14789,71070.0,8402882.5,0.0171283520758152,0.0013650828041136265
sample_20,9383,14790,71075.0,8402882.5,0.007106521632522345,0.00570068322122097
sample_20,9383,14791,71080.0,8402882.5,0.011795850470662117,0.00420423224568367
sample_20,9383,14792,71085.0,8402882.5,0.028673134744167328,0.0026613057125359774
sample_20,9383,14793,71090.0,8402882.5,0.03092481568455696,0.005437852349132299
sample_20,9383,14794,71095.0,8402882.5,0.01928979903459549,0.0074357157573103905
sample_20,9383,14795,71100.0,8402882.5,0.05880650877952576,0.005814726930111647
sample_20,9383,14796,71105.0,8402882.5,0.0023409046698361635,0.0009572631679475307
sample_20,9383,14797,71110.0,8402882.5,0.011397432535886765,0.0031735943630337715
sample_20,9383,14798,71115.0,8402882.5,0.0002971439389511943,0.0051199644804000854
sample_20,9383,14799,71120.0,8402882.5,0.012782003730535507,0.0018590203253552318
sample_20,9383,14800,71125.0,8402882.5,0.006076355464756489,0.004186898469924927
sample_20,9383,14801,71130.0,8402882.5,0.012487387284636497,0.0016523788217455149
sample_20,9383,14802,71135.0,8402882.5,0.007771683856844902,0.004424303770065308
sample_20,9383,14803,71140.0,8402882.5,0.011959724128246307,0.0027434504590928555
sample_20,9383,14804,71145.0,8402882.5,0.00594032509252429,0.0020143850706517696
sample_20,9383,14805,71150.0,8402882.5,0.03814402595162392,0.0038640708662569523
sample_20,9383,14806,71155.0,8402882.5,0.002282237634062767,0.004205562639981508
sample_20,9383,14807,71160.0,8402882.5,0.010530239902436733,0.0019962480291724205
sample_20,9383,14808,71165.0,8402882.5,0.01027348730713129,0.0029362025670707226
sample_20,9383,14809,71170.0,8402882.5,0.036244746297597885,0.004191347397863865
sample_20,9383,14810,71175.0,8402882.5,0.005792189389467239,0.01674913987517357
sample_20,9383,14811,71180.0,8402882.5,0.007560237776488066,0.008145369589328766
sample_20,9383,14812,71185.0,8402882.5,0.013324086554348469,0.01057959720492363
sample_20,9383,14813,71190.0,8402882.5,0.017474820837378502,0.014468727633357048
sample_20,9383,14814,71195.0,8402882.5,0.028356552124023438,0.0045706285163760185
sample_20,9383,14815,71200.0,8402882.5,0.022327903658151627,0.0028504719957709312
sample_20,9383,14816,71205.0,8402882.5,0.029322214424610138,0.0032191677019000053
sample_20,9383,14817,71210.0,8402882.5,0.012492315843701363,0.006109451409429312
sample_20,9383,14818,71215.0,8402882.5,0.023404309526085854,0.008893761783838272
sample_20,9383,14819,71220.0,8402882.5,0.020824139937758446,0.00392331276088953
sample_20,9383,14820,71225.0,8402882.5,0.019840318709611893,0.006884139031171799
sample_20,9383,14821,71230.0,8402882.5,0.008311433717608452,0.003886343212798238
sample_20,9383,14822,71235.0,8402882.5,0.018838517367839813,0.0014314271975308657
sample_20,9383,14823,71240.0,8402882.5,0.011154391802847385,0.0026916186325252056
sample_20,9383,14824,71245.0,8402882.5,0.011488079093396664,0.007417317479848862
sample_20,9383,14825,71250.0,8402882.5,0.0031103319488465786,0.006162344943732023
sample_20,9383,14826,71255.0,8402882.5,0.007674873806536198,0.010708268731832504
sample_20,9383,14827,71260.0,8402882.5,0.007232272997498512,0.009450118988752365
sample_20,9384,14789,71070.0,8402872.5,0.009408178739249706,0.0072619495913386345
sample_20,9384,14790,71075.0,8402872.5,0.0046161143109202385,0.001773899421095848
sample_20,9384,14791,71080.0,8402872.5,0.005434902850538492,0.0015903952298685908
sample_20,9384,14792,71085.0,8402872.5,0.0016823807964101434,0.0066290018148720264
sample_20,9384,14793,71090.0,8402872.5,0.025168659165501595,0.0040686363354325294
sample_20,9384,14794,71095.0,8402872.5,0.007701383903622627,0.0008943787543103099
sample_20,9384,14795,71100.0,8402872.5,0.023988043889403343,0.0031236775685101748
sample_20,9384,14796,71105.0,8402872.5,0.0005117548862472177,0.012837126851081848
sample_20,9384,14797,71110.0,8402872.5,0.0035260547883808613,0.0044663893058896065
sample_20,9384,14798,71115.0,8402872.5,0.008672583848237991,0.006416040472686291
sample_20,9384,14799,71120.0,8402872.5,0.01629837416112423,0.01742856577038765
sample_20,9384,14800,71125.0,8402872.5,0.017519040033221245,0.014200824312865734
sample_20,9384,14801,71130.0,8402872.5,0.010217525064945221,0.003077170578762889
sample_20,9384,14802,71135.0,8402872.5,0.006989916320890188,0.016027318313717842
sample_20,9384,14803,71140.0,8402872.5,0.01835360750555992,0.003815857693552971
sample_20,9384,14804,71145.0,8402872.5,0.02785644680261612,0.013420602306723595
sample_20,9384,14805,71150.0,8402872.5,0.007529124151915312,0.006221279501914978
sample_20,9384,14806,71155.0,8402872.5,0.016800975427031517,0.003692904021590948
sample_20,9384,14807,71160.0,8402872.5,0.022321730852127075,0.005691154859960079
sample_20,9384,14808,71165.0,8402872.5,0.007950624451041222,0.009693991392850876
sample_20,9384,14809,71170.0,8402872.5,0.02255547232925892,0.0034065740182995796
sample_20,9384,14810,71175.0,8402872.5,0.0052390932105481625,0.00618016766384244
sample_20,9384,14811,71180.0,8402872.5,0.019360510632395744,0.005141752772033215
sample_20,9384,14812,71185.0,8402872.5,0.025174472481012344,0.011981910094618797
sample_20,9384,14813,71190.0,8402872.5,0.0069136954843997955,0.008617025800049305
sample_20,9384,14814,71195.0,8402872.5,0.007571430876851082,0.0075549231842160225
sample_20,9384,14815,71200.0,8402872.5,0.007160132750868797,0.004071758594363928
sample_20,9384,14816,71205.0,8402872.5,0.007842153310775757,0.0010226578451693058
sample_20,9384,14817,71210.0,8402872.5,0.014016155153512955,0.018658963963389397
sample_20,9384,14818,71215.0,8402872.5,0.0237185750156641,0.004922171123325825
sample_20,9384,14819,71220.0,8402872.5,0.0057523357681930065,0.002968972083181143
sample_20,9384,14820,71225.0,8402872.5,0.01576009951531887,0.005075511056929827
sample_20,9384,14821,71230.0,8402872.5,0.00512748584151268,0.007326638326048851
sample_20,9384,14822,71235.0,8402872.5,0.020865581929683685,0.008676206693053246
sample_20,9384,14823,71240.0,8402872.5,0.018860312178730965,0.0023343334905803204
sample_20,9384,14824,71245.0,8402872.5,0.01681119203567505,0.0036288690753281116
sample_20,9384,14825,71250.0,8402872.5,0.0025000479072332382,0.011895442381501198
sample_20,9384,14826,71255.0,8402872.5,0.02631504461169243,0.010165038518607616
sample_20,9384,14827,71260.0,8402872.5,0.034380726516246796,0.0042822090908885
sample_20,9384,14828,71265.0,8402872.5,0.011561562307178974,0.007883405312895775
sample_20,9385,14790,71075.0,8402862.5,0.009422807022929192,0.0077944858931005
sample_20,9385,14791,71080.0,8402862.5,0.019430259242653847,0.0013996377820149064
sample_20,9385,14792,71085.0,8402862.5,0.008742667734622955,0.0009683008538559079
sample_20,9385,14793,71090.0,8402862.5,0.011419009417295456,0.003919948823750019
sample_20,9385,14794,71095.0,8402862.5,0.009058861061930656,0.001437791041098535
sample_20,9385,14795,71100.0,8402862.5,0.03045003116130829,0.0056022824719548225
sample_20,9385,14796,71105.0,8402862.5,0.01907535269856453,0.0021644667722284794
sample_20,9385,14797,71110.0,8402862.5,0.007021807599812746,0.0015160986222326756
sample_20,9385,14798,71115.0,8402862.5,0.01750592514872551,0.0016386035131290555
sample_20,9385,14799,71120.0,8402862.5,0.014658159576356411,0.018189577385783195
sample_20,9385,14800,71125.0,8402862.5,0.0004001787456218153,0.008990524336695671
sample_20,9385,14801,71130.0,8402862.5,0.0019155496265739202,0.009830731898546219
sample_20,9385,14802,71135.0,8402862.5,0.0009570483234710991,0.001811150461435318
sample_20,9385,14803,71140.0,8402862.5,0.0033345078118145466,0.010373326018452644
sample_20,9385,14804,71145.0,8402862.5,0.006415750365704298,0.016328085213899612
sample_20,9385,14805,71150.0,8402862.5,0.004123668186366558,0.0036693867295980453
sample_20,9385,14806,71155.0,8402862.5,0.009845951572060585,0.005859273485839367
sample_20,9385,14807,71160.0,8402862.5,0.004271333105862141,0.008092380128800869
sample_20,9385,14808,71165.0,8402862.5,0.015919802710413933,0.012943508103489876
sample_20,9385,14809,71170.0,8402862.5,0.009783750399947166,0.004580180626362562
sample_20,9385,14810,71175.0,8402862.5,0.009317398071289062,0.0063804625533521175
sample_20,9385,14811,71180.0,8402862.5,0.007724056486040354,0.011348983272910118
sample_20,9385,14812,71185.0,8402862.5,0.011202216148376465,0.0038948007859289646
sample_20,9385,14813,71190.0,8402862.5,0.0152102867141366,0.005912073887884617
sample_20,9385,14814,71195.0,8402862.5,0.010287373326718807,0.007184997666627169
sample_20,9385,14815,71200.0,8402862.5,0.019135456532239914,0.003260459750890732
sample_20,9385,14816,71205.0,8402862.5,0.002137849573045969,0.009454460814595222
sample_20,9385,14817,71210.0,8402862.5,0.009803380817174911,0.010966788977384567
sample_20,9385,14818,71215.0,8402862.5,0.010418042540550232,0.014705218374729156
sample_20,9385,14819,71220.0,8402862.5,0.010207666084170341,0.026811694726347923
sample_20,9385,14820,71225.0,8402862.5,0.010897204279899597,0.010542355477809906
sample_20,9385,14821,71230.0,8402862.5,0.010843519121408463,0.016780860722064972
sample_20,9385,14822,71235.0,8402862.5,0.012632421217858791,0.013493383303284645
sample_20,9385,14823,71240.0,8402862.5,0.037985432893037796,0.0014346097595989704
sample_20,9385,14824,71245.0,8402862.5,0.008352038450539112,0.002704187296330929
sample_20,9385,14825,71250.0,8402862.5,0.016308367252349854,0.0019057003082707524
sample_20,9385,14826,71255.0,8402862.5,0.01985529251396656,0.003362305462360382
sample_20,9385,14827,71260.0,8402862.5,0.04185047745704651,0.005809370893985033
sample_20,9385,14828,71265.0,8402862.5,0.006662098690867424,0.0036185081116855145
sample_20,9386,14790,71075.0,8402852.5,0.007937520742416382,0.005257217679172754
sample_20,9386,14791,71080.0,8402852.5,0.02114425227046013,0.004076763056218624
sample_20,9386,14792,71085.0,8402852.5,0.0123025206848979,0.0043638343922793865
sample_20,9386,14793,71090.0,8402852.5,0.007378556299954653,0.0025073587894439697
sample_20,9386,14794,71095.0,8402852.5,0.01219180878251791,0.002254623919725418
sample_20,9386,14795,71100.0,8402852.5,0.006697501987218857,0.008380209095776081
sample_20,9386,14796,71105.0,8402852.5,0.000844538735691458,0.003855923656374216
sample_20,9386,14797,71110.0,8402852.5,0.007469616364687681,0.011450889520347118
sample_20,9386,14798,71115.0,8402852.5,0.021225184202194214,0.0012863446027040482
sample_20,9386,14799,71120.0,8402852.5,0.01130231935530901,0.004338983446359634
sample_20,9386,14800,71125.0,8402852.5,0.01601608842611313,0.009523053653538227
sample_20,9386,14801,71130.0,8402852.5,0.019334891811013222,0.005855781491845846
sample_20,9386,14802,71135.0,8402852.5,0.004664004314690828,0.006521196570247412
sample_20,9386,14803,71140.0,8402852.5,0.0130777508020401,0.005350771360099316
sample_20,9386,14804,71145.0,8402852.5,0.02313941717147827,0.012895140796899796
sample_20,9386,14805,71150.0,8402852.5,0.010534292086958885,0.008055846206843853
sample_20,9386,14806,71155.0,8402852.5,0.019758455455303192,0.0026539601385593414
sample_20,9386,14807,71160.0,8402852.5,0.005700711626559496,0.003017432987689972
sample_20,9386,14808,71165.0,8402852.5,0.001988642383366823,0.002061199164018035
sample_20,9386,14809,71170.0,8402852.5,0.014793813228607178,0.012048711068928242
sample_20,9386,14810,71175.0,8402852.5,0.005379829555749893,0.005526302382349968
sample_20,9386,14811,71180.0,8402852.5,0.0066855670884251595,0.0005594211397692561
sample_20,9386,14812,71185.0,8402852.5,0.0062502603977918625,0.008132874965667725
sample_20,9386,14813,71190.0,8402852.5,0.06722033023834229,0.002637777477502823
sample_20,9386,14814,71195.0,8402852.5,0.04532753676176071,0.008896363899111748
sample_20,9386,14815,71200.0,8402852.5,0.0073987748473882675,0.0002879201201722026
sample_20,9386,14816,71205.0,8402852.5,0.007047094404697418,0.004274006932973862
sample_20,9386,14817,71210.0,8402852.5,0.013231522403657436,0.010928542353212833
sample_20,9386,14818,71215.0,8402852.5,0.035214636474847794,0.0040131243877112865
sample_20,9386,14819,71220.0,8402852.5,0.03242718055844307,0.00902723427861929
sample_20,9386,14820,71225.0,8402852.5,0.003535616910085082,0.008976816199719906
sample_20,9386,14821,71230.0,8402852.5,0.02264779806137085,0.0044390251860022545
sample_20,9386,14822,71235.0,8402852.5,0.016029560938477516,0.007824365980923176
sample_20,9386,14823,71240.0,8402852.5,0.025628235191106796,0.006201611831784248
sample_20,9386,14824,71245.0,8402852.5,0.011497336439788342,0.0016421732725575566
sample_20,9386,14825,71250.0,8402852.5,0.026645207777619362,0.0017765261000022292
sample_20,9386,14826,71255.0,8402852.5,0.026718636974692345,0.007245606742799282
sample_20,9386,14827,71260.0,8402852.5,0.012246431782841682,0.005436296109110117
sample_20,9386,14828,71265.0,8402852.5,0.010496359318494797,0.005518155172467232
sample_20,9387,14790,71075.0,8402842.5,0.03465094417333603,0.003255945397540927
sample_20,9387,14791,71080.0,8402842.5,0.007159985136240721,0.006518937647342682
sample_20,9387,14792,71085.0,8402842.5,0.01026361808180809,0.00596734881401062
sample_20,9387,14793,71090.0,8402842.5,0.019175978377461433,0.006522162351757288
sample_20,9387,14794,71095.0,8402842.5,0.013860169798135757,0.004116061143577099
sample_20,9387,14795,71100.0,8402842.5,0.042367253452539444,0.008625623770058155
sample_20,9387,14796,71105.0,8402842.5,0.006847081705927849,0.0022720263805240393
sample_20,9387,14797,71110.0,8402842.5,0.020046880468726158,0.006478163879364729
sample_20,9387,14798,71115.0,8402842.5,0.01034805178642273,0.004029559902846813
sample_20,9387,14799,71120.0,8402842.5,0.013867098838090897,0.010798261500895023
sample_20,9387,14800,71125.0,8402842.5,0.003956443164497614,0.013011306524276733
sample_20,9387,14801,71130.0,8402842.5,0.016040585935115814,0.001984118716791272
sample_20,9387,14802,71135.0,8402842.5,0.06817658245563507,0.003440617583692074
sample_20,9387,14803,71140.0,8402842.5,0.028882617130875587,0.008103957399725914
sample_20,9387,14804,71145.0,8402842.5,0.005743947811424732,0.0018850791966542602
sample_20,9387,14805,71150.0,8402842.5,0.0051977611146867275,0.00232134317047894
sample_20,9387,14806,71155.0,8402842.5,0.00318787875585258,0.0016294585075229406
sample_20,9387,14807,71160.0,8402842.5,0.006582607515156269,0.00954130757600069
sample_20,9387,14808,71165.0,8402842.5,0.014275437220931053,0.00441925972700119
sample_20,9387,14809,71170.0,8402842.5,0.0007148131844587624,0.00041809864342212677
sample_20,9387,14810,71175.0,8402842.5,0.027774203568696976,0.0016479732003062963
sample_20,9387,14811,71180.0,8402842.5,0.004108784254640341,0.004028092138469219
sample_20,9387,14812,71185.0,8402842.5,0.013745658099651337,0.0016179539961740375
sample_20,9387,14813,71190.0,8402842.5,0.021989332512021065,0.003676440566778183
sample_20,9387,14814,71195.0,8402842.5,0.028779346495866776,0.008635640144348145
sample_20,9387,14815,71200.0,8402842.5,0.017809025943279266,0.0043022241443395615
sample_20,9387,14816,71205.0,8402842.5,0.03734494373202324,0.0059507545083761215
sample_20,9387,14817,71210.0,8402842.5,0.01563258469104767,0.00897591095417738
sample_20,9387,14818,71215.0,8402842.5,0.020495407283306122,0.002328447764739394
sample_20,9387,14819,71220.0,8402842.5,0.011425167322158813,0.0030539764557033777
sample_20,9387,14820,71225.0,8402842.5,0.011836542747914791,0.004641664680093527
sample_20,9387,14821,71230.0,8402842.5,0.01646658405661583,0.0021954416297376156
sample_20,9387,14822,71235.0,8402842.5,0.007433307822793722,0.0073018805123865604
sample_20,9387,14823,71240.0,8402842.5,0.02125629410147667,0.010402018204331398
sample_20,9387,14824,71245.0,8402842.5,0.03147793561220169,0.0007340935990214348
sample_20,9387,14825,71250.0,8402842.5,0.004124394152313471,0.008248930796980858
sample_20,9387,14826,71255.0,8402842.5,0.019861308857798576,0.0038087209686636925
sample_20,9387,14827,71260.0,8402842.5,0.016990212723612785,0.0014419660437852144
sample_20,9387,14828,71265.0,8402842.5,0.00851607695221901,0.00520204147323966
sample_20,9388,14790,71075.0,8402832.5,0.009455103427171707,0.0021066786721348763
sample_20,9388,14791,71080.0,8402832.5,0.005211053416132927,0.0018106705974787474
sample_20,9388,14792,71085.0,8402832.5,0.06513511389493942,0.00313195469789207
sample_20,9388,14793,71090.0,8402832.5,0.008129110559821129,0.00106993003282696
sample_20,9388,14794,71095.0,8402832.5,0.029185060411691666,0.0007414245046675205
sample_20,9388,14795,71100.0,8402832.5,0.006235814653337002,0.010771920904517174
sample_20,9388,14796,71105.0,8402832.5,0.010518806055188179,0.007483972702175379
sample_20,9388,14797,71110.0,8402832.5,0.006604480557143688,0.005832158960402012
sample_20,9388,14798,71115.0,8402832.5,0.02067605033516884,0.0029830816201865673
sample_20,9388,14799,71120.0,8402832.5,0.011259813793003559,0.006450857035815716
sample_20,9388,14800,71125.0,8402832.5,0.009326201863586903,0.0019025786314159632
sample_20,9388,14801,71130.0,8402832.5,0.011921954341232777,0.00550314923748374
sample_20,9388,14802,71135.0,8402832.5,0.008555755950510502,0.0036804918199777603
sample_20,9388,14803,71140.0,8402832.5,0.03250680863857269,0.008182009682059288
sample_20,9388,14804,71145.0,8402832.5,0.013620926067233086,0.012542134150862694
sample_20,9388,14805,71150.0,8402832.5,0.001906785648316145,0.0011882768012583256
sample_20,9388,14806,71155.0,8402832.5,0.006742805242538452,0.005214157048612833
sample_20,9388,14807,71160.0,8402832.5,0.0026641155127435923,0.0024524410255253315
sample_20,9388,14808,71165.0,8402832.5,0.02071255072951317,0.002753743901848793
sample_20,9388,14809,71170.0,8402832.5,0.014527820982038975,0.015929752960801125
sample_20,9388,14810,71175.0,8402832.5,0.02645174413919449,0.008549590595066547
sample_20,9388,14811,71180.0,8402832.5,0.005521497689187527,0.010719293728470802
sample_20,9388,14812,71185.0,8402832.5,0.012645955197513103,0.0035353752318769693
sample_20,9388,14813,71190.0,8402832.5,0.0057043274864554405,0.004497629590332508
sample_20,9388,14814,71195.0,8402832.5,0.023918261751532555,0.004801818635314703
sample_20,9388,14815,71200.0,8402832.5,0.02363286167383194,0.0033202124759554863
sample_20,9388,14816,71205.0,8402832.5,0.01947849802672863,0.007741531357169151
sample_20,9388,14817,71210.0,8402832.5,0.025949211791157722,0.011098867282271385
sample_20,9388,14818,71215.0,8402832.5,0.015761230140924454,0.003810831345617771
sample_20,9388,14819,71220.0,8402832.5,0.018141793087124825,0.003042456228286028
sample_20,9388,14820,71225.0,8402832.5,0.02777182310819626,0.008275183849036694
sample_20,9388,14821,71230.0,8402832.5,0.0073768687434494495,0.003889550222083926
sample_20,9388,14822,71235.0,8402832.5,0.013967608101665974,0.0037199140060693026
sample_20,9388,14823,71240.0,8402832.5,0.004664120264351368,0.0051212371326982975
sample_20,9388,14824,71245.0,8402832.5,0.0063363974913954735,0.004921432584524155
sample_20,9388,14825,71250.0,8402832.5,0.03549870103597641,0.016841594129800797
sample_20,9388,14826,71255.0,8402832.5,0.009433011524379253,0.0011884463019669056
sample_20,9388,14827,71260.0,8402832.5,0.016585666686296463,0.01787451095879078
sample_20,9388,14828,71265.0,8402832.5,0.024207623675465584,0.0033999041188508272
sample_20,9389,14790,71075.0,8402822.5,0.014037471264600754,0.0036916197277605534
sample_20,9389,14791,71080.0,8402822.5,0.001011710031889379,0.005275876726955175
sample_20,9389,14792,71085.0,8402822.5,0.02058137208223343,0.0009714715415611863
sample_20,9389,14793,71090.0,8402822.5,0.016792895272374153,0.007395630702376366
sample_20,9389,14794,71095.0,8402822.5,0.0035132761113345623,0.001095309155061841
sample_20,9389,14795,71100.0,8402822.5,0.0030289317946881056,0.0027300461661070585
sample_20,9389,14796,71105.0,8402822.5,0.007863208651542664,0.0049324315041303635
sample_20,9389,14797,71110.0,8402822.5,0.020213762298226357,0.0005885345162823796
sample_20,9389,14798,71115.0,8402822.5,0.004550517536699772,0.004795760847628117
sample_20,9389,14799,71120.0,8402822.5,0.023936733603477478,0.009121758863329887
sample_20,9389,14800,71125.0,8402822.5,0.030656469985842705,0.0013168503064662218
sample_20,9389,14801,71130.0,8402822.5,0.020697418600320816,0.0032943692058324814
sample_20,9389,14802,71135.0,8402822.5,0.016511129215359688,0.010453280992805958
sample_20,9389,14803,71140.0,8402822.5,0.007444996852427721,0.00014331797137856483
sample_20,9389,14804,71145.0,8402822.5,0.003954604733735323,0.0026674061082303524
sample_20,9389,14805,71150.0,8402822.5,0.03417792171239853,0.000858061364851892
sample_20,9389,14806,71155.0,8402822.5,0.0075429463759064674,0.004387525841593742
sample_20,9389,14807,71160.0,8402822.5,0.003924479708075523,0.0034241671673953533
sample_20,9389,14808,71165.0,8402822.5,0.00875101052224636,0.001356440712697804
sample_20,9389,14809,71170.0,8402822.5,0.00987570732831955,0.0038636489771306515
sample_20,9389,14810,71175.0,8402822.5,0.008290845900774002,0.0023733151610940695
sample_20,9389,14811,71180.0,8402822.5,0.003695220686495304,0.006797325797379017
sample_20,9389,14812,71185.0,8402822.5,0.009178495965898037,0.006594222038984299
sample_20,9389,14813,71190.0,8402822.5,0.008076930418610573,0.002433320740237832
sample_20,9389,14814,71195.0,8402822.5,0.0026323399506509304,0.010215843096375465
sample_20,9389,14815,71200.0,8402822.5,0.014257353730499744,0.010845504701137543
sample_20,9389,14816,71205.0,8402822.5,0.006117704790085554,0.008073695935308933
sample_20,9389,14817,71210.0,8402822.5,0.0218193456530571,0.003774669487029314
sample_20,9389,14818,71215.0,8402822.5,0.01985873281955719,0.003863832214847207
sample_20,9389,14819,71220.0,8402822.5,0.009355245158076286,0.014013564214110374
sample_20,9389,14820,71225.0,8402822.5,0.005407253745943308,0.007703343406319618
sample_20,9389,14821,71230.0,8402822.5,0.002204312477260828,0.008533054031431675
sample_20,9389,14822,71235.0,8402822.5,0.01587807573378086,0.0010724600870162249
