sample_id,row,column,x,y,C11,C22
sample_01,23158,18250,179627.5,8265132.5,0.013503316789865494,0.0011562907602638006
sample_01,23158,18251,179637.5,8265132.5,0.012448238208889961,0.004850790835916996
sample_01,23158,18252,179647.5,8265132.5,0.013805616647005081,0.002920782193541527
sample_01,23158,18253,179657.5,8265132.5,0.030610164627432823,0.005789841525256634
sample_01,23158,18254,179667.5,8265132.5,0.023947561159729958,0.003976981621235609
sample_01,23158,18255,179677.5,8265132.5,0.012360498309135437,0.009326902218163013
sample_01,23158,18256,179687.5,8265132.5,0.018347525969147682,0.001719021238386631
sample_01,23158,18257,179697.5,8265132.5,0.013513545505702496,0.013448362238705158
sample_01,23158,18258,179707.5,8265132.5,0.013925761915743351,0.0032753455452620983
sample_01,23158,18259,179717.5,8265132.5,0.016998767852783203,0.007252042181789875
sample_01,23159,18241,179537.5,8265122.5,0.028370510786771774,0.002250146120786667
sample_01,23159,18242,179547.5,8265122.5,0.05519988015294075,0.005570956505835056
sample_01,23159,18243,179557.5,8265122.5,0.017555546015501022,0.01622224785387516
sample_01,23159,18244,179567.5,8265122.5,0.023608442395925522,0.0030210139229893684
sample_01,23159,18245,179577.5,8265122.5,0.0065129403956234455,0.007561784703284502
sample_01,23159,18246,179587.5,8265122.5,0.004226542077958584,0.007739788852632046
sample_01,23159,18247,179597.5,8265122.5,0.025508088991045952,0.002269068267196417
sample_01,23159,18248,179607.5,8265122.5,0.02794366329908371,0.00510601419955492
sample_01,23159,18249,179617.5,8265122.5,0.026310715824365616,0.010827656835317612
sample_01,23159,18250,179627.5,8265122.5,0.021831005811691284,0.0072244079783558846
sample_01,23159,18251,179637.5,8265122.5,0.018006792291998863,0.004629344679415226
sample_01,23159,18252,179647.5,8265122.5,0.017831306904554367,0.004794164560735226
sample_01,23159,18253,179657.5,8265122.5,0.024409804493188858,0.00812983512878418
sample_01,23159,18254,179667.5,8265122.5,0.021127434447407722,0.0035663158632814884
sample_01,23159,18255,179677.5,8265122.5,0.013338640332221985,0.004410537891089916
sample_01,23159,18256,179687.5,8265122.5,0.047746218740940094,0.002376798540353775
sample_01,23159,18257,179697.5,8265122.5,0.007459301967173815,0.002237864537164569
sample_01,23159,18258,179707.5,8265122.5,0.009580898098647594,0.00408222246915102
sample_01,23159,18259,179717.5,8265122.5,0.019077565521001816,0.006355949677526951
sample_01,23160,18241,179537.5,8265112.5,0.03199199587106705,0.006064476910978556
sample_01,23160,18242,179547.5,8265112.5,0.017136340960860252,0.00657664006575942
sample_01,23160,18243,179557.5,8265112.5,0.0242434274405241,0.00365897873416543
sample_01,23160,18244,179567.5,8265112.5,0.033167868852615356,0.007415913976728916
sample_01,23160,18245,179577.5,8265112.5,0.04469326511025429,0.005569059867411852
sample_01,23160,18246,179587.5,8265112.5,0.020560968667268753,0.010451490059494972
sample_01,23160,18247,179597.5,8265112.5,0.04053998738527298,0.0037265573628246784
sample_01,23160,18248,179607.5,8265112.5,0.028598878532648087,0.004027857445180416
sample_01,23160,18249,179617.5,8265112.5,0.009136336855590343,0.006584214512258768
sample_01,23160,18250,179627.5,8265112.5,0.01221378706395626,0.00408651540055871
sample_01,23160,18251,179637.5,8265112.5,0.017844121903181076,0.0058340830728411674
sample_01,23160,18252,179647.5,8265112.5,0.022829554975032806,0.013268579728901386
sample_01,23160,18253,179657.5,8265112.5,0.023366112262010574,0.002211409853771329
sample_01,23160,18254,179667.5,8265112.5,0.010234257206320763,0.00993124209344387
sample_01,23160,18255,179677.5,8265112.5,0.030486468225717545,0.012562553398311138
sample_01,23160,18256,179687.5,8265112.5,0.012033956125378609,0.012536626309156418
sample_01,23160,18257,179697.5,8265112.5,0.009358295239508152,0.010136716067790985
sample_01,23160,18258,179707.5,8265112.5,0.03274945169687271,0.0052140941843390465
sample_01,23160,18259,179717.5,8265112.5,0.0687813088297844,0.0019999989308416843
sample_01,23161,18241,179537.5,8265102.5,0.021081067621707916,0.0040224408730864525
sample_01,23161,18242,179547.5,8265102.5,0.011405853554606438,0.009165962226688862
sample_01,23161,18243,179557.5,8265102.5,0.0185489933937788,0.004340415820479393
sample_01,23161,18244,179567.5,8265102.5,0.010885091498494148,0.0024484056048095226
sample_01,23161,18245,179577.5,8265102.5,0.012733973562717438,0.005001825280487537
sample_01,23161,18246,179587.5,8265102.5,0.014899054542183876,0.003109412733465433
sample_01,23161,18247,179597.5,8265102.5,0.022183747962117195,0.0021603733766824007
sample_01,23161,18248,179607.5,8265102.5,0.015985334292054176,0.0030516546685248613
sample_01,23161,18249,179617.5,8265102.5,0.012905786745250225,0.004066030029207468
sample_01,23161,18250,179627.5,8265102.5,0.012755617499351501,0.010017883963882923
sample_01,23161,18251,179637.5,8265102.5,0.011899958364665508,0.00449469406157732
sample_01,23161,18252,179647.5,8265102.5,0.010372219607234001,0.007828249596059322
sample_01,23161,18253,179657.5,8265102.5,0.02554704062640667,0.003663468873128295
sample_01,23161,18254,179667.5,8265102.5,0.017879817634820938,0.0022822131868451834
sample_01,23161,18255,179677.5,8265102.5,0.03383519500494003,0.0035896783228963614
sample_01,23161,18256,179687.5,8265102.5,0.01745530590415001,0.005872698966413736
sample_01,23161,18257,179697.5,8265102.5,0.015222679823637009,0.010159858502447605
sample_01,23161,18258,179707.5,8265102.5,0.014961924403905869,0.0051049827598035336
sample_01,23161,18259,179717.5,8265102.5,0.01719699427485466,0.004077497869729996
sample_01,23162,18241,179537.5,8265092.5,0.014067082665860653,0.00669496227055788
sample_01,23162,18242,179547.5,8265092.5,0.011570047587156296,0.001428366987966001
sample_01,23162,18243,179557.5,8265092.5,0.025232382118701935,0.005348990671336651
sample_01,23162,18244,179567.5,8265092.5,0.02129267528653145,0.0028354511596262455
sample_01,23162,18245,179577.5,8265092.5,0.021401138976216316,0.004781757481396198
sample_01,23162,18246,179587.5,8265092.5,0.011445233598351479,0.00554397189989686
sample_01,23162,18247,179597.5,8265092.5,0.015042437240481377,0.007820989936590195
sample_01,23162,18248,179607.5,8265092.5,0.014764098450541496,0.008801122196018696
sample_01,23162,18249,179617.5,8265092.5,0.024286484345793724,0.006661744322627783
sample_01,23162,18250,179627.5,8265092.5,0.011471666395664215,0.013160279020667076
sample_01,23162,18251,179637.5,8265092.5,0.010304697789251804,0.008762005716562271
sample_01,23162,18252,179647.5,8265092.5,0.016991594806313515,0.0054189544171094894
sample_01,23162,18253,179657.5,8265092.5,0.006758883595466614,0.004465950652956963
sample_01,23162,18254,179667.5,8265092.5,0.008048796094954014,0.006723422557115555
sample_01,23162,18255,179677.5,8265092.5,0.016914507374167442,0.005928422324359417
sample_01,23162,18256,179687.5,8265092.5,0.027761688455939293,0.00666398461908102
sample_01,23162,18257,179697.5,8265092.5,0.02969597652554512,0.010260435752570629
sample_01,23162,18258,179707.5,8265092.5,0.010969171300530434,0.004845702089369297
sample_01,23162,18259,179717.5,8265092.5,0.005217093974351883,0.003552851499989629
sample_01,23163,18241,179537.5,8265082.5,0.011988542973995209,0.006602923385798931
sample_01,23163,18242,179547.5,8265082.5,0.005422702990472317,0.006883049383759499
sample_01,23163,18243,179557.5,8265082.5,0.034719835966825485,0.003499650629237294
sample_01,23163,18244,179567.5,8265082.5,0.02036256715655327,0.003655438544228673
sample_01,23163,18245,179577.5,8265082.5,0.020283570513129234,0.007153189741075039
sample_01,23163,18246,179587.5,8265082.5,0.03950697183609009,0.006036817561835051
sample_01,23163,18247,179597.5,8265082.5,0.01765565015375614,0.0018342961557209492
sample_01,23163,18248,179607.5,8265082.5,0.027645450085401535,0.00754069909453392
sample_01,23163,18249,179617.5,8265082.5,0.011342780664563179,0.00703695323318243
sample_01,23163,18250,179627.5,8265082.5,0.011332586407661438,0.003529252717271447
sample_01,23163,18251,179637.5,8265082.5,0.020136727020144463,0.0021494340617209673
sample_01,23163,18252,179647.5,8265082.5,0.014969887211918831,0.0017769967671483755
sample_01,23163,18253,179657.5,8265082.5,0.005494911689311266,0.003004958387464285
sample_01,23163,18254,179667.5,8265082.5,0.04200553521513939,0.006139934528619051
sample_01,23163,18255,179677.5,8265082.5,0.023394744843244553,0.0068460144102573395
sample_01,23163,18256,179687.5,8265082.5,0.01902688480913639,0.005320458207279444
sample_01,23163,18257,179697.5,8265082.5,0.03245478868484497,0.0063623590394854546
sample_01,23163,18258,179707.5,8265082.5,0.02778485417366028,0.00563234044238925
sample_01,23163,18259,179717.5,8265082.5,0.015713972970843315,0.005063386168330908
sample_01,23164,18241,179537.5,8265072.5,0.04095868766307831,0.006931910756975412
sample_01,23164,18242,179547.5,8265072.5,0.023892095312476158,0.0023339809849858284
sample_01,23164,18243,179557.5,8265072.5,0.01511840894818306,0.005938227754086256
sample_01,23164,18244,179567.5,8265072.5,0.006363707594573498,0.005907881073653698
sample_01,23164,18245,179577.5,8265072.5,0.015387939289212227,0.005727899260818958
sample_01,23164,18246,179587.5,8265072.5,0.025726206600666046,0.0051847947761416435
sample_01,23164,18247,179597.5,8265072.5,0.014366050250828266,0.005195410456508398
sample_01,23164,18248,179607.5,8265072.5,0.02801290899515152,0.0031563155353069305
sample_01,23164,18249,179617.5,8265072.5,0.017084119841456413,0.003932564985007048
sample_01,23164,18250,179627.5,8265072.5,0.013894028030335903,0.0029500401578843594
sample_01,23164,18251,179637.5,8265072.5,0.04904190078377724,0.003086917335167527
sample_01,23164,18252,179647.5,8265072.5,0.020572103559970856,0.0033279212657362223
sample_01,23164,18253,179657.5,8265072.5,0.015109268017113209,0.005011916160583496
sample_01,23164,18254,179667.5,8265072.5,0.02121768705546856,0.0029013981111347675
sample_01,23164,18255,179677.5,8265072.5,0.006546517368406057,0.004228701815009117
sample_01,23164,18256,179687.5,8265072.5,0.009911375120282173,0.0022357781417667866
sample_01,23164,18257,179697.5,8265072.5,0.015554402023553848,0.009314842522144318
sample_01,23164,18258,179707.5,8265072.5,0.0194647666066885,0.0027970592491328716
sample_01,23164,18259,179717.5,8265072.5,0.005086525809019804,0.0032298057340085506
sample_01,23165,18241,179537.5,8265062.5,0.016215134412050247,0.006784314289689064
sample_01,23165,18242,179547.5,8265062.5,0.02476690150797367,0.0022951706778258085
sample_01,23165,18243,179557.5,8265062.5,0.03666872903704643,0.007722435984760523
sample_01,23165,18244,179567.5,8265062.5,0.024202533066272736,0.0040579428896307945
sample_01,23165,18245,179577.5,8265062.5,0.01490845251828432,0.003413087222725153
sample_01,23165,18246,179587.5,8265062.5,0.03395789489150047,0.0066351755522191525
sample_01,23165,18247,179597.5,8265062.5,0.008286811411380768,0.004409526474773884
sample_01,23165,18248,179607.5,8265062.5,0.012381660751998425,0.002668443601578474
sample_01,23165,18249,179617.5,8265062.5,0.010471303015947342,0.0033936998806893826
sample_01,23165,18250,179627.5,8265062.5,0.01398946437984705,0.008733470924198627
sample_01,23165,18251,179637.5,8265062.5,0.012656249105930328,0.004678386729210615
sample_01,23165,18252,179647.5,8265062.5,0.02024996094405651,0.0050424085929989815
sample_01,23165,18253,179657.5,8265062.5,0.020699191838502884,0.007781960070133209
sample_01,23165,18254,179667.5,8265062.5,0.005104339215904474,0.007988686673343182
sample_01,23165,18255,179677.5,8265062.5,0.02666233852505684,0.005065352190285921
sample_01,23165,18256,179687.5,8265062.5,0.022328920662403107,0.00979103147983551
sample_01,23165,18257,179697.5,8265062.5,0.04039531201124191,0.006737363990396261
sample_01,23165,18258,179707.5,8265062.5,0.040087562054395676,0.002937588607892394
sample_01,23165,18259,179717.5,8265062.5,0.020100470632314682,0.013886739499866962
sample_01,23166,18241,179537.5,8265052.5,0.026981566101312637,0.0019389772787690163
sample_01,23166,18242,179547.5,8265052.5,0.024450259283185005,0.007157815154641867
sample_01,23166,18243,179557.5,8265052.5,0.0188814178109169,0.0051714954897761345
sample_01,23166,18244,179567.5,8265052.5,0.00862423237413168,0.005323448684066534
sample_01,23166,18245,179577.5,8265052.5,0.03213183209300041,0.006682675331830978
sample_01,23166,18246,179587.5,8265052.5,0.032064005732536316,0.007065174635499716
sample_01,23166,18247,179597.5,8265052.5,0.036264363676309586,0.006964288651943207
sample_01,23166,18248,179607.5,8265052.5,0.01856379210948944,0.004206889774650335
sample_01,23166,18249,179617.5,8265052.5,0.031016148626804352,0.006095859222114086
sample_01,23166,18250,179627.5,8265052.5,0.019365383312106133,0.0028561982326209545
sample_01,23166,18251,179637.5,8265052.5,0.0008529077749699354,0.00484734121710062
sample_01,23166,18252,179647.5,8265052.5,0.03693169355392456,0.006593928672373295
sample_01,23166,18253,179657.5,8265052.5,0.02014140971004963,0.005553575232625008
sample_01,23166,18254,179667.5,8265052.5,0.00767483189702034,0.006002585403621197
sample_01,23166,18255,179677.5,8265052.5,0.10437152534723282,0.0033785889390856028
sample_01,23166,18256,179687.5,8265052.5,0.055959682911634445,0.005429172422736883
sample_01,23166,18257,179697.5,8265052.5,0.042944882065057755,0.005107439123094082
sample_01,23166,18258,179707.5,8265052.5,0.024294523522257805,0.0067102424800395966
sample_01,23166,18259,179717.5,8265052.5,0.00761773157864809,0.002413724083453417
sample_01,23167,18241,179537.5,8265042.5,0.017118599265813828,0.007749522104859352
sample_01,23167,18242,179547.5,8265042.5,0.030094580724835396,0.005320542957633734
sample_01,23167,18243,179557.5,8265042.5,0.015028642490506172,0.007089201360940933
sample_01,23167,18244,179567.5,8265042.5,0.016332585364580154,0.0077212899923324585
sample_01,23167,18245,179577.5,8265042.5,0.01597566530108452,0.003773478325456381
sample_01,23167,18246,179587.5,8265042.5,0.020897699519991875,0.004625074099749327
sample_01,23167,18247,179597.5,8265042.5,0.024126730859279633,0.0052054631523787975
sample_01,23167,18248,179607.5,8265042.5,0.018424976617097855,0.0044869352132081985
sample_01,23167,18249,179617.5,8265042.5,0.010502709075808525,0.0014025205746293068
sample_01,23167,18250,179627.5,8265042.5,0.03850416839122772,0.013610035181045532
sample_01,23167,18251,179637.5,8265042.5,0.022131647914648056,0.004210012499243021
sample_01,23167,18252,179647.5,8265042.5,0.033984385430812836,0.005361674353480339
sample_01,23167,18253,179657.5,8265042.5,0.01197153888642788,0.01421869546175003
sample_01,23167,18254,179667.5,8265042.5,0.034699697047472,0.007367433048784733
sample_01,23167,18255,179677.5,8265042.5,0.008454928174614906,0.0027172290720045567
sample_01,23167,18256,179687.5,8265042.5,0.01169364620000124,0.00660027377307415
sample_01,23167,18257,179697.5,8265042.5,0.01911194622516632,0.01340463012456894
sample_01,23167,18258,179707.5,8265042.5,0.028239574283361435,0.0034298377577215433
sample_01,23167,18259,179717.5,8265042.5,0.0067092957906425,0.009845249354839325
sample_01,23168,18241,179537.5,8265032.5,0.017010044306516647,0.014486902393400669
sample_01,23168,18242,179547.5,8265032.5,0.03906192258000374,0.00363580952398479
sample_01,23168,18243,179557.5,8265032.5,0.030701614916324615,0.0038763247430324554
sample_01,23168,18244,179567.5,8265032.5,0.015446998178958893,0.005914508365094662
sample_01,23168,18245,179577.5,8265032.5,0.02110232785344124,0.004281317815184593
sample_01,23168,18246,179587.5,8265032.5,0.038348693400621414,0.008574393577873707
sample_01,23168,18247,179597.5,8265032.5,0.01185730379074812,0.012157153338193893
sample_01,23168,18248,179607.5,8265032.5,0.032121624797582626,0.010777641087770462
sample_01,23168,18249,179617.5,8265032.5,0.006486984901130199,0.006482050288468599
sample_01,23168,18250,179627.5,8265032.5,0.018900731578469276,0.00364960846491158
sample_01,23168,18251,179637.5,8265032.5,0.021472269669175148,0.007143809460103512
sample_01,23168,18252,179647.5,8265032.5,0.011147287674248219,0.006058037746697664
sample_01,23168,18253,179657.5,8265032.5,0.008272302336990833,0.0029439018107950687
sample_01,23168,18254,179667.5,8265032.5,0.024501893669366837,0.0031612233724445105
sample_01,23168,18255,179677.5,8265032.5,0.011737756431102753,0.0056354207918047905
sample_01,23168,18256,179687.5,8265032.5,0.008858411572873592,0.005536993499845266
sample_01,23168,18257,179697.5,8265032.5,0.016862263903021812,0.01110275648534298
sample_01,23168,18258,179707.5,8265032.5,0.033234164118766785,0.004860927816480398
sample_01,23168,18259,179717.5,8265032.5,0.013391860760748386,0.008517377078533173
sample_01,23169,18241,179537.5,8265022.5,0.01021901611238718,0.007933741435408592
sample_01,23169,18242,179547.5,8265022.5,0.009560883976519108,0.006993898190557957
sample_01,23169,18243,179557.5,8265022.5,0.017128948122262955,0.0026634209789335728
sample_01,23169,18244,179567.5,8265022.5,0.01605980657041073,0.007747067604213953
sample_01,23169,18245,179577.5,8265022.5,0.03965082764625549,0.00595229584723711
sample_01,23169,18246,179587.5,8265022.5,0.02530999854207039,0.0034908989910036325
sample_01,23169,18247,179597.5,8265022.5,0.023809116333723068,0.007006396073848009
sample_01,23169,18248,179607.5,8265022.5,0.04012443497776985,0.006497567519545555
sample_01,23169,18249,179617.5,8265022.5,0.011547091417014599,0.0033076349645853043
sample_01,23169,18250,179627.5,8265022.5,0.02934187278151512,0.006313974969089031
sample_01,23169,18251,179637.5,8265022.5,0.02599840611219406,0.003699761815369129
sample_01,23169,18252,179647.5,8265022.5,0.021302690729498863,0.00043006945634260774
sample_01,23169,18253,179657.5,8265022.5,0.005742605775594711,0.0069794501177966595
sample_01,23169,18254,179667.5,8265022.5,0.00872142892330885,0.0039577726274728775
sample_01,23169,18255,179677.5,8265022.5,0.033493928611278534,0.008543508127331734
sample_01,23169,18256,179687.5,8265022.5,0.021217506378889084,0.004706607200205326
sample_01,23169,18257,179697.5,8265022.5,0.019696373492479324,0.014694716781377792
sample_01,23169,18258,179707.5,8265022.5,0.0404340885579586,0.004069305025041103
sample_01,23169,18259,179717.5,8265022.5,0.020801719278097153,0.006553066428750753
sample_01,23170,18241,179537.5,8265012.5,0.013849920593202114,0.01773461326956749
sample_01,23170,18242,179547.5,8265012.5,0.02266022190451622,0.004811740480363369
sample_01,23170,18243,179557.5,8265012.5,0.020898589864373207,0.007246355526149273
sample_01,23170,18244,179567.5,8265012.5,0.028601525351405144,0.0037530020345002413
sample_01,23170,18245,179577.5,8265012.5,0.013525065034627914,0.002496035536751151
sample_01,23170,18246,179587.5,8265012.5,0.02693779766559601,0.0010988281574100256
sample_01,23170,18247,179597.5,8265012.5,0.01740802824497223,0.003559424076229334
sample_01,23170,18248,179607.5,8265012.5,0.025571051985025406,0.003073860425502062
sample_01,23170,18249,179617.5,8265012.5,0.024475103244185448,0.005375867709517479
sample_01,23170,18250,179627.5,8265012.5,0.033056337386369705,0.0064833518117666245
sample_01,23170,18251,179637.5,8265012.5,0.050647176802158356,0.004163396544754505
sample_01,23170,18252,179647.5,8265012.5,0.01889505609869957,0.006509285885840654
sample_01,23170,18253,179657.5,8265012.5,0.01884978823363781,0.0034654848277568817
sample_01,23170,18254,179667.5,8265012.5,0.018047450110316277,0.004937085323035717
sample_01,23170,18255,179677.5,8265012.5,0.009148298762738705,0.008159952238202095
sample_01,23170,18256,179687.5,8265012.5,0.012582514435052872,0.0036564338952302933
sample_01,23170,18257,179697.5,8265012.5,0.018593741580843925,0.0039560445584356785
sample_01,23170,18258,179707.5,8265012.5,0.03737426921725273,0.010376342572271824
sample_01,23170,18259,179717.5,8265012.5,0.0234942976385355,0.008310448378324509
sample_01,23171,18241,179537.5,8265002.5,0.028665442019701004,0.004046723712235689
sample_01,23171,18242,179547.5,8265002.5,0.02430247701704502,0.007707596756517887
sample_01,23171,18243,179557.5,8265002.5,0.029154743999242783,0.0030706054531037807
sample_01,23171,18244,179567.5,8265002.5,0.012826170772314072,0.008829997852444649
sample_01,23171,18245,179577.5,8265002.5,0.019070927053689957,0.009998000226914883
sample_01,23171,18246,179587.5,8265002.5,0.016691433265805244,0.008072439581155777
sample_01,23171,18247,179597.5,8265002.5,0.0323929600417614,0.002586717950180173
sample_01,23171,18248,179607.5,8265002.5,0.010010664351284504,0.0051950146444141865
sample_01,23171,18249,179617.5,8265002.5,0.0159523393958807,0.008663185872137547
sample_01,23171,18250,179627.5,8265002.5,0.005803653039038181,0.0018479330465197563
sample_01,23171,18251,179637.5,8265002.5,0.03198464214801788,0.0036702724173665047
sample_01,23171,18252,179647.5,8265002.5,0.011971473693847656,0.009201216511428356
sample_01,23171,18253,179657.5,8265002.5,0.014088613912463188,0.00540126534178853
sample_01,23171,18254,179667.5,8265002.5,0.013814110308885574,0.014566710218787193
sample_01,23171,18255,179677.5,8265002.5,0.009679563343524933,0.00465890858322382
sample_01,23171,18256,179687.5,8265002.5,0.008530665189027786,0.0016521983779966831
sample_01,23171,18257,179697.5,8265002.5,0.014738723635673523,0.003721735905855894
sample_01,23171,18258,179707.5,8265002.5,0.02419329807162285,0.004521832335740328
sample_01,23171,18259,179717.5,8265002.5,0.031156718730926514,0.0056320661678910255
sample_01,23172,18241,179537.5,8264992.5,0.01278739981353283,0.0014049372402951121
sample_01,23172,18242,179547.5,8264992.5,0.018320871517062187,0.004911795724183321
sample_01,23172,18243,179557.5,8264992.5,0.01513406541198492,0.003755942452698946
sample_01,23172,18244,179567.5,8264992.5,0.016162963584065437,0.008207326754927635
sample_01,23172,18245,179577.5,8264992.5,0.015641627833247185,0.00573210883885622
sample_01,23172,18246,179587.5,8264992.5,0.027345186099410057,0.003883818630129099
sample_01,23172,18247,179597.5,8264992.5,0.022167513146996498,0.007574393879622221
sample_01,23172,18248,179607.5,8264992.5,0.019290518015623093,0.005811638198792934
sample_01,23172,18249,179617.5,8264992.5,0.018893493339419365,0.00816284492611885
sample_01,23172,18250,179627.5,8264992.5,0.020169895142316818,0.003754477947950363
sample_01,23172,18251,179637.5,8264992.5,0.013937590643763542,0.002043394837528467
sample_01,23172,18252,179647.5,8264992.5,0.024474412202835083,0.0035832365974783897
sample_01,23172,18253,179657.5,8264992.5,0.0120517797768116,0.008698695339262486
sample_01,23172,18254,179667.5,8264992.5,0.022815097123384476,0.006188337691128254
sample_01,23172,18255,179677.5,8264992.5,0.009417139925062656,0.008888112381100655
sample_01,23172,18256,179687.5,8264992.5,0.010197906754910946,0.00553168635815382
sample_01,23172,18257,179697.5,8264992.5,0.00965091586112976,0.0068160155788064
sample_01,23172,18258,179707.5,8264992.5,0.017097024247050285,0.003769736737012863
sample_01,23172,18259,179717.5,8264992.5,0.016114789992570877,0.002960727084428072
sample_01,23173,18241,179537.5,8264982.5,0.02107696235179901,0.014907031320035458
sample_01,23173,18242,179547.5,8264982.5,0.011205282062292099,0.009836201556026936
sample_01,23173,18243,179557.5,8264982.5,0.03431512415409088,0.004150757100433111
sample_01,23173,18244,179567.5,8264982.5,0.020885078236460686,0.0018464438617229462
sample_01,23173,18245,179577.5,8264982.5,0.03366304188966751,0.003663476323708892
sample_01,23173,18246,179587.5,8264982.5,0.024546967819333076,0.007003564853221178
sample_01,23173,18247,179597.5,8264982.5,0.010259944014251232,0.0032360167242586613
sample_01,23173,18248,179607.5,8264982.5,0.016417011618614197,0.001458501792512834
sample_01,23173,18249,179617.5,8264982.5,0.03613024950027466,0.005418412387371063
sample_01,23173,18250,179627.5,8264982.5,0.020102275535464287,0.0035260063596069813
sample_01,23173,18251,179637.5,8264982.5,0.03379038721323013,0.008152270689606667
sample_01,23173,18252,179647.5,8264982.5,0.04014795273542404,0.004715652205049992
sample_01,23173,18253,179657.5,8264982.5,0.031569939106702805,0.00963270477950573
sample_01,23173,18254,179667.5,8264982.5,0.014640840701758862,0.0074726613238453865
sample_01,23173,18255,179677.5,8264982.5,0.029773276299238205,0.011150392703711987
sample_01,23173,18256,179687.5,8264982.5,0.017292698845267296,0.0014318390749394894
sample_01,23173,18257,179697.5,8264982.5,0.03641997650265694,0.005565633065998554
sample_01,23173,18258,179707.5,8264982.5,0.02093345671892166,0.011510809883475304
sample_01,23173,18259,179717.5,8264982.5,0.021123846992850304,0.0074616605415940285
sample_02,24304,19875,195877.5,8253672.5,0.015443299897015095,0.005926576443016529
sample_02,24304,19876,195887.5,8253672.5,0.008625952526926994,0.007088368758559227
sample_02,24304,19877,195897.5,8253672.5,0.0148090161383152,0.0016864739591255784
sample_02,24304,19878,195907.5,8253672.5,0.0386560894548893,0.004094935487955809
sample_02,24304,19879,195917.5,8253672.5,0.017985763028264046,0.005174610763788223
sample_02,24304,19880,195927.5,8253672.5,0.011980051174759865,0.0036376940552145243
sample_02,24304,19881,195937.5,8253672.5,0.01218751072883606,0.004764463286846876
sample_02,24304,19882,195947.5,8253672.5,0.01304419431835413,0.008474281057715416
sample_02,24304,19883,195957.5,8253672.5,0.011604895815253258,0.0018497372511774302
sample_02,24304,19884,195967.5,8253672.5,0.020947355777025223,0.007152022793889046
sample_02,24304,19885,195977.5,8253672.5,0.018787920475006104,0.009451854042708874
sample_02,24304,19886,195987.5,8253672.5,0.01700146123766899,0.0019402566831558943
sample_02,24304,19887,195997.5,8253672.5,0.012712202966213226,0.004989151377230883
sample_02,24304,19888,196007.5,8253672.5,0.03599364310503006,0.00654466450214386
sample_02,24304,19889,196017.5,8253672.5,0.00959981232881546,0.005863651167601347
sample_02,24304,19890,196027.5,8253672.5,0.01298453751951456,0.006633054465055466
sample_02,24305,19872,195847.5,8253662.5,0.012204678729176521,0.0063403514213860035
sample_02,24305,19873,195857.5,8253662.5,0.013135282322764397,0.008472563698887825
sample_02,24305,19874,195867.5,8253662.5,0.036828089505434036,0.0030981353484094143
sample_02,24305,19875,195877.5,8253662.5,0.02216305583715439,0.01194876991212368
sample_02,24305,19876,195887.5,8253662.5,0.008097914047539234,0.007238998077809811
sample_02,24305,19877,195897.5,8253662.5,0.021237384527921677,0.0056198593229055405
sample_02,24305,19878,195907.5,8253662.5,0.011103317141532898,0.003793976968154311
sample_02,24305,19879,195917.5,8253662.5,0.01625894010066986,0.01133803278207779
sample_02,24305,19880,195927.5,8253662.5,0.021909931674599648,0.0024515148252248764
sample_02,24305,19881,195937.5,8253662.5,0.025588907301425934,0.007924097590148449
sample_02,24305,19882,195947.5,8253662.5,0.0129254050552845,0.004437636584043503
sample_02,24305,19883,195957.5,8253662.5,0.04089951887726784,0.00998767837882042
sample_02,24305,19884,195967.5,8253662.5,0.02299657091498375,0.004590859171003103
sample_02,24305,19885,195977.5,8253662.5,0.007204033434391022,0.006731146480888128
sample_02,24305,19886,195987.5,8253662.5,0.02314520813524723,0.00667454581707716
sample_02,24305,19887,195997.5,8253662.5,0.032443467527627945,0.003738109488040209
sample_02,24305,19888,196007.5,8253662.5,0.03698873147368431,0.003684862982481718
sample_02,24305,19889,196017.5,8253662.5,0.017954658716917038,0.0039976066909730434
sample_02,24305,19890,196027.5,8253662.5,0.025756660848855972,0.007988990284502506
sample_02,24306,19872,195847.5,8253652.5,0.013240072876214981,0.02159048244357109
sample_02,24306,19873,195857.5,8253652.5,0.024823490530252457,0.012823953293263912
sample_02,24306,19874,195867.5,8253652.5,0.009383553639054298,0.004890572279691696
sample_02,24306,19875,195877.5,8253652.5,0.008677802979946136,0.00375140318647027
sample_02,24306,19876,195887.5,8253652.5,0.005934200249612331,0.0029504522681236267
sample_02,24306,19877,195897.5,8253652.5,0.020906412973999977,0.0030692771542817354
sample_02,24306,19878,195907.5,8253652.5,0.011477673426270485,0.012746118009090424
sample_02,24306,19879,195917.5,8253652.5,0.03378178924322128,0.008691489696502686
sample_02,24306,19880,195927.5,8253652.5,0.010361645370721817,0.004403667990118265
sample_02,24306,19881,195937.5,8253652.5,0.01707269251346588,0.004993385635316372
sample_02,24306,19882,195947.5,8253652.5,0.033969681710004807,0.004029185511171818
sample_02,24306,19883,195957.5,8253652.5,0.041399069130420685,0.00923466868698597
sample_02,24306,19884,195967.5,8253652.5,0.03724842146039009,0.0051757474429905415
sample_02,24306,19885,195977.5,8253652.5,0.02360067144036293,0.0031070862896740437
sample_02,24306,19886,195987.5,8253652.5,0.009850818663835526,0.006047410424798727
sample_02,24306,19887,195997.5,8253652.5,0.012886769138276577,0.003667918499559164
sample_02,24306,19888,196007.5,8253652.5,0.03028961643576622,0.004937077406793833
sample_02,24306,19889,196017.5,8253652.5,0.010387014597654343,0.007669635117053986
sample_02,24306,19890,196027.5,8253652.5,0.01601528935134411,0.006590367294847965
sample_02,24307,19872,195847.5,8253642.5,0.009595328941941261,0.009088615886867046
sample_02,24307,19873,195857.5,8253642.5,0.01165675837546587,0.002888340037316084
sample_02,24307,19874,195867.5,8253642.5,0.0066283694468438625,0.006139564327895641
sample_02,24307,19875,195877.5,8253642.5,0.02652890421450138,0.002892140531912446
sample_02,24307,19876,195887.5,8253642.5,0.028508882969617844,0.004231917206197977
sample_02,24307,19877,195897.5,8253642.5,0.016401369124650955,0.00202528340741992
sample_02,24307,19878,195907.5,8253642.5,0.029543723911046982,0.005137552507221699
sample_02,24307,19879,195917.5,8253642.5,0.030368611216545105,0.005184147506952286
sample_02,24307,19880,195927.5,8253642.5,0.02086387574672699,0.003421043511480093
sample_02,24307,19881,195937.5,8253642.5,0.01943165250122547,0.008958376944065094
sample_02,24307,19882,195947.5,8253642.5,0.01222932618111372,0.011435816064476967
sample_02,24307,19883,195957.5,8253642.5,0.007631370797753334,0.004101204685866833
sample_02,24307,19884,195967.5,8253642.5,0.01340362336486578,0.006712672766298056
sample_02,24307,19885,195977.5,8253642.5,0.013823257759213448,0.005745539907366037
sample_02,24307,19886,195987.5,8253642.5,0.023971231654286385,0.0030896703246980906
sample_02,24307,19887,195997.5,8253642.5,0.03703640028834343,0.010063836351037025
sample_02,24307,19888,196007.5,8253642.5,0.02537022903561592,0.005163851194083691
sample_02,24307,19889,196017.5,8253642.5,0.029920483008027077,0.003476308425888419
sample_02,24307,19890,196027.5,8253642.5,0.026569847017526627,0.0009858221746981144
sample_02,24308,19872,195847.5,8253632.5,0.002185639925301075,0.006814893335103989
sample_02,24308,19873,195857.5,8253632.5,0.018704837188124657,0.006150813773274422
sample_02,24308,19874,195867.5,8253632.5,0.00684557668864727,0.0029940258245915174
sample_02,24308,19875,195877.5,8253632.5,0.013246526010334492,0.009718630462884903
sample_02,24308,19876,195887.5,8253632.5,0.0024648832622915506,0.0040582274086773396
sample_02,24308,19877,195897.5,8253632.5,0.023337816819548607,0.004412357695400715
sample_02,24308,19878,195907.5,8253632.5,0.011122334748506546,0.008789231069386005
sample_02,24308,19879,195917.5,8253632.5,0.007214842829853296,0.009092682041227818
sample_02,24308,19880,195927.5,8253632.5,0.011055068112909794,0.0059807030484080315
sample_02,24308,19881,195937.5,8253632.5,0.012966101989150047,0.0032323121558874846
sample_02,24308,19882,195947.5,8253632.5,0.009282979182898998,0.007586376275867224
sample_02,24308,19883,195957.5,8253632.5,0.01044476218521595,0.003117745742201805
sample_02,24308,19884,195967.5,8253632.5,0.011495878919959068,0.007985761389136314
sample_02,24308,19885,195977.5,8253632.5,0.012119936756789684,0.002815471962094307
sample_02,24308,19886,195987.5,8253632.5,0.005234728567302227,0.00932871550321579
sample_02,24308,19887,195997.5,8253632.5,0.04004291817545891,0.0042142015881836414
sample_02,24308,19888,196007.5,8253632.5,0.014468719251453876,0.007002515252679586
sample_02,24308,19889,196017.5,8253632.5,0.008797586895525455,0.007454268634319305
sample_02,24308,19890,196027.5,8253632.5,0.03210911154747009,0.0047882311046123505
sample_02,24309,19872,195847.5,8253622.5,0.02188350073993206,0.0045557571575045586
sample_02,24309,19873,195857.5,8253622.5,0.03691369295120239,0.0061087291687726974
sample_02,24309,19874,195867.5,8253622.5,0.01024468895047903,0.005670338403433561
sample_02,24309,19875,195877.5,8253622.5,0.026173751801252365,0.004917485173791647
sample_02,24309,19876,195887.5,8253622.5,0.014904873445630074,0.004827847704291344
sample_02,24309,19877,195897.5,8253622.5,0.0333639532327652,0.004808682948350906
sample_02,24309,19878,195907.5,8253622.5,0.020117290318012238,0.010715736076235771
sample_02,24309,19879,195917.5,8253622.5,0.016847217455506325,0.004789886064827442
sample_02,24309,19880,195927.5,8253622.5,0.013585509732365608,0.00395650789141655
sample_02,24309,19881,195937.5,8253622.5,0.03079167753458023,0.0034429889637976885
sample_02,24309,19882,195947.5,8253622.5,0.01553623378276825,0.007718684151768684
sample_02,24309,19883,195957.5,8253622.5,0.027439413592219353,0.007615441456437111
sample_02,24309,19884,195967.5,8253622.5,0.012558067217469215,0.003743897657841444
sample_02,24309,19885,195977.5,8253622.5,0.02491133287549019,0.005240598227828741
sample_02,24309,19886,195987.5,8253622.5,0.01872417889535427,0.004975958727300167
sample_02,24309,19887,195997.5,8253622.5,0.015370622277259827,0.008802096359431744
sample_02,24309,19888,196007.5,8253622.5,0.024340666830539703,0.004402207676321268
sample_02,24309,19889,196017.5,8253622.5,0.011008336208760738,0.0037709574680775404
sample_02,24309,19890,196027.5,8253622.5,0.013925524428486824,0.0030924715101718903
sample_02,24310,19872,195847.5,8253612.5,0.04508369415998459,0.011400292627513409
sample_02,24310,19873,195857.5,8253612.5,0.022126441821455956,0.0023138304241001606
sample_02,24310,19874,195867.5,8253612.5,0.01578516513109207,0.009150074794888496
sample_02,24310,19875,195877.5,8253612.5,0.023909680545330048,0.0041414182633161545
sample_02,24310,19876,195887.5,8253612.5,0.01361914910376072,0.007205110043287277
sample_02,24310,19877,195897.5,8253612.5,0.022233983501791954,0.008552166633307934
sample_02,24310,19878,195907.5,8253612.5,0.013745705597102642,0.00889265350997448
sample_02,24310,19879,195917.5,8253612.5,0.005362471099942923,0.004938031081110239
sample_02,24310,19880,195927.5,8253612.5,0.006824416574090719,0.005690999329090118
sample_02,24310,19881,195937.5,8253612.5,0.03110573999583721,0.0009401278803125024
sample_02,24310,19882,195947.5,8253612.5,0.03044039011001587,0.005451158620417118
sample_02,24310,19883,195957.5,8253612.5,0.026260806247591972,0.0018965278286486864
sample_02,24310,19884,195967.5,8253612.5,0.017254704609513283,0.003075037617236376
sample_02,24310,19885,195977.5,8253612.5,0.008111819624900818,0.004213391337543726
sample_02,24310,19886,195987.5,8253612.5,0.02849387750029564,0.0050210244953632355
sample_02,24310,19887,195997.5,8253612.5,0.021032247692346573,0.011478766798973083
sample_02,24310,19888,196007.5,8253612.5,0.03177925944328308,0.00540740042924881
sample_02,24310,19889,196017.5,8253612.5,0.027296176180243492,0.004760327748954296
sample_02,24310,19890,196027.5,8253612.5,0.010260771960020065,0.003107017371803522
sample_02,24310,19891,196037.5,8253612.5,0.03143040090799332,0.0038817166350781918
sample_02,24311,19872,195847.5,8253602.5,0.024863801896572113,0.007515944540500641
sample_02,24311,19873,195857.5,8253602.5,0.009485375136137009,0.007228726055473089
sample_02,24311,19874,195867.5,8253602.5,0.013726826757192612,0.0009290165617130697
sample_02,24311,19875,195877.5,8253602.5,0.014853216707706451,0.006110546179115772
sample_02,24311,19876,195887.5,8253602.5,0.008513526991009712,0.009322968311607838
sample_02,24311,19877,195897.5,8253602.5,0.016554128378629684,0.005040889140218496
sample_02,24311,19878,195907.5,8253602.5,0.01575418934226036,0.0034385942853987217
sample_02,24311,19879,195917.5,8253602.5,0.01274182554334402,0.009743778966367245
sample_02,24311,19880,195927.5,8253602.5,0.00910141970962286,0.009711034595966339
sample_02,24311,19881,195937.5,8253602.5,0.0056983293034136295,0.005374118685722351
sample_02,24311,19882,195947.5,8253602.5,0.025300804525613785,0.006981461308896542
sample_02,24311,19883,195957.5,8253602.5,0.017890460789203644,0.009516161866486073
sample_02,24311,19884,195967.5,8253602.5,0.02708568051457405,0.0064768255688250065
sample_02,24311,19885,195977.5,8253602.5,0.019146913662552834,0.0020896473433822393
sample_02,24311,19886,195987.5,8253602.5,0.016136934980750084,0.008213749155402184
sample_02,24311,19887,195997.5,8253602.5,0.010821003466844559,0.009032423608005047
sample_02,24311,19888,196007.5,8253602.5,0.012662610039114952,0.0027516603004187346
sample_02,24311,19889,196017.5,8253602.5,0.021883781999349594,0.011999402195215225
sample_02,24311,19890,196027.5,8253602.5,0.006511419080197811,0.0037698373198509216
sample_02,24311,19891,196037.5,8253602.5,0.018000662326812744,0.005566510837525129
sample_02,24312,19872,195847.5,8253592.5,0.025387242436408997,0.006916923448443413
sample_02,24312,19873,195857.5,8253592.5,0.005719061009585857,0.004335927776992321
sample_02,24312,19874,195867.5,8253592.5,0.016391102224588394,0.007038111798465252
sample_02,24312,19875,195877.5,8253592.5,0.015127375721931458,0.003325408324599266
sample_02,24312,19876,195887.5,8253592.5,0.013741454109549522,0.0030822153203189373
sample_02,24312,19877,195897.5,8253592.5,0.004025298170745373,0.011565426364541054
sample_02,24312,19878,195907.5,8253592.5,0.01031583920121193,0.004533295053988695
sample_02,24312,19879,195917.5,8253592.5,0.022318506613373756,0.01050763949751854
sample_02,24312,19880,195927.5,8253592.5,0.05283299461007118,0.010956436395645142
sample_02,24312,19881,195937.5,8253592.5,0.052671369165182114,0.00601663114503026
sample_02,24312,19882,195947.5,8253592.5,0.010993076488375664,0.007008552551269531
sample_02,24312,19883,195957.5,8253592.5,0.00607385765761137,0.008466219529509544
sample_02,24312,19884,195967.5,8253592.5,0.02761775255203247,0.005557053256779909
sample_02,24312,19885,195977.5,8253592.5,0.01701737940311432,0.002910525305196643
sample_02,24312,19886,195987.5,8253592.5,0.011326797306537628,0.0025957808829844
sample_02,24312,19887,195997.5,8253592.5,0.01755571737885475,0.004596078768372536
sample_02,24312,19888,196007.5,8253592.5,0.03161197528243065,0.0067121610045433044
sample_02,24312,19889,196017.5,8253592.5,0.012240059673786163,0.00595824234187603
sample_02,24312,19890,196027.5,8253592.5,0.036308515816926956,0.003692150581628084
sample_02,24312,19891,196037.5,8253592.5,0.020974742248654366,0.00736396387219429
sample_02,24313,19872,195847.5,8253582.5,0.005899651441723108,0.010701187886297703
sample_02,24313,19873,195857.5,8253582.5,0.011831902898848057,0.006564789451658726
sample_02,24313,19874,195867.5,8253582.5,0.004922238644212484,0.005294926930218935
sample_02,24313,19875,195877.5,8253582.5,0.0243943240493536,0.003227689303457737
sample_02,24313,19876,195887.5,8253582.5,0.037214070558547974,0.008177200332283974
sample_02,24313,19877,195897.5,8253582.5,0.0074432771652936935,0.003915918525308371
sample_02,24313,19878,195907.5,8253582.5,0.029072824865579605,0.001838643685914576
sample_02,24313,19879,195917.5,8253582.5,0.01154187973588705,0.009972883388400078
sample_02,24313,19880,195927.5,8253582.5,0.010424717329442501,0.010836604982614517
sample_02,24313,19881,195937.5,8253582.5,0.02352128177881241,0.002652627881616354
sample_02,24313,19882,195947.5,8253582.5,0.02098255418241024,0.008699005469679832
sample_02,24313,19883,195957.5,8253582.5,0.014607129618525505,0.004430691711604595
sample_02,24313,19884,195967.5,8253582.5,0.028785349801182747,0.005819767713546753
sample_02,24313,19885,195977.5,8253582.5,0.029685771092772484,0.009171995334327221
sample_02,24313,19886,195987.5,8253582.5,0.022982610389590263,0.00988770741969347
sample_02,24313,19887,195997.5,8253582.5,0.027332548052072525,0.0047162421979010105
sample_02,24313,19888,196007.5,8253582.5,0.025622669607400894,0.00666686799377203
sample_02,24313,19889,196017.5,8253582.5,0.00968712568283081,0.002580357016995549
sample_02,24313,19890,196027.5,8253582.5,0.03299001604318619,0.005587331019341946
sample_02,24313,19891,196037.5,8253582.5,0.01655714400112629,0.0033617084845900536
sample_02,24314,19872,195847.5,8253572.5,0.007518663536757231,0.0038886219263076782
sample_02,24314,19873,195857.5,8253572.5,0.007734497077763081,0.008046383038163185
sample_02,24314,19874,195867.5,8253572.5,0.018893258646130562,0.005471013952046633
sample_02,24314,19875,195877.5,8253572.5,0.007759979926049709,0.0099169397726655
sample_02,24314,19876,195887.5,8253572.5,0.007875991053879261,0.00783117301762104
sample_02,24314,19877,195897.5,8253572.5,0.018859127536416054,0.0022134603932499886
sample_02,24314,19878,195907.5,8253572.5,0.03128081560134888,0.0005503423744812608
sample_02,24314,19879,195917.5,8253572.5,0.01936495490372181,0.002476280089467764
sample_02,24314,19880,195927.5,8253572.5,0.008558272384107113,0.005144618451595306
sample_02,24314,19881,195937.5,8253572.5,0.018968546763062477,0.007475314661860466
sample_02,24314,19882,195947.5,8253572.5,0.011547289788722992,0.013665471225976944
sample_02,24314,19883,195957.5,8253572.5,0.011361220851540565,0.009886025451123714
sample_02,24314,19884,195967.5,8253572.5,0.03364265710115433,0.028904112055897713
sample_02,24314,19885,195977.5,8253572.5,0.009425238706171513,0.009122123941779137
sample_02,24314,19886,195987.5,8253572.5,0.02775956504046917,0.006767449900507927
sample_02,24314,19887,195997.5,8253572.5,0.017477883026003838,0.011084381490945816
sample_02,24314,19888,196007.5,8253572.5,0.005509746726602316,0.001849160180427134
sample_02,24314,19889,196017.5,8253572.5,0.028681617230176926,0.003606449579820037
sample_02,24314,19890,196027.5,8253572.5,0.03210226446390152,0.0046657356433570385
sample_02,24314,19891,196037.5,8253572.5,0.0406581275165081,0.0023660913575440645
sample_02,24315,19872,195847.5,8253562.5,0.041662927716970444,0.0081662992015481
sample_02,24315,19873,195857.5,8253562.5,0.015190682373940945,0.002760395873337984
sample_02,24315,19874,195867.5,8253562.5,0.01459682546555996,0.005509708542376757
sample_02,24315,19875,195877.5,8253562.5,0.027101818472146988,0.007992849685251713
sample_02,24315,19876,195887.5,8253562.5,0.023101333528757095,0.009656812995672226
sample_02,24315,19877,195897.5,8253562.5,0.002864814829081297,0.009279956109821796
sample_02,24315,19878,195907.5,8253562.5,0.011136064305901527,0.0011649745283648372
sample_02,24315,19879,195917.5,8253562.5,0.004833223298192024,0.0036949387285858393
sample_02,24315,19880,195927.5,8253562.5,0.02881564013659954,0.008115062490105629
sample_02,24315,19881,195937.5,8253562.5,0.017562123015522957,0.009869113564491272
sample_02,24315,19882,195947.5,8253562.5,0.017482170835137367,0.011517606675624847
sample_02,24315,19883,195957.5,8253562.5,0.014149977825582027,0.01101098395884037
sample_02,24315,19884,195967.5,8253562.5,0.012275801040232182,0.0069883461110293865
sample_02,24315,19885,195977.5,8253562.5,0.018494950607419014,0.0023102466948330402
sample_02,24315,19886,195987.5,8253562.5,0.0318048931658268,0.006396171636879444
sample_02,24315,19887,195997.5,8253562.5,0.017409024760127068,0.007249592803418636
sample_02,24315,19888,196007.5,8253562.5,0.0036396803334355354,0.003421703353524208
sample_02,24315,19889,196017.5,8253562.5,0.031298693269491196,0.004772617015987635
sample_02,24315,19890,196027.5,8253562.5,0.02024034783244133,0.0011216072598472238
sample_02,24315,19891,196037.5,8253562.5,0.021168295294046402,0.009768446907401085
sample_02,24316,19872,195847.5,8253552.5,0.016070369631052017,0.002902200911194086
sample_02,24316,19873,195857.5,8253552.5,0.016634581610560417,0.011623307131230831
sample_02,24316,19874,195867.5,8253552.5,0.013907084241509438,0.006904746405780315
sample_02,24316,19875,195877.5,8253552.5,0.03943648561835289,0.004428668413311243
sample_02,24316,19876,195887.5,8253552.5,0.011675595305860043,0.007203931920230389
sample_02,24316,19877,195897.5,8253552.5,0.0037518786266446114,0.011500534601509571
sample_02,24316,19878,195907.5,8253552.5,0.005596117116510868,0.016669273376464844
sample_02,24316,19879,195917.5,8253552.5,0.024156024679541588,0.0028629042208194733
sample_02,24316,19880,195927.5,8253552.5,0.010902132838964462,0.005133362486958504
sample_02,24316,19881,195937.5,8253552.5,0.013123846612870693,0.00850740633904934
sample_02,24316,19882,195947.5,8253552.5,0.01301274448633194,0.004884128924459219
sample_02,24316,19883,195957.5,8253552.5,0.005643570329993963,0.004230099264532328
sample_02,24316,19884,195967.5,8253552.5,0.005740059539675713,0.00369555177167058
sample_02,24316,19885,195977.5,8253552.5,0.009780922904610634,0.00734277768060565
sample_02,24316,19886,195987.5,8253552.5,0.004696850664913654,0.0016679478576406837
sample_02,24316,19887,195997.5,8253552.5,0.03207186609506607,0.0032588522881269455
sample_02,24316,19888,196007.5,8253552.5,0.01393976341933012,0.006585465744137764
sample_02,24316,19889,196017.5,8253552.5,0.010953420773148537,0.0037036617286503315
sample_02,24316,19890,196027.5,8253552.5,0.024258729070425034,0.005369521677494049
sample_02,24316,19891,196037.5,8253552.5,0.021869227290153503,0.0061506787315011024
sample_02,24317,19872,195847.5,8253542.5,0.01270099263638258,0.0074774473905563354
sample_02,24317,19873,195857.5,8253542.5,0.011067116633057594,0.007051150314509869
sample_02,24317,19874,195867.5,8253542.5,0.004218148533254862,0.003694976447150111
sample_02,24317,19875,195877.5,8253542.5,0.009636696428060532,0.003026879858225584
sample_02,24317,19876,195887.5,8253542.5,0.022333458065986633,0.006364369764924049
sample_02,24317,19877,195897.5,8253542.5,0.005850283429026604,0.004846037831157446
sample_02,24317,19878,195907.5,8253542.5,0.018978305160999298,0.0037881876341998577
sample_02,24317,19879,195917.5,8253542.5,0.01473182812333107,0.0037723532877862453
sample_02,24317,19880,195927.5,8253542.5,0.002898331033065915,0.0016119572101160884
sample_02,24317,19881,195937.5,8253542.5,0.015932578593492508,0.00237607816234231
sample_02,24317,19882,195947.5,8253542.5,0.011735890991985798,0.005357842892408371
sample_02,24317,19883,195957.5,8253542.5,0.03728533163666725,0.004682920407503843
sample_02,24317,19884,195967.5,8253542.5,0.022063933312892914,0.0013651077169924974
sample_02,24317,19885,195977.5,8253542.5,0.014007343910634518,0.003739891806617379
sample_02,24317,19886,195987.5,8253542.5,0.018398847430944443,0.001097286818549037
sample_02,24317,19887,195997.5,8253542.5,0.009296349249780178,0.003991579636931419
sample_02,24317,19888,196007.5,8253542.5,0.020106734707951546,0.0012054326944053173
sample_02,24317,19889,196017.5,8253542.5,0.027831995859742165,0.0035397494211792946
sample_02,24317,19890,196027.5,8253542.5,0.019165601581335068,0.007479256950318813
sample_02,24317,19891,196037.5,8253542.5,0.037738971412181854,0.003719029948115349
sample_02,24318,19872,195847.5,8253532.5,0.00846145674586296,0.00696963956579566
sample_02,24318,19873,195857.5,8253532.5,0.017710302025079727,0.006625108886510134
sample_02,24318,19874,195867.5,8253532.5,0.007631317712366581,0.003813292598351836
sample_02,24318,19875,195877.5,8253532.5,0.025615260004997253,0.014639331959187984
sample_02,24318,19876,195887.5,8253532.5,0.018316423520445824,0.0018331252504140139
sample_02,24318,19877,195897.5,8253532.5,0.01040630042552948,0.007977781817317009
sample_02,24318,19878,195907.5,8253532.5,0.024533387273550034,0.0022886041551828384
sample_02,24318,19879,195917.5,8253532.5,0.015174726955592632,0.003701666835695505
sample_02,24318,19880,195927.5,8253532.5,0.03611098974943161,0.011766625568270683
sample_02,24318,19881,195937.5,8253532.5,0.005946676712483168,0.00448104552924633
sample_02,24318,19882,195947.5,8253532.5,0.004240111447870731,0.005459620617330074
sample_02,24318,19883,195957.5,8253532.5,0.010076013393700123,0.01607341691851616
sample_02,24318,19884,195967.5,8253532.5,0.010958525352180004,0.005746352486312389
sample_02,24318,19885,195977.5,8253532.5,0.027365103363990784,0.006311924196779728
sample_02,24318,19886,195987.5,8253532.5,0.049003973603248596,0.0013277740217745304
sample_02,24318,19887,195997.5,8253532.5,0.03630244731903076,0.002265217946842313
sample_02,24318,19888,196007.5,8253532.5,0.006882222834974527,0.004042023792862892
sample_02,24318,19889,196017.5,8253532.5,0.010543608106672764,0.002426968887448311
sample_02,24318,19890,196027.5,8253532.5,0.012653257697820663,0.0031465592328459024
sample_02,24318,19891,196037.5,8253532.5,0.01765238679945469,0.006248602643609047
sample_02,24319,19872,195847.5,8253522.5,0.019732849672436714,0.005837704055011272
sample_02,24319,19873,195857.5,8253522.5,0.010455695912241936,0.006240934133529663
sample_02,24319,19874,195867.5,8253522.5,0.01575019396841526,0.004031176213175058
sample_02,24319,19875,195877.5,8253522.5,0.005479559302330017,0.004049072973430157
sample_02,24319,19876,195887.5,8253522.5,0.009946071542799473,0.010973155498504639
sample_02,24319,19877,195897.5,8253522.5,0.009888621047139168,0.002785058692097664
sample_02,24319,19878,195907.5,8253522.5,0.011164424940943718,0.009663417935371399
sample_02,24319,19879,195917.5,8253522.5,0.02126484364271164,0.008772957138717175
sample_02,24319,19880,195927.5,8253522.5,0.01582322269678116,0.003212488256394863
sample_02,24319,19881,195937.5,8253522.5,0.028674166649580002,0.013882877305150032
sample_02,24319,19882,195947.5,8253522.5,0.015336819924414158,0.0063225217163562775
sample_02,24319,19883,195957.5,8253522.5,0.0073651717975735664,0.0024571493268013
sample_02,24319,19884,195967.5,8253522.5,0.017383888363838196,0.007313034497201443
sample_02,24319,19885,195977.5,8253522.5,0.018898777663707733,0.004189272411167622
sample_02,24319,19886,195987.5,8253522.5,0.023112060502171516,0.0046776942908763885
sample_02,24319,19887,195997.5,8253522.5,0.01757843792438507,0.0015732613392174244
sample_02,24319,19888,196007.5,8253522.5,0.005496994126588106,0.0011683457996696234
sample_02,24319,19889,196017.5,8253522.5,0.017304856330156326,0.003858761629089713
sample_02,24319,19890,196027.5,8253522.5,0.012034233659505844,0.0023086436558514833
sample_02,24319,19891,196037.5,8253522.5,0.012386373244225979,0.001964882016181946
sample_03,24063,15929,156417.5,8256082.5,0.02603728696703911,0.009588450193405151
sample_03,24063,15930,156427.5,8256082.5,0.01441575214266777,0.004472340457141399
sample_03,24063,15931,156437.5,8256082.5,0.008437170647084713,0.005592308007180691
sample_03,24063,15932,156447.5,8256082.5,0.030061349272727966,0.0038867387920618057
sample_03,24063,15933,156457.5,8256082.5,0.027301618829369545,0.0024878846015781164
sample_03,24063,15934,156467.5,8256082.5,0.01205279678106308,0.0021445434540510178
sample_03,24064,15916,156287.5,8256072.5,0.006090487819164991,0.0044828481040894985
sample_03,24064,15917,156297.5,8256072.5,0.03341333940625191,0.004973960109055042
sample_03,24064,15918,156307.5,8256072.5,0.008364667184650898,0.0033511866349726915
sample_03,24064,15919,156317.5,8256072.5,0.00912432186305523,0.002080824226140976
sample_03,24064,15920,156327.5,8256072.5,0.011981997638940811,0.005584945902228355
sample_03,24064,15921,156337.5,8256072.5,0.01648956537246704,0.004447466693818569
sample_03,24064,15922,156347.5,8256072.5,0.010748264379799366,0.0036971336230635643
sample_03,24064,15923,156357.5,8256072.5,0.012506039813160896,0.003126817289739847
sample_03,24064,15924,156367.5,8256072.5,0.031028950586915016,0.005232619121670723
sample_03,24064,15925,156377.5,8256072.5,0.03675469011068344,0.0028395927511155605
sample_03,24064,15926,156387.5,8256072.5,0.03175947815179825,0.0036363773979246616
sample_03,24064,15927,156397.5,8256072.5,0.01745157316327095,0.0016385666094720364
sample_03,24064,15928,156407.5,8256072.5,0.021276669576764107,0.0084461010992527
sample_03,24064,15929,156417.5,8256072.5,0.010552501305937767,0.00805721990764141
sample_03,24064,15930,156427.5,8256072.5,0.0237753726541996,0.001039601513184607
sample_03,24064,15931,156437.5,8256072.5,0.01727927289903164,0.007065766490995884
sample_03,24064,15932,156447.5,8256072.5,0.02390953339636326,0.0020418481435626745
sample_03,24064,15933,156457.5,8256072.5,0.00894236285239458,0.008535513654351234
sample_03,24064,15934,156467.5,8256072.5,0.015634506940841675,0.008916815742850304
sample_03,24065,15916,156287.5,8256062.5,0.013733756728470325,0.004273599945008755
sample_03,24065,15917,156297.5,8256062.5,0.010406485758721828,0.003859151853248477
sample_03,24065,15918,156307.5,8256062.5,0.019603099673986435,0.0013863007770851254
sample_03,24065,15919,156317.5,8256062.5,0.00513143977150321,0.00504910945892334
sample_03,24065,15920,156327.5,8256062.5,0.012051386758685112,0.0062581575475633144
sample_03,24065,15921,156337.5,8256062.5,0.007003303617238998,0.0046503134071826935
sample_03,24065,15922,156347.5,8256062.5,0.01611185073852539,0.0064681596122682095
sample_03,24065,15923,156357.5,8256062.5,0.010133029893040657,0.005917993374168873
sample_03,24065,15924,156367.5,8256062.5,0.003656987100839615,0.006290428340435028
sample_03,24065,15925,156377.5,8256062.5,0.02177998423576355,0.0024585691280663013
sample_03,24065,15926,156387.5,8256062.5,0.005759434774518013,0.0050356751307845116
sample_03,24065,15927,156397.5,8256062.5,0.020921196788549423,0.00468037324026227
sample_03,24065,15928,156407.5,8256062.5,0.013100752606987953,0.010541040450334549
sample_03,24065,15929,156417.5,8256062.5,0.012151834554970264,0.010778005234897137
sample_03,24065,15930,156427.5,8256062.5,0.0607353113591671,0.004488309845328331
sample_03,24065,15931,156437.5,8256062.5,0.03019041195511818,0.01092623919248581
sample_03,24065,15932,156447.5,8256062.5,0.02158280834555626,0.0016755950637161732
sample_03,24065,15933,156457.5,8256062.5,0.023966513574123383,0.0020801983773708344
sample_03,24065,15934,156467.5,8256062.5,0.009081524796783924,0.005302731413394213
sample_03,24066,15916,156287.5,8256052.5,0.023938823491334915,0.011806486174464226
sample_03,24066,15917,156297.5,8256052.5,0.012210113927721977,0.009989824146032333
sample_03,24066,15918,156307.5,8256052.5,0.018782570958137512,0.0021896541584283113
sample_03,24066,15919,156317.5,8256052.5,0.007670055143535137,0.006257402710616589
sample_03,24066,15920,156327.5,8256052.5,0.015108241699635983,0.00256053963676095
sample_03,24066,15921,156337.5,8256052.5,0.015988653525710106,0.004696343559771776
sample_03,24066,15922,156347.5,8256052.5,0.010525528341531754,0.00542658194899559
sample_03,24066,15923,156357.5,8256052.5,0.021971849724650383,0.006184699945151806
sample_03,24066,15924,156367.5,8256052.5,0.015615458600223064,0.0038936170749366283
sample_03,24066,15925,156377.5,8256052.5,0.01522485539317131,0.010563612915575504
sample_03,24066,15926,156387.5,8256052.5,0.024580232799053192,0.004291074816137552
sample_03,24066,15927,156397.5,8256052.5,0.014835972338914871,0.003502391744405031
sample_03,24066,15928,156407.5,8256052.5,0.01771148480474949,0.0028881574980914593
sample_03,24066,15929,156417.5,8256052.5,0.022424401715397835,0.00836845114827156
sample_03,24066,15930,156427.5,8256052.5,0.007101028226315975,0.004357063211500645
sample_03,24066,15931,156437.5,8256052.5,0.014169963076710701,0.0008687365334481001
sample_03,24066,15932,156447.5,8256052.5,0.028513703495264053,0.005800338461995125
sample_03,24066,15933,156457.5,8256052.5,0.01603558287024498,0.0044653029181063175
sample_03,24066,15934,156467.5,8256052.5,0.047968894243240356,0.0029068461153656244
sample_03,24067,15916,156287.5,8256042.5,0.013009054586291313,0.0040003457106649876
sample_03,24067,15917,156297.5,8256042.5,0.018687337636947632,0.005464519374072552
sample_03,24067,15918,156307.5,8256042.5,0.008816685527563095,0.0017213902901858091
sample_03,24067,15919,156317.5,8256042.5,0.005453816615045071,0.004871925804764032
sample_03,24067,15920,156327.5,8256042.5,0.01822507008910179,0.0024258240591734648
sample_03,24067,15921,156337.5,8256042.5,0.006165103986859322,0.006509074941277504
sample_03,24067,15922,156347.5,8256042.5,0.009036623872816563,0.0037494762800633907
sample_03,24067,15923,156357.5,8256042.5,0.010093625634908676,0.002328235888853669
sample_03,24067,15924,156367.5,8256042.5,0.007819178514182568,0.0049177794717252254
sample_03,24067,15925,156377.5,8256042.5,0.015502910129725933,0.0035961559042334557
sample_03,24067,15926,156387.5,8256042.5,0.005242682993412018,0.002162510994821787
sample_03,24067,15927,156397.5,8256042.5,0.005264716688543558,0.0074948216788470745
sample_03,24067,15928,156407.5,8256042.5,0.016770578920841217,0.003313679713755846
sample_03,24067,15929,156417.5,8256042.5,0.013859634287655354,0.0021680013742297888
sample_03,24067,15930,156427.5,8256042.5,0.01718936674296856,0.0017133993096649647
sample_03,24067,15931,156437.5,8256042.5,0.009414621628820896,0.006094589363783598
sample_03,24067,15932,156447.5,8256042.5,0.0065502445213496685,0.010533873923122883
sample_03,24067,15933,156457.5,8256042.5,0.013253097422420979,0.0032844780944287777
sample_03,24067,15934,156467.5,8256042.5,0.015979206189513206,0.006020538974553347
sample_03,24068,15916,156287.5,8256032.5,0.01320682093501091,0.004406466614454985
sample_03,24068,15917,156297.5,8256032.5,0.006259587127715349,0.00595212634652853
sample_03,24068,15918,156307.5,8256032.5,0.015785936266183853,0.007765434682369232
sample_03,24068,15919,156317.5,8256032.5,0.012521405704319477,0.0035804330836981535
sample_03,24068,15920,156327.5,8256032.5,0.008755547925829887,0.0027423505671322346
sample_03,24068,15921,156337.5,8256032.5,0.014213807880878448,0.0068856412544846535
sample_03,24068,15922,156347.5,8256032.5,0.008501636795699596,0.008923063054680824
sample_03,24068,15923,156357.5,8256032.5,0.015220093540847301,0.005172216333448887
sample_03,24068,15924,156367.5,8256032.5,0.007216263562440872,0.004536924418061972
sample_03,24068,15925,156377.5,8256032.5,0.01216366421431303,0.003899767529219389
sample_03,24068,15926,156387.5,8256032.5,0.022868629544973373,0.007387061137706041
sample_03,24068,15927,156397.5,8256032.5,0.015821199864149094,0.012721259146928787
sample_03,24068,15928,156407.5,8256032.5,0.012809144333004951,0.005324048455804586
sample_03,24068,15929,156417.5,8256032.5,0.007669006008654833,0.006326133850961924
sample_03,24068,15930,156427.5,8256032.5,0.00911003164947033,0.006343346554785967
sample_03,24068,15931,156437.5,8256032.5,0.008654160425066948,0.006272226106375456
sample_03,24068,15932,156447.5,8256032.5,0.021377187222242355,0.007757367566227913
sample_03,24068,15933,156457.5,8256032.5,0.011383462697267532,0.006326317321509123
sample_03,24068,15934,156467.5,8256032.5,0.01177687756717205,0.004132422618567944
sample_03,24069,15916,156287.5,8256022.5,0.01511053554713726,0.005815193522721529
sample_03,24069,15917,156297.5,8256022.5,0.009961584582924843,0.01041447278112173
sample_03,24069,15918,156307.5,8256022.5,0.009654976427555084,0.002940690377727151
sample_03,24069,15919,156317.5,8256022.5,0.022207653149962425,0.0015641582431271672
sample_03,24069,15920,156327.5,8256022.5,0.00729780737310648,0.017232617363333702
sample_03,24069,15921,156337.5,8256022.5,0.006337032653391361,0.009460961446166039
sample_03,24069,15922,156347.5,8256022.5,0.012086965143680573,0.005768297240138054
sample_03,24069,15923,156357.5,8256022.5,0.03432134911417961,0.006009343080222607
sample_03,24069,15924,156367.5,8256022.5,0.018828466534614563,0.0015739469090476632
sample_03,24069,15925,156377.5,8256022.5,0.03285844251513481,0.009583288803696632
sample_03,24069,15926,156387.5,8256022.5,0.009067108854651451,0.005962859373539686
sample_03,24069,15927,156397.5,8256022.5,0.018001701682806015,0.0108826644718647
sample_03,24069,15928,156407.5,8256022.5,0.008738016709685326,0.0024111608508974314
sample_03,24069,15929,156417.5,8256022.5,0.004084235057234764,0.005479119718074799
sample_03,24069,15930,156427.5,8256022.5,0.02122179977595806,0.0030362389516085386
sample_03,24069,15931,156437.5,8256022.5,0.010234091430902481,0.00237854546867311
sample_03,24069,15932,156447.5,8256022.5,0.01073545403778553,0.005038749892264605
sample_03,24069,15933,156457.5,8256022.5,0.025007404386997223,0.008304578252136707
sample_03,24069,15934,156467.5,8256022.5,0.01609489694237709,0.0028232198674231768
sample_03,24069,15935,156477.5,8256022.5,0.009419663809239864,0.0024748845025897026
sample_03,24070,15916,156287.5,8256012.5,0.005275733303278685,0.005511200521141291
sample_03,24070,15917,156297.5,8256012.5,0.013842194341123104,0.002595758531242609
sample_03,24070,15918,156307.5,8256012.5,0.007096304092556238,0.007937093265354633
sample_03,24070,15919,156317.5,8256012.5,0.008199024945497513,0.007413334678858519
sample_03,24070,15920,156327.5,8256012.5,0.009650583378970623,0.001017366535961628
sample_03,24070,15921,156337.5,8256012.5,0.012301870621740818,0.0011811874574050307
sample_03,24070,15922,156347.5,8256012.5,0.004077323246747255,0.008160341531038284
sample_03,24070,15923,156357.5,8256012.5,0.011291684582829475,0.005795602686703205
sample_03,24070,15924,156367.5,8256012.5,0.013566013425588608,0.0046982355415821075
sample_03,24070,15925,156377.5,8256012.5,0.00697783287614584,0.009902549907565117
sample_03,24070,15926,156387.5,8256012.5,0.009517564438283443,0.0036815961357206106
sample_03,24070,15927,156397.5,8256012.5,0.015627646818757057,0.005223487038165331
sample_03,24070,15928,156407.5,8256012.5,0.004306580871343613,0.005298365838825703
sample_03,24070,15929,156417.5,8256012.5,0.013382796198129654,0.011562788859009743
sample_03,24070,15930,156427.5,8256012.5,0.0244884230196476,0.0037130173295736313
sample_03,24070,15931,156437.5,8256012.5,0.015715613961219788,0.005849262233823538
sample_03,24070,15932,156447.5,8256012.5,0.029142530634999275,0.004369061440229416
sample_03,24070,15933,156457.5,8256012.5,0.0240751001983881,0.005894800648093224
sample_03,24070,15934,156467.5,8256012.5,0.025804221630096436,0.0016217029187828302
sample_03,24070,15935,156477.5,8256012.5,0.015365837141871452,0.004537438508123159
sample_03,24071,15916,156287.5,8256002.5,0.0058626653626561165,0.0038426474202424288
sample_03,24071,15917,156297.5,8256002.5,0.0082378089427948,0.00508052809163928
sample_03,24071,15918,156307.5,8256002.5,0.010221587494015694,0.005325851496309042
sample_03,24071,15919,156317.5,8256002.5,0.009437077678740025,0.007887008599936962
sample_03,24071,15920,156327.5,8256002.5,0.013827184215188026,0.006410355679690838
sample_03,24071,15921,156337.5,8256002.5,0.013099840842187405,0.009927324950695038
sample_03,24071,15922,156347.5,8256002.5,0.01189238391816616,0.00906270183622837
sample_03,24071,15923,156357.5,8256002.5,0.017680300399661064,0.0013888335088267922
sample_03,24071,15924,156367.5,8256002.5,0.010728396475315094,0.005929614417254925
sample_03,24071,15925,156377.5,8256002.5,0.009610160253942013,0.007375288754701614
sample_03,24071,15926,156387.5,8256002.5,0.009051302447915077,0.00424450496211648
sample_03,24071,15927,156397.5,8256002.5,0.00922825001180172,0.002185540972277522
sample_03,24071,15928,156407.5,8256002.5,0.030090628191828728,0.002051891526207328
sample_03,24071,15929,156417.5,8256002.5,0.008694767020642757,0.0030664224177598953
sample_03,24071,15930,156427.5,8256002.5,0.027333997189998627,0.002515462227165699
sample_03,24071,15931,156437.5,8256002.5,0.007435311563313007,0.003425050526857376
sample_03,24071,15932,156447.5,8256002.5,0.022815009579062462,0.004147006198763847
sample_03,24071,15933,156457.5,8256002.5,0.013102340511977673,0.003220626385882497
sample_03,24071,15934,156467.5,8256002.5,0.016080103814601898,0.0039291707798838615
sample_03,24071,15935,156477.5,8256002.5,0.0179557204246521,0.0024280198849737644
sample_03,24072,15916,156287.5,8255992.5,0.006923936307430267,0.002179341856390238
sample_03,24072,15917,156297.5,8255992.5,0.012928860262036324,0.0020568128675222397
sample_03,24072,15918,156307.5,8255992.5,0.017180584371089935,0.002627746434882283
sample_03,24072,15919,156317.5,8255992.5,0.010490179993212223,0.005476553924381733
sample_03,24072,15920,156327.5,8255992.5,0.031856413930654526,0.007959608919918537
sample_03,24072,15921,156337.5,8255992.5,0.0023842700757086277,0.005417061038315296
sample_03,24072,15922,156347.5,8255992.5,0.0066750068217515945,0.0027409440372139215
sample_03,24072,15923,156357.5,8255992.5,0.03267897292971611,0.00377492792904377
sample_03,24072,15924,156367.5,8255992.5,0.01053177285939455,0.006896447390317917
sample_03,24072,15925,156377.5,8255992.5,0.024644101038575172,0.0030436981469392776
sample_03,24072,15926,156387.5,8255992.5,0.015360740944743156,0.0020038222428411245
sample_03,24072,15927,156397.5,8255992.5,0.03819581866264343,0.0030224176589399576
sample_03,24072,15928,156407.5,8255992.5,0.017942413687705994,0.007302130572497845
sample_03,24072,15929,156417.5,8255992.5,0.019037192687392235,0.005224575754255056
sample_03,24072,15930,156427.5,8255992.5,0.0046024443581700325,0.006493397988379002
sample_03,24072,15931,156437.5,8255992.5,0.01507056225091219,0.008792665787041187
sample_03,24072,15932,156447.5,8255992.5,0.013797803781926632,0.0033497512340545654
sample_03,24072,15933,156457.5,8255992.5,0.025374602526426315,0.004568197764456272
sample_03,24072,15934,156467.5,8255992.5,0.013728536665439606,0.008770493790507317
sample_03,24072,15935,156477.5,8255992.5,0.025447029620409012,0.008939780294895172
sample_03,24073,15916,156287.5,8255982.5,0.012825749814510345,0.0016172605101019144
sample_03,24073,15917,156297.5,8255982.5,0.019952217116951942,0.005240263417363167
sample_03,24073,15918,156307.5,8255982.5,0.03362586349248886,0.003688328666612506
sample_03,24073,15919,156317.5,8255982.5,0.022777000442147255,0.002444157376885414
sample_03,24073,15920,156327.5,8255982.5,0.010464426130056381,0.0029981317929923534
sample_03,24073,15921,156337.5,8255982.5,0.004426374565809965,0.001319314120337367
sample_03,24073,15922,156347.5,8255982.5,0.0067054759711027145,0.0035774330608546734
sample_03,24073,15923,156357.5,8255982.5,0.007911523804068565,0.0074396515265107155
sample_03,24073,15924,156367.5,8255982.5,0.02310163527727127,0.009194528684020042
sample_03,24073,15925,156377.5,8255982.5,0.006817749235779047,0.001228822278790176
sample_03,24073,15926,156387.5,8255982.5,0.02449502795934677,0.005479153245687485
sample_03,24073,15927,156397.5,8255982.5,0.011957172304391861,0.009247428737580776
sample_03,24073,15928,156407.5,8255982.5,0.02589225582778454,0.006571648642420769
sample_03,24073,15929,156417.5,8255982.5,0.018508752807974815,0.00600698497146368
sample_03,24073,15930,156427.5,8255982.5,0.02862256020307541,0.004900872241705656
sample_03,24073,15931,156437.5,8255982.5,0.013296809047460556,0.0071760518476367
sample_03,24073,15932,156447.5,8255982.5,0.013251911848783493,0.001267627696506679
sample_03,24073,15933,156457.5,8255982.5,0.022125471383333206,0.002565672853961587
sample_03,24073,15934,156467.5,8255982.5,0.011254909448325634,0.00315512390807271
sample_03,24073,15935,156477.5,8255982.5,0.015668269246816635,0.005442345514893532
sample_03,24074,15916,156287.5,8255972.5,0.013080057688057423,0.002886062953621149
sample_03,24074,15917,156297.5,8255972.5,0.015590144321322441,0.0040771313942968845
sample_03,24074,15918,156307.5,8255972.5,0.014839950948953629,0.006874041631817818
sample_03,24074,15919,156317.5,8255972.5,0.010689948685467243,0.008904173038899899
sample_03,24074,15920,156327.5,8255972.5,0.014012636616826057,0.009340478107333183
sample_03,24074,15921,156337.5,8255972.5,0.008302217349410057,0.005369814578443766
sample_03,24074,15922,156347.5,8255972.5,0.011276664212346077,0.0073482985608279705
sample_03,24074,15923,156357.5,8255972.5,0.010552733205258846,0.006652792915701866
sample_03,24074,15924,156367.5,8255972.5,0.015021881088614464,0.003566402941942215
sample_03,24074,15925,156377.5,8255972.5,0.016951164230704308,0.002164083532989025
sample_03,24074,15926,156387.5,8255972.5,0.011150116100907326,0.00243199965916574
sample_03,24074,15927,156397.5,8255972.5,0.009763711132109165,0.0037439516745507717
sample_03,24074,15928,156407.5,8255972.5,0.0044530355371534824,0.002955673960968852
sample_03,24074,15929,156417.5,8255972.5,0.00816122442483902,0.0038830949924886227
sample_03,24074,15930,156427.5,8255972.5,0.005459759384393692,0.0036258858162909746
sample_03,24074,15931,156437.5,8255972.5,0.019606400281190872,0.003939149435609579
sample_03,24074,15932,156447.5,8255972.5,0.026063792407512665,0.0066167269833385944
sample_03,24074,15933,156457.5,8255972.5,0.008214627392590046,0.0024985852651298046
sample_03,24074,15934,156467.5,8255972.5,0.00738754216581583,0.003870774060487747
sample_03,24074,15935,156477.5,8255972.5,0.00995104480534792,0.0029544502031058073
sample_03,24075,15916,156287.5,8255962.5,0.014647288247942924,0.010487474501132965
sample_03,24075,15917,156297.5,8255962.5,0.01676441729068756,0.005673333536833525
sample_03,24075,15918,156307.5,8255962.5,0.009191842749714851,0.007070557214319706
sample_03,24075,15919,156317.5,8255962.5,0.018950479105114937,0.002940137404948473
sample_03,24075,15920,156327.5,8255962.5,0.01760835573077202,0.015115209855139256
sample_03,24075,15921,156337.5,8255962.5,0.02379341423511505,0.00468228105455637
sample_03,24075,15922,156347.5,8255962.5,0.025247134268283844,0.005405654199421406
sample_03,24075,15923,156357.5,8255962.5,0.00849910918623209,0.007049024570733309
sample_03,24075,15924,156367.5,8255962.5,0.003692593891173601,0.00414265226572752
sample_03,24075,15925,156377.5,8255962.5,0.03279896825551987,0.012508915737271309
sample_03,24075,15926,156387.5,8255962.5,0.011136586777865887,0.004434485454112291
sample_03,24075,15927,156397.5,8255962.5,0.003468674374744296,0.012266669422388077
sample_03,24075,15928,156407.5,8255962.5,0.012262770906090736,0.008185015060007572
sample_03,24075,15929,156417.5,8255962.5,0.018490802496671677,0.0015363848069682717
sample_03,24075,15930,156427.5,8255962.5,0.00515860365703702,0.006334360688924789
sample_03,24075,15931,156437.5,8255962.5,0.006141802296042442,0.0013394204434007406
sample_03,24075,15932,156447.5,8255962.5,0.004573325160890818,0.00358428992331028
sample_03,24075,15933,156457.5,8255962.5,0.010862781666219234,0.01565779745578766
sample_03,24075,15934,156467.5,8255962.5,0.010040459223091602,0.009011979214847088
sample_03,24075,15935,156477.5,8255962.5,0.010981312952935696,0.003811175236478448
sample_03,24076,15916,156287.5,8255952.5,0.008153402246534824,0.0020853173919022083
sample_03,24076,15917,156297.5,8255952.5,0.011674693785607815,0.0062385788187384605
sample_03,24076,15918,156307.5,8255952.5,0.016128886491060257,0.0057049463503062725
sample_03,24076,15919,156317.5,8255952.5,0.014943554997444153,0.006128653418272734
sample_03,24076,15920,156327.5,8255952.5,0.019308634102344513,0.005333323031663895
sample_03,24076,15921,156337.5,8255952.5,0.0165669247508049,0.006315462291240692
sample_03,24076,15922,156347.5,8255952.5,0.0018858280964195728,0.009831811301410198
sample_03,24076,15923,156357.5,8255952.5,0.02034418284893036,0.0071817669086158276
sample_03,24076,15924,156367.5,8255952.5,0.005626621190458536,0.009262805804610252
sample_03,24076,15925,156377.5,8255952.5,0.010037434287369251,0.0014680204913020134
sample_03,24076,15926,156387.5,8255952.5,0.020650308579206467,0.00342298811301589
sample_03,24076,15927,156397.5,8255952.5,0.016447219997644424,0.004150122404098511
sample_03,24076,15928,156407.5,8255952.5,0.01858881115913391,0.006392679177224636
sample_03,24076,15929,156417.5,8255952.5,0.023144345730543137,0.015223266556859016
sample_03,24076,15930,156427.5,8255952.5,0.02466016262769699,0.0016923255752772093
sample_03,24076,15931,156437.5,8255952.5,0.010406946763396263,0.004820460453629494
sample_03,24076,15932,156447.5,8255952.5,0.014079195447266102,0.005524551961570978
sample_03,24076,15933,156457.5,8255952.5,0.010262499563395977,0.008819768205285072
sample_03,24076,15934,156467.5,8255952.5,0.019192535430192947,0.00437373761087656
sample_03,24076,15935,156477.5,8255952.5,0.010620411485433578,0.005172406788915396
sample_03,24077,15916,156287.5,8255942.5,0.01211854349821806,0.0026823189109563828
sample_03,24077,15917,156297.5,8255942.5,0.007430402562022209,0.007325206883251667
sample_03,24077,15918,156307.5,8255942.5,0.014348868280649185,0.003508191555738449
sample_03,24077,15919,156317.5,8255942.5,0.009532568976283073,0.006042807828634977
sample_03,24077,15920,156327.5,8255942.5,0.020647691562771797,0.007698220666497946
sample_03,24077,15921,156337.5,8255942.5,0.016614574939012527,0.005546479485929012
sample_03,24077,15922,156347.5,8255942.5,0.007692922372370958,0.007716871798038483
sample_03,24077,15923,156357.5,8255942.5,0.024356937035918236,0.004302249755710363
sample_03,24077,15924,156367.5,8255942.5,0.021794164553284645,0.009218611754477024
sample_03,24077,15925,156377.5,8255942.5,0.018353674560785294,0.004720002878457308
sample_03,24077,15926,156387.5,8255942.5,0.026814540848135948,0.004944609012454748
sample_03,24077,15927,156397.5,8255942.5,0.01229810155928135,0.002222913783043623
sample_03,24077,15928,156407.5,8255942.5,0.02679896168410778,0.008675898425281048
sample_03,24077,15929,156417.5,8255942.5,0.012713524512946606,0.007852444425225258
sample_03,24077,15930,156427.5,8255942.5,0.00975823774933815,0.00872485339641571
sample_03,24077,15931,156437.5,8255942.5,0.0061354003846645355,0.006012536585330963
sample_03,24077,15932,156447.5,8255942.5,0.00971260853111744,0.006468243896961212
sample_03,24077,15933,156457.5,8255942.5,0.020203452557325363,0.012247208505868912
sample_03,24077,15934,156467.5,8255942.5,0.00788105558604002,0.005870750639587641
sample_03,24077,15935,156477.5,8255942.5,0.00845965277403593,0.007607121951878071
sample_03,24078,15916,156287.5,8255932.5,0.009666351601481438,0.0023109859321266413
sample_03,24078,15917,156297.5,8255932.5,0.030051758512854576,0.0020412751473486423
sample_03,24078,15918,156307.5,8255932.5,0.006333822384476662,0.004324441310018301
sample_03,24078,15919,156317.5,8255932.5,0.013301772996783257,0.005535330157727003
sample_03,24078,15920,156327.5,8255932.5,0.034536510705947876,0.009289894253015518
sample_03,24078,15921,156337.5,8255932.5,0.01912868767976761,0.002759704366326332
sample_03,24078,15922,156347.5,8255932.5,0.0385710634291172,0.008107660338282585
sample_03,24078,15923,156357.5,8255932.5,0.007552308961749077,0.004078261088579893
sample_03,24078,15924,156367.5,8255932.5,0.015580598264932632,0.0022262586280703545
sample_03,24078,15925,156377.5,8255932.5,0.01518294494599104,0.00617512222379446
sample_03,24078,15926,156387.5,8255932.5,0.012980502098798752,0.0033119027502834797
sample_03,24078,15927,156397.5,8255932.5,0.020432407036423683,0.006215011700987816
sample_03,24078,15928,156407.5,8255932.5,0.012654788792133331,0.00629853829741478
sample_03,24078,15929,156417.5,8255932.5,0.006512323394417763,0.005067900288850069
sample_03,24078,15930,156427.5,8255932.5,0.018627997487783432,0.01047859713435173
sample_03,24078,15931,156437.5,8255932.5,0.00938279926776886,0.005930610466748476
sample_03,24078,15932,156447.5,8255932.5,0.01649109274148941,0.005925675854086876
sample_03,24078,15933,156457.5,8255932.5,0.01547711156308651,0.008750207722187042
sample_03,24078,15934,156467.5,8255932.5,0.019758792594075203,0.013313348405063152
sample_03,24078,15935,156477.5,8255932.5,0.02503296360373497,0.004118225071579218
sample_04,5991,14753,144657.5,8436802.5,0.0036700554192066193,0.002899938728660345
sample_04,5991,14754,144667.5,8436802.5,0.014748740941286087,0.001618189038708806
sample_04,5991,14755,144677.5,8436802.5,0.0066290246322751045,0.00429051136597991
sample_04,5992,14737,144497.5,8436792.5,0.011086393147706985,0.0045735896565020084
sample_04,5992,14738,144507.5,8436792.5,0.006693761795759201,0.002305985428392887
sample_04,5992,14739,144517.5,8436792.5,0.0201250072568655,0.0029874173924326897
sample_04,5992,14740,144527.5,8436792.5,0.009259466081857681,0.011080664582550526
sample_04,5992,14741,144537.5,8436792.5,0.022013328969478607,0.0023917562793940306
sample_04,5992,14742,144547.5,8436792.5,0.007833326235413551,0.0015452408697456121
sample_04,5992,14743,144557.5,8436792.5,0.01514456421136856,0.0026353183202445507
sample_04,5992,14744,144567.5,8436792.5,0.012630506418645382,0.007466974668204784
sample_04,5992,14745,144577.5,8436792.5,0.005619413685053587,0.00418423255905509
sample_04,5992,14746,144587.5,8436792.5,0.014657499268651009,0.0020351940765976906
sample_04,5992,14747,144597.5,8436792.5,0.002805167343467474,0.001636439235880971
sample_04,5992,14748,144607.5,8436792.5,0.010332311503589153,0.0017566235037520528
sample_04,5992,14749,144617.5,8436792.5,0.00851161777973175,0.0025886278599500656
sample_04,5992,14750,144627.5,8436792.5,0.014144831337034702,0.003303938079625368
sample_04,5992,14751,144637.5,8436792.5,0.007518497295677662,0.0037148678675293922
sample_04,5992,14752,144647.5,8436792.5,0.022451888769865036,0.004357588943094015
sample_04,5992,14753,144657.5,8436792.5,0.013500729575753212,0.003800003556534648
sample_04,5992,14754,144667.5,8436792.5,0.019927728921175003,0.004147904925048351
sample_04,5992,14755,144677.5,8436792.5,0.02787187695503235,0.00223600585013628
sample_04,5993,14737,144497.5,8436782.5,0.006400310434401035,0.0020319765899330378
sample_04,5993,14738,144507.5,8436782.5,0.006512505002319813,0.003755016252398491
sample_04,5993,14739,144517.5,8436782.5,0.011087463237345219,0.0022328472696244717
sample_04,5993,14740,144527.5,8436782.5,0.017254408448934555,0.006156604737043381
sample_04,5993,14741,144537.5,8436782.5,0.013371514156460762,0.0023185471072793007
sample_04,5993,14742,144547.5,8436782.5,0.010653720237314701,0.00502215139567852
sample_04,5993,14743,144557.5,8436782.5,0.0052778758108615875,0.0014714490389451385
sample_04,5993,14744,144567.5,8436782.5,0.007075844332575798,0.004189620725810528
sample_04,5993,14745,144577.5,8436782.5,0.005262409336864948,0.0023831722792237997
sample_04,5993,14746,144587.5,8436782.5,0.011992419138550758,0.0051548173651099205
sample_04,5993,14747,144597.5,8436782.5,0.016549423336982727,0.0014756189193576574
sample_04,5993,14748,144607.5,8436782.5,0.008006677031517029,0.0034371947403997183
sample_04,5993,14749,144617.5,8436782.5,0.02501389943063259,0.003781447419896722
sample_04,5993,14750,144627.5,8436782.5,0.008404536172747612,0.0014436315977945924
sample_04,5993,14751,144637.5,8436782.5,0.016493963077664375,0.001847083680331707
sample_04,5993,14752,144647.5,8436782.5,0.008307012729346752,0.0024309642612934113
sample_04,5993,14753,144657.5,8436782.5,0.009106669574975967,0.005118043161928654
sample_04,5993,14754,144667.5,8436782.5,0.01528701651841402,0.008515488356351852
sample_04,5993,14755,144677.5,8436782.5,0.018479397520422935,0.003668646328151226
sample_04,5994,14737,144497.5,8436772.5,0.012945917434990406,0.0021777686197310686
sample_04,5994,14738,144507.5,8436772.5,0.010377990081906319,0.0026157894171774387
sample_04,5994,14739,144517.5,8436772.5,0.02194330282509327,0.000628530397079885
sample_04,5994,14740,144527.5,8436772.5,0.014264742843806744,0.003828790271654725
sample_04,5994,14741,144537.5,8436772.5,0.019640624523162842,0.00076395517680794
sample_04,5994,14742,144547.5,8436772.5,0.007589205168187618,0.0027423615101724863
sample_04,5994,14743,144557.5,8436772.5,0.015800336375832558,0.0036407019942998886
sample_04,5994,14744,144567.5,8436772.5,0.007157285697758198,0.0032509907614439726
sample_04,5994,14745,144577.5,8436772.5,0.010971618816256523,0.0021728158462792635
sample_04,5994,14746,144587.5,8436772.5,0.008937414735555649,0.002916262950748205
sample_04,5994,14747,144597.5,8436772.5,0.0040574935264885426,0.0015362680424004793
sample_04,5994,14748,144607.5,8436772.5,0.009964894503355026,0.008440311998128891
sample_04,5994,14749,144617.5,8436772.5,0.015372881665825844,0.0073952642269432545
sample_04,5994,14750,144627.5,8436772.5,0.004832899663597345,0.002360600046813488
sample_04,5994,14751,144637.5,8436772.5,0.00949663482606411,0.002941556042060256
sample_04,5994,14752,144647.5,8436772.5,0.011442703194916248,0.005467622075229883
sample_04,5994,14753,144657.5,8436772.5,0.009861242026090622,0.0025477008894085884
sample_04,5994,14754,144667.5,8436772.5,0.007348795887082815,0.004879705607891083
sample_04,5994,14755,144677.5,8436772.5,0.015130667015910149,0.0021901961881667376
sample_04,5995,14737,144497.5,8436762.5,0.024637194350361824,0.001151627628132701
sample_04,5995,14738,144507.5,8436762.5,0.00707007572054863,0.004066982306540012
sample_04,5995,14739,144517.5,8436762.5,0.007089238613843918,0.005464600399136543
sample_04,5995,14740,144527.5,8436762.5,0.006134431809186935,0.001940990681760013
sample_04,5995,14741,144537.5,8436762.5,0.015332713723182678,0.006965248845517635
sample_04,5995,14742,144547.5,8436762.5,0.003531290451064706,0.002451301785185933
sample_04,5995,14743,144557.5,8436762.5,0.009381251409649849,0.0012867802288383245
sample_04,5995,14744,144567.5,8436762.5,0.007737955078482628,0.0029185062739998102
sample_04,5995,14745,144577.5,8436762.5,0.003874590154737234,0.004121413454413414
sample_04,5995,14746,144587.5,8436762.5,0.029328584671020508,0.003933983854949474
sample_04,5995,14747,144597.5,8436762.5,0.007706806994974613,0.005419515073299408
sample_04,5995,14748,144607.5,8436762.5,0.013116670772433281,0.0017331347335129976
sample_04,5995,14749,144617.5,8436762.5,0.011571381241083145,0.0005213387194089592
sample_04,5995,14750,144627.5,8436762.5,0.01316384319216013,0.0024501564912497997
sample_04,5995,14751,144637.5,8436762.5,0.01623719558119774,0.0030486932955682278
sample_04,5995,14752,144647.5,8436762.5,0.0037082962226122618,0.0022843265905976295
sample_04,5995,14753,144657.5,8436762.5,0.01248982734978199,0.0014555909438058734
sample_04,5995,14754,144667.5,8436762.5,0.015461577102541924,0.0031798656564205885
sample_04,5995,14755,144677.5,8436762.5,0.017920471727848053,0.0012499369913712144
sample_04,5996,14737,144497.5,8436752.5,0.014639699831604958,0.0063576363027095795
sample_04,5996,14738,144507.5,8436752.5,0.007750729564577341,0.00694140512496233
sample_04,5996,14739,144517.5,8436752.5,0.009268529713153839,0.0015540611930191517
sample_04,5996,14740,144527.5,8436752.5,0.006973274052143097,0.003455601865425706
sample_04,5996,14741,144537.5,8436752.5,0.014853104017674923,0.005241410806775093
sample_04,5996,14742,144547.5,8436752.5,0.009354735724627972,0.001029232400469482
sample_04,5996,14743,144557.5,8436752.5,0.0029811011627316475,0.003739860374480486
sample_04,5996,14744,144567.5,8436752.5,0.009928226470947266,0.0024937924463301897
sample_04,5996,14745,144577.5,8436752.5,0.006742449477314949,0.0011374987661838531
sample_04,5996,14746,144587.5,8436752.5,0.01231435313820839,0.00645653810352087
sample_04,5996,14747,144597.5,8436752.5,0.009494969621300697,0.002465814584866166
sample_04,5996,14748,144607.5,8436752.5,0.015281608328223228,0.0014712992124259472
sample_04,5996,14749,144617.5,8436752.5,0.006005039904266596,0.004262654110789299
sample_04,5996,14750,144627.5,8436752.5,0.008828583173453808,0.0019755433313548565
sample_04,5996,14751,144637.5,8436752.5,0.01328778825700283,0.00179437012411654
sample_04,5996,14752,144647.5,8436752.5,0.023863693699240685,0.0027668371330946684
sample_04,5996,14753,144657.5,8436752.5,0.006437984295189381,0.0011660066666081548
sample_04,5996,14754,144667.5,8436752.5,0.012362241744995117,0.004111398011445999
sample_04,5996,14755,144677.5,8436752.5,0.008222820237278938,0.003608493600040674
sample_04,5997,14737,144497.5,8436742.5,0.018155520781874657,0.00486196530982852
sample_04,5997,14738,144507.5,8436742.5,0.0059466673992574215,0.0025511514395475388
sample_04,5997,14739,144517.5,8436742.5,0.012518081814050674,0.002702410565689206
sample_04,5997,14740,144527.5,8436742.5,0.015805192291736603,0.007643398363143206
sample_04,5997,14741,144537.5,8436742.5,0.007089682389050722,0.0031509920954704285
sample_04,5997,14742,144547.5,8436742.5,0.025034837424755096,0.003693449078127742
sample_04,5997,14743,144557.5,8436742.5,0.01016988605260849,0.005181838758289814
sample_04,5997,14744,144567.5,8436742.5,0.025458211079239845,0.00516542000696063
sample_04,5997,14745,144577.5,8436742.5,0.00961360614746809,0.003146207658573985
sample_04,5997,14746,144587.5,8436742.5,0.008596621453762054,0.0029825137462466955
sample_04,5997,14747,144597.5,8436742.5,0.020666323602199554,0.0029992624185979366
sample_04,5997,14748,144607.5,8436742.5,0.013174423947930336,0.003155728802084923
sample_04,5997,14749,144617.5,8436742.5,0.01480408851057291,0.0013393450062721968
sample_04,5997,14750,144627.5,8436742.5,0.014156652614474297,0.0025026046205312014
sample_04,5997,14751,144637.5,8436742.5,0.011594466865062714,0.003851392539218068
sample_04,5997,14752,144647.5,8436742.5,0.004626513458788395,0.0043525975197553635
sample_04,5997,14753,144657.5,8436742.5,0.008775189518928528,0.003066257108002901
sample_04,5997,14754,144667.5,8436742.5,0.0042807720601558685,0.0016990159638226032
sample_04,5997,14755,144677.5,8436742.5,0.005432532634586096,0.0023504237178713083
sample_04,5998,14737,144497.5,8436732.5,0.016445813700556755,0.0030323925893753767
sample_04,5998,14738,144507.5,8436732.5,0.004953062627464533,0.002947963075712323
sample_04,5998,14739,144517.5,8436732.5,0.0069595566019415855,0.0021738021168857813
sample_04,5998,14740,144527.5,8436732.5,0.01389634981751442,0.0015409686602652073
sample_04,5998,14741,144537.5,8436732.5,0.01309147197753191,0.003697019536048174
sample_04,5998,14742,144547.5,8436732.5,0.010708860121667385,0.0015219587367027998
sample_04,5998,14743,144557.5,8436732.5,0.009836768731474876,0.0012088902294635773
sample_04,5998,14744,144567.5,8436732.5,0.017175497487187386,0.002047672402113676
sample_04,5998,14745,144577.5,8436732.5,0.03293801471590996,0.003986502066254616
sample_04,5998,14746,144587.5,8436732.5,0.006580101791769266,0.00517817959189415
sample_04,5998,14747,144597.5,8436732.5,0.013108647428452969,0.0019783792085945606
sample_04,5998,14748,144607.5,8436732.5,0.0034840244334191084,0.0038280391599982977
sample_04,5998,14749,144617.5,8436732.5,0.011874385178089142,0.0029703162144869566
sample_04,5998,14750,144627.5,8436732.5,0.010452045127749443,0.002866755472496152
sample_04,5998,14751,144637.5,8436732.5,0.005785955116152763,0.003346307436004281
sample_04,5998,14752,144647.5,8436732.5,0.0017717601731419563,0.006699719000607729
sample_04,5998,14753,144657.5,8436732.5,0.0025007508229464293,0.002518267370760441
sample_04,5998,14754,144667.5,8436732.5,0.0034513298887759447,0.0024937649723142385
sample_04,5998,14755,144677.5,8436732.5,0.0061416020616889,0.0020662937313318253
sample_04,5999,14737,144497.5,8436722.5,0.005759130232036114,0.0035719817969948053
sample_04,5999,14738,144507.5,8436722.5,0.013905854895710945,0.0035528528969734907
sample_04,5999,14739,144517.5,8436722.5,0.03587568923830986,0.0036266171373426914
sample_04,5999,14740,144527.5,8436722.5,0.007614131085574627,0.002592839766293764
sample_04,5999,14741,144537.5,8436722.5,0.008231171406805515,0.0041125318966805935
sample_04,5999,14742,144547.5,8436722.5,0.013620451092720032,0.0020125326700508595
sample_04,5999,14743,144557.5,8436722.5,0.010475819930434227,0.0016430951654911041
sample_04,5999,14744,144567.5,8436722.5,0.010850036516785622,0.001343880663625896
sample_04,5999,14745,144577.5,8436722.5,0.01966455578804016,0.001441563363187015
sample_04,5999,14746,144587.5,8436722.5,0.013165229931473732,0.00119485380128026
sample_04,5999,14747,144597.5,8436722.5,0.014308798126876354,0.002694452879950404
sample_04,5999,14748,144607.5,8436722.5,0.00921720638871193,0.006760237738490105
sample_04,5999,14749,144617.5,8436722.5,0.010361933149397373,0.0011939755640923977
sample_04,5999,14750,144627.5,8436722.5,0.01238249521702528,0.00291600008495152
sample_04,5999,14751,144637.5,8436722.5,0.01771276816725731,0.005680033937096596
sample_04,5999,14752,144647.5,8436722.5,0.00720237148925662,0.0035454868339002132
sample_04,5999,14753,144657.5,8436722.5,0.012207027524709702,0.005896382033824921
sample_04,5999,14754,144667.5,8436722.5,0.025087185204029083,0.0012607874814420938
sample_04,5999,14755,144677.5,8436722.5,0.009418649598956108,0.0050986045971512794
sample_04,6000,14737,144497.5,8436712.5,0.010521247051656246,0.0017583396984264255
sample_04,6000,14738,144507.5,8436712.5,0.005135345738381147,0.002251868601888418
sample_04,6000,14739,144517.5,8436712.5,0.018285062164068222,0.0019307932816445827
sample_04,6000,14740,144527.5,8436712.5,0.01493761409074068,0.003240120131522417
sample_04,6000,14741,144537.5,8436712.5,0.016731340438127518,0.0033170010428875685
sample_04,6000,14742,144547.5,8436712.5,0.015058430843055248,0.0036075019743293524
sample_04,6000,14743,144557.5,8436712.5,0.016949497163295746,0.004542072303593159
sample_04,6000,14744,144567.5,8436712.5,0.00589242298156023,0.0015892464434728026
sample_04,6000,14745,144577.5,8436712.5,0.01056749653071165,0.004734055604785681
sample_04,6000,14746,144587.5,8436712.5,0.016569696366786957,0.002238899003714323
sample_04,6000,14747,144597.5,8436712.5,0.01307220570743084,0.0021189649123698473
sample_04,6000,14748,144607.5,8436712.5,0.012169482186436653,0.0015964892227202654
sample_04,6000,14749,144617.5,8436712.5,0.02562854252755642,0.007556851953268051
sample_04,6000,14750,144627.5,8436712.5,0.003329523606225848,0.003873717039823532
sample_04,6000,14751,144637.5,8436712.5,0.0030421242117881775,0.002952978480607271
sample_04,6000,14752,144647.5,8436712.5,0.011308410204946995,0.0024384423159062862
sample_04,6000,14753,144657.5,8436712.5,0.018504265695810318,0.0041014663875103
sample_04,6000,14754,144667.5,8436712.5,0.005995317827910185,0.00845001358538866
sample_04,6000,14755,144677.5,8436712.5,0.00630671251565218,0.0021332059986889362
sample_04,6001,14737,144497.5,8436702.5,0.004111545160412788,0.001344990567304194
sample_04,6001,14738,144507.5,8436702.5,0.009032757952809334,0.005253053270280361
sample_04,6001,14739,144517.5,8436702.5,0.02041034772992134,0.003520422847941518
sample_04,6001,14740,144527.5,8436702.5,0.0093909977003932,0.004042242653667927
sample_04,6001,14741,144537.5,8436702.5,0.015434897504746914,0.0036960598081350327
sample_04,6001,14742,144547.5,8436702.5,0.006239370442926884,0.0027927637565881014
sample_04,6001,14743,144557.5,8436702.5,0.02484564296901226,0.0035501394886523485
sample_04,6001,14744,144567.5,8436702.5,0.00961849931627512,0.0023262263275682926
sample_04,6001,14745,144577.5,8436702.5,0.029409464448690414,0.004173660650849342
sample_04,6001,14746,144587.5,8436702.5,0.03153775632381439,0.004741223994642496
sample_04,6001,14747,144597.5,8436702.5,0.007046123035252094,0.0010106859263032675
sample_04,6001,14748,144607.5,8436702.5,0.018041297793388367,0.0016296308021992445
sample_04,6001,14749,144617.5,8436702.5,0.009590880014002323,0.005486347712576389
sample_04,6001,14750,144627.5,8436702.5,0.009093252010643482,0.006017196457833052
sample_04,6001,14751,144637.5,8436702.5,0.024623822420835495,0.00432788860052824
sample_04,6001,14752,144647.5,8436702.5,0.009453218430280685,0.006395152769982815
sample_04,6001,14753,144657.5,8436702.5,0.016534695401787758,0.0034314915537834167
sample_04,6001,14754,144667.5,8436702.5,0.005560227669775486,0.0014351343270391226
sample_04,6001,14755,144677.5,8436702.5,0.00505982106551528,0.002189428312703967
sample_04,6002,14737,144497.5,8436692.5,0.01683596335351467,0.0011063814163208008
sample_04,6002,14738,144507.5,8436692.5,0.04428943246603012,0.005598507355898619
sample_04,6002,14739,144517.5,8436692.5,0.011492758058011532,0.0019752068910747766
sample_04,6002,14740,144527.5,8436692.5,0.01341897714883089,0.0037492921110242605
sample_04,6002,14741,144537.5,8436692.5,0.01512177661061287,0.002226447220891714
sample_04,6002,14742,144547.5,8436692.5,0.006795508787035942,0.0013192720944061875
sample_04,6002,14743,144557.5,8436692.5,0.01958688721060753,0.0029298949521034956
sample_04,6002,14744,144567.5,8436692.5,0.019830312579870224,0.0034683344420045614
sample_04,6002,14745,144577.5,8436692.5,0.006229139864444733,0.003933573141694069
sample_04,6002,14746,144587.5,8436692.5,0.01237068884074688,0.0020617905538529158
sample_04,6002,14747,144597.5,8436692.5,0.004942777566611767,0.0037058955058455467
sample_04,6002,14748,144607.5,8436692.5,0.009671307168900967,0.007337652612477541
sample_04,6002,14749,144617.5,8436692.5,0.024425532668828964,0.00313978036865592
sample_04,6002,14750,144627.5,8436692.5,0.01058497279882431,0.004413846414536238
sample_04,6002,14751,144637.5,8436692.5,0.017382226884365082,0.003302567172795534
sample_04,6002,14752,144647.5,8436692.5,0.011796860024333,0.005345039069652557
sample_04,6002,14753,144657.5,8436692.5,0.01664873957633972,0.0023998431861400604
sample_04,6002,14754,144667.5,8436692.5,0.010383225977420807,0.00231279362924397
sample_04,6002,14755,144677.5,8436692.5,0.007114016450941563,0.005265438463538885
sample_04,6002,14756,144687.5,8436692.5,0.02245146781206131,0.0015808579046279192
sample_04,6003,14737,144497.5,8436682.5,0.011919409967958927,0.008237083442509174
sample_04,6003,14738,144507.5,8436682.5,0.029883064329624176,0.005556296557188034
sample_04,6003,14739,144517.5,8436682.5,0.01129600964486599,0.00474948063492775
sample_04,6003,14740,144527.5,8436682.5,0.013810131698846817,0.0026719700545072556
sample_04,6003,14741,144537.5,8436682.5,0.013912547379732132,0.0016347768250852823
sample_04,6003,14742,144547.5,8436682.5,0.009324319660663605,0.002899894490838051
sample_04,6003,14743,144557.5,8436682.5,0.018429109826683998,0.002804205287247896
sample_04,6003,14744,144567.5,8436682.5,0.018150297924876213,0.007234199903905392
sample_04,6003,14745,144577.5,8436682.5,0.010488663800060749,0.0023959113750606775
sample_04,6003,14746,144587.5,8436682.5,0.018437780439853668,0.008022837340831757
sample_04,6003,14747,144597.5,8436682.5,0.013046499341726303,0.002297567669302225
sample_04,6003,14748,144607.5,8436682.5,0.009405054152011871,0.0038722343742847443
sample_04,6003,14749,144617.5,8436682.5,0.010452087968587875,0.002357535297051072
sample_04,6003,14750,144627.5,8436682.5,0.021755587309598923,0.0027307707350701094
sample_04,6003,14751,144637.5,8436682.5,0.02842070162296295,0.0023345425724983215
sample_04,6003,14752,144647.5,8436682.5,0.005813710391521454,0.0036982467863708735
sample_04,6003,14753,144657.5,8436682.5,0.002742246724665165,0.005138167180120945
sample_04,6003,14754,144667.5,8436682.5,0.009007135406136513,0.0022864844650030136
sample_04,6003,14755,144677.5,8436682.5,0.009509069845080376,0.0036256073508411646
sample_04,6003,14756,144687.5,8436682.5,0.009902832098305225,0.0018033862579613924
sample_04,6004,14737,144497.5,8436672.5,0.017749905586242676,0.00368053512647748
sample_04,6004,14738,144507.5,8436672.5,0.02589942328631878,0.008370144292712212
sample_04,6004,14739,144517.5,8436672.5,0.00879514031112194,0.0032301878090947866
sample_04,6004,14740,144527.5,8436672.5,0.012246093712747097,0.002851349301636219
sample_04,6004,14741,144537.5,8436672.5,0.00738509651273489,0.004499655216932297
sample_04,6004,14742,144547.5,8436672.5,0.009305557236075401,0.002585067879408598
sample_04,6004,14743,144557.5,8436672.5,0.012902808375656605,0.008201179094612598
sample_04,6004,14744,144567.5,8436672.5,0.02268729731440544,0.004063413478434086
sample_04,6004,14745,144577.5,8436672.5,0.0023354077711701393,0.0035212759394198656
sample_04,6004,14746,144587.5,8436672.5,0.014324364252388477,0.002736987080425024
sample_04,6004,14747,144597.5,8436672.5,0.023384898900985718,0.0028068996034562588
sample_04,6004,14748,144607.5,8436672.5,0.022944467142224312,0.0014002181123942137
sample_04,6004,14749,144617.5,8436672.5,0.008411049842834473,0.0030321290250867605
sample_04,6004,14750,144627.5,8436672.5,0.0051640672609210014,0.0038685095496475697
sample_04,6004,14751,144637.5,8436672.5,0.009515425190329552,0.0032132468186318874
sample_04,6004,14752,144647.5,8436672.5,0.009166060015559196,0.007894319482147694
sample_04,6004,14753,144657.5,8436672.5,0.007236612029373646,0.0029694843105971813
sample_04,6004,14754,144667.5,8436672.5,0.007769273594021797,0.001945464638993144
sample_04,6004,14755,144677.5,8436672.5,0.013929180800914764,0.00215295422822237
sample_04,6004,14756,144687.5,8436672.5,0.010623717680573463,0.001411947188898921
sample_04,6005,14737,144497.5,8436662.5,0.01120023988187313,0.003496831748634577
sample_04,6005,14738,144507.5,8436662.5,0.006222229916602373,0.009759222157299519
sample_04,6005,14739,144517.5,8436662.5,0.013232402503490448,0.004076333250850439
sample_04,6005,14740,144527.5,8436662.5,0.006914081983268261,0.0029072982724756002
sample_04,6005,14741,144537.5,8436662.5,0.004635660909116268,0.003546206746250391
sample_04,6005,14742,144547.5,8436662.5,0.004467436112463474,0.0021353019401431084
sample_04,6005,14743,144557.5,8436662.5,0.008563017472624779,0.0034711360931396484
sample_04,6005,14744,144567.5,8436662.5,0.005914092995226383,0.004130076617002487
sample_04,6005,14745,144577.5,8436662.5,0.011424729600548744,0.00315821822732687
sample_04,6005,14746,144587.5,8436662.5,0.011541095562279224,0.0013954327441751957
sample_04,6005,14747,144597.5,8436662.5,0.0114279231056571,0.004316643811762333
sample_04,6005,14748,144607.5,8436662.5,0.012843971140682697,0.005282738246023655
sample_04,6005,14749,144617.5,8436662.5,0.01747499592602253,0.009987243451178074
sample_04,6005,14750,144627.5,8436662.5,0.009860971011221409,0.004339222330600023
sample_04,6005,14751,144637.5,8436662.5,0.008768000639975071,0.0033772157039493322
sample_04,6005,14752,144647.5,8436662.5,0.007265758700668812,0.002733971457928419
sample_04,6005,14753,144657.5,8436662.5,0.012095669284462929,0.0026427446864545345
sample_04,6005,14754,144667.5,8436662.5,0.010927044786512852,0.0019098336342722178
sample_04,6005,14755,144677.5,8436662.5,0.017851095646619797,0.008073721081018448
sample_04,6005,14756,144687.5,8436662.5,0.014467273838818073,0.0033829896710813046
sample_04,6006,14737,144497.5,8436652.5,0.019938742741942406,0.003067224519327283
sample_04,6006,14738,144507.5,8436652.5,0.015260813757777214,0.006201289128512144
sample_04,6006,14739,144517.5,8436652.5,0.007506799418479204,0.003252575406804681
sample_04,6006,14740,144527.5,8436652.5,0.02097930572926998,0.004980152472853661
sample_04,6006,14741,144537.5,8436652.5,0.009230153635144234,0.003430104348808527
sample_04,6006,14742,144547.5,8436652.5,0.006310032680630684,0.005781914573162794
sample_04,6006,14743,144557.5,8436652.5,0.011614558286964893,0.0100694689899683
sample_04,6006,14744,144567.5,8436652.5,0.006167193874716759,0.005449780263006687
sample_04,6006,14745,144577.5,8436652.5,0.004010464530438185,0.00143410952296108
sample_04,6006,14746,144587.5,8436652.5,0.01996198482811451,0.0026184269227087498
sample_04,6006,14747,144597.5,8436652.5,0.01368929073214531,0.004235258791595697
sample_04,6006,14748,144607.5,8436652.5,0.010553475469350815,0.0026742592453956604
sample_04,6006,14749,144617.5,8436652.5,0.012617266736924648,0.0030959625728428364
sample_04,6006,14750,144627.5,8436652.5,0.01298923697322607,0.0015054538380354643
sample_04,6006,14751,144637.5,8436652.5,0.005079026333987713,0.0022434755228459835
sample_04,6006,14752,144647.5,8436652.5,0.004633477423340082,0.0016834147972986102
sample_04,6006,14753,144657.5,8436652.5,0.018686465919017792,0.001227261032909155
sample_04,6006,14754,144667.5,8436652.5,0.011884626001119614,0.0035136649385094643
sample_04,6006,14755,144677.5,8436652.5,0.0036651650443673134,0.003966756630688906
sample_04,6006,14756,144687.5,8436652.5,0.031892091035842896,0.006519296206533909
sample_05,8785,15556,152687.5,8408862.5,0.006462106015533209,0.0010731018846854568
sample_05,8785,15557,152697.5,8408862.5,0.009263827465474606,0.0023665213957428932
sample_05,8785,15558,152707.5,8408862.5,0.006800808943808079,0.0038048066198825836
sample_05,8785,15559,152717.5,8408862.5,0.004966719541698694,0.00261133536696434
sample_05,8785,15560,152727.5,8408862.5,0.0077785709872841835,0.005308008287101984
sample_05,8785,15561,152737.5,8408862.5,0.00543649448081851,0.004518888425081968
sample_05,8785,15562,152747.5,8408862.5,0.008756875991821289,0.0037248958833515644
sample_05,8785,15563,152757.5,8408862.5,0.016711030155420303,0.0011908960295841098
sample_05,8785,15564,152767.5,8408862.5,0.006731931585818529,0.0028000161983072758
sample_05,8785,15565,152777.5,8408862.5,0.008426359854638577,0.006210867315530777
sample_05,8785,15566,152787.5,8408862.5,0.014088789001107216,0.0035230652429163456
sample_05,8785,15567,152797.5,8408862.5,0.010336303152143955,0.006236981600522995
sample_05,8785,15568,152807.5,8408862.5,0.013321097940206528,0.003105377545580268
sample_05,8785,15569,152817.5,8408862.5,0.010724702849984169,0.0031394273974001408
sample_05,8785,15570,152827.5,8408862.5,0.005831369664520025,0.001855727517977357
sample_05,8785,15571,152837.5,8408862.5,0.010040277615189552,0.0030060322023928165
sample_05,8785,15572,152847.5,8408862.5,0.019470306113362312,0.006484098732471466
sample_05,8785,15573,152857.5,8408862.5,0.00894084945321083,0.00238438555970788
sample_05,8785,15574,152867.5,8408862.5,0.0032926280982792377,0.004142898600548506
sample_05,8786,15556,152687.5,8408852.5,0.006447585765272379,0.009152576327323914
sample_05,8786,15557,152697.5,8408852.5,0.011074108071625233,0.007379566319286823
sample_05,8786,15558,152707.5,8408852.5,0.01131182536482811,0.0012038851855322719
sample_05,8786,15559,152717.5,8408852.5,0.010574602521955967,0.0032050390727818012
sample_05,8786,15560,152727.5,8408852.5,0.0042054373770952225,0.005102799739688635
sample_05,8786,15561,152737.5,8408852.5,0.009118441492319107,0.00515823345631361
sample_05,8786,15562,152747.5,8408852.5,0.008423545397818089,0.003781349863857031
sample_05,8786,15563,152757.5,8408852.5,0.009857987985014915,0.0020204747561365366
sample_05,8786,15564,152767.5,8408852.5,0.010812884196639061,0.005377521738409996
sample_05,8786,15565,152777.5,8408852.5,0.005062941927462816,0.0060747116804122925
sample_05,8786,15566,152787.5,8408852.5,0.007180261425673962,0.0038834763690829277
sample_05,8786,15567,152797.5,8408852.5,0.008837285451591015,0.0036701862700283527
sample_05,8786,15568,152807.5,8408852.5,0.007436890155076981,0.001957263331860304
sample_05,8786,15569,152817.5,8408852.5,0.008751499466598034,0.00691639119759202
sample_05,8786,15570,152827.5,8408852.5,0.014949491247534752,0.0017077726079151034
sample_05,8786,15571,152837.5,8408852.5,0.014411944895982742,0.006854766979813576
sample_05,8786,15572,152847.5,8408852.5,0.003783346153795719,0.006944958120584488
sample_05,8786,15573,152857.5,8408852.5,0.001730351010337472,0.003203091211616993
sample_05,8786,15574,152867.5,8408852.5,0.0051948511973023415,0.0031919339671730995
sample_05,8787,15556,152687.5,8408842.5,0.004374032374471426,0.00874270312488079
sample_05,8787,15557,152697.5,8408842.5,0.006264065857976675,0.0033258749172091484
sample_05,8787,15558,152707.5,8408842.5,0.006454668007791042,0.00266077509149909
sample_05,8787,15559,152717.5,8408842.5,0.0075796376913785934,0.002310676733031869
sample_05,8787,15560,152727.5,8408842.5,0.009861420840024948,0.004008117131888866
sample_05,8787,15561,152737.5,8408842.5,0.01671542041003704,0.009484152309596539
sample_05,8787,15562,152747.5,8408842.5,0.002417259616777301,0.004143290221691132
sample_05,8787,15563,152757.5,8408842.5,0.012565864250063896,0.005417348816990852
sample_05,8787,15564,152767.5,8408842.5,0.014508371241390705,0.0061171939596533775
sample_05,8787,15565,152777.5,8408842.5,0.01024335715919733,0.007025329861789942
sample_05,8787,15566,152787.5,8408842.5,0.009016395546495914,0.008531363680958748
sample_05,8787,15567,152797.5,8408842.5,0.008979883044958115,0.0072564538568258286
sample_05,8787,15568,152807.5,8408842.5,0.003436445724219084,0.004060596693307161
sample_05,8787,15569,152817.5,8408842.5,0.0055324845016002655,0.0013582438696175814
sample_05,8787,15570,152827.5,8408842.5,0.02140188217163086,0.005159745458513498
sample_05,8787,15571,152837.5,8408842.5,0.017501477152109146,0.006960141472518444
sample_05,8787,15572,152847.5,8408842.5,0.0055328370071947575,0.007070272229611874
sample_05,8787,15573,152857.5,8408842.5,0.010121723636984825,0.0021204426884651184
sample_05,8787,15574,152867.5,8408842.5,0.010090515948832035,0.004976993426680565
sample_05,8788,15556,152687.5,8408832.5,0.0038580894470214844,0.0015173839638009667
sample_05,8788,15557,152697.5,8408832.5,0.006821908988058567,0.00206601619720459
sample_05,8788,15558,152707.5,8408832.5,0.011802567169070244,0.002422134391963482
sample_05,8788,15559,152717.5,8408832.5,0.01121559925377369,0.0024591523688286543
sample_05,8788,15560,152727.5,8408832.5,0.009199879132211208,0.008799777366220951
sample_05,8788,15561,152737.5,8408832.5,0.016956571489572525,0.0012561765033751726
sample_05,8788,15562,152747.5,8408832.5,0.0038204004522413015,0.0043933819979429245
sample_05,8788,15563,152757.5,8408832.5,0.006759314797818661,0.008205271326005459
sample_05,8788,15564,152767.5,8408832.5,0.005812956020236015,0.011912714689970016
sample_05,8788,15565,152777.5,8408832.5,0.019616007804870605,0.004812239669263363
sample_05,8788,15566,152787.5,8408832.5,0.005057686474174261,0.004178639035671949
sample_05,8788,15567,152797.5,8408832.5,0.018492192029953003,0.003349654609337449
sample_05,8788,15568,152807.5,8408832.5,0.007656638510525227,0.0026516332291066647
sample_05,8788,15569,152817.5,8408832.5,0.013179250061511993,0.0030704992823302746
sample_05,8788,15570,152827.5,8408832.5,0.014975815080106258,0.0012090058298781514
sample_05,8788,15571,152837.5,8408832.5,0.009431524202227592,0.0016803690232336521
sample_05,8788,15572,152847.5,8408832.5,0.005144269205629826,0.012850129045546055
sample_05,8788,15573,152857.5,8408832.5,0.007145098876208067,0.005921660456806421
sample_05,8788,15574,152867.5,8408832.5,0.0047418344765901566,0.013203466311097145
sample_05,8789,15556,152687.5,8408822.5,0.013909372501075268,0.0036913827061653137
sample_05,8789,15557,152697.5,8408822.5,0.00986455101519823,0.003868929110467434
sample_05,8789,15558,152707.5,8408822.5,0.006600279361009598,0.006501581985503435
sample_05,8789,15559,152717.5,8408822.5,0.004801961127668619,0.007211826741695404
sample_05,8789,15560,152727.5,8408822.5,0.011829822324216366,0.0067542362958192825
sample_05,8789,15561,152737.5,8408822.5,0.014925921335816383,0.00246313470415771
sample_05,8789,15562,152747.5,8408822.5,0.012096259742975235,0.004255372099578381
sample_05,8789,15563,152757.5,8408822.5,0.00530649907886982,0.0036587375216186047
sample_05,8789,15564,152767.5,8408822.5,0.0012403849977999926,0.0036821067333221436
sample_05,8789,15565,152777.5,8408822.5,0.005164166912436485,0.0030946938786655664
sample_05,8789,15566,152787.5,8408822.5,0.019307665526866913,0.004965699277818203
sample_05,8789,15567,152797.5,8408822.5,0.009194251149892807,0.0029365713708102703
sample_05,8789,15568,152807.5,8408822.5,0.008169444277882576,0.004022262990474701
sample_05,8789,15569,152817.5,8408822.5,0.0047955382615327835,0.004566861782222986
sample_05,8789,15570,152827.5,8408822.5,0.012209965847432613,0.005063680000603199
sample_05,8789,15571,152837.5,8408822.5,0.011291266418993473,0.0015563229098916054
sample_05,8789,15572,152847.5,8408822.5,0.005637193098664284,0.0041013676673173904
sample_05,8789,15573,152857.5,8408822.5,0.007327610161155462,0.006392222363501787
sample_05,8789,15574,152867.5,8408822.5,0.0025918984320014715,0.0012931516394019127
sample_05,8790,15556,152687.5,8408812.5,0.005406252108514309,0.0036124647594988346
sample_05,8790,15557,152697.5,8408812.5,0.016142413020133972,0.003097115084528923
sample_05,8790,15558,152707.5,8408812.5,0.008617861196398735,0.006604096386581659
sample_05,8790,15559,152717.5,8408812.5,0.017052169889211655,0.003499964252114296
sample_05,8790,15560,152727.5,8408812.5,0.007774516940116882,0.007487705908715725
sample_05,8790,15561,152737.5,8408812.5,0.008000516332685947,0.004483890254050493
sample_05,8790,15562,152747.5,8408812.5,0.0028633465990424156,0.006150326691567898
sample_05,8790,15563,152757.5,8408812.5,0.009571557864546776,0.001357438275590539
sample_05,8790,15564,152767.5,8408812.5,0.0098323505371809,0.005569049157202244
sample_05,8790,15565,152777.5,8408812.5,0.026204923167824745,0.004679256118834019
sample_05,8790,15566,152787.5,8408812.5,0.015589440241456032,0.003906687721610069
sample_05,8790,15567,152797.5,8408812.5,0.005793130956590176,0.0022827344946563244
sample_05,8790,15568,152807.5,8408812.5,0.006536821834743023,0.003533642739057541
sample_05,8790,15569,152817.5,8408812.5,0.0054650986567139626,0.00234952918253839
sample_05,8790,15570,152827.5,8408812.5,0.01125079020857811,0.005919954739511013
sample_05,8790,15571,152837.5,8408812.5,0.012499263510107994,0.0038887595292180777
sample_05,8790,15572,152847.5,8408812.5,0.01076215598732233,0.0030539575964212418
sample_05,8790,15573,152857.5,8408812.5,0.01692301034927368,0.009150668978691101
sample_05,8790,15574,152867.5,8408812.5,0.010204330086708069,0.0017690362874418497
sample_05,8791,15556,152687.5,8408802.5,0.008384560234844685,0.0074399844743311405
sample_05,8791,15557,152697.5,8408802.5,0.015567274764180183,0.003890454303473234
sample_05,8791,15558,152707.5,8408802.5,0.009900623932480812,0.0014667785726487637
sample_05,8791,15559,152717.5,8408802.5,0.01447724923491478,0.010328943841159344
sample_05,8791,15560,152727.5,8408802.5,0.009224019013345242,0.0077219754457473755
sample_05,8791,15561,152737.5,8408802.5,0.004360568709671497,0.002462653210386634
sample_05,8791,15562,152747.5,8408802.5,0.017851609736680984,0.0145151037722826
sample_05,8791,15563,152757.5,8408802.5,0.003615108784288168,0.0014010646846145391
sample_05,8791,15564,152767.5,8408802.5,0.008302138186991215,0.002820597030222416
sample_05,8791,15565,152777.5,8408802.5,0.008982707746326923,0.0031670238822698593
sample_05,8791,15566,152787.5,8408802.5,0.014821629971265793,0.002380704041570425
sample_05,8791,15567,152797.5,8408802.5,0.0024373354390263557,0.0011645113117992878
sample_05,8791,15568,152807.5,8408802.5,0.0026392070576548576,0.0023818560875952244
sample_05,8791,15569,152817.5,8408802.5,0.004771174862980843,0.00567390164360404
sample_05,8791,15570,152827.5,8408802.5,0.008418267592787743,0.007920444943010807
sample_05,8791,15571,152837.5,8408802.5,0.008602437563240528,0.0010049776174128056
sample_05,8791,15572,152847.5,8408802.5,0.00785637553781271,0.006952746771275997
sample_05,8791,15573,152857.5,8408802.5,0.013468997552990913,0.004723855759948492
sample_05,8791,15574,152867.5,8408802.5,0.01049867644906044,0.003033846151083708
sample_05,8792,15556,152687.5,8408792.5,0.020928293466567993,0.006288764998316765
sample_05,8792,15557,152697.5,8408792.5,0.0061734262853860855,0.004271143581718206
sample_05,8792,15558,152707.5,8408792.5,0.0048796734772622585,0.004056073725223541
sample_05,8792,15559,152717.5,8408792.5,0.007836315780878067,0.002618452301248908
sample_05,8792,15560,152727.5,8408792.5,0.002796931192278862,0.0036121101584285498
sample_05,8792,15561,152737.5,8408792.5,0.012408250011503696,0.006086093373596668
sample_05,8792,15562,152747.5,8408792.5,0.006600329652428627,0.006618369836360216
sample_05,8792,15563,152757.5,8408792.5,0.0170394629240036,0.004937868565320969
sample_05,8792,15564,152767.5,8408792.5,0.010868249461054802,0.0033492092043161392
sample_05,8792,15565,152777.5,8408792.5,0.005919882096350193,0.005565878935158253
sample_05,8792,15566,152787.5,8408792.5,0.006557481829077005,0.010609465651214123
sample_05,8792,15567,152797.5,8408792.5,0.005446941591799259,0.005048919469118118
sample_05,8792,15568,152807.5,8408792.5,0.006779581308364868,0.00251584779471159
sample_05,8792,15569,152817.5,8408792.5,0.014579075388610363,0.005154090002179146
sample_05,8792,15570,152827.5,8408792.5,0.008357824757695198,0.001385345822200179
sample_05,8792,15571,152837.5,8408792.5,0.003946170210838318,0.003422458888962865
sample_05,8792,15572,152847.5,8408792.5,0.00919191911816597,0.0030466639436781406
sample_05,8792,15573,152857.5,8408792.5,0.011013343930244446,0.0028259570244699717
sample_05,8792,15574,152867.5,8408792.5,0.006390105467289686,0.0058005861937999725
sample_05,8793,15556,152687.5,8408782.5,0.007066714111715555,0.0035280692391097546
sample_05,8793,15557,152697.5,8408782.5,0.02232317067682743,0.007796496152877808
sample_05,8793,15558,152707.5,8408782.5,0.01420158613473177,0.010118414647877216
sample_05,8793,15559,152717.5,8408782.5,0.009138253517448902,0.003769675036892295
sample_05,8793,15560,152727.5,8408782.5,0.007326694205403328,0.0019797508139163256
sample_05,8793,15561,152737.5,8408782.5,0.0037914146669209003,0.006219853181391954
sample_05,8793,15562,152747.5,8408782.5,0.0030211894772946835,0.007054751738905907
sample_05,8793,15563,152757.5,8408782.5,0.0038684746250510216,0.0024724644608795643
sample_05,8793,15564,152767.5,8408782.5,0.004757727961987257,0.004293256904929876
sample_05,8793,15565,152777.5,8408782.5,0.0050052860751748085,0.0002187116479035467
sample_05,8793,15566,152787.5,8408782.5,0.007260099519044161,0.00849878415465355
sample_05,8793,15567,152797.5,8408782.5,0.01030766498297453,0.005616788286715746
sample_05,8793,15568,152807.5,8408782.5,0.002573238220065832,0.006625548005104065
sample_05,8793,15569,152817.5,8408782.5,0.010828367434442043,0.004294728860259056
sample_05,8793,15570,152827.5,8408782.5,0.004960577003657818,0.005441930145025253
sample_05,8793,15571,152837.5,8408782.5,0.007399131078273058,0.004936704412102699
sample_05,8793,15572,152847.5,8408782.5,0.007538605481386185,0.0063720629550516605
sample_05,8793,15573,152857.5,8408782.5,0.01976712979376316,0.0011534553486853838
sample_05,8793,15574,152867.5,8408782.5,0.004130223765969276,0.004153910093009472
sample_05,8794,15556,152687.5,8408772.5,0.006394734140485525,0.009808255359530449
sample_05,8794,15557,152697.5,8408772.5,0.003373962827026844,0.00843779556453228
sample_05,8794,15558,152707.5,8408772.5,0.007611950859427452,0.009775683283805847
sample_05,8794,15559,152717.5,8408772.5,0.006006792653352022,0.002102410653606057
sample_05,8794,15560,152727.5,8408772.5,0.008979902602732182,0.006217086687684059
sample_05,8794,15561,152737.5,8408772.5,0.005949065089225769,0.008771173655986786
sample_05,8794,15562,152747.5,8408772.5,0.008484427817165852,0.0018161576008424163
sample_05,8794,15563,152757.5,8408772.5,0.006113298237323761,0.004939173813909292
sample_05,8794,15564,152767.5,8408772.5,0.0029457088094204664,0.003794483607634902
sample_05,8794,15565,152777.5,8408772.5,0.005531419534236193,0.0011211333330720663
sample_05,8794,15566,152787.5,8408772.5,0.010465549305081367,0.0036209002137184143
sample_05,8794,15567,152797.5,8408772.5,0.011138700880110264,0.0038439976051449776
sample_05,8794,15568,152807.5,8408772.5,0.006458250805735588,0.005366004537791014
sample_05,8794,15569,152817.5,8408772.5,0.008925817906856537,0.0018989022355526686
sample_05,8794,15570,152827.5,8408772.5,0.006278665736317635,0.0039460561238229275
sample_05,8794,15571,152837.5,8408772.5,0.008491476066410542,0.00494848657399416
sample_05,8794,15572,152847.5,8408772.5,0.0059911711141467094,0.00419039698317647
sample_05,8794,15573,152857.5,8408772.5,0.016321107745170593,0.011296570301055908
sample_05,8794,15574,152867.5,8408772.5,0.00630012433975935,0.006231280043721199
sample_05,8795,15556,152687.5,8408762.5,0.011802395805716515,0.0028872669208794832
sample_05,8795,15557,152697.5,8408762.5,0.009815682657063007,0.007022924721240997
sample_05,8795,15558,152707.5,8408762.5,0.0035940867383033037,0.0036058537662029266
sample_05,8795,15559,152717.5,8408762.5,0.009147228673100471,0.0028201632667332888
sample_05,8795,15560,152727.5,8408762.5,0.014512459747493267,0.005885784514248371
sample_05,8795,15561,152737.5,8408762.5,0.024422967806458473,0.0024184761568903923
sample_05,8795,15562,152747.5,8408762.5,0.012176542542874813,0.006732934154570103
sample_05,8795,15563,152757.5,8408762.5,0.009924383834004402,0.008349237032234669
sample_05,8795,15564,152767.5,8408762.5,0.00849067885428667,0.005970198195427656
sample_05,8795,15565,152777.5,8408762.5,0.01145153772085905,0.004684037528932095
sample_05,8795,15566,152787.5,8408762.5,0.006883707363158464,0.0035856703761965036
sample_05,8795,15567,152797.5,8408762.5,0.007853376679122448,0.003649151185527444
sample_05,8795,15568,152807.5,8408762.5,0.011316733434796333,0.005514012649655342
sample_05,8795,15569,152817.5,8408762.5,0.0068700434640049934,0.004444711375981569
sample_05,8795,15570,152827.5,8408762.5,0.005532311275601387,0.0038596708327531815
sample_05,8795,15571,152837.5,8408762.5,0.011374413967132568,0.00969800353050232
sample_05,8795,15572,152847.5,8408762.5,0.013839367777109146,0.0030769165605306625
sample_05,8795,15573,152857.5,8408762.5,0.008597709238529205,0.003319315379485488
sample_05,8795,15574,152867.5,8408762.5,0.003411645069718361,0.000971428060438484
sample_05,8796,15556,152687.5,8408752.5,0.007760537788271904,0.003100920468568802
sample_05,8796,15557,152697.5,8408752.5,0.02025417611002922,0.0029487647116184235
sample_05,8796,15558,152707.5,8408752.5,0.010619625449180603,0.003418006468564272
sample_05,8796,15559,152717.5,8408752.5,0.02311919815838337,0.0027001353446394205
sample_05,8796,15560,152727.5,8408752.5,0.006951391231268644,0.0021394130308181047
sample_05,8796,15561,152737.5,8408752.5,0.01017321739345789,0.001333490014076233
sample_05,8796,15562,152747.5,8408752.5,0.002404464641585946,0.0011879538651555777
sample_05,8796,15563,152757.5,8408752.5,0.002178668975830078,0.006703366059809923
sample_05,8796,15564,152767.5,8408752.5,0.003954831510782242,0.0035780309699475765
sample_05,8796,15565,152777.5,8408752.5,0.013941648416221142,0.006890513934195042
sample_05,8796,15566,152787.5,8408752.5,0.007484070025384426,0.002866210415959358
sample_05,8796,15567,152797.5,8408752.5,0.004268629010766745,0.006297633983194828
sample_05,8796,15568,152807.5,8408752.5,0.009611353278160095,0.001148834708146751
sample_05,8796,15569,152817.5,8408752.5,0.013699491508305073,0.0028742370195686817
sample_05,8796,15570,152827.5,8408752.5,0.00939718633890152,0.009069986641407013
sample_05,8796,15571,152837.5,8408752.5,0.007924225181341171,0.003567812964320183
sample_05,8796,15572,152847.5,8408752.5,0.01084384135901928,0.005940150003880262
sample_05,8796,15573,152857.5,8408752.5,0.008316672407090664,0.0026653350796550512
sample_05,8796,15574,152867.5,8408752.5,0.004998046904802322,0.0032115206122398376
sample_05,8797,15556,152687.5,8408742.5,0.018196366727352142,0.006286150310188532
sample_05,8797,15557,152697.5,8408742.5,0.006454581394791603,0.005202248692512512
sample_05,8797,15558,152707.5,8408742.5,0.005180206149816513,0.004847090691328049
sample_05,8797,15559,152717.5,8408742.5,0.034549910575151443,0.0027265220414847136
sample_05,8797,15560,152727.5,8408742.5,0.009563642553985119,0.006801091134548187
sample_05,8797,15561,152737.5,8408742.5,0.004373766481876373,0.008008858188986778
sample_05,8797,15562,152747.5,8408742.5,0.017530815675854683,0.00694939075037837
sample_05,8797,15563,152757.5,8408742.5,0.012267851270735264,0.005383961368352175
sample_05,8797,15564,152767.5,8408742.5,0.0038623870350420475,0.002998998388648033
sample_05,8797,15565,152777.5,8408742.5,0.0175277441740036,0.00493670254945755
sample_05,8797,15566,152787.5,8408742.5,0.008805153891444206,0.003154479432851076
sample_05,8797,15567,152797.5,8408742.5,0.017136065289378166,0.002028274117037654
sample_05,8797,15568,152807.5,8408742.5,0.010972009040415287,0.0006840411806479096
sample_05,8797,15569,152817.5,8408742.5,0.013387276791036129,0.0008958171820268035
sample_05,8797,15570,152827.5,8408742.5,0.003619130700826645,0.0064115035347640514
sample_05,8797,15571,152837.5,8408742.5,0.005540984217077494,0.0055252984166145325
sample_05,8797,15572,152847.5,8408742.5,0.008153765462338924,0.00629330612719059
sample_05,8797,15573,152857.5,8408742.5,0.005934074521064758,0.008183342404663563
sample_05,8797,15574,152867.5,8408742.5,0.010441571474075317,0.004763297736644745
sample_05,8798,15556,152687.5,8408732.5,0.01631668210029602,0.001774186734110117
sample_05,8798,15557,152697.5,8408732.5,0.009802068583667278,0.004878337495028973
sample_05,8798,15558,152707.5,8408732.5,0.004769382998347282,0.0026037078350782394
sample_05,8798,15559,152717.5,8408732.5,0.0048111118376255035,0.0047726016491651535
sample_05,8798,15560,152727.5,8408732.5,0.010442464612424374,0.0061211357824504375
sample_05,8798,15561,152737.5,8408732.5,0.013419853523373604,0.002240061992779374
sample_05,8798,15562,152747.5,8408732.5,0.004446525126695633,0.0072492207400500774
sample_05,8798,15563,152757.5,8408732.5,0.010363015346229076,0.005072301719337702
sample_05,8798,15564,152767.5,8408732.5,0.010326573625206947,0.004548742435872555
sample_05,8798,15565,152777.5,8408732.5,0.011324404738843441,0.004981157835572958
sample_05,8798,15566,152787.5,8408732.5,0.004348289221525192,0.007295048795640469
sample_05,8798,15567,152797.5,8408732.5,0.00452070590108633,0.013301631435751915
sample_05,8798,15568,152807.5,8408732.5,0.014619816094636917,0.004725574515759945
sample_05,8798,15569,152817.5,8408732.5,0.007849201560020447,0.004844085779041052
sample_05,8798,15570,152827.5,8408732.5,0.005120088811963797,0.009406904689967632
sample_05,8798,15571,152837.5,8408732.5,0.020958777517080307,0.005105113610625267
sample_05,8798,15572,152847.5,8408732.5,0.002610962837934494,0.0042034052312374115
sample_05,8798,15573,152857.5,8408732.5,0.008026527240872383,0.007858745753765106
sample_05,8798,15574,152867.5,8408732.5,0.0020554917864501476,0.003650023601949215
sample_05,8799,15556,152687.5,8408722.5,0.007174987345933914,0.004817003849893808
sample_05,8799,15557,152697.5,8408722.5,0.005980323534458876,0.003598080715164542
sample_05,8799,15558,152707.5,8408722.5,0.016034996137022972,0.010409336537122726
sample_05,8799,15559,152717.5,8408722.5,0.00964396446943283,0.0018182137282565236
sample_05,8799,15560,152727.5,8408722.5,0.005300434306263924,0.0023060126695781946
sample_05,8799,15561,152737.5,8408722.5,0.021329429000616074,0.0026651157531887293
sample_05,8799,15562,152747.5,8408722.5,0.0044745346531271935,0.0032061112578958273
sample_05,8799,15563,152757.5,8408722.5,0.01307219173759222,0.0033319946378469467
sample_05,8799,15564,152767.5,8408722.5,0.011750579811632633,0.0030245636589825153
sample_05,8799,15565,152777.5,8408722.5,0.0031419764272868633,0.0031600473448634148
sample_05,8799,15566,152787.5,8408722.5,0.01829405128955841,0.0034166481345891953
sample_05,8799,15567,152797.5,8408722.5,0.013098158873617649,0.0037805153988301754
sample_05,8799,15568,152807.5,8408722.5,0.01836269348859787,0.004241582006216049
sample_05,8799,15569,152817.5,8408722.5,0.019950255751609802,0.002914896933361888
sample_05,8799,15570,152827.5,8408722.5,0.008874046616256237,0.0019562384113669395
sample_05,8799,15571,152837.5,8408722.5,0.011060355231165886,0.0015345483552664518
sample_05,8799,15572,152847.5,8408722.5,0.020472511649131775,0.0072057899087667465
sample_05,8799,15573,152857.5,8408722.5,0.011429248377680779,0.005504629574716091
sample_05,8799,15574,152867.5,8408722.5,0.005324144847691059,0.003968322183936834
sample_05,8800,15556,152687.5,8408712.5,0.018221192061901093,0.007619480602443218
sample_05,8800,15557,152697.5,8408712.5,0.004168986342847347,0.00367186451330781
sample_05,8800,15558,152707.5,8408712.5,0.0048105414025485516,0.008154282346367836
sample_05,8800,15559,152717.5,8408712.5,0.005876294337213039,0.006804679520428181
sample_05,8800,15560,152727.5,8408712.5,0.0051477225497365,0.005832459777593613
sample_05,8800,15561,152737.5,8408712.5,0.010360371321439743,0.007119623012840748
sample_05,8800,15562,152747.5,8408712.5,0.012179993093013763,0.00438664248213172
sample_05,8800,15563,152757.5,8408712.5,0.010331389494240284,0.006188645027577877
sample_05,8800,15564,152767.5,8408712.5,0.007577055599540472,0.0038057947531342506
sample_05,8800,15565,152777.5,8408712.5,0.006856610998511314,0.0033611368853598833
sample_05,8800,15566,152787.5,8408712.5,0.008718540892004967,0.004775574430823326
sample_05,8800,15567,152797.5,8408712.5,0.013377333991229534,0.002370015252381563
sample_05,8800,15568,152807.5,8408712.5,0.008276714012026787,0.001156197744421661
sample_05,8800,15569,152817.5,8408712.5,0.023836331441998482,0.00289515289478004
sample_06,11398,6706,64187.5,8382732.5,0.017476964741945267,0.007304925937205553
sample_06,11398,6707,64197.5,8382732.5,0.01504296250641346,0.00470519345253706
sample_06,11398,6708,64207.5,8382732.5,0.02265557274222374,0.004983484745025635
sample_06,11398,6709,64217.5,8382732.5,0.009465109556913376,0.005107528995722532
sample_06,11398,6710,64227.5,8382732.5,0.022517621517181396,0.0055783637799322605
sample_06,11398,6711,64237.5,8382732.5,0.024353371933102608,0.007727867923676968
sample_06,11399,6693,64057.5,8382722.5,0.021842703223228455,0.002700371202081442
sample_06,11399,6694,64067.5,8382722.5,0.010480113327503204,0.0023930231109261513
sample_06,11399,6695,64077.5,8382722.5,0.011868460103869438,0.003951311577111483
sample_06,11399,6696,64087.5,8382722.5,0.017391344532370567,0.0012457914417609572
sample_06,11399,6697,64097.5,8382722.5,0.005421762354671955,0.005830436013638973
sample_06,11399,6698,64107.5,8382722.5,0.013933096081018448,0.0048634326085448265
sample_06,11399,6699,64117.5,8382722.5,0.017011594027280807,0.002368016168475151
sample_06,11399,6700,64127.5,8382722.5,0.01911323331296444,0.005791642237454653
sample_06,11399,6701,64137.5,8382722.5,0.0118704279884696,0.0016477486351504922
sample_06,11399,6702,64147.5,8382722.5,0.006686719600111246,0.006656367797404528
sample_06,11399,6703,64157.5,8382722.5,0.007096459157764912,0.004998283926397562
sample_06,11399,6704,64167.5,8382722.5,0.007178218103945255,0.0025665569119155407
sample_06,11399,6705,64177.5,8382722.5,0.006396085489541292,0.002708486746996641
sample_06,11399,6706,64187.5,8382722.5,0.007804651279002428,0.0036631859838962555
sample_06,11399,6707,64197.5,8382722.5,0.021233003586530685,0.0009749752935022116
sample_06,11399,6708,64207.5,8382722.5,0.013144091702997684,0.004755801055580378
sample_06,11399,6709,64217.5,8382722.5,0.017125865444540977,0.006840141490101814
sample_06,11399,6710,64227.5,8382722.5,0.0070368582382798195,0.0040405974723398685
sample_06,11399,6711,64237.5,8382722.5,0.007814512588083744,0.005130589473992586
sample_06,11400,6693,64057.5,8382712.5,0.012705630622804165,0.0035277041606605053
sample_06,11400,6694,64067.5,8382712.5,0.019849538803100586,0.006886357441544533
sample_06,11400,6695,64077.5,8382712.5,0.009320677258074284,0.0038933129981160164
sample_06,11400,6696,64087.5,8382712.5,0.012219415977597237,0.0036129646468907595
sample_06,11400,6697,64097.5,8382712.5,0.017275067046284676,0.006542795337736607
sample_06,11400,6698,64107.5,8382712.5,0.00913037545979023,0.003546931082382798
sample_06,11400,6699,64117.5,8382712.5,0.0026873555034399033,0.007759766187518835
sample_06,11400,6700,64127.5,8382712.5,0.005296093411743641,0.0026406121905893087
sample_06,11400,6701,64137.5,8382712.5,0.013646287843585014,0.005088855978101492
sample_06,11400,6702,64147.5,8382712.5,0.013918058015406132,0.008599388413131237
sample_06,11400,6703,64157.5,8382712.5,0.003209053073078394,0.00385223887860775
sample_06,11400,6704,64167.5,8382712.5,0.005221860483288765,0.0018534597475081682
sample_06,11400,6705,64177.5,8382712.5,0.006559344008564949,0.0018842933932319283
sample_06,11400,6706,64187.5,8382712.5,0.007698549889028072,0.005428701639175415
sample_06,11400,6707,64197.5,8382712.5,0.005773721728473902,0.008213059045374393
sample_06,11400,6708,64207.5,8382712.5,0.010194182395935059,0.006623607128858566
sample_06,11400,6709,64217.5,8382712.5,0.00268807215616107,0.0034927227534353733
sample_06,11400,6710,64227.5,8382712.5,0.008834024891257286,0.0025033948477357626
sample_06,11400,6711,64237.5,8382712.5,0.008807200007140636,0.0021163399796932936
sample_06,11401,6693,64057.5,8382702.5,0.007111148908734322,0.008536514826118946
sample_06,11401,6694,64067.5,8382702.5,0.01908046565949917,0.005528606474399567
sample_06,11401,6695,64077.5,8382702.5,0.013481136411428452,0.002407827414572239
sample_06,11401,6696,64087.5,8382702.5,0.01664147712290287,0.00570331234484911
sample_06,11401,6697,64097.5,8382702.5,0.014410020783543587,0.004620368592441082
sample_06,11401,6698,64107.5,8382702.5,0.009885167703032494,0.004649033769965172
sample_06,11401,6699,64117.5,8382702.5,0.01700344868004322,0.003342854790389538
sample_06,11401,6700,64127.5,8382702.5,0.005506734363734722,0.004922172985970974
sample_06,11401,6701,64137.5,8382702.5,0.009517937898635864,0.003484315238893032
sample_06,11401,6702,64147.5,8382702.5,0.013116054236888885,0.004843475762754679
sample_06,11401,6703,64157.5,8382702.5,0.024548403918743134,0.002925129374489188
sample_06,11401,6704,64167.5,8382702.5,0.006809455342590809,0.007152679841965437
sample_06,11401,6705,64177.5,8382702.5,0.013957844115793705,0.006451496854424477
sample_06,11401,6706,64187.5,8382702.5,0.013379926793277264,0.008560883812606335
sample_06,11401,6707,64197.5,8382702.5,0.010648715309798717,0.002558682579547167
sample_06,11401,6708,64207.5,8382702.5,0.0035842405632138252,0.0024991496466100216
sample_06,11401,6709,64217.5,8382702.5,0.021286524832248688,0.008900538086891174
sample_06,11401,6710,64227.5,8382702.5,0.0072654797695577145,0.002775045344606042
sample_06,11401,6711,64237.5,8382702.5,0.00784770492464304,0.0031659267842769623
sample_06,11402,6693,64057.5,8382692.5,0.016151834279298782,0.005233746953308582
sample_06,11402,6694,64067.5,8382692.5,0.006681226193904877,0.005099357105791569
sample_06,11402,6695,64077.5,8382692.5,0.004903032444417477,0.011688225902616978
sample_06,11402,6696,64087.5,8382692.5,0.008225170895457268,0.002499668626114726
sample_06,11402,6697,64097.5,8382692.5,0.01573135517537594,0.011687508784234524
sample_06,11402,6698,64107.5,8382692.5,0.017402075231075287,0.005505104083567858
sample_06,11402,6699,64117.5,8382692.5,0.007745107635855675,0.005415925290435553
sample_06,11402,6700,64127.5,8382692.5,0.0022975574247539043,0.0017543117282912135
sample_06,11402,6701,64137.5,8382692.5,0.0075457533821463585,0.0024423205759376287
sample_06,11402,6702,64147.5,8382692.5,0.0129836555570364,0.00705422880128026
sample_06,11402,6703,64157.5,8382692.5,0.011930586770176888,0.009728980250656605
sample_06,11402,6704,64167.5,8382692.5,0.013461214490234852,0.00300891837105155
sample_06,11402,6705,64177.5,8382692.5,0.010391187854111195,0.0034110471606254578
sample_06,11402,6706,64187.5,8382692.5,0.0057675535790622234,0.0026146210730075836
sample_06,11402,6707,64197.5,8382692.5,0.009227738715708256,0.0056306240148842335
sample_06,11402,6708,64207.5,8382692.5,0.006048574112355709,0.00543104438111186
sample_06,11402,6709,64217.5,8382692.5,0.005355678033083677,0.004326819907873869
sample_06,11402,6710,64227.5,8382692.5,0.01266365684568882,0.005616493057459593
sample_06,11402,6711,64237.5,8382692.5,0.003885721554979682,0.005896218586713076
sample_06,11403,6693,64057.5,8382682.5,0.008620476350188255,0.006568998098373413
sample_06,11403,6694,64067.5,8382682.5,0.011783258058130741,0.008152348920702934
sample_06,11403,6695,64077.5,8382682.5,0.015787122771143913,0.001368137076497078
sample_06,11403,6696,64087.5,8382682.5,0.007279400713741779,0.003145347349345684
sample_06,11403,6697,64097.5,8382682.5,0.009224295616149902,0.005544587969779968
sample_06,11403,6698,64107.5,8382682.5,0.013056856580078602,0.0029638176783919334
sample_06,11403,6699,64117.5,8382682.5,0.021958310157060623,0.004643515683710575
sample_06,11403,6700,64127.5,8382682.5,0.0053728739731013775,0.0034754786174744368
sample_06,11403,6701,64137.5,8382682.5,0.004989829380065203,0.005800990387797356
sample_06,11403,6702,64147.5,8382682.5,0.0018655972089618444,0.004455867223441601
sample_06,11403,6703,64157.5,8382682.5,0.01085320208221674,0.0026668617501854897
sample_06,11403,6704,64167.5,8382682.5,0.01469460129737854,0.009258551523089409
sample_06,11403,6705,64177.5,8382682.5,0.011248914524912834,0.005272340960800648
sample_06,11403,6706,64187.5,8382682.5,0.00858190655708313,0.0038679682184010744
sample_06,11403,6707,64197.5,8382682.5,0.012736801989376545,0.004694411531090736
sample_06,11403,6708,64207.5,8382682.5,0.011200550012290478,0.00395957613363862
sample_06,11403,6709,64217.5,8382682.5,0.009228359907865524,0.0027965346816927195
sample_06,11403,6710,64227.5,8382682.5,0.017204254865646362,0.0032890685833990574
sample_06,11403,6711,64237.5,8382682.5,0.011755845509469509,0.0039558252319693565
sample_06,11403,6712,64247.5,8382682.5,0.007165383547544479,0.0029737898148596287
sample_06,11404,6693,64057.5,8382672.5,0.023523174226284027,0.007436650805175304
sample_06,11404,6694,64067.5,8382672.5,0.003027617000043392,0.0025786764454096556
sample_06,11404,6695,64077.5,8382672.5,0.01904166489839554,0.005229333881288767
sample_06,11404,6696,64087.5,8382672.5,0.012420184910297394,0.004123791120946407
sample_06,11404,6697,64097.5,8382672.5,0.01000694278627634,0.002914354670792818
sample_06,11404,6698,64107.5,8382672.5,0.009308192878961563,0.004075185861438513
sample_06,11404,6699,64117.5,8382672.5,0.010185403749346733,0.005727127194404602
sample_06,11404,6700,64127.5,8382672.5,0.010633513331413269,0.002581358887255192
sample_06,11404,6701,64137.5,8382672.5,0.006504266522824764,0.004062735475599766
sample_06,11404,6702,64147.5,8382672.5,0.006009634118527174,0.009076439775526524
sample_06,11404,6703,64157.5,8382672.5,0.009643616154789925,0.010122186504304409
sample_06,11404,6704,64167.5,8382672.5,0.008573919534683228,0.006538775749504566
sample_06,11404,6705,64177.5,8382672.5,0.023055747151374817,0.0033883615396916866
sample_06,11404,6706,64187.5,8382672.5,0.013354574330151081,0.0009169051190838218
sample_06,11404,6707,64197.5,8382672.5,0.012049403041601181,0.004505983088165522
sample_06,11404,6708,64207.5,8382672.5,0.0064928364008665085,0.003338482929393649
sample_06,11404,6709,64217.5,8382672.5,0.010643103159964085,0.00824932660907507
sample_06,11404,6710,64227.5,8382672.5,0.01290767639875412,0.008313257247209549
sample_06,11404,6711,64237.5,8382672.5,0.010332565754652023,0.007669060491025448
sample_06,11404,6712,64247.5,8382672.5,0.009500490501523018,0.004537062253803015
sample_06,11405,6693,64057.5,8382662.5,0.023167354986071587,0.0018315715715289116
sample_06,11405,6694,64067.5,8382662.5,0.01822294294834137,0.002612433396279812
sample_06,11405,6695,64077.5,8382662.5,0.007254367228597403,0.006471121218055487
sample_06,11405,6696,64087.5,8382662.5,0.01201210729777813,0.005171255208551884
sample_06,11405,6697,64097.5,8382662.5,0.014555824920535088,0.006315277423709631
sample_06,11405,6698,64107.5,8382662.5,0.011403465643525124,0.004349295049905777
sample_06,11405,6699,64117.5,8382662.5,0.004667924717068672,0.0033069101627916098
sample_06,11405,6700,64127.5,8382662.5,0.0057097612880170345,0.0033422920387238264
sample_06,11405,6701,64137.5,8382662.5,0.011553104035556316,0.004980072844773531
sample_06,11405,6702,64147.5,8382662.5,0.006845324765890837,0.0029546066652983427
sample_06,11405,6703,64157.5,8382662.5,0.013614523224532604,0.005006020423024893
sample_06,11405,6704,64167.5,8382662.5,0.007058892399072647,0.0016487652901560068
sample_06,11405,6705,64177.5,8382662.5,0.004681759979575872,0.0028570520225912333
sample_06,11405,6706,64187.5,8382662.5,0.01146607007831335,0.007428852375596762
sample_06,11405,6707,64197.5,8382662.5,0.0038401358760893345,0.0008268889505416155
sample_06,11405,6708,64207.5,8382662.5,0.020841611549258232,0.001810238347388804
sample_06,11405,6709,64217.5,8382662.5,0.004327049944549799,0.0059100426733493805
sample_06,11405,6710,64227.5,8382662.5,0.0061731357127428055,0.008067158050835133
sample_06,11405,6711,64237.5,8382662.5,0.016475573182106018,0.006695344112813473
sample_06,11405,6712,64247.5,8382662.5,0.003422568552196026,0.0047427997924387455
sample_06,11406,6693,64057.5,8382652.5,0.011989757418632507,0.006284691393375397
sample_06,11406,6694,64067.5,8382652.5,0.011963438242673874,0.004234780091792345
sample_06,11406,6695,64077.5,8382652.5,0.0034838514402508736,0.00220537930727005
sample_06,11406,6696,64087.5,8382652.5,0.009367509745061398,0.00029505780548788607
sample_06,11406,6697,64097.5,8382652.5,0.003229242516681552,0.005770030897110701
sample_06,11406,6698,64107.5,8382652.5,0.010426810011267662,0.013418745249509811
sample_06,11406,6699,64117.5,8382652.5,0.013668142259120941,0.005168166942894459
sample_06,11406,6700,64127.5,8382652.5,0.011404572986066341,0.00286239106208086
sample_06,11406,6701,64137.5,8382652.5,0.012914200313389301,0.011800896376371384
sample_06,11406,6702,64147.5,8382652.5,0.006967924069613218,0.0035490705631673336
sample_06,11406,6703,64157.5,8382652.5,0.014750898815691471,0.005497333128005266
sample_06,11406,6704,64167.5,8382652.5,0.007611247710883617,0.0028360909782350063
sample_06,11406,6705,64177.5,8382652.5,0.0063602193258702755,0.008012461476027966
sample_06,11406,6706,64187.5,8382652.5,0.006873664446175098,0.004817188251763582
sample_06,11406,6707,64197.5,8382652.5,0.009712811559438705,0.009133351035416126
sample_06,11406,6708,64207.5,8382652.5,0.00271850498393178,0.0069191232323646545
sample_06,11406,6709,64217.5,8382652.5,0.006401115097105503,0.0026386165991425514
sample_06,11406,6710,64227.5,8382652.5,0.006247514393180609,0.008495460264384747
sample_06,11406,6711,64237.5,8382652.5,0.00822765938937664,0.002952677896246314
sample_06,11406,6712,64247.5,8382652.5,0.012397841550409794,0.0028020739555358887
sample_06,11407,6693,64057.5,8382642.5,0.007354180794209242,0.004390218295156956
sample_06,11407,6694,64067.5,8382642.5,0.005125375930219889,0.00468688178807497
sample_06,11407,6695,64077.5,8382642.5,0.004335607402026653,0.005423214752227068
sample_06,11407,6696,64087.5,8382642.5,0.005683140829205513,0.006500741932541132
sample_06,11407,6697,64097.5,8382642.5,0.009511166252195835,0.007082960568368435
sample_06,11407,6698,64107.5,8382642.5,0.005345430690795183,0.007951488718390465
sample_06,11407,6699,64117.5,8382642.5,0.019205929711461067,0.008803052827715874
sample_06,11407,6700,64127.5,8382642.5,0.00723752286285162,0.004029416479170322
sample_06,11407,6701,64137.5,8382642.5,0.008716936223208904,0.00238043162971735
sample_06,11407,6702,64147.5,8382642.5,0.01856423169374466,0.004197787493467331
sample_06,11407,6703,64157.5,8382642.5,0.011696702800691128,0.0023342729546129704
sample_06,11407,6704,64167.5,8382642.5,0.004260793793946505,0.012734202668070793
sample_06,11407,6705,64177.5,8382642.5,0.007936893962323666,0.007221677340567112
sample_06,11407,6706,64187.5,8382642.5,0.02269621379673481,0.00330344052053988
sample_06,11407,6707,64197.5,8382642.5,0.005655680783092976,0.0021621722262352705
sample_06,11407,6708,64207.5,8382642.5,0.0070494115352630615,0.006536344066262245
sample_06,11407,6709,64217.5,8382642.5,0.009893468581140041,0.004741137847304344
sample_06,11407,6710,64227.5,8382642.5,0.019301490858197212,0.00507806520909071
sample_06,11407,6711,64237.5,8382642.5,0.016998615115880966,0.004654228687286377
sample_06,11407,6712,64247.5,8382642.5,0.008303134702146053,0.006838757544755936
sample_06,11408,6693,64057.5,8382632.5,0.007902703247964382,0.00406092032790184
sample_06,11408,6694,64067.5,8382632.5,0.003045188495889306,0.0037720734253525734
sample_06,11408,6695,64077.5,8382632.5,0.01616734080016613,0.004432824905961752
sample_06,11408,6696,64087.5,8382632.5,0.010962300933897495,0.003174185287207365
sample_06,11408,6697,64097.5,8382632.5,0.004126957152038813,0.003274627961218357
sample_06,11408,6698,64107.5,8382632.5,0.005864500533789396,0.00430996622890234
sample_06,11408,6699,64117.5,8382632.5,0.007554939948022366,0.004719127900898457
sample_06,11408,6700,64127.5,8382632.5,0.005750325508415699,0.004994884133338928
sample_06,11408,6701,64137.5,8382632.5,0.0038578426465392113,0.003956914879381657
sample_06,11408,6702,64147.5,8382632.5,0.012763753533363342,0.001893711043521762
sample_06,11408,6703,64157.5,8382632.5,0.015876436606049538,0.009121549315750599
sample_06,11408,6704,64167.5,8382632.5,0.005678734742105007,0.003126423805952072
sample_06,11408,6705,64177.5,8382632.5,0.007271760143339634,0.0039307549595832825
sample_06,11408,6706,64187.5,8382632.5,0.014174861833453178,0.0017307092202827334
sample_06,11408,6707,64197.5,8382632.5,0.02502581849694252,0.002450760221108794
sample_06,11408,6708,64207.5,8382632.5,0.003699167165905237,0.007878581061959267
sample_06,11408,6709,64217.5,8382632.5,0.01525920256972313,0.007044114638119936
sample_06,11408,6710,64227.5,8382632.5,0.007555230055004358,0.004476528149098158
sample_06,11408,6711,64237.5,8382632.5,0.007930854335427284,0.013203857466578484
sample_06,11408,6712,64247.5,8382632.5,0.006710329558700323,0.00410371832549572
sample_06,11409,6693,64057.5,8382622.5,0.004704074934124947,0.00169766740873456
sample_06,11409,6694,64067.5,8382622.5,0.004082017112523317,0.007711200509220362
sample_06,11409,6695,64077.5,8382622.5,0.005842842161655426,0.0026623897720128298
sample_06,11409,6696,64087.5,8382622.5,0.01019151322543621,0.004205477889627218
sample_06,11409,6697,64097.5,8382622.5,0.009586237370967865,0.0029390270356088877
sample_06,11409,6698,64107.5,8382622.5,0.004256931133568287,0.003266509622335434
sample_06,11409,6699,64117.5,8382622.5,0.011682555079460144,0.0026870951987802982
sample_06,11409,6700,64127.5,8382622.5,0.00805183406919241,0.005549639463424683
sample_06,11409,6701,64137.5,8382622.5,0.014922423288226128,0.0034351975191384554
sample_06,11409,6702,64147.5,8382622.5,0.008046990260481834,0.0027371225878596306
sample_06,11409,6703,64157.5,8382622.5,0.006073259748518467,0.004294858314096928
sample_06,11409,6704,64167.5,8382622.5,0.007001493126153946,0.004384910687804222
sample_06,11409,6705,64177.5,8382622.5,0.012114825658500195,0.004180618096143007
sample_06,11409,6706,64187.5,8382622.5,0.011644979938864708,0.008322413079440594
sample_06,11409,6707,64197.5,8382622.5,0.004545698873698711,0.004356148187071085
sample_06,11409,6708,64207.5,8382622.5,0.013179823756217957,0.0010382175678387284
sample_06,11409,6709,64217.5,8382622.5,0.012880783528089523,0.006038210354745388
sample_06,11409,6710,64227.5,8382622.5,0.007040729746222496,0.0040093655698001385
sample_06,11409,6711,64237.5,8382622.5,0.009445068426430225,0.0012707698624581099
sample_06,11409,6712,64247.5,8382622.5,0.014155630953609943,0.006040212698280811
sample_06,11410,6693,64057.5,8382612.5,0.00728199165314436,0.005282689817249775
sample_06,11410,6694,64067.5,8382612.5,0.00798054039478302,0.00673105102032423
sample_06,11410,6695,64077.5,8382612.5,0.007799010258167982,0.014658547006547451
sample_06,11410,6696,64087.5,8382612.5,0.009789749048650265,0.005253428593277931
sample_06,11410,6697,64097.5,8382612.5,0.009632375091314316,0.003759169951081276
sample_06,11410,6698,64107.5,8382612.5,0.011412005871534348,0.004806090146303177
sample_06,11410,6699,64117.5,8382612.5,0.006892340257763863,0.0019925020169466734
sample_06,11410,6700,64127.5,8382612.5,0.014192947186529636,0.006709023844450712
sample_06,11410,6701,64137.5,8382612.5,0.005155742634087801,0.005051650572568178
sample_06,11410,6702,64147.5,8382612.5,0.007261648774147034,0.0023495189379900694
sample_06,11410,6703,64157.5,8382612.5,0.006040246691554785,0.0015893705422058702
sample_06,11410,6704,64167.5,8382612.5,0.0048137144185602665,0.0013371974928304553
sample_06,11410,6705,64177.5,8382612.5,0.01657610572874546,0.005975028499960899
sample_06,11410,6706,64187.5,8382612.5,0.013331616297364235,0.0035869344137609005
sample_06,11410,6707,64197.5,8382612.5,0.02142230235040188,0.003721837420016527
sample_06,11410,6708,64207.5,8382612.5,0.015399612486362457,0.002174203749746084
sample_06,11410,6709,64217.5,8382612.5,0.01000914815813303,0.0015886907931417227
sample_06,11410,6710,64227.5,8382612.5,0.00948314554989338,0.007350361905992031
sample_06,11410,6711,64237.5,8382612.5,0.017475895583629608,0.00552928214892745
sample_06,11410,6712,64247.5,8382612.5,0.008664574474096298,0.004744494799524546
sample_06,11411,6693,64057.5,8382602.5,0.01503375917673111,0.001672549289651215
sample_06,11411,6694,64067.5,8382602.5,0.004039720166474581,0.0012922175228595734
sample_06,11411,6695,64077.5,8382602.5,0.015789203345775604,0.004579990636557341
sample_06,11411,6696,64087.5,8382602.5,0.010657425038516521,0.004392863251268864
sample_06,11411,6697,64097.5,8382602.5,0.004169314168393612,0.003786851651966572
sample_06,11411,6698,64107.5,8382602.5,0.014252902939915657,0.0030371504835784435
sample_06,11411,6699,64117.5,8382602.5,0.01796812005341053,0.004025876522064209
sample_06,11411,6700,64127.5,8382602.5,0.009781690314412117,0.0062454272992908955
sample_06,11411,6701,64137.5,8382602.5,0.007968869991600513,0.005552452523261309
sample_06,11411,6702,64147.5,8382602.5,0.009324001148343086,0.0027909385971724987
sample_06,11411,6703,64157.5,8382602.5,0.004563367459923029,0.0019551545847207308
sample_06,11411,6704,64167.5,8382602.5,0.009444214403629303,0.010887316428124905
sample_06,11411,6705,64177.5,8382602.5,0.013617975637316704,0.00227828579954803
sample_06,11411,6706,64187.5,8382602.5,0.01068637240678072,0.0033104699105024338
sample_06,11411,6707,64197.5,8382602.5,0.010193610563874245,0.0037329946644604206
sample_06,11411,6708,64207.5,8382602.5,0.009978014975786209,0.005151272751390934
sample_06,11411,6709,64217.5,8382602.5,0.00707109784707427,0.005981553345918655
sample_06,11411,6710,64227.5,8382602.5,0.014745880849659443,0.005594784859567881
sample_06,11411,6711,64237.5,8382602.5,0.0015660980716347694,0.003320737974718213
sample_06,11411,6712,64247.5,8382602.5,0.01937592588365078,0.007935203611850739
sample_06,11412,6693,64057.5,8382592.5,0.003980568610131741,0.004304453730583191
sample_06,11412,6694,64067.5,8382592.5,0.012661803513765335,0.002288391813635826
sample_06,11412,6695,64077.5,8382592.5,0.009521087631583214,0.006542247254401445
sample_06,11412,6696,64087.5,8382592.5,0.006546700373291969,0.005537635646760464
sample_06,11412,6697,64097.5,8382592.5,0.0032689780928194523,0.0052811154164373875
sample_06,11412,6698,64107.5,8382592.5,0.0034160176292061806,0.004987933672964573
sample_06,11412,6699,64117.5,8382592.5,0.006994154304265976,0.004318630322813988
sample_06,11412,6700,64127.5,8382592.5,0.006729496642947197,0.0037016086280345917
sample_06,11412,6701,64137.5,8382592.5,0.009354282170534134,0.0070982566103339195
sample_06,11412,6702,64147.5,8382592.5,0.016660649329423904,0.006207289639860392
sample_06,11412,6703,64157.5,8382592.5,0.014410600066184998,0.004643002990633249
sample_06,11412,6704,64167.5,8382592.5,0.005243954248726368,0.004960500169545412
sample_06,11412,6705,64177.5,8382592.5,0.00917707197368145,0.006781620439141989
sample_06,11412,6706,64187.5,8382592.5,0.0033973418176174164,0.0035248531494289637
sample_06,11412,6707,64197.5,8382592.5,0.004809677600860596,0.005752531345933676
sample_06,11412,6708,64207.5,8382592.5,0.018991224467754364,0.00308408634737134
sample_06,11412,6709,64217.5,8382592.5,0.017207443714141846,0.006261173170059919
sample_06,11412,6710,64227.5,8382592.5,0.01870117336511612,0.003973325248807669
sample_06,11412,6711,64237.5,8382592.5,0.0076369671151041985,0.001919303322210908
sample_06,11412,6712,64247.5,8382592.5,0.010069793090224266,0.005920798983424902
sample_06,11413,6693,64057.5,8382582.5,0.01550729013979435,0.004636269528418779
sample_06,11413,6694,64067.5,8382582.5,0.012256638146936893,0.004070516675710678
sample_06,11413,6695,64077.5,8382582.5,0.0055125681683421135,0.0017443177057430148
sample_06,11413,6696,64087.5,8382582.5,0.019876686856150627,0.006430733483284712
sample_06,11413,6697,64097.5,8382582.5,0.004214950371533632,0.0025060968473553658
sample_06,11413,6698,64107.5,8382582.5,0.017695780843496323,0.003194655291736126
sample_06,11413,6699,64117.5,8382582.5,0.00869667623192072,0.007383156567811966
sample_06,11413,6700,64127.5,8382582.5,0.004630081355571747,0.0047364747151732445
sample_06,11413,6701,64137.5,8382582.5,0.009817314334213734,0.0016217645024880767
sample_06,11413,6702,64147.5,8382582.5,0.008577059023082256,0.003996019251644611
sample_06,11413,6703,64157.5,8382582.5,0.016350245103240013,0.0057893795892596245
sample_06,11413,6704,64167.5,8382582.5,0.013381026685237885,0.0037560572382062674
sample_06,11413,6705,64177.5,8382582.5,0.006847021169960499,0.013069326989352703
sample_06,11413,6706,64187.5,8382582.5,0.009517939761281013,0.001920343958772719
sample_06,11413,6707,64197.5,8382582.5,0.007005738094449043,0.002659464254975319
sample_06,11413,6708,64207.5,8382582.5,0.010309617966413498,0.0018661669455468655
sample_06,11413,6709,64217.5,8382582.5,0.038298070430755615,0.005149100907146931
sample_06,11413,6710,64227.5,8382582.5,0.0061620017513632774,0.0010431892005726695
sample_06,11413,6711,64237.5,8382582.5,0.010242439806461334,0.004300007130950689
sample_06,11413,6712,64247.5,8382582.5,0.008782711811363697,0.00548543781042099
sample_07,12542,25554,252667.5,8371292.5,0.006988608743995428,0.006827003322541714
sample_07,12542,25555,252677.5,8371292.5,0.02415401302278042,0.006641218904405832
sample_07,12542,25556,252687.5,8371292.5,0.0242986548691988,0.00406345259398222
sample_07,12542,25557,252697.5,8371292.5,0.006465469487011433,0.001461690291762352
sample_07,12542,25558,252707.5,8371292.5,0.012374194338917732,0.0015723900869488716
sample_07,12542,25559,252717.5,8371292.5,0.028107620775699615,0.001747295493260026
sample_07,12543,25541,252537.5,8371282.5,0.026803167536854744,0.0025819556321948767
sample_07,12543,25542,252547.5,8371282.5,0.022066256031394005,0.00538975466042757
sample_07,12543,25543,252557.5,8371282.5,0.015370624139904976,0.003547795582562685
sample_07,12543,25544,252567.5,8371282.5,0.00783524475991726,0.0021501786541193724
sample_07,12543,25545,252577.5,8371282.5,0.02987797185778618,0.00802216213196516
sample_07,12543,25546,252587.5,8371282.5,0.018603239208459854,0.0027677773032337427
sample_07,12543,25547,252597.5,8371282.5,0.009998500347137451,0.0025239859241992235
sample_07,12543,25548,252607.5,8371282.5,0.007936001755297184,0.00343474093824625
sample_07,12543,25549,252617.5,8371282.5,0.029150240123271942,0.008943676017224789
sample_07,12543,25550,252627.5,8371282.5,0.03356890380382538,0.0028017691802233458
sample_07,12543,25551,252637.5,8371282.5,0.025384074077010155,0.0060255201533436775
sample_07,12543,25552,252647.5,8371282.5,0.00888220313936472,0.001639756839722395
sample_07,12543,25553,252657.5,8371282.5,0.028362717479467392,0.0055322605185210705
sample_07,12543,25554,252667.5,8371282.5,0.03387897461652756,0.003855298738926649
sample_07,12543,25555,252677.5,8371282.5,0.02163092978298664,0.007466922048479319
sample_07,12543,25556,252687.5,8371282.5,0.024933163076639175,0.00454420130699873
sample_07,12543,25557,252697.5,8371282.5,0.008654736913740635,0.005591630004346371
sample_07,12543,25558,252707.5,8371282.5,0.004647430032491684,0.002567361108958721
sample_07,12543,25559,252717.5,8371282.5,0.038401782512664795,0.002005763351917267
sample_07,12544,25541,252537.5,8371272.5,0.01750672049820423,0.005370753817260265
sample_07,12544,25542,252547.5,8371272.5,0.018778156489133835,0.0008253137930296361
sample_07,12544,25543,252557.5,8371272.5,0.024914070963859558,0.0016636040527373552
sample_07,12544,25544,252567.5,8371272.5,0.010936557315289974,0.005935698747634888
sample_07,12544,25545,252577.5,8371272.5,0.013571629300713539,0.006535481661558151
sample_07,12544,25546,252587.5,8371272.5,0.017855573445558548,0.0025551137514412403
sample_07,12544,25547,252597.5,8371272.5,0.015500176697969437,0.0008935324149206281
sample_07,12544,25548,252607.5,8371272.5,0.014160721562802792,0.004176107235252857
sample_07,12544,25549,252617.5,8371272.5,0.007910892367362976,0.0036498354747891426
sample_07,12544,25550,252627.5,8371272.5,0.027228929102420807,0.002342501189559698
sample_07,12544,25551,252637.5,8371272.5,0.017758864909410477,0.007651613559573889
sample_07,12544,25552,252647.5,8371272.5,0.04062744230031967,0.005846885964274406
sample_07,12544,25553,252657.5,8371272.5,0.03169858455657959,0.0047448258846998215
sample_07,12544,25554,252667.5,8371272.5,0.04559711739420891,0.004757748916745186
sample_07,12544,25555,252677.5,8371272.5,0.03365223482251167,0.00403398834168911
sample_07,12544,25556,252687.5,8371272.5,0.03456077724695206,0.00638560950756073
sample_07,12544,25557,252697.5,8371272.5,0.01352482195943594,0.009041046723723412
sample_07,12544,25558,252707.5,8371272.5,0.011919978074729443,0.0016336465487256646
sample_07,12544,25559,252717.5,8371272.5,0.01867837645113468,0.002060242695733905
sample_07,12545,25541,252537.5,8371262.5,0.02024184912443161,0.0007679771515540779
sample_07,12545,25542,252547.5,8371262.5,0.04194914549589157,0.0020926452707499266
sample_07,12545,25543,252557.5,8371262.5,0.02015468291938305,0.0029971865005791187
sample_07,12545,25544,252567.5,8371262.5,0.01479546818882227,0.0028263104613870382
sample_07,12545,25545,252577.5,8371262.5,0.02556319162249565,0.0049464101903140545
sample_07,12545,25546,252587.5,8371262.5,0.013661419041454792,0.0034163049422204494
sample_07,12545,25547,252597.5,8371262.5,0.006562704220414162,0.004063135012984276
sample_07,12545,25548,252607.5,8371262.5,0.014126685447990894,0.003997267223894596
sample_07,12545,25549,252617.5,8371262.5,0.026240816339850426,0.004172963555902243
sample_07,12545,25550,252627.5,8371262.5,0.06109416484832764,0.0030732988379895687
sample_07,12545,25551,252637.5,8371262.5,0.013451392762362957,0.008251737803220749
sample_07,12545,25552,252647.5,8371262.5,0.022225990891456604,0.0021967871580272913
sample_07,12545,25553,252657.5,8371262.5,0.022828757762908936,0.005374790169298649
sample_07,12545,25554,252667.5,8371262.5,0.04691318795084953,0.005607294850051403
sample_07,12545,25555,252677.5,8371262.5,0.01753293350338936,0.008651412092149258
sample_07,12545,25556,252687.5,8371262.5,0.013369242660701275,0.00639199698343873
sample_07,12545,25557,252697.5,8371262.5,0.02130669541656971,0.002639791229739785
sample_07,12545,25558,252707.5,8371262.5,0.009154229424893856,0.0018093185499310493
sample_07,12545,25559,252717.5,8371262.5,0.012406256049871445,0.0031770754139870405
sample_07,12546,25541,252537.5,8371252.5,0.011271961033344269,0.0024085489567369223
sample_07,12546,25542,252547.5,8371252.5,0.05531613156199455,0.002095023635774851
sample_07,12546,25543,252557.5,8371252.5,0.015621520578861237,0.005839359015226364
sample_07,12546,25544,252567.5,8371252.5,0.021740838885307312,0.00488676130771637
sample_07,12546,25545,252577.5,8371252.5,0.03000497817993164,0.008044513873755932
sample_07,12546,25546,252587.5,8371252.5,0.03184741362929344,0.005792062729597092
sample_07,12546,25547,252597.5,8371252.5,0.024761276319622993,0.008292042650282383
sample_07,12546,25548,252607.5,8371252.5,0.01837507076561451,0.004211777355521917
sample_07,12546,25549,252617.5,8371252.5,0.04599488899111748,0.0058956327848136425
sample_07,12546,25550,252627.5,8371252.5,0.03166462481021881,0.0021685375832021236
sample_07,12546,25551,252637.5,8371252.5,0.019342081621289253,0.009037892334163189
sample_07,12546,25552,252647.5,8371252.5,0.04630054533481598,0.007337819319218397
sample_07,12546,25553,252657.5,8371252.5,0.01911621168255806,0.0032011945731937885
sample_07,12546,25554,252667.5,8371252.5,0.010792365297675133,0.002892511198297143
sample_07,12546,25555,252677.5,8371252.5,0.040443889796733856,0.0024098651483654976
sample_07,12546,25556,252687.5,8371252.5,0.01796211302280426,0.002701055957004428
sample_07,12546,25557,252697.5,8371252.5,0.03329642862081528,0.0020338965114206076
sample_07,12546,25558,252707.5,8371252.5,0.011157702654600143,0.005183368921279907
sample_07,12546,25559,252717.5,8371252.5,0.010845840908586979,0.0015388079918920994
sample_07,12547,25541,252537.5,8371242.5,0.01844850182533264,0.002909222152084112
sample_07,12547,25542,252547.5,8371242.5,0.02649688720703125,0.0026235226541757584
sample_07,12547,25543,252557.5,8371242.5,0.029182998463511467,0.00258419057354331
sample_07,12547,25544,252567.5,8371242.5,0.010286219418048859,0.0035793506540358067
sample_07,12547,25545,252577.5,8371242.5,0.013698428869247437,0.0067085991613566875
sample_07,12547,25546,252587.5,8371242.5,0.023015424609184265,0.004447638522833586
sample_07,12547,25547,252597.5,8371242.5,0.014736407436430454,0.006384979002177715
sample_07,12547,25548,252607.5,8371242.5,0.05145546421408653,0.00529644638299942
sample_07,12547,25549,252617.5,8371242.5,0.013498305343091488,0.005249315872788429
sample_07,12547,25550,252627.5,8371242.5,0.006083040498197079,0.0028804067987948656
sample_07,12547,25551,252637.5,8371242.5,0.004615036305040121,0.003623134456574917
sample_07,12547,25552,252647.5,8371242.5,0.013793641701340675,0.010412720032036304
sample_07,12547,25553,252657.5,8371242.5,0.010178253054618835,0.0053692953661084175
sample_07,12547,25554,252667.5,8371242.5,0.006941525265574455,0.001503480365499854
sample_07,12547,25555,252677.5,8371242.5,0.012873431667685509,0.005044436082243919
sample_07,12547,25556,252687.5,8371242.5,0.016246389597654343,0.0038440863136202097
sample_07,12547,25557,252697.5,8371242.5,0.018581092357635498,0.007073909975588322
sample_07,12547,25558,252707.5,8371242.5,0.009149270132184029,0.007366331294178963
sample_07,12547,25559,252717.5,8371242.5,0.03638514503836632,0.006360135972499847
sample_07,12548,25541,252537.5,8371232.5,0.07046642899513245,0.006800439208745956
sample_07,12548,25542,252547.5,8371232.5,0.007634742651134729,0.004982469603419304
sample_07,12548,25543,252557.5,8371232.5,0.02232423610985279,0.0031013654079288244
sample_07,12548,25544,252567.5,8371232.5,0.010003914125263691,0.0017468191217631102
sample_07,12548,25545,252577.5,8371232.5,0.038221295922994614,0.0036457511596381664
sample_07,12548,25546,252587.5,8371232.5,0.020036481320858,0.002759661991149187
sample_07,12548,25547,252597.5,8371232.5,0.01910996064543724,0.00401516305282712
sample_07,12548,25548,252607.5,8371232.5,0.023912319913506508,0.006679379381239414
sample_07,12548,25549,252617.5,8371232.5,0.016885295510292053,0.0029920325614511967
sample_07,12548,25550,252627.5,8371232.5,0.01688511297106743,0.003391033271327615
sample_07,12548,25551,252637.5,8371232.5,0.016656115651130676,0.003347836434841156
sample_07,12548,25552,252647.5,8371232.5,0.022993920370936394,0.005567128304392099
sample_07,12548,25553,252657.5,8371232.5,0.013138271868228912,0.004699949640780687
sample_07,12548,25554,252667.5,8371232.5,0.016701459884643555,0.0038184744771569967
sample_07,12548,25555,252677.5,8371232.5,0.009901607409119606,0.006043486762791872
sample_07,12548,25556,252687.5,8371232.5,0.06483501940965652,0.0038906692061573267
sample_07,12548,25557,252697.5,8371232.5,0.010012190788984299,0.007063461001962423
sample_07,12548,25558,252707.5,8371232.5,0.008046036586165428,0.006474947556853294
sample_07,12548,25559,252717.5,8371232.5,0.0554228276014328,0.011333005502820015
sample_07,12549,25541,252537.5,8371222.5,0.025039412081241608,0.0028734670486301184
sample_07,12549,25542,252547.5,8371222.5,0.0021053391974419355,0.0011623974423855543
sample_07,12549,25543,252557.5,8371222.5,0.037253741174936295,0.003965315409004688
sample_07,12549,25544,252567.5,8371222.5,0.041950125247240067,0.003870639018714428
sample_07,12549,25545,252577.5,8371222.5,0.025771699845790863,0.007741342298686504
sample_07,12549,25546,252587.5,8371222.5,0.018098922446370125,0.0073081376031041145
sample_07,12549,25547,252597.5,8371222.5,0.02293427847325802,0.0022698447573930025
sample_07,12549,25548,252607.5,8371222.5,0.01873154193162918,0.008831004612147808
sample_07,12549,25549,252617.5,8371222.5,0.016479332000017166,0.005468538496643305
sample_07,12549,25550,252627.5,8371222.5,0.023271627724170685,0.003128486918285489
sample_07,12549,25551,252637.5,8371222.5,0.03403543308377266,0.004754781257361174
sample_07,12549,25552,252647.5,8371222.5,0.008329545147716999,0.005854285322129726
sample_07,12549,25553,252657.5,8371222.5,0.03877918794751167,0.003451728727668524
sample_07,12549,25554,252667.5,8371222.5,0.016185875982046127,0.007459285669028759
sample_07,12549,25555,252677.5,8371222.5,0.023507943376898766,0.0056108394637703896
sample_07,12549,25556,252687.5,8371222.5,0.009115809574723244,0.004331115633249283
sample_07,12549,25557,252697.5,8371222.5,0.023417595773935318,0.0026381241623312235
sample_07,12549,25558,252707.5,8371222.5,0.0813102275133133,0.0037798802368342876
sample_07,12549,25559,252717.5,8371222.5,0.05929766595363617,0.008880863897502422
sample_07,12550,25541,252537.5,8371212.5,0.010224808007478714,0.0058324141427874565
sample_07,12550,25542,252547.5,8371212.5,0.017334606498479843,0.0067539457231760025
sample_07,12550,25543,252557.5,8371212.5,0.0497499518096447,0.0027743554674088955
sample_07,12550,25544,252567.5,8371212.5,0.02545893006026745,0.003878389485180378
sample_07,12550,25545,252577.5,8371212.5,0.031220702454447746,0.003853348782286048
sample_07,12550,25546,252587.5,8371212.5,0.04154811426997185,0.004523208364844322
sample_07,12550,25547,252597.5,8371212.5,0.027718065306544304,0.006157414056360722
sample_07,12550,25548,252607.5,8371212.5,0.007141761016100645,0.0045724124647676945
sample_07,12550,25549,252617.5,8371212.5,0.031080465763807297,0.0010553902247920632
sample_07,12550,25550,252627.5,8371212.5,0.01211179606616497,0.005450610537081957
sample_07,12550,25551,252637.5,8371212.5,0.009485753253102303,0.0059748138301074505
sample_07,12550,25552,252647.5,8371212.5,0.03544222563505173,0.004547380842268467
sample_07,12550,25553,252657.5,8371212.5,0.0519588328897953,0.004304578527808189
sample_07,12550,25554,252667.5,8371212.5,0.02185136079788208,0.0022236721124500036
sample_07,12550,25555,252677.5,8371212.5,0.041073113679885864,0.004092790186405182
sample_07,12550,25556,252687.5,8371212.5,0.016825325787067413,0.002579030115157366
sample_07,12550,25557,252697.5,8371212.5,0.028182687237858772,0.0011164769530296326
sample_07,12550,25558,252707.5,8371212.5,0.05184205621480942,0.002434186637401581
sample_07,12550,25559,252717.5,8371212.5,0.03917797654867172,0.003649913240224123
sample_07,12551,25541,252537.5,8371202.5,0.016651106998324394,0.0006379553815349936
sample_07,12551,25542,252547.5,8371202.5,0.039581965655088425,0.01005149818956852
sample_07,12551,25543,252557.5,8371202.5,0.02862277254462242,0.0029978700913488865
sample_07,12551,25544,252567.5,8371202.5,0.017643030732870102,0.0038595525547862053
sample_07,12551,25545,252577.5,8371202.5,0.005987565033137798,0.002637408208101988
sample_07,12551,25546,252587.5,8371202.5,0.07623717933893204,0.0032992090564221144
sample_07,12551,25547,252597.5,8371202.5,0.012396520934998989,0.004111613146960735
sample_07,12551,25548,252607.5,8371202.5,0.031610846519470215,0.008857407607138157
sample_07,12551,25549,252617.5,8371202.5,0.037032630294561386,0.0020744502544403076
sample_07,12551,25550,252627.5,8371202.5,0.04172687977552414,0.007251033093780279
sample_07,12551,25551,252637.5,8371202.5,0.016545027494430542,0.0032902113161981106
sample_07,12551,25552,252647.5,8371202.5,0.03696904331445694,0.0015750906895846128
sample_07,12551,25553,252657.5,8371202.5,0.022746331989765167,0.006511250510811806
sample_07,12551,25554,252667.5,8371202.5,0.022230450063943863,0.010401889681816101
sample_07,12551,25555,252677.5,8371202.5,0.01434047520160675,0.00443770457059145
sample_07,12551,25556,252687.5,8371202.5,0.027825316414237022,0.003908535465598106
sample_07,12551,25557,252697.5,8371202.5,0.029499229043722153,0.003768534865230322
sample_07,12551,25558,252707.5,8371202.5,0.012593235820531845,0.0019875504076480865
sample_07,12551,25559,252717.5,8371202.5,0.010176030918955803,0.0016704347217455506
sample_07,12552,25541,252537.5,8371192.5,0.015572840347886086,0.002540545305237174
sample_07,12552,25542,252547.5,8371192.5,0.04319363459944725,0.004620941821485758
sample_07,12552,25543,252557.5,8371192.5,0.035140760242938995,0.0014388354029506445
sample_07,12552,25544,252567.5,8371192.5,0.014409953728318214,0.005027677398175001
sample_07,12552,25545,252577.5,8371192.5,0.04215828329324722,0.004505782388150692
sample_07,12552,25546,252587.5,8371192.5,0.007412388455122709,0.003285040380433202
sample_07,12552,25547,252597.5,8371192.5,0.06735718250274658,0.003984702751040459
sample_07,12552,25548,252607.5,8371192.5,0.05110599845647812,0.00654477346688509
sample_07,12552,25549,252617.5,8371192.5,0.04067123681306839,0.004288888536393642
sample_07,12552,25550,252627.5,8371192.5,0.025923743844032288,0.005015259608626366
sample_07,12552,25551,252637.5,8371192.5,0.029424378648400307,0.005338134244084358
sample_07,12552,25552,252647.5,8371192.5,0.0145876444876194,0.0023832106962800026
sample_07,12552,25553,252657.5,8371192.5,0.04538483917713165,0.0022362414747476578
sample_07,12552,25554,252667.5,8371192.5,0.00925453845411539,0.002039399929344654
sample_07,12552,25555,252677.5,8371192.5,0.016053946688771248,0.005140101537108421
sample_07,12552,25556,252687.5,8371192.5,0.05915684998035431,0.004396460484713316
sample_07,12552,25557,252697.5,8371192.5,0.03778320923447609,0.004236981272697449
sample_07,12552,25558,252707.5,8371192.5,0.0403607040643692,0.0034872833639383316
sample_07,12552,25559,252717.5,8371192.5,0.021300656720995903,0.0023790376726537943
sample_07,12553,25541,252537.5,8371182.5,0.051317110657691956,0.00215154979377985
sample_07,12553,25542,252547.5,8371182.5,0.03645471855998039,0.005956845358014107
sample_07,12553,25543,252557.5,8371182.5,0.0606432780623436,0.0010441041085869074
sample_07,12553,25544,252567.5,8371182.5,0.04012017324566841,0.0013057517353445292
sample_07,12553,25545,252577.5,8371182.5,0.016976583749055862,0.004803199786692858
sample_07,12553,25546,252587.5,8371182.5,0.018642593175172806,0.006117913872003555
sample_07,12553,25547,252597.5,8371182.5,0.015366720035672188,0.0022454746067523956
sample_07,12553,25548,252607.5,8371182.5,0.02005218341946602,0.0024849227629601955
sample_07,12553,25549,252617.5,8371182.5,0.03141659498214722,0.004717173986136913
sample_07,12553,25550,252627.5,8371182.5,0.03849679231643677,0.009423695504665375
sample_07,12553,25551,252637.5,8371182.5,0.015372064895927906,0.00605811458081007
sample_07,12553,25552,252647.5,8371182.5,0.03486982733011246,0.0018325410783290863
sample_07,12553,25553,252657.5,8371182.5,0.026684893295168877,0.0034236074425280094
sample_07,12553,25554,252667.5,8371182.5,0.009426109492778778,0.002541568363085389
sample_07,12553,25555,252677.5,8371182.5,0.007556852884590626,0.003550434485077858
sample_07,12553,25556,252687.5,8371182.5,0.05136383697390556,0.0024532706011086702
sample_07,12553,25557,252697.5,8371182.5,0.026985816657543182,0.003957667853683233
sample_07,12553,25558,252707.5,8371182.5,0.013438205234706402,0.0062576523050665855
sample_07,12553,25559,252717.5,8371182.5,0.022864889353513718,0.004549777135252953
sample_07,12553,25560,252727.5,8371182.5,0.02475821226835251,0.007649396080523729
sample_07,12554,25541,252537.5,8371172.5,0.048987869173288345,0.0034980732016265392
sample_07,12554,25542,252547.5,8371172.5,0.025828776881098747,0.007495530880987644
sample_07,12554,25543,252557.5,8371172.5,0.032613709568977356,0.002985242987051606
sample_07,12554,25544,252567.5,8371172.5,0.014078537002205849,0.005452645011246204
sample_07,12554,25545,252577.5,8371172.5,0.010200469754636288,0.008822757750749588
sample_07,12554,25546,252587.5,8371172.5,0.012861036695539951,0.009235270321369171
sample_07,12554,25547,252597.5,8371172.5,0.03890921175479889,0.005589038133621216
sample_07,12554,25548,252607.5,8371172.5,0.0035477459896355867,0.0010989101137965918
sample_07,12554,25549,252617.5,8371172.5,0.01733773574233055,0.003582673380151391
sample_07,12554,25550,252627.5,8371172.5,0.012213838286697865,0.005238054785877466
sample_07,12554,25551,252637.5,8371172.5,0.016244562342762947,0.003502445761114359
sample_07,12554,25552,252647.5,8371172.5,0.015818579122424126,0.005405277479439974
sample_07,12554,25553,252657.5,8371172.5,0.01879052259027958,0.0028530058916658163
sample_07,12554,25554,252667.5,8371172.5,0.015570886433124542,0.004134288523346186
sample_07,12554,25555,252677.5,8371172.5,0.027531826868653297,0.005114474333822727
sample_07,12554,25556,252687.5,8371172.5,0.02754916250705719,0.003012158675119281
sample_07,12554,25557,252697.5,8371172.5,0.010933579877018929,0.004534862004220486
sample_07,12554,25558,252707.5,8371172.5,0.038766540586948395,0.004224887117743492
sample_07,12554,25559,252717.5,8371172.5,0.004290346521884203,0.0031585493125021458
sample_07,12554,25560,252727.5,8371172.5,0.013960542157292366,0.005103786010295153
sample_07,12555,25541,252537.5,8371162.5,0.02248230203986168,0.0013091163709759712
sample_07,12555,25542,252547.5,8371162.5,0.0234181210398674,0.004807762335985899
sample_07,12555,25543,252557.5,8371162.5,0.03718338534235954,0.0037431807722896338
sample_07,12555,25544,252567.5,8371162.5,0.023973708972334862,0.005547388922423124
sample_07,12555,25545,252577.5,8371162.5,0.03939024358987808,0.008218568749725819
sample_07,12555,25546,252587.5,8371162.5,0.02464420348405838,0.007516960613429546
sample_07,12555,25547,252597.5,8371162.5,0.05259646475315094,0.0008163372986018658
sample_07,12555,25548,252607.5,8371162.5,0.028164733201265335,0.006363130174577236
sample_07,12555,25549,252617.5,8371162.5,0.007086208090186119,0.005300543271005154
sample_07,12555,25550,252627.5,8371162.5,0.01535189151763916,0.001116698607802391
sample_07,12555,25551,252637.5,8371162.5,0.04180179163813591,0.005128520540893078
sample_07,12555,25552,252647.5,8371162.5,0.0044991024769842625,0.0030493035446852446
sample_07,12555,25553,252657.5,8371162.5,0.02926187962293625,0.002357747871428728
sample_07,12555,25554,252667.5,8371162.5,0.03602204471826553,0.003937872592359781
sample_07,12555,25555,252677.5,8371162.5,0.032145507633686066,0.002595972502604127
sample_07,12555,25556,252687.5,8371162.5,0.015139585360884666,0.002823047572746873
sample_07,12555,25557,252697.5,8371162.5,0.014860883355140686,0.006585780531167984
sample_07,12555,25558,252707.5,8371162.5,0.013504531234502792,0.005818480160087347
sample_07,12555,25559,252717.5,8371162.5,0.0050872452557086945,0.004462036769837141
sample_07,12555,25560,252727.5,8371162.5,0.017125239595770836,0.003651045961305499
sample_07,12556,25541,252537.5,8371152.5,0.03403504937887192,0.008570347912609577
sample_07,12556,25542,252547.5,8371152.5,0.014562765136361122,0.006351519376039505
sample_07,12556,25543,252557.5,8371152.5,0.045532338321208954,0.003154548117890954
sample_07,12556,25544,252567.5,8371152.5,0.07793492078781128,0.0016591862076893449
sample_07,12556,25545,252577.5,8371152.5,0.07864353060722351,0.0033466313034296036
sample_07,12556,25546,252587.5,8371152.5,0.022485917434096336,0.004328098148107529
sample_07,12556,25547,252597.5,8371152.5,0.011669536121189594,0.011011234484612942
sample_07,12556,25548,252607.5,8371152.5,0.026112914085388184,0.005252480506896973
sample_07,12556,25549,252617.5,8371152.5,0.042270906269550323,0.0026621874421834946
sample_07,12556,25550,252627.5,8371152.5,0.012402285821735859,0.00503611471503973
sample_07,12556,25551,252637.5,8371152.5,0.03165480121970177,0.0028312199283391237
sample_07,12556,25552,252647.5,8371152.5,0.02517169900238514,0.002754888264462352
sample_07,12556,25553,252657.5,8371152.5,0.013426658697426319,0.0026616384275257587
sample_07,12556,25554,252667.5,8371152.5,0.022622495889663696,0.005932459607720375
sample_07,12556,25555,252677.5,8371152.5,0.016756758093833923,0.006912694312632084
sample_07,12556,25556,252687.5,8371152.5,0.03808610513806343,0.004784607794135809
sample_07,12556,25557,252697.5,8371152.5,0.025535453110933304,0.004258024040609598
sample_07,12556,25558,252707.5,8371152.5,0.022636478766798973,0.002388769993558526
sample_07,12556,25559,252717.5,8371152.5,0.01777680590748787,0.003611410968005657
sample_07,12556,25560,252727.5,8371152.5,0.0104008624330163,0.0015269434079527855
sample_07,12557,25541,252537.5,8371142.5,0.024778392165899277,0.002232567872852087
sample_07,12557,25542,252547.5,8371142.5,0.03305281698703766,0.006933941505849361
sample_07,12557,25543,252557.5,8371142.5,0.03322906047105789,0.0056197987869381905
sample_07,12557,25544,252567.5,8371142.5,0.053001295775175095,0.0024608648382127285
sample_07,12557,25545,252577.5,8371142.5,0.021588224917650223,0.0073973797261714935
sample_07,12557,25546,252587.5,8371142.5,0.043759047985076904,0.0060267942026257515
sample_07,12557,25547,252597.5,8371142.5,0.012608073651790619,0.005430949851870537
sample_07,12557,25548,252607.5,8371142.5,0.011284196749329567,0.0028381049633026123
sample_07,12557,25549,252617.5,8371142.5,0.012119794264435768,0.0027237324975430965
sample_07,12557,25550,252627.5,8371142.5,0.03077988140285015,0.0056256926618516445
sample_07,12557,25551,252637.5,8371142.5,0.02508576214313507,0.004708992782980204
sample_07,12557,25552,252647.5,8371142.5,0.01057300716638565,0.0020985216833651066
sample_07,12557,25553,252657.5,8371142.5,0.036931753158569336,0.0017087822780013084
sample_07,12557,25554,252667.5,8371142.5,0.04311741143465042,0.003489560214802623
sample_07,12557,25555,252677.5,8371142.5,0.026827195659279823,0.001921212999150157
sample_07,12557,25556,252687.5,8371142.5,0.010713824070990086,0.007023056503385305
sample_07,12557,25557,252697.5,8371142.5,0.03559108078479767,0.0029639429412782192
sample_07,12557,25558,252707.5,8371142.5,0.015078789554536343,0.006700675934553146
sample_07,12557,25559,252717.5,8371142.5,0.013689662329852581,0.010379624553024769
sample_07,12557,25560,252727.5,8371142.5,0.008766815066337585,0.0056673940271139145
sample_08,5367,14536,142487.5,8443042.5,0.01937970332801342,0.0018168092938140035
sample_08,5367,14537,142497.5,8443042.5,0.014075519517064095,0.001480770530179143
sample_08,5367,14538,142507.5,8443042.5,0.009608086198568344,0.006813441403210163
sample_08,5367,14539,142517.5,8443042.5,0.00909799337387085,0.002488864818587899
sample_08,5367,14540,142527.5,8443042.5,0.013645519502460957,0.0020407517440617085
sample_08,5367,14541,142537.5,8443042.5,0.01425413228571415,0.0017113829962909222
sample_08,5367,14542,142547.5,8443042.5,0.01043015904724598,0.0020970869809389114
sample_08,5367,14543,142557.5,8443042.5,0.017678922042250633,0.0028686574660241604
sample_08,5367,14544,142567.5,8443042.5,0.033423103392124176,0.0017594374949112535
sample_08,5367,14545,142577.5,8443042.5,0.00660077016800642,0.003543395549058914
sample_08,5367,14546,142587.5,8443042.5,0.006611458025872707,0.0015619792975485325
sample_08,5367,14547,142597.5,8443042.5,0.006028449162840843,0.005622172728180885
sample_08,5367,14548,142607.5,8443042.5,0.016475122421979904,0.0021954900585114956
sample_08,5367,14549,142617.5,8443042.5,0.009264172986149788,0.002856829669326544
sample_08,5367,14550,142627.5,8443042.5,0.021822204813361168,0.005021723452955484
sample_08,5367,14551,142637.5,8443042.5,0.01119217649102211,0.004141923505812883
sample_08,5367,14552,142647.5,8443042.5,0.010654781013727188,0.0053102909587323666
sample_08,5367,14553,142657.5,8443042.5,0.005672261118888855,0.002975787967443466
sample_08,5367,14554,142667.5,8443042.5,0.01460975781083107,0.0024240727070719004
sample_08,5367,14555,142677.5,8443042.5,0.01990438997745514,0.004882226698100567
sample_08,5368,14536,142487.5,8443032.5,0.01758798211812973,0.004201201256364584
sample_08,5368,14537,142497.5,8443032.5,0.014459526166319847,0.0030549406073987484
sample_08,5368,14538,142507.5,8443032.5,0.03149513527750969,0.0023760253097862005
sample_08,5368,14539,142517.5,8443032.5,0.02376258559525013,0.0016215688083320856
sample_08,5368,14540,142527.5,8443032.5,0.01278083398938179,0.004200785420835018
sample_08,5368,14541,142537.5,8443032.5,0.010428882203996181,0.002543002599850297
sample_08,5368,14542,142547.5,8443032.5,0.01490964274853468,0.0018054868560284376
sample_08,5368,14543,142557.5,8443032.5,0.015999900177121162,0.005460083018988371
sample_08,5368,14544,142567.5,8443032.5,0.013098755851387978,0.00586112542077899
sample_08,5368,14545,142577.5,8443032.5,0.02154993638396263,0.005342025309801102
sample_08,5368,14546,142587.5,8443032.5,0.013843871653079987,0.00268021528609097
sample_08,5368,14547,142597.5,8443032.5,0.009082961827516556,0.0029207535553723574
sample_08,5368,14548,142607.5,8443032.5,0.013781038112938404,0.0005624493351206183
sample_08,5368,14549,142617.5,8443032.5,0.026531007140874863,0.0011261998442932963
sample_08,5368,14550,142627.5,8443032.5,0.00941997580230236,0.0014046432916074991
sample_08,5368,14551,142637.5,8443032.5,0.008322270587086678,0.004787934012711048
sample_08,5368,14552,142647.5,8443032.5,0.005876163486391306,0.0038005555979907513
sample_08,5368,14553,142657.5,8443032.5,0.008792394772171974,0.004233300685882568
sample_08,5368,14554,142667.5,8443032.5,0.025823043659329414,0.00765616912394762
sample_08,5368,14555,142677.5,8443032.5,0.010523883625864983,0.004305773414671421
sample_08,5369,14536,142487.5,8443022.5,0.035199783742427826,0.005553065799176693
sample_08,5369,14537,142497.5,8443022.5,0.008939052000641823,0.0026996214874088764
sample_08,5369,14538,142507.5,8443022.5,0.03037036955356598,0.0009057154529727995
sample_08,5369,14539,142517.5,8443022.5,0.009474788792431355,0.0015738834626972675
sample_08,5369,14540,142527.5,8443022.5,0.0409756675362587,0.0041993288323283195
sample_08,5369,14541,142537.5,8443022.5,0.0077362870797514915,0.005109604448080063
sample_08,5369,14542,142547.5,8443022.5,0.008087385445833206,0.0021238327026367188
sample_08,5369,14543,142557.5,8443022.5,0.014890458434820175,0.005150266923010349
sample_08,5369,14544,142567.5,8443022.5,0.009953339584171772,0.0030949939973652363
sample_08,5369,14545,142577.5,8443022.5,0.015772022306919098,0.004325265996158123
sample_08,5369,14546,142587.5,8443022.5,0.0015911625232547522,0.0071700336411595345
sample_08,5369,14547,142597.5,8443022.5,0.008294384926557541,0.0035535553470253944
sample_08,5369,14548,142607.5,8443022.5,0.027167288586497307,0.0039503490552306175
sample_08,5369,14549,142617.5,8443022.5,0.012129416689276695,0.0045977747067809105
sample_08,5369,14550,142627.5,8443022.5,0.01768733374774456,0.002057359553873539
sample_08,5369,14551,142637.5,8443022.5,0.011270593851804733,0.0025648619048297405
sample_08,5369,14552,142647.5,8443022.5,0.00879808608442545,0.006105159409344196
sample_08,5369,14553,142657.5,8443022.5,0.018739422783255577,0.0017089445609599352
sample_08,5369,14554,142667.5,8443022.5,0.008217590861022472,0.0028188449796289206
sample_08,5369,14555,142677.5,8443022.5,0.006132957991212606,0.001882787561044097
sample_08,5370,14536,142487.5,8443012.5,0.007619690150022507,0.0057907020673155785
sample_08,5370,14537,142497.5,8443012.5,0.0064691463485360146,0.0015281658852472901
sample_08,5370,14538,142507.5,8443012.5,0.0032823386136442423,0.0024749997537583113
sample_08,5370,14539,142517.5,8443012.5,0.009838815778493881,0.007979856804013252
sample_08,5370,14540,142527.5,8443012.5,0.023031506687402725,0.0035662190057337284
sample_08,5370,14541,142537.5,8443012.5,0.022094570100307465,0.004393365699797869
sample_08,5370,14542,142547.5,8443012.5,0.011289416812360287,0.004124441184103489
sample_08,5370,14543,142557.5,8443012.5,0.012934363447129726,0.004485122859477997
sample_08,5370,14544,142567.5,8443012.5,0.00959774199873209,0.0034798430278897285
sample_08,5370,14545,142577.5,8443012.5,0.01742578111588955,0.0025103490334004164
sample_08,5370,14546,142587.5,8443012.5,0.01207421999424696,0.0032494948245584965
sample_08,5370,14547,142597.5,8443012.5,0.013569626957178116,0.006669948808848858
sample_08,5370,14548,142607.5,8443012.5,0.016873138025403023,0.0037796422839164734
sample_08,5370,14549,142617.5,8443012.5,0.016283448785543442,0.005732727702707052
sample_08,5370,14550,142627.5,8443012.5,0.011268684640526772,0.0019257323583588004
sample_08,5370,14551,142637.5,8443012.5,0.010790771804749966,0.005735922139137983
sample_08,5370,14552,142647.5,8443012.5,0.006684040650725365,0.0005547440960071981
sample_08,5370,14553,142657.5,8443012.5,0.022470615804195404,0.0015381022822111845
sample_08,5370,14554,142667.5,8443012.5,0.020937295630574226,0.0020953789353370667
sample_08,5370,14555,142677.5,8443012.5,0.007888986729085445,0.001144168432801962
sample_08,5371,14536,142487.5,8443002.5,0.01741490326821804,0.00277243391610682
sample_08,5371,14537,142497.5,8443002.5,0.007731562480330467,0.002403709338977933
sample_08,5371,14538,142507.5,8443002.5,0.003648923709988594,0.006724120117723942
sample_08,5371,14539,142517.5,8443002.5,0.017735837027430534,0.007988223806023598
sample_08,5371,14540,142527.5,8443002.5,0.025380823761224747,0.0036269593983888626
sample_08,5371,14541,142537.5,8443002.5,0.006241911090910435,0.0015642389189451933
sample_08,5371,14542,142547.5,8443002.5,0.00889041367918253,0.0061851367354393005
sample_08,5371,14543,142557.5,8443002.5,0.03341231495141983,0.0035994136705994606
sample_08,5371,14544,142567.5,8443002.5,0.008575284853577614,0.0020721987821161747
sample_08,5371,14545,142577.5,8443002.5,0.008491326123476028,0.004176682326942682
sample_08,5371,14546,142587.5,8443002.5,0.010692007839679718,0.0032298669684678316
sample_08,5371,14547,142597.5,8443002.5,0.011170848272740841,0.0038332040421664715
sample_08,5371,14548,142607.5,8443002.5,0.021226633340120316,0.004334610886871815
sample_08,5371,14549,142617.5,8443002.5,0.008961381390690804,0.004550144076347351
sample_08,5371,14550,142627.5,8443002.5,0.015448550693690777,0.0033493100199848413
sample_08,5371,14551,142637.5,8443002.5,0.011558600701391697,0.0020422337111085653
sample_08,5371,14552,142647.5,8443002.5,0.017705615609884262,0.0034446190111339092
sample_08,5371,14553,142657.5,8443002.5,0.01411993708461523,0.0015993445413187146
sample_08,5371,14554,142667.5,8443002.5,0.011435067281126976,0.002007098402827978
sample_08,5371,14555,142677.5,8443002.5,0.008877933956682682,0.0006838742410764098
sample_08,5372,14536,142487.5,8442992.5,0.01879662275314331,0.003561276476830244
sample_08,5372,14537,142497.5,8442992.5,0.013477703556418419,0.0036003775894641876
sample_08,5372,14538,142507.5,8442992.5,0.010452116839587688,0.004526224918663502
sample_08,5372,14539,142517.5,8442992.5,0.013553231954574585,0.0022074440494179726
sample_08,5372,14540,142527.5,8442992.5,0.017880769446492195,0.008603576570749283
sample_08,5372,14541,142537.5,8442992.5,0.02026176266372204,0.0011247365036979318
sample_08,5372,14542,142547.5,8442992.5,0.017835475504398346,0.007212590426206589
sample_08,5372,14543,142557.5,8442992.5,0.008681759238243103,0.0033381283283233643
sample_08,5372,14544,142567.5,8442992.5,0.02946259081363678,0.004682597238570452
sample_08,5372,14545,142577.5,8442992.5,0.020399831235408783,0.001092075719498098
sample_08,5372,14546,142587.5,8442992.5,0.016514984890818596,0.006983891129493713
sample_08,5372,14547,142597.5,8442992.5,0.0159876998513937,0.0030159377492964268
sample_08,5372,14548,142607.5,8442992.5,0.018334362655878067,0.004948686808347702
sample_08,5372,14549,142617.5,8442992.5,0.014819657430052757,0.004705473780632019
sample_08,5372,14550,142627.5,8442992.5,0.011993473395705223,0.0011060016695410013
sample_08,5372,14551,142637.5,8442992.5,0.02343539334833622,0.0009486806811764836
sample_08,5372,14552,142647.5,8442992.5,0.00372539390809834,0.0011440747184678912
sample_08,5372,14553,142657.5,8442992.5,0.011708705686032772,0.0037154832389205694
sample_08,5372,14554,142667.5,8442992.5,0.01242764201015234,0.00513607170432806
sample_08,5372,14555,142677.5,8442992.5,0.005260129924863577,0.005888249259442091
sample_08,5373,14536,142487.5,8442982.5,0.029431842267513275,0.0021885582245886326
sample_08,5373,14537,142497.5,8442982.5,0.00689655588939786,0.0027259504422545433
sample_08,5373,14538,142507.5,8442982.5,0.027824971824884415,0.002316407859325409
sample_08,5373,14539,142517.5,8442982.5,0.02264435961842537,0.00511504802852869
sample_08,5373,14540,142527.5,8442982.5,0.014511097222566605,0.0016654226928949356
sample_08,5373,14541,142537.5,8442982.5,0.013054856099188328,0.0037603755481541157
sample_08,5373,14542,142547.5,8442982.5,0.015233025886118412,0.0033427919261157513
sample_08,5373,14543,142557.5,8442982.5,0.012323271483182907,0.0030897040851414204
sample_08,5373,14544,142567.5,8442982.5,0.012694166041910648,0.002855252008885145
sample_08,5373,14545,142577.5,8442982.5,0.009355609305202961,0.0026798630133271217
sample_08,5373,14546,142587.5,8442982.5,0.005349699407815933,0.008498089388012886
sample_08,5373,14547,142597.5,8442982.5,0.0075518302619457245,0.002361827064305544
sample_08,5373,14548,142607.5,8442982.5,0.03231038153171539,0.0026706319767981768
sample_08,5373,14549,142617.5,8442982.5,0.0017153281951323152,0.0038424101658165455
sample_08,5373,14550,142627.5,8442982.5,0.01755564473569393,0.0064342571422457695
sample_08,5373,14551,142637.5,8442982.5,0.007375241722911596,0.0046856943517923355
sample_08,5373,14552,142647.5,8442982.5,0.01004864927381277,0.0013165529817342758
sample_08,5373,14553,142657.5,8442982.5,0.01685137115418911,0.0029464908875524998
sample_08,5373,14554,142667.5,8442982.5,0.02100021205842495,0.0048113553784787655
sample_08,5373,14555,142677.5,8442982.5,0.04751691222190857,0.004315301310271025
sample_08,5374,14536,142487.5,8442972.5,0.045881487429142,0.003730524331331253
sample_08,5374,14537,142497.5,8442972.5,0.032881658524274826,0.004079122096300125
sample_08,5374,14538,142507.5,8442972.5,0.009435068815946579,0.007168017327785492
sample_08,5374,14539,142517.5,8442972.5,0.013759616762399673,0.0021300893276929855
sample_08,5374,14540,142527.5,8442972.5,0.00367006566375494,0.006376832723617554
sample_08,5374,14541,142537.5,8442972.5,0.021026836708188057,0.003860988887026906
sample_08,5374,14542,142547.5,8442972.5,0.01761029101908207,0.002890739357098937
sample_08,5374,14543,142557.5,8442972.5,0.013893685303628445,0.002427049446851015
sample_08,5374,14544,142567.5,8442972.5,0.011519351042807102,0.0008486559381708503
sample_08,5374,14545,142577.5,8442972.5,0.005645349621772766,0.0034627157729119062
sample_08,5374,14546,142587.5,8442972.5,0.006890210323035717,0.0030344724655151367
sample_08,5374,14547,142597.5,8442972.5,0.022520551458001137,0.0014489730820059776
sample_08,5374,14548,142607.5,8442972.5,0.014315910637378693,0.0018367198063060641
sample_08,5374,14549,142617.5,8442972.5,0.022395946085453033,0.0005490294424816966
sample_08,5374,14550,142627.5,8442972.5,0.010259023867547512,0.0032531730830669403
sample_08,5374,14551,142637.5,8442972.5,0.013797059655189514,0.0010540835792198777
sample_08,5374,14552,142647.5,8442972.5,0.01895339973270893,0.003012656234204769
sample_08,5374,14553,142657.5,8442972.5,0.004118251148611307,0.001912972191348672
sample_08,5374,14554,142667.5,8442972.5,0.02656397596001625,0.0016385733615607023
sample_08,5374,14555,142677.5,8442972.5,0.015019438229501247,0.002497576642781496
sample_08,5375,14536,142487.5,8442962.5,0.009201287291944027,0.0027498826384544373
sample_08,5375,14537,142497.5,8442962.5,0.025925666093826294,0.0017676657298579812
sample_08,5375,14538,142507.5,8442962.5,0.02851487323641777,0.0036440538242459297
sample_08,5375,14539,142517.5,8442962.5,0.023930517956614494,0.0024001882411539555
sample_08,5375,14540,142527.5,8442962.5,0.007077585905790329,0.0011495761573314667
sample_08,5375,14541,142537.5,8442962.5,0.022637030109763145,0.0036798121873289347
sample_08,5375,14542,142547.5,8442962.5,0.031235190108418465,0.004767147824168205
sample_08,5375,14543,142557.5,8442962.5,0.012404783628880978,0.0019525813404470682
sample_08,5375,14544,142567.5,8442962.5,0.007257507182657719,0.0030679851770401
sample_08,5375,14545,142577.5,8442962.5,0.012474325485527515,0.0023780278861522675
sample_08,5375,14546,142587.5,8442962.5,0.04115063697099686,0.0030307157430797815
sample_08,5375,14547,142597.5,8442962.5,0.03380229324102402,0.002523810835555196
sample_08,5375,14548,142607.5,8442962.5,0.03447699174284935,0.0034874300472438335
sample_08,5375,14549,142617.5,8442962.5,0.01783718541264534,0.003227529814466834
sample_08,5375,14550,142627.5,8442962.5,0.01674635522067547,0.0023736441507935524
sample_08,5375,14551,142637.5,8442962.5,0.008312907069921494,0.0020702360197901726
sample_08,5375,14552,142647.5,8442962.5,0.009555483236908913,0.006404252257198095
sample_08,5375,14553,142657.5,8442962.5,0.012362233363091946,0.004467083141207695
sample_08,5375,14554,142667.5,8442962.5,0.008570833131670952,0.004163980949670076
sample_08,5375,14555,142677.5,8442962.5,0.007970492355525494,0.002186389174312353
sample_08,5376,14536,142487.5,8442952.5,0.007759110536426306,0.0063819014467298985
sample_08,5376,14537,142497.5,8442952.5,0.010586176998913288,0.0014234925620257854
sample_08,5376,14538,142507.5,8442952.5,0.029930759221315384,0.0034211892634630203
sample_08,5376,14539,142517.5,8442952.5,0.010147346183657646,0.0022332221269607544
sample_08,5376,14540,142527.5,8442952.5,0.007212937343865633,0.0010856837034225464
sample_08,5376,14541,142537.5,8442952.5,0.018651679158210754,0.002030744682997465
sample_08,5376,14542,142547.5,8442952.5,0.003988121636211872,0.0012221226934343576
sample_08,5376,14543,142557.5,8442952.5,0.04102781042456627,0.0033765078987926245
sample_08,5376,14544,142567.5,8442952.5,0.0029385932721197605,0.0026260344311594963
sample_08,5376,14545,142577.5,8442952.5,0.010196860879659653,0.0029066307470202446
sample_08,5376,14546,142587.5,8442952.5,0.005727619864046574,0.002288508228957653
sample_08,5376,14547,142597.5,8442952.5,0.007548043504357338,0.0036076735705137253
sample_08,5376,14548,142607.5,8442952.5,0.004170054569840431,0.0012006789911538363
sample_08,5376,14549,142617.5,8442952.5,0.016483964398503304,0.0025736154057085514
sample_08,5376,14550,142627.5,8442952.5,0.019991036504507065,0.00197027949616313
sample_08,5376,14551,142637.5,8442952.5,0.013489430770277977,0.0042668539099395275
sample_08,5376,14552,142647.5,8442952.5,0.01690096966922283,0.0014716454315930605
sample_08,5376,14553,142657.5,8442952.5,0.007115215994417667,0.00304214796051383
sample_08,5376,14554,142667.5,8442952.5,0.020037192851305008,0.0035675151739269495
sample_08,5376,14555,142677.5,8442952.5,0.020480938255786896,0.004461812321096659
sample_08,5377,14537,142497.5,8442942.5,0.019987931475043297,0.003074107225984335
sample_08,5377,14538,142507.5,8442942.5,0.012178638949990273,0.0014986678725108504
sample_08,5377,14539,142517.5,8442942.5,0.011312062852084637,0.004167586099356413
sample_08,5377,14540,142527.5,8442942.5,0.019358446821570396,0.004391133785247803
sample_08,5377,14541,142537.5,8442942.5,0.009583709761500359,0.0021913028322160244
sample_08,5377,14542,142547.5,8442942.5,0.004468221683055162,0.004503075033426285
sample_08,5377,14543,142557.5,8442942.5,0.016494352370500565,0.003616868983954191
sample_08,5377,14544,142567.5,8442942.5,0.023083418607711792,0.008295200765132904
sample_08,5377,14545,142577.5,8442942.5,0.021465515717864037,0.0016805047634989023
sample_08,5377,14546,142587.5,8442942.5,0.009920707903802395,0.003797562327235937
sample_08,5377,14547,142597.5,8442942.5,0.005002110730856657,0.0059173451736569405
sample_08,5377,14548,142607.5,8442942.5,0.01698901690542698,0.002831320744007826
sample_08,5377,14549,142617.5,8442942.5,0.02421022206544876,0.003491534385830164
sample_08,5377,14550,142627.5,8442942.5,0.010885752737522125,0.001985813258215785
sample_08,5377,14551,142637.5,8442942.5,0.004061233717948198,0.0036666507367044687
sample_08,5377,14552,142647.5,8442942.5,0.02957373484969139,0.002313399687409401
sample_08,5377,14553,142657.5,8442942.5,0.023712588474154472,0.006669430527836084
sample_08,5377,14554,142667.5,8442942.5,0.01202518679201603,0.0041319699957966805
sample_08,5377,14555,142677.5,8442942.5,0.03360530361533165,0.003620136296376586
sample_08,5378,14537,142497.5,8442932.5,0.013402051292359829,0.0021125529892742634
sample_08,5378,14538,142507.5,8442932.5,0.019680241122841835,0.005457224324345589
sample_08,5378,14539,142517.5,8442932.5,0.019444523379206657,0.004776598885655403
sample_08,5378,14540,142527.5,8442932.5,0.022315703332424164,0.006111870985478163
sample_08,5378,14541,142537.5,8442932.5,0.018272219225764275,0.0024789273738861084
sample_08,5378,14542,142547.5,8442932.5,0.006189817562699318,0.007768474519252777
sample_08,5378,14543,142557.5,8442932.5,0.01058940775692463,0.006864959839731455
sample_08,5378,14544,142567.5,8442932.5,0.03294316306710243,0.0019513445440679789
sample_08,5378,14545,142577.5,8442932.5,0.010737022385001183,0.004080827813595533
sample_08,5378,14546,142587.5,8442932.5,0.017069930210709572,0.001806741813197732
sample_08,5378,14547,142597.5,8442932.5,0.016695832833647728,0.004597624763846397
sample_08,5378,14548,142607.5,8442932.5,0.015697697177529335,0.005816618911921978
sample_08,5378,14549,142617.5,8442932.5,0.015747826546430588,0.003412619698792696
sample_08,5378,14550,142627.5,8442932.5,0.007888120599091053,0.002541542984545231
sample_08,5378,14551,142637.5,8442932.5,0.006847926415503025,0.00371977174654603
sample_08,5378,14552,142647.5,8442932.5,0.019027680158615112,0.0022346326150000095
sample_08,5378,14553,142657.5,8442932.5,0.0034672715701162815,0.007384610828012228
sample_08,5378,14554,142667.5,8442932.5,0.013916200026869774,0.006731783039867878
sample_08,5378,14555,142677.5,8442932.5,0.009937344118952751,0.0011119134724140167
sample_08,5379,14537,142497.5,8442922.5,0.01721934601664543,0.0027432923670858145
sample_08,5379,14538,142507.5,8442922.5,0.021292325109243393,0.0014908408047631383
sample_08,5379,14539,142517.5,8442922.5,0.016258621588349342,0.009154342114925385
sample_08,5379,14540,142527.5,8442922.5,0.01768605038523674,0.002966866595670581
sample_08,5379,14541,142537.5,8442922.5,0.019814547151327133,0.0013623906997963786
sample_08,5379,14542,142547.5,8442922.5,0.01773228496313095,0.0030196025036275387
sample_08,5379,14543,142557.5,8442922.5,0.009955622255802155,0.0016990691656246781
sample_08,5379,14544,142567.5,8442922.5,0.013045237399637699,0.0025678244419395924
sample_08,5379,14545,142577.5,8442922.5,0.016133517026901245,0.002099409233778715
sample_08,5379,14546,142587.5,8442922.5,0.021170228719711304,0.0064839511178433895
sample_08,5379,14547,142597.5,8442922.5,0.018633849918842316,0.0026840572245419025
sample_08,5379,14548,142607.5,8442922.5,0.03844994679093361,0.006833183579146862
sample_08,5379,14549,142617.5,8442922.5,0.01309330202639103,0.0038420564960688353
sample_08,5379,14550,142627.5,8442922.5,0.017730548977851868,0.0033204711508005857
sample_08,5379,14551,142637.5,8442922.5,0.007331931032240391,0.005238586105406284
sample_08,5379,14552,142647.5,8442922.5,0.013597879558801651,0.005200288724154234
sample_08,5379,14553,142657.5,8442922.5,0.00923775415867567,0.0029908139258623123
sample_08,5379,14554,142667.5,8442922.5,0.004519357345998287,0.0015182954957708716
sample_08,5379,14555,142677.5,8442922.5,0.004744072910398245,0.003861281555145979
sample_08,5380,14537,142497.5,8442912.5,0.01024591363966465,0.004155892878770828
sample_08,5380,14538,142507.5,8442912.5,0.013953183777630329,0.005806821398437023
sample_08,5380,14539,142517.5,8442912.5,0.030851777642965317,0.002648870227858424
sample_08,5380,14540,142527.5,8442912.5,0.005019973032176495,0.0029011263977736235
sample_08,5380,14541,142537.5,8442912.5,0.020028434693813324,0.005205766297876835
sample_08,5380,14542,142547.5,8442912.5,0.01252453401684761,0.003224150976166129
sample_08,5380,14543,142557.5,8442912.5,0.022459059953689575,0.006229265592992306
sample_08,5380,14544,142567.5,8442912.5,0.033959779888391495,0.003199573839083314
sample_08,5380,14545,142577.5,8442912.5,0.009617558680474758,0.004892728291451931
sample_08,5380,14546,142587.5,8442912.5,0.011649169027805328,0.003429210279136896
sample_08,5380,14547,142597.5,8442912.5,0.009434265084564686,0.0014567628968507051
sample_08,5380,14548,142607.5,8442912.5,0.025501439347863197,0.0015799967804923654
sample_08,5380,14549,142617.5,8442912.5,0.01595332846045494,0.0019585539121180773
sample_08,5380,14550,142627.5,8442912.5,0.02773917093873024,0.002709376160055399
sample_08,5380,14551,142637.5,8442912.5,0.01968502625823021,0.0035611693747341633
sample_08,5380,14552,142647.5,8442912.5,0.012342538684606552,0.003101222449913621
sample_08,5380,14553,142657.5,8442912.5,0.017919210717082024,0.000943430932238698
sample_08,5380,14554,142667.5,8442912.5,0.016622088849544525,0.003013984300196171
sample_08,5380,14555,142677.5,8442912.5,0.015918364748358727,0.0016865002689883113
sample_08,5381,14537,142497.5,8442902.5,0.018442727625370026,0.003389395074918866
sample_08,5381,14538,142507.5,8442902.5,0.012219522148370743,0.002955537987872958
sample_08,5381,14539,142517.5,8442902.5,0.009089047089219093,0.0012178320903331041
sample_08,5381,14540,142527.5,8442902.5,0.008916191756725311,0.002652503550052643
sample_08,5381,14541,142537.5,8442902.5,0.014804312959313393,0.005004678852856159
sample_08,5381,14542,142547.5,8442902.5,0.019736329093575478,0.0010694680968299508
sample_08,5381,14543,142557.5,8442902.5,0.023031825199723244,0.004499143920838833
sample_08,5381,14544,142567.5,8442902.5,0.017910320311784744,0.0018834772054105997
sample_08,5381,14545,142577.5,8442902.5,0.03298798203468323,0.004894328769296408
sample_08,5381,14546,142587.5,8442902.5,0.010108664631843567,0.0033360407687723637
sample_08,5381,14547,142597.5,8442902.5,0.00875471904873848,0.0019687581807374954
sample_08,5381,14548,142607.5,8442902.5,0.006839057430624962,0.002703289967030287
sample_08,5381,14549,142617.5,8442902.5,0.03040958009660244,0.006350924726575613
sample_08,5381,14550,142627.5,8442902.5,0.03608647733926773,0.0010617863154038787
sample_08,5381,14551,142637.5,8442902.5,0.0374164916574955,0.0029787644743919373
sample_08,5381,14552,142647.5,8442902.5,0.01097391452640295,0.0030172704719007015
sample_08,5381,14553,142657.5,8442902.5,0.03971860930323601,0.00284308148548007
sample_08,5381,14554,142667.5,8442902.5,0.01425296813249588,0.004407282453030348
sample_08,5381,14555,142677.5,8442902.5,0.02876567468047142,0.0019529322162270546
sample_08,5382,14537,142497.5,8442892.5,0.030118100345134735,0.008094601333141327
sample_08,5382,14538,142507.5,8442892.5,0.020283430814743042,0.0018180824117735028
sample_09,5341,15958,156707.5,8443302.5,0.01444681640714407,0.0050113084726035595
sample_09,5341,15959,156717.5,8443302.5,0.011527849361300468,0.003586025442928076
sample_09,5341,15960,156727.5,8443302.5,0.020449094474315643,0.0037776604294776917
sample_09,5341,15961,156737.5,8443302.5,0.030665654689073563,0.004717851988971233
sample_09,5341,15962,156747.5,8443302.5,0.0052767349407076836,0.006666466593742371
sample_09,5341,15963,156757.5,8443302.5,0.02570873498916626,0.005338345654308796
sample_09,5341,15964,156767.5,8443302.5,0.0208630058914423,0.0032757758162915707
sample_09,5341,15965,156777.5,8443302.5,0.006270633079111576,0.004951878916472197
sample_09,5341,15966,156787.5,8443302.5,0.008073846809566021,0.0037257554940879345
sample_09,5341,15967,156797.5,8443302.5,0.02583322674036026,0.01022258773446083
sample_09,5341,15968,156807.5,8443302.5,0.0308627188205719,0.003218257799744606
sample_09,5341,15969,156817.5,8443302.5,0.020252594724297523,0.005146337673068047
sample_09,5341,15970,156827.5,8443302.5,0.01490073837339878,0.0044302623718976974
sample_09,5341,15971,156837.5,8443302.5,0.016427794471383095,0.0022417628206312656
sample_09,5341,15972,156847.5,8443302.5,0.023305758833885193,0.0033544700127094984
sample_09,5341,15973,156857.5,8443302.5,0.01777021586894989,0.0072693293914198875
sample_09,5341,15974,156867.5,8443302.5,0.017603809013962746,0.011196762323379517
sample_09,5341,15975,156877.5,8443302.5,0.022434856742620468,0.0028550794813781977
sample_09,5341,15976,156887.5,8443302.5,0.032544948160648346,0.0068626971915364265
sample_09,5341,15977,156897.5,8443302.5,0.022876089438796043,0.004721393343061209
sample_09,5342,15958,156707.5,8443292.5,0.01292636152356863,0.00923132710158825
sample_09,5342,15959,156717.5,8443292.5,0.01633947528898716,0.006779871881008148
sample_09,5342,15960,156727.5,8443292.5,0.01216733269393444,0.00343660032376647
sample_09,5342,15961,156737.5,8443292.5,0.01569060981273651,0.003818296128883958
sample_09,5342,15962,156747.5,8443292.5,0.0054350621066987514,0.0067860838025808334
sample_09,5342,15963,156757.5,8443292.5,0.009366726502776146,0.0036931319627910852
sample_09,5342,15964,156767.5,8443292.5,0.016731714829802513,0.0008724920335225761
sample_09,5342,15965,156777.5,8443292.5,0.0205063596367836,0.0037151705473661423
sample_09,5342,15966,156787.5,8443292.5,0.01025141216814518,0.0034035793505609035
sample_09,5342,15967,156797.5,8443292.5,0.009716883301734924,0.00646554259583354
sample_09,5342,15968,156807.5,8443292.5,0.012033363804221153,0.007349049672484398
sample_09,5342,15969,156817.5,8443292.5,0.02992190606892109,0.006749230436980724
sample_09,5342,15970,156827.5,8443292.5,0.03537335246801376,0.0014948006719350815
sample_09,5342,15971,156837.5,8443292.5,0.030759219080209732,0.00353059871122241
sample_09,5342,15972,156847.5,8443292.5,0.008653624914586544,0.004731789231300354
sample_09,5342,15973,156857.5,8443292.5,0.021288882941007614,0.01002446562051773
sample_09,5342,15974,156867.5,8443292.5,0.02348455600440502,0.009919419884681702
sample_09,5342,15975,156877.5,8443292.5,0.012699964456260204,0.0028741760179400444
sample_09,5342,15976,156887.5,8443292.5,0.015138624235987663,0.005805474705994129
sample_09,5342,15977,156897.5,8443292.5,0.014515875838696957,0.004055290017277002
sample_09,5343,15958,156707.5,8443282.5,0.00574095593765378,0.002186868339776993
sample_09,5343,15959,156717.5,8443282.5,0.018184468150138855,0.006438040174543858
sample_09,5343,15960,156727.5,8443282.5,0.0294770710170269,0.011643457226455212
sample_09,5343,15961,156737.5,8443282.5,0.020390285179018974,0.00324532319791615
sample_09,5343,15962,156747.5,8443282.5,0.013559241779148579,0.006137168034911156
sample_09,5343,15963,156757.5,8443282.5,0.00376923312433064,0.002063439227640629
sample_09,5343,15964,156767.5,8443282.5,0.026612499728798866,0.0068052951246500015
sample_09,5343,15965,156777.5,8443282.5,0.0250826608389616,0.00498606264591217
sample_09,5343,15966,156787.5,8443282.5,0.005505912937223911,0.001022742479108274
sample_09,5343,15967,156797.5,8443282.5,0.022633498534560204,0.0051235416904091835
sample_09,5343,15968,156807.5,8443282.5,0.01340886764228344,0.006117837503552437
sample_09,5343,15969,156817.5,8443282.5,0.013353022746741772,0.006818573921918869
sample_09,5343,15970,156827.5,8443282.5,0.03692207112908363,0.005077620968222618
sample_09,5343,15971,156837.5,8443282.5,0.023138325661420822,0.0071207270957529545
sample_09,5343,15972,156847.5,8443282.5,0.029642201960086823,0.002416954841464758
sample_09,5343,15973,156857.5,8443282.5,0.018994811922311783,0.0038078962825238705
sample_09,5343,15974,156867.5,8443282.5,0.029279440641403198,0.008773723617196083
sample_09,5343,15975,156877.5,8443282.5,0.026073308661580086,0.008481785655021667
sample_09,5343,15976,156887.5,8443282.5,0.014378323219716549,0.006361291278153658
sample_09,5343,15977,156897.5,8443282.5,0.016242431476712227,0.004416869953274727
sample_09,5344,15958,156707.5,8443272.5,0.007334599271416664,0.007318664807826281
sample_09,5344,15959,156717.5,8443272.5,0.018299594521522522,0.0015819084364920855
sample_09,5344,15960,156727.5,8443272.5,0.004889757838100195,0.00967335794121027
sample_09,5344,15961,156737.5,8443272.5,0.016865089535713196,0.010295514948666096
sample_09,5344,15962,156747.5,8443272.5,0.01049609761685133,0.003717551240697503
sample_09,5344,15963,156757.5,8443272.5,0.0031738535035401583,0.004818226210772991
sample_09,5344,15964,156767.5,8443272.5,0.004131130874156952,0.001724091125652194
sample_09,5344,15965,156777.5,8443272.5,0.019199836999177933,0.00686283502727747
sample_09,5344,15966,156787.5,8443272.5,0.0061396085657179356,0.00514825526624918
sample_09,5344,15967,156797.5,8443272.5,0.026736237108707428,0.002106697531417012
sample_09,5344,15968,156807.5,8443272.5,0.008975588716566563,0.0017596276011317968
sample_09,5344,15969,156817.5,8443272.5,0.004811597056686878,0.004842665977776051
sample_09,5344,15970,156827.5,8443272.5,0.015281244181096554,0.010596299543976784
sample_09,5344,15971,156837.5,8443272.5,0.00825937744230032,0.0021743839606642723
sample_09,5344,15972,156847.5,8443272.5,0.027266772463917732,0.001866781385615468
sample_09,5344,15973,156857.5,8443272.5,0.02320641651749611,0.011929175816476345
sample_09,5344,15974,156867.5,8443272.5,0.011510535143315792,0.004929044749587774
sample_09,5344,15975,156877.5,8443272.5,0.003169689793139696,0.0030458527617156506
sample_09,5344,15976,156887.5,8443272.5,0.022534457966685295,0.005545030813664198
sample_09,5344,15977,156897.5,8443272.5,0.029437599703669548,0.00803408958017826
sample_09,5345,15958,156707.5,8443262.5,0.01141277700662613,0.005408651661127806
sample_09,5345,15959,156717.5,8443262.5,0.010769747197628021,0.0024199895560741425
sample_09,5345,15960,156727.5,8443262.5,0.020493140444159508,0.006251210812479258
sample_09,5345,15961,156737.5,8443262.5,0.017506882548332214,0.009677734225988388
sample_09,5345,15962,156747.5,8443262.5,0.02814643457531929,0.0035677249543368816
sample_09,5345,15963,156757.5,8443262.5,0.028396256268024445,0.002474105218425393
sample_09,5345,15964,156767.5,8443262.5,0.010631512850522995,0.00776049867272377
sample_09,5345,15965,156777.5,8443262.5,0.019879285246133804,0.007839439436793327
sample_09,5345,15966,156787.5,8443262.5,0.011655247770249844,0.011584856547415257
sample_09,5345,15967,156797.5,8443262.5,0.0194263719022274,0.007849340327084064
sample_09,5345,15968,156807.5,8443262.5,0.01773006096482277,0.0024476635735481977
sample_09,5345,15969,156817.5,8443262.5,0.009796765632927418,0.011453568935394287
sample_09,5345,15970,156827.5,8443262.5,0.00746161537244916,0.0038033081218600273
sample_09,5345,15971,156837.5,8443262.5,0.03647000342607498,0.0038967349100857973
sample_09,5345,15972,156847.5,8443262.5,0.021494146436452866,0.0051970649510622025
sample_09,5345,15973,156857.5,8443262.5,0.009455632418394089,0.0037987902760505676
sample_09,5345,15974,156867.5,8443262.5,0.06015782058238983,0.0039691561833024025
sample_09,5345,15975,156877.5,8443262.5,0.012891426682472229,0.004436470102518797
sample_09,5345,15976,156887.5,8443262.5,0.02206527814269066,0.004381916485726833
sample_09,5345,15977,156897.5,8443262.5,0.01462138257920742,0.004409675020724535
sample_09,5346,15958,156707.5,8443252.5,0.008037974126636982,0.002181769348680973
sample_09,5346,15959,156717.5,8443252.5,0.007968932390213013,0.0034900379832834005
sample_09,5346,15960,156727.5,8443252.5,0.017229026183485985,0.0035760910250246525
sample_09,5346,15961,156737.5,8443252.5,0.00788539182394743,0.0037146920803934336
sample_09,5346,15962,156747.5,8443252.5,0.02887037768959999,0.004923933185636997
sample_09,5346,15963,156757.5,8443252.5,0.008246483281254768,0.0027127037756145
sample_09,5346,15964,156767.5,8443252.5,0.008136821910738945,0.005581819452345371
sample_09,5346,15965,156777.5,8443252.5,0.01568056270480156,0.007561621256172657
sample_09,5346,15966,156787.5,8443252.5,0.013130484148859978,0.006149515975266695
sample_09,5346,15967,156797.5,8443252.5,0.022341113537549973,0.0038217264227569103
sample_09,5346,15968,156807.5,8443252.5,0.006117933429777622,0.0029253519605845213
sample_09,5346,15969,156817.5,8443252.5,0.012135297060012817,0.006398218683898449
sample_09,5346,15970,156827.5,8443252.5,0.010323818773031235,0.007482430431991816
sample_09,5346,15971,156837.5,8443252.5,0.02052805945277214,0.0048918528482317924
sample_09,5346,15972,156847.5,8443252.5,0.018554598093032837,0.003768839407712221
sample_09,5346,15973,156857.5,8443252.5,0.009487941861152649,0.0046935477294027805
sample_09,5346,15974,156867.5,8443252.5,0.015002461150288582,0.003492363728582859
sample_09,5346,15975,156877.5,8443252.5,0.02140805497765541,0.002955593401566148
sample_09,5346,15976,156887.5,8443252.5,0.014279489405453205,0.007847188971936703
sample_09,5346,15977,156897.5,8443252.5,0.007835508324205875,0.006400895304977894
sample_09,5347,15958,156707.5,8443242.5,0.016616251319646835,0.007662927731871605
sample_09,5347,15959,156717.5,8443242.5,0.012330632656812668,0.011083218269050121
sample_09,5347,15960,156727.5,8443242.5,0.01612197607755661,0.007849653251469135
sample_09,5347,15961,156737.5,8443242.5,0.013155396096408367,0.004442577250301838
sample_09,5347,15962,156747.5,8443242.5,0.033201202750205994,0.0015605579828843474
sample_09,5347,15963,156757.5,8443242.5,0.013210557401180267,0.007951105013489723
sample_09,5347,15964,156767.5,8443242.5,0.0031529886182397604,0.003843335434794426
sample_09,5347,15965,156777.5,8443242.5,0.012304899282753468,0.006910004653036594
sample_09,5347,15966,156787.5,8443242.5,0.011297611519694328,0.002184844808652997
sample_09,5347,15967,156797.5,8443242.5,0.016986630856990814,0.0022900798358023167
sample_09,5347,15968,156807.5,8443242.5,0.012249661609530449,0.0033152399118989706
sample_09,5347,15969,156817.5,8443242.5,0.009614361450076103,0.006915307138115168
sample_09,5347,15970,156827.5,8443242.5,0.016162842512130737,0.0058782072737813
sample_09,5347,15971,156837.5,8443242.5,0.006593478377908468,0.007303452119231224
sample_09,5347,15972,156847.5,8443242.5,0.03205429017543793,0.002630270319059491
sample_09,5347,15973,156857.5,8443242.5,0.005221924744546413,0.0027284184470772743
sample_09,5347,15974,156867.5,8443242.5,0.005962287075817585,0.0029460410587489605
sample_09,5347,15975,156877.5,8443242.5,0.01770515739917755,0.0013886778615415096
sample_09,5347,15976,156887.5,8443242.5,0.00964122824370861,0.0014939153334125876
sample_09,5347,15977,156897.5,8443242.5,0.0297939945012331,0.004355074372142553
sample_09,5348,15959,156717.5,8443232.5,0.018543066456913948,0.0006690369918942451
sample_09,5348,15960,156727.5,8443232.5,0.0043582916259765625,0.0018159814644604921
sample_09,5348,15961,156737.5,8443232.5,0.005793300922960043,0.006268705707043409
sample_09,5348,15962,156747.5,8443232.5,0.005358055699616671,0.0014057615771889687
sample_09,5348,15963,156757.5,8443232.5,0.004259664565324783,0.0011752399150282145
sample_09,5348,15964,156767.5,8443232.5,0.01144829299300909,0.0030574873089790344
sample_09,5348,15965,156777.5,8443232.5,0.03035401739180088,0.0015561130130663514
sample_09,5348,15966,156787.5,8443232.5,0.017567448318004608,0.00028188369469717145
sample_09,5348,15967,156797.5,8443232.5,0.024971893057227135,0.003688422031700611
sample_09,5348,15968,156807.5,8443232.5,0.026620905846357346,0.011132664047181606
sample_09,5348,15969,156817.5,8443232.5,0.0018533715046942234,0.005441724322736263
sample_09,5348,15970,156827.5,8443232.5,0.01770583540201187,0.0024495702236890793
sample_09,5348,15971,156837.5,8443232.5,0.037391211837530136,0.0037933290004730225
sample_09,5348,15972,156847.5,8443232.5,0.012728416360914707,0.0034800516441464424
sample_09,5348,15973,156857.5,8443232.5,0.012830981984734535,0.006883085239678621
sample_09,5348,15974,156867.5,8443232.5,0.018879402428865433,0.0010058137122541666
sample_09,5348,15975,156877.5,8443232.5,0.015466625802218914,0.0010618381202220917
sample_09,5348,15976,156887.5,8443232.5,0.02957480028271675,0.003900972893461585
sample_09,5348,15977,156897.5,8443232.5,0.0254659503698349,0.0016893979627639055
sample_09,5349,15959,156717.5,8443222.5,0.024871522560715675,0.008530288003385067
sample_09,5349,15960,156727.5,8443222.5,0.006666133180260658,0.004190236330032349
sample_09,5349,15961,156737.5,8443222.5,0.0344310961663723,0.0021167639642953873
sample_09,5349,15962,156747.5,8443222.5,0.03716011345386505,0.002938972320407629
sample_09,5349,15963,156757.5,8443222.5,0.03357217460870743,0.004800470545887947
sample_09,5349,15964,156767.5,8443222.5,0.02543950267136097,0.0034241750836372375
sample_09,5349,15965,156777.5,8443222.5,0.011573770083487034,0.0030243443325161934
sample_09,5349,15966,156787.5,8443222.5,0.014347599819302559,0.005750886630266905
sample_09,5349,15967,156797.5,8443222.5,0.04433068260550499,0.003469467395916581
sample_09,5349,15968,156807.5,8443222.5,0.03514688089489937,0.003089770209044218
sample_09,5349,15969,156817.5,8443222.5,0.007813124917447567,0.002877984195947647
sample_09,5349,15970,156827.5,8443222.5,0.02411518432199955,0.0036327452398836613
sample_09,5349,15971,156837.5,8443222.5,0.005057442933320999,0.0024312869645655155
sample_09,5349,15972,156847.5,8443222.5,0.011090136133134365,0.004892824217677116
sample_09,5349,15973,156857.5,8443222.5,0.02231309935450554,0.007462869863957167
sample_09,5349,15974,156867.5,8443222.5,0.011473951861262321,0.008550913073122501
sample_09,5349,15975,156877.5,8443222.5,0.01764708012342453,0.007184979040175676
sample_09,5349,15976,156887.5,8443222.5,0.02099844440817833,0.005663377232849598
sample_09,5349,15977,156897.5,8443222.5,0.012860007584095001,0.009461777284741402
sample_09,5350,15959,156717.5,8443212.5,0.009571498259902,0.008324725553393364
sample_09,5350,15960,156727.5,8443212.5,0.027333788573741913,0.009649861603975296
sample_09,5350,15961,156737.5,8443212.5,0.015204044058918953,0.011105398647487164
sample_09,5350,15962,156747.5,8443212.5,0.0063110226765275,0.0038325507193803787
sample_09,5350,15963,156757.5,8443212.5,0.016056636348366737,0.007215321063995361
sample_09,5350,15964,156767.5,8443212.5,0.01674172282218933,0.0016396844293922186
sample_09,5350,15965,156777.5,8443212.5,0.012012213468551636,0.0029454748146235943
sample_09,5350,15966,156787.5,8443212.5,0.013431171886622906,0.011158906854689121
sample_09,5350,15967,156797.5,8443212.5,0.02367405965924263,0.007717634551227093
sample_09,5350,15968,156807.5,8443212.5,0.034783948212862015,0.002073722891509533
sample_09,5350,15969,156817.5,8443212.5,0.004575359169393778,0.009684903547167778
sample_09,5350,15970,156827.5,8443212.5,0.018620284274220467,0.005875117145478725
sample_09,5350,15971,156837.5,8443212.5,0.0064265844412148,0.0075403847731649876
sample_09,5350,15972,156847.5,8443212.5,0.015346424654126167,0.0029497789219021797
sample_09,5350,15973,156857.5,8443212.5,0.01160321943461895,0.011980944313108921
sample_09,5350,15974,156867.5,8443212.5,0.04038691520690918,0.0038162271957844496
sample_09,5350,15975,156877.5,8443212.5,0.021689629182219505,0.006385223474353552
sample_09,5350,15976,156887.5,8443212.5,0.01980031281709671,0.0021210103295743465
sample_09,5350,15977,156897.5,8443212.5,0.023113632574677467,0.00419192761182785
sample_09,5351,15959,156717.5,8443202.5,0.00945141352713108,0.005920216906815767
sample_09,5351,15960,156727.5,8443202.5,0.01212010532617569,0.007554411888122559
sample_09,5351,15961,156737.5,8443202.5,0.020413925871253014,0.0025794170796871185
sample_09,5351,15962,156747.5,8443202.5,0.024833189323544502,0.0035670411307364702
sample_09,5351,15963,156757.5,8443202.5,0.024121420457959175,0.004265195690095425
sample_09,5351,15964,156767.5,8443202.5,0.013231627643108368,0.0022840520832687616
sample_09,5351,15965,156777.5,8443202.5,0.019274096935987473,0.0024622066412121058
sample_09,5351,15966,156787.5,8443202.5,0.016000621020793915,0.0016904964577406645
sample_09,5351,15967,156797.5,8443202.5,0.02056727185845375,0.0037913592532277107
sample_09,5351,15968,156807.5,8443202.5,0.002214820357039571,0.001857210649177432
sample_09,5351,15969,156817.5,8443202.5,0.016261696815490723,0.008866464719176292
sample_09,5351,15970,156827.5,8443202.5,0.005675295367836952,0.006178159266710281
sample_09,5351,15971,156837.5,8443202.5,0.006849570665508509,0.009753506630659103
sample_09,5351,15972,156847.5,8443202.5,0.015471714548766613,0.004453214351087809
sample_09,5351,15973,156857.5,8443202.5,0.02274133637547493,0.003769520903006196
sample_09,5351,15974,156867.5,8443202.5,0.018934985622763634,0.0033155379351228476
sample_09,5351,15975,156877.5,8443202.5,0.018581639975309372,0.012369110248982906
sample_09,5351,15976,156887.5,8443202.5,0.013624781742691994,0.004615746904164553
sample_09,5351,15977,156897.5,8443202.5,0.022367386147379875,0.005973300896584988
sample_09,5352,15959,156717.5,8443192.5,0.007910706102848053,0.00596215296536684
sample_09,5352,15960,156727.5,8443192.5,0.006362993270158768,0.0018276916816830635
sample_09,5352,15961,156737.5,8443192.5,0.01681140437722206,0.0025072440039366484
sample_09,5352,15962,156747.5,8443192.5,0.015451692044734955,0.005343934521079063
sample_09,5352,15963,156757.5,8443192.5,0.01814708113670349,0.00362146133556962
sample_09,5352,15964,156767.5,8443192.5,0.010061095468699932,0.004665063694119453
sample_09,5352,15965,156777.5,8443192.5,0.004617665894329548,0.004099351353943348
sample_09,5352,15966,156787.5,8443192.5,0.01567552611231804,0.0021140382159501314
sample_09,5352,15967,156797.5,8443192.5,0.019125424325466156,0.00612892210483551
sample_09,5352,15968,156807.5,8443192.5,0.03166143223643303,0.0066125039011240005
sample_09,5352,15969,156817.5,8443192.5,0.018690548837184906,0.011004501953721046
sample_09,5352,15970,156827.5,8443192.5,0.0305369533598423,0.0024485373869538307
sample_09,5352,15971,156837.5,8443192.5,0.015358321368694305,0.01051156036555767
sample_09,5352,15972,156847.5,8443192.5,0.023898234590888023,0.00451819458976388
sample_09,5352,15973,156857.5,8443192.5,0.015275413170456886,0.0036247086245566607
sample_09,5352,15974,156867.5,8443192.5,0.0032356618903577328,0.0024749438744038343
sample_09,5352,15975,156877.5,8443192.5,0.008907768875360489,0.008206695318222046
sample_09,5352,15976,156887.5,8443192.5,0.022071998566389084,0.008227850310504436
sample_09,5352,15977,156897.5,8443192.5,0.01902764104306698,0.013672752305865288
sample_09,5353,15959,156717.5,8443182.5,0.021649254485964775,0.006324869114905596
sample_09,5353,15960,156727.5,8443182.5,0.010182471945881844,0.004563121125102043
sample_09,5353,15961,156737.5,8443182.5,0.014584904536604881,0.0052840616554021835
sample_09,5353,15962,156747.5,8443182.5,0.01127677969634533,0.003165367990732193
sample_09,5353,15963,156757.5,8443182.5,0.003546454245224595,0.003718203864991665
sample_09,5353,15964,156767.5,8443182.5,0.017534539103507996,0.011245986446738243
sample_09,5353,15965,156777.5,8443182.5,0.00661819102242589,0.004259074572473764
sample_09,5353,15966,156787.5,8443182.5,0.013435013592243195,0.003395665902644396
sample_09,5353,15967,156797.5,8443182.5,0.016350295394659042,0.003042844356968999
sample_09,5353,15968,156807.5,8443182.5,0.011032197624444962,0.0045388247817754745
sample_09,5353,15969,156817.5,8443182.5,0.03405487909913063,0.001656019943766296
sample_09,5353,15970,156827.5,8443182.5,0.010140716098248959,0.0023538609966635704
sample_09,5353,15971,156837.5,8443182.5,0.015192068181931973,0.004011338111013174
sample_09,5353,15972,156847.5,8443182.5,0.022044910117983818,0.0038531608879566193
sample_09,5353,15973,156857.5,8443182.5,0.020791426301002502,0.007753029931336641
sample_09,5353,15974,156867.5,8443182.5,0.01188831590116024,0.0010818508453667164
sample_09,5353,15975,156877.5,8443182.5,0.016144035384058952,0.0027693789452314377
sample_09,5353,15976,156887.5,8443182.5,0.010680852457880974,0.014471178874373436
sample_09,5353,15977,156897.5,8443182.5,0.01790199801325798,0.0018444485031068325
sample_09,5354,15959,156717.5,8443172.5,0.04562300443649292,0.000705504440702498
sample_09,5354,15960,156727.5,8443172.5,0.01639198698103428,0.002114407252520323
sample_09,5354,15961,156737.5,8443172.5,0.010806160047650337,0.005439054686576128
sample_09,5354,15962,156747.5,8443172.5,0.004906165413558483,0.009597060270607471
sample_09,5354,15963,156757.5,8443172.5,0.03353742137551308,0.009332794696092606
sample_09,5354,15964,156767.5,8443172.5,0.011004401370882988,0.006359129212796688
sample_09,5354,15965,156777.5,8443172.5,0.0027144767809659243,0.0035501671954989433
sample_09,5354,15966,156787.5,8443172.5,0.010324462316930294,0.0016925808740779757
sample_09,5354,15967,156797.5,8443172.5,0.01586468517780304,0.003541691694408655
sample_09,5354,15968,156807.5,8443172.5,0.009866733103990555,0.0031757664401084185
sample_09,5354,15969,156817.5,8443172.5,0.022243676707148552,0.007153189275413752
sample_09,5354,15970,156827.5,8443172.5,0.009327671490609646,0.010008380748331547
sample_09,5354,15971,156837.5,8443172.5,0.004299283027648926,0.0013272188371047378
sample_09,5354,15972,156847.5,8443172.5,0.007942494936287403,0.01000249944627285
sample_09,5354,15973,156857.5,8443172.5,0.012314901687204838,0.003111583413556218
sample_09,5354,15974,156867.5,8443172.5,0.009474573656916618,0.0026919711381196976
sample_09,5354,15975,156877.5,8443172.5,0.007306099869310856,0.0028307531028985977
sample_09,5354,15976,156887.5,8443172.5,0.0033913948573172092,0.0009486117633059621
sample_09,5354,15977,156897.5,8443172.5,0.022427793592214584,0.0038992096669971943
sample_09,5355,15959,156717.5,8443162.5,0.003622109768912196,0.0057860249653458595
sample_09,5355,15960,156727.5,8443162.5,0.01941777393221855,0.001141972839832306
sample_09,5355,15961,156737.5,8443162.5,0.013609251007437706,0.007055726367980242
sample_09,5355,15962,156747.5,8443162.5,0.014298012480139732,0.013920728117227554
sample_09,5355,15963,156757.5,8443162.5,0.017916403710842133,0.014297567307949066
sample_09,5355,15964,156767.5,8443162.5,0.009409662336111069,0.017158273607492447
sample_09,5355,15965,156777.5,8443162.5,0.01769065111875534,0.00535693159326911
sample_09,5355,15966,156787.5,8443162.5,0.004917266312986612,0.0062322067096829414
sample_09,5355,15967,156797.5,8443162.5,0.017581883817911148,0.0029236183036118746
sample_09,5355,15968,156807.5,8443162.5,0.010118823498487473,0.003693432779982686
sample_09,5355,15969,156817.5,8443162.5,0.014398989267647266,0.0023720115423202515
sample_09,5355,15970,156827.5,8443162.5,0.008515218272805214,0.0014109681360423565
sample_09,5355,15971,156837.5,8443162.5,0.015256153419613838,0.007314421236515045
sample_09,5355,15972,156847.5,8443162.5,0.0074113705195486546,0.003343649674206972
sample_09,5355,15973,156857.5,8443162.5,0.013653775677084923,0.0029930404853075743
sample_09,5355,15974,156867.5,8443162.5,0.03092465177178383,0.006232847459614277
sample_09,5355,15975,156877.5,8443162.5,0.02554379031062126,0.007110536098480225
sample_09,5355,15976,156887.5,8443162.5,0.011051258072257042,0.008673997595906258
sample_09,5355,15977,156897.5,8443162.5,0.017446283251047134,0.0027543101459741592
sample_09,5356,15959,156717.5,8443152.5,0.0042376769706606865,0.011227716691792011
sample_09,5356,15960,156727.5,8443152.5,0.04632839560508728,0.004945925436913967
sample_09,5356,15961,156737.5,8443152.5,0.03352097421884537,0.002988374326378107
sample_09,5356,15962,156747.5,8443152.5,0.024251200258731842,0.008481020107865334
sample_09,5356,15963,156757.5,8443152.5,0.016907069832086563,0.0016135363839566708
sample_09,5356,15964,156767.5,8443152.5,0.016546430066227913,0.002659915015101433
sample_09,5356,15965,156777.5,8443152.5,0.027385491877794266,0.005420835223048925
sample_10,6652,10911,106237.5,8430192.5,0.005293084774166346,0.0034942706115543842
sample_10,6652,10912,106247.5,8430192.5,0.014050686731934547,0.004895653575658798
sample_10,6652,10913,106257.5,8430192.5,0.008889283053576946,0.005019215401262045
sample_10,6652,10914,106267.5,8430192.5,0.011634526774287224,0.0009602283826097846
sample_10,6652,10915,106277.5,8430192.5,0.023785755038261414,0.0015941052697598934
sample_10,6652,10916,106287.5,8430192.5,0.007949089631438255,0.0020392369478940964
sample_10,6652,10917,106297.5,8430192.5,0.008482390083372593,0.003775028046220541
sample_10,6652,10918,106307.5,8430192.5,0.00889764353632927,0.002617086283862591
sample_10,6652,10919,106317.5,8430192.5,0.007473799865692854,0.003339577466249466
sample_10,6652,10920,106327.5,8430192.5,0.012061688117682934,0.005219083279371262
sample_10,6652,10921,106337.5,8430192.5,0.048750657588243484,0.002975554671138525
sample_10,6652,10922,106347.5,8430192.5,0.006767077371478081,0.0037783898878842592
sample_10,6652,10923,106357.5,8430192.5,0.008333398029208183,0.004029134754091501
sample_10,6653,10904,106167.5,8430182.5,0.0021237735636532307,0.0028323596343398094
sample_10,6653,10905,106177.5,8430182.5,0.007019630167633295,0.0013294339878484607
sample_10,6653,10906,106187.5,8430182.5,0.003789459355175495,0.005449483171105385
sample_10,6653,10907,106197.5,8430182.5,0.00828210636973381,0.006237728055566549
sample_10,6653,10908,106207.5,8430182.5,0.02215355448424816,0.0014656705316156149
sample_10,6653,10909,106217.5,8430182.5,0.00578165240585804,0.004878342151641846
sample_10,6653,10910,106227.5,8430182.5,0.005096039734780788,0.008072372525930405
sample_10,6653,10911,106237.5,8430182.5,0.013174843043088913,0.011466426774859428
sample_10,6653,10912,106247.5,8430182.5,0.01200836431235075,0.0046890974044799805
sample_10,6653,10913,106257.5,8430182.5,0.010931425727903843,0.006394573487341404
sample_10,6653,10914,106267.5,8430182.5,0.01018779817968607,0.004317778162658215
sample_10,6653,10915,106277.5,8430182.5,0.00931245181709528,0.006731064058840275
sample_10,6653,10916,106287.5,8430182.5,0.010096689686179161,0.008644087240099907
sample_10,6653,10917,106297.5,8430182.5,0.004762155935168266,0.0063888756558299065
sample_10,6653,10918,106307.5,8430182.5,0.018666967749595642,0.004694041330367327
sample_10,6653,10919,106317.5,8430182.5,0.018513578921556473,0.004835760686546564
sample_10,6653,10920,106327.5,8430182.5,0.014853261411190033,0.005089453421533108
sample_10,6653,10921,106337.5,8430182.5,0.008298545144498348,0.008176973089575768
sample_10,6653,10922,106347.5,8430182.5,0.004065824206918478,0.0030171978287398815
sample_10,6653,10923,106357.5,8430182.5,0.008215317502617836,0.0066355569288134575
sample_10,6654,10904,106167.5,8430172.5,0.014708908274769783,0.00461124163120985
sample_10,6654,10905,106177.5,8430172.5,0.013034047558903694,0.003603464225307107
sample_10,6654,10906,106187.5,8430172.5,0.0037677024956792593,0.004029025789350271
sample_10,6654,10907,106197.5,8430172.5,0.005791064351797104,0.005177413113415241
sample_10,6654,10908,106207.5,8430172.5,0.0057730297558009624,0.0059507908299565315
sample_10,6654,10909,106217.5,8430172.5,0.00507584260776639,0.0042695701122283936
sample_10,6654,10910,106227.5,8430172.5,0.0030192562844604254,0.004466359503567219
sample_10,6654,10911,106237.5,8430172.5,0.013661220669746399,0.006625805050134659
sample_10,6654,10912,106247.5,8430172.5,0.018651021644473076,0.0036815456114709377
sample_10,6654,10913,106257.5,8430172.5,0.0055744098499417305,0.006692579947412014
sample_10,6654,10914,106267.5,8430172.5,0.01605786383152008,0.005942387040704489
sample_10,6654,10915,106277.5,8430172.5,0.007004793267697096,0.006146300118416548
sample_10,6654,10916,106287.5,8430172.5,0.011857187375426292,0.006090953014791012
sample_10,6654,10917,106297.5,8430172.5,0.010204480960965157,0.004782312083989382
sample_10,6654,10918,106307.5,8430172.5,0.019361237064003944,0.009122774004936218
sample_10,6654,10919,106317.5,8430172.5,0.013612588867545128,0.009527401067316532
sample_10,6654,10920,106327.5,8430172.5,0.019662698730826378,0.001160371582955122
sample_10,6654,10921,106337.5,8430172.5,0.013532581739127636,0.004906174726784229
sample_10,6654,10922,106347.5,8430172.5,0.008887958712875843,0.006710534915328026
sample_10,6654,10923,106357.5,8430172.5,0.002829137956723571,0.01037868857383728
sample_10,6655,10904,106167.5,8430162.5,0.0022527333348989487,0.00211580703034997
sample_10,6655,10905,106177.5,8430162.5,0.009985837154090405,0.006600806023925543
sample_10,6655,10906,106187.5,8430162.5,0.02004736103117466,0.007516713347285986
sample_10,6655,10907,106197.5,8430162.5,0.006991344504058361,0.008263612166047096
sample_10,6655,10908,106207.5,8430162.5,0.014112883247435093,0.003976913169026375
sample_10,6655,10909,106217.5,8430162.5,0.014857363887131214,0.0043385643512010574
sample_10,6655,10910,106227.5,8430162.5,0.008859370835125446,0.0030024496372789145
sample_10,6655,10911,106237.5,8430162.5,0.022220220416784286,0.0030616391450166702
sample_10,6655,10912,106247.5,8430162.5,0.010334760881960392,0.003235684474930167
sample_10,6655,10913,106257.5,8430162.5,0.005783610977232456,0.0047801462933421135
sample_10,6655,10914,106267.5,8430162.5,0.004624573513865471,0.0038385919760912657
sample_10,6655,10915,106277.5,8430162.5,0.011879521422088146,0.0017600590363144875
sample_10,6655,10916,106287.5,8430162.5,0.008887842297554016,0.005880352575331926
sample_10,6655,10917,106297.5,8430162.5,0.026298297569155693,0.0019351697992533445
sample_10,6655,10918,106307.5,8430162.5,0.022674959152936935,0.00631190650165081
sample_10,6655,10919,106317.5,8430162.5,0.0065367575734853745,0.0032128929160535336
sample_10,6655,10920,106327.5,8430162.5,0.007214939221739769,0.006023076828569174
sample_10,6655,10921,106337.5,8430162.5,0.008917049504816532,0.003985450603067875
sample_10,6655,10922,106347.5,8430162.5,0.01212358195334673,0.00404144125059247
sample_10,6655,10923,106357.5,8430162.5,0.007525996770709753,0.0035728022921830416
sample_10,6656,10904,106167.5,8430152.5,0.010674598626792431,0.0037557967007160187
sample_10,6656,10905,106177.5,8430152.5,0.009770849719643593,0.007182403467595577
sample_10,6656,10906,106187.5,8430152.5,0.004317623563110828,0.005263639613986015
sample_10,6656,10907,106197.5,8430152.5,0.0035008934792131186,0.004522494971752167
sample_10,6656,10908,106207.5,8430152.5,0.004735567606985569,0.004239743109792471
sample_10,6656,10909,106217.5,8430152.5,0.012084253132343292,0.004566684365272522
sample_10,6656,10910,106227.5,8430152.5,0.012615993618965149,0.005989134777337313
sample_10,6656,10911,106237.5,8430152.5,0.008287899196147919,0.004697378259152174
sample_10,6656,10912,106247.5,8430152.5,0.00590211758390069,0.007056455127894878
sample_10,6656,10913,106257.5,8430152.5,0.002415045630186796,0.006592827849090099
sample_10,6656,10914,106267.5,8430152.5,0.012220251373946667,0.006586136296391487
sample_10,6656,10915,106277.5,8430152.5,0.0036954893730580807,0.004211213439702988
sample_10,6656,10916,106287.5,8430152.5,0.02706349827349186,0.0032005910761654377
sample_10,6656,10917,106297.5,8430152.5,0.004946244414895773,0.0019322398584336042
sample_10,6656,10918,106307.5,8430152.5,0.0061779688112437725,0.0008870996534824371
sample_10,6656,10919,106317.5,8430152.5,0.0032203292939811945,0.002056528814136982
sample_10,6656,10920,106327.5,8430152.5,0.009282901883125305,0.004824589937925339
sample_10,6656,10921,106337.5,8430152.5,0.011772535741329193,0.005280164536088705
sample_10,6656,10922,106347.5,8430152.5,0.00819646567106247,0.004919470753520727
sample_10,6656,10923,106357.5,8430152.5,0.011006886139512062,0.00219199457205832
sample_10,6657,10905,106177.5,8430142.5,0.008770127780735493,0.002377998549491167
sample_10,6657,10906,106187.5,8430142.5,0.01376002561300993,0.0015734428307041526
sample_10,6657,10907,106197.5,8430142.5,0.006813353858888149,0.0074300095438957214
sample_10,6657,10908,106207.5,8430142.5,0.006268405821174383,0.005893387366086245
sample_10,6657,10909,106217.5,8430142.5,0.0157917607575655,0.002914255019277334
sample_10,6657,10910,106227.5,8430142.5,0.02566518262028694,0.003480607410892844
sample_10,6657,10911,106237.5,8430142.5,0.005664922297000885,0.009688027203083038
sample_10,6657,10912,106247.5,8430142.5,0.00545137096196413,0.0028954241424798965
sample_10,6657,10913,106257.5,8430142.5,0.010298061184585094,0.001510291825979948
sample_10,6657,10914,106267.5,8430142.5,0.01044146902859211,0.005688732955604792
sample_10,6657,10915,106277.5,8430142.5,0.014200733974575996,0.003762101987376809
sample_10,6657,10916,106287.5,8430142.5,0.004500009119510651,0.008059739135205746
sample_10,6657,10917,106297.5,8430142.5,0.0054954225197434425,0.011818056926131248
sample_10,6657,10918,106307.5,8430142.5,0.007935583591461182,0.005543138366192579
sample_10,6657,10919,106317.5,8430142.5,0.008106078952550888,0.002244094852358103
sample_10,6657,10920,106327.5,8430142.5,0.0056174821220338345,0.0036285431124269962
sample_10,6657,10921,106337.5,8430142.5,0.014208486303687096,0.004744489211589098
sample_10,6657,10922,106347.5,8430142.5,0.009949830360710621,0.00415731081739068
sample_10,6657,10923,106357.5,8430142.5,0.019305046647787094,0.0049590435810387135
sample_10,6658,10905,106177.5,8430132.5,0.013726568780839443,0.0026368675753474236
sample_10,6658,10906,106187.5,8430132.5,0.004958085250109434,0.004702234175056219
sample_10,6658,10907,106197.5,8430132.5,0.008001883514225483,0.0016483563231304288
sample_10,6658,10908,106207.5,8430132.5,0.020424410700798035,0.006104254629462957
sample_10,6658,10909,106217.5,8430132.5,0.013374419882893562,0.0028952842112630606
sample_10,6658,10910,106227.5,8430132.5,0.02308553084731102,0.0011713419808074832
sample_10,6658,10911,106237.5,8430132.5,0.02173589915037155,0.0024149888195097446
sample_10,6658,10912,106247.5,8430132.5,0.033986903727054596,0.002598903840407729
sample_10,6658,10913,106257.5,8430132.5,0.01045076921582222,0.004449442960321903
sample_10,6658,10914,106267.5,8430132.5,0.010309478268027306,0.005437064915895462
sample_10,6658,10915,106277.5,8430132.5,0.00655278330668807,0.006323766428977251
sample_10,6658,10916,106287.5,8430132.5,0.008520513772964478,0.005733133293688297
sample_10,6658,10917,106297.5,8430132.5,0.0035206852480769157,0.010135455057024956
sample_10,6658,10918,106307.5,8430132.5,0.012150007300078869,0.003424545284360647
sample_10,6658,10919,106317.5,8430132.5,0.012218484655022621,0.003450800897553563
sample_10,6658,10920,106327.5,8430132.5,0.01915767602622509,0.005392134189605713
sample_10,6658,10921,106337.5,8430132.5,0.004073887597769499,0.005455564241856337
sample_10,6658,10922,106347.5,8430132.5,0.006436457857489586,0.008919608779251575
sample_10,6658,10923,106357.5,8430132.5,0.010655851103365421,0.0040855202823877335
sample_10,6659,10905,106177.5,8430122.5,0.012858559377491474,0.0014957876410335302
sample_10,6659,10906,106187.5,8430122.5,0.017787208780646324,0.001282771467231214
sample_10,6659,10907,106197.5,8430122.5,0.01941153220832348,0.005184335634112358
sample_10,6659,10908,106207.5,8430122.5,0.040904007852077484,0.007503842934966087
sample_10,6659,10909,106217.5,8430122.5,0.01268478762358427,0.004662977531552315
sample_10,6659,10910,106227.5,8430122.5,0.007522819563746452,0.0028183236718177795
sample_10,6659,10911,106237.5,8430122.5,0.017445197328925133,0.002306367503479123
sample_10,6659,10912,106247.5,8430122.5,0.017489580437541008,0.007244215812534094
sample_10,6659,10913,106257.5,8430122.5,0.004293215926736593,0.018902473151683807
sample_10,6659,10914,106267.5,8430122.5,0.006906584836542606,0.007857373915612698
sample_10,6659,10915,106277.5,8430122.5,0.014000813476741314,0.005641650874167681
sample_10,6659,10916,106287.5,8430122.5,0.006899343337863684,0.0031930371187627316
sample_10,6659,10917,106297.5,8430122.5,0.00323483906686306,0.0020546677988022566
sample_10,6659,10918,106307.5,8430122.5,0.011365632526576519,0.007217127829790115
sample_10,6659,10919,106317.5,8430122.5,0.009807556867599487,0.006535828113555908
sample_10,6659,10920,106327.5,8430122.5,0.005151235032826662,0.005037812516093254
sample_10,6659,10921,106337.5,8430122.5,0.01002855971455574,0.004685299936681986
sample_10,6659,10922,106347.5,8430122.5,0.00973728857934475,0.0038029318675398827
sample_10,6659,10923,106357.5,8430122.5,0.011303765699267387,0.002731703221797943
sample_10,6660,10905,106177.5,8430112.5,0.01434660516679287,0.00452655041590333
sample_10,6660,10906,106187.5,8430112.5,0.020066548138856888,0.003635527566075325
sample_10,6660,10907,106197.5,8430112.5,0.00847278255969286,0.00822426937520504
sample_10,6660,10908,106207.5,8430112.5,0.03204725682735443,0.004492945037782192
sample_10,6660,10909,106217.5,8430112.5,0.01288601104170084,0.0030923367012292147
sample_10,6660,10910,106227.5,8430112.5,0.014103355817496777,0.007401217706501484
sample_10,6660,10911,106237.5,8430112.5,0.011414197273552418,0.003136994084343314
sample_10,6660,10912,106247.5,8430112.5,0.015537319704890251,0.00224387738853693
sample_10,6660,10913,106257.5,8430112.5,0.009198471903800964,0.0045495107769966125
sample_10,6660,10914,106267.5,8430112.5,0.008199105970561504,0.004199923947453499
sample_10,6660,10915,106277.5,8430112.5,0.01331324502825737,0.00658588157966733
sample_10,6660,10916,106287.5,8430112.5,0.008175327442586422,0.00598222017288208
sample_10,6660,10917,106297.5,8430112.5,0.015916695818305016,0.006070929579436779
sample_10,6660,10918,106307.5,8430112.5,0.027516361325979233,0.0035410095006227493
sample_10,6660,10919,106317.5,8430112.5,0.016375457867980003,0.001573374611325562
sample_10,6660,10920,106327.5,8430112.5,0.020523114129900932,0.0046097696758806705
sample_10,6660,10921,106337.5,8430112.5,0.00846907589584589,0.003781588515266776
sample_10,6660,10922,106347.5,8430112.5,0.011898702010512352,0.002061484381556511
sample_10,6660,10923,106357.5,8430112.5,0.008285610005259514,0.0020204519387334585
sample_10,6661,10905,106177.5,8430102.5,0.003245248459279537,0.003053482621908188
sample_10,6661,10906,106187.5,8430102.5,0.015040215104818344,0.0019323102897033095
sample_10,6661,10907,106197.5,8430102.5,0.010942267253994942,0.0022790597286075354
sample_10,6661,10908,106207.5,8430102.5,0.015843501314520836,0.0033148638904094696
sample_10,6661,10909,106217.5,8430102.5,0.003961146809160709,0.0015047484776005149
sample_10,6661,10910,106227.5,8430102.5,0.017289113253355026,0.0030125859193503857
sample_10,6661,10911,106237.5,8430102.5,0.0036678388714790344,0.0034258768428117037
sample_10,6661,10912,106247.5,8430102.5,0.020456377416849136,0.004215117543935776
sample_10,6661,10913,106257.5,8430102.5,0.026883738115429878,0.004665897693485022
sample_10,6661,10914,106267.5,8430102.5,0.010545551776885986,0.010527089238166809
sample_10,6661,10915,106277.5,8430102.5,0.006659331731498241,0.004405537154525518
sample_10,6661,10916,106287.5,8430102.5,0.013859812170267105,0.002829415025189519
sample_10,6661,10917,106297.5,8430102.5,0.016281986609101295,0.00544253084808588
sample_10,6661,10918,106307.5,8430102.5,0.013752473518252373,0.0037742527201771736
sample_10,6661,10919,106317.5,8430102.5,0.013463864102959633,0.0019043070496991277
sample_10,6661,10920,106327.5,8430102.5,0.012165125459432602,0.004870515316724777
sample_10,6661,10921,106337.5,8430102.5,0.015423907898366451,0.004516723565757275
sample_10,6661,10922,106347.5,8430102.5,0.00767033826559782,0.0015283614629879594
sample_10,6661,10923,106357.5,8430102.5,0.006876457016915083,0.005408850498497486
sample_10,6662,10905,106177.5,8430092.5,0.0032721064053475857,0.006490443833172321
sample_10,6662,10906,106187.5,8430092.5,0.023600127547979355,0.009451780468225479
sample_10,6662,10907,106197.5,8430092.5,0.010375948622822762,0.004648631904274225
sample_10,6662,10908,106207.5,8430092.5,0.00489970576018095,0.002590649528428912
sample_10,6662,10909,106217.5,8430092.5,0.02622229792177677,0.002006032969802618
sample_10,6662,10910,106227.5,8430092.5,0.018384242430329323,0.0050849937833845615
sample_10,6662,10911,106237.5,8430092.5,0.012288534082472324,0.0021360949613153934
sample_10,6662,10912,106247.5,8430092.5,0.021924737840890884,0.0036600446328520775
sample_10,6662,10913,106257.5,8430092.5,0.008413313888013363,0.0034282554406672716
sample_10,6662,10914,106267.5,8430092.5,0.005719015374779701,0.004716693889349699
sample_10,6662,10915,106277.5,8430092.5,0.01877029612660408,0.0021526115015149117
sample_10,6662,10916,106287.5,8430092.5,0.009342439472675323,0.0036850920878350735
sample_10,6662,10917,106297.5,8430092.5,0.006461903918534517,0.003541376441717148
sample_10,6662,10918,106307.5,8430092.5,0.025552397593855858,0.0057196468114852905
sample_10,6662,10919,106317.5,8430092.5,0.019300324842333794,0.0022829563822597265
sample_10,6662,10920,106327.5,8430092.5,0.006021437235176563,0.003963792696595192
sample_10,6662,10921,106337.5,8430092.5,0.008628888987004757,0.00743179302662611
sample_10,6662,10922,106347.5,8430092.5,0.005755055695772171,0.002598942257463932
sample_10,6662,10923,106357.5,8430092.5,0.022422268986701965,0.00202370947226882
sample_10,6663,10905,106177.5,8430082.5,0.013373037800192833,0.0026204255409538746
sample_10,6663,10906,106187.5,8430082.5,0.010522464290261269,0.005546280648559332
sample_10,6663,10907,106197.5,8430082.5,0.034873977303504944,0.005571851506829262
sample_10,6663,10908,106207.5,8430082.5,0.035026393830776215,0.004157124552875757
sample_10,6663,10909,106217.5,8430082.5,0.009019967168569565,0.004037769511342049
sample_10,6663,10910,106227.5,8430082.5,0.011167274788022041,0.006146160885691643
sample_10,6663,10911,106237.5,8430082.5,0.01673460379242897,0.007276597898453474
sample_10,6663,10912,106247.5,8430082.5,0.01167961023747921,0.0036969808861613274
sample_10,6663,10913,106257.5,8430082.5,0.010675526224076748,0.0019025737419724464
sample_10,6663,10914,106267.5,8430082.5,0.004359008278697729,0.005289655644446611
sample_10,6663,10915,106277.5,8430082.5,0.017440462484955788,0.0014151162467896938
sample_10,6663,10916,106287.5,8430082.5,0.012656154111027718,0.003959075082093477
sample_10,6663,10917,106297.5,8430082.5,0.0154494009912014,0.004923737142235041
sample_10,6663,10918,106307.5,8430082.5,0.013304182328283787,0.015660325065255165
sample_10,6663,10919,106317.5,8430082.5,0.026077264919877052,0.004063950385898352
sample_10,6663,10920,106327.5,8430082.5,0.014713259413838387,0.003137415274977684
sample_10,6663,10921,106337.5,8430082.5,0.012593465857207775,0.006308754440397024
sample_10,6663,10922,106347.5,8430082.5,0.013112504035234451,0.004609634168446064
sample_10,6663,10923,106357.5,8430082.5,0.02361215278506279,0.002604070585221052
sample_10,6664,10905,106177.5,8430072.5,0.017630083486437798,0.007803826592862606
sample_10,6664,10906,106187.5,8430072.5,0.015624756924808025,0.006279511842876673
sample_10,6664,10907,106197.5,8430072.5,0.015122991986572742,0.010938260704278946
sample_10,6664,10908,106207.5,8430072.5,0.011597700417041779,0.002638573758304119
sample_10,6664,10909,106217.5,8430072.5,0.007058340590447187,0.0067631942220032215
sample_10,6664,10910,106227.5,8430072.5,0.013117513619363308,0.007139784749597311
sample_10,6664,10911,106237.5,8430072.5,0.013200877234339714,0.0076989177614450455
sample_10,6664,10912,106247.5,8430072.5,0.004499407019466162,0.002639623824506998
sample_10,6664,10913,106257.5,8430072.5,0.011393976397812366,0.0007161085377447307
sample_10,6664,10914,106267.5,8430072.5,0.011107204481959343,0.00494139501824975
sample_10,6664,10915,106277.5,8430072.5,0.003389695193618536,0.008089658804237843
sample_10,6664,10916,106287.5,8430072.5,0.01325881015509367,0.004843441303819418
sample_10,6664,10917,106297.5,8430072.5,0.01714150421321392,0.006027702707797289
sample_10,6664,10918,106307.5,8430072.5,0.039014048874378204,0.0028822962194681168
sample_10,6664,10919,106317.5,8430072.5,0.0176391638815403,0.003965838346630335
sample_10,6664,10920,106327.5,8430072.5,0.020308606326580048,0.0037762392312288284
sample_10,6664,10921,106337.5,8430072.5,0.025231484323740005,0.006386385764926672
sample_10,6664,10922,106347.5,8430072.5,0.01036067120730877,0.004564148373901844
sample_10,6664,10923,106357.5,8430072.5,0.013001078739762306,0.0045268479734659195
sample_10,6665,10905,106177.5,8430062.5,0.009624762460589409,0.007200901862233877
sample_10,6665,10906,106187.5,8430062.5,0.01953507773578167,0.008718147873878479
sample_10,6665,10907,106197.5,8430062.5,0.013636366464197636,0.0053190914914011955
sample_10,6665,10908,106207.5,8430062.5,0.040886301547288895,0.011897687800228596
sample_10,6665,10909,106217.5,8430062.5,0.00857054628431797,0.00528095243498683
sample_10,6665,10910,106227.5,8430062.5,0.006145299877971411,0.00424751453101635
sample_10,6665,10911,106237.5,8430062.5,0.0084014181047678,0.0031076516024768353
sample_10,6665,10912,106247.5,8430062.5,0.013024467043578625,0.0064186351373791695
sample_10,6665,10913,106257.5,8430062.5,0.008358216844499111,0.003420624416321516
sample_10,6665,10914,106267.5,8430062.5,0.014934813603758812,0.0046637896448373795
sample_10,6665,10915,106277.5,8430062.5,0.03697546571493149,0.0031689705792814493
sample_10,6665,10916,106287.5,8430062.5,0.0138065991923213,0.004494459833949804
sample_10,6665,10917,106297.5,8430062.5,0.014582501724362373,0.00350972730666399
sample_10,6665,10918,106307.5,8430062.5,0.020816704258322716,0.0031174849718809128
sample_10,6665,10919,106317.5,8430062.5,0.011764215305447578,0.0054375226609408855
sample_10,6665,10920,106327.5,8430062.5,0.029499201104044914,0.0005140862194821239
sample_10,6665,10921,106337.5,8430062.5,0.006416300777345896,0.0029254835098981857
sample_10,6665,10922,106347.5,8430062.5,0.011331900954246521,0.009362051263451576
sample_10,6665,10923,106357.5,8430062.5,0.006953057833015919,0.0038603090215474367
sample_10,6666,10905,106177.5,8430052.5,0.011545941233634949,0.001670271623879671
sample_10,6666,10906,106187.5,8430052.5,0.014455866999924183,0.003643869422376156
sample_10,6666,10907,106197.5,8430052.5,0.008481917902827263,0.00369903352111578
sample_10,6666,10908,106207.5,8430052.5,0.03358088433742523,0.017944978550076485
sample_10,6666,10909,106217.5,8430052.5,0.007877662777900696,0.005419284105300903
sample_10,6666,10910,106227.5,8430052.5,0.015539643354713917,0.0097308699041605
sample_10,6666,10911,106237.5,8430052.5,0.019232627004384995,0.006332955788820982
sample_10,6666,10912,106247.5,8430052.5,0.029513344168663025,0.006706838496029377
sample_10,6666,10913,106257.5,8430052.5,0.0088478559628129,0.0009964079363271594
sample_10,6666,10914,106267.5,8430052.5,0.00800775270909071,0.0028788354247808456
sample_10,6666,10915,106277.5,8430052.5,0.01439272053539753,0.0021984106861054897
sample_10,6666,10916,106287.5,8430052.5,0.03494751453399658,0.007924532517790794
sample_10,6666,10917,106297.5,8430052.5,0.022291235625743866,0.004844615701586008
sample_10,6666,10918,106307.5,8430052.5,0.03636651486158371,0.005244391970336437
sample_10,6666,10919,106317.5,8430052.5,0.01910964772105217,0.004510971251875162
sample_10,6666,10920,106327.5,8430052.5,0.006742904428392649,0.0016387789510190487
sample_10,6666,10921,106337.5,8430052.5,0.006489359773695469,0.0034931993577629328
sample_10,6666,10922,106347.5,8430052.5,0.01709187589585781,0.0032616998068988323
sample_10,6666,10923,106357.5,8430052.5,0.034278832376003265,0.0049952249974012375
sample_10,6667,10905,106177.5,8430042.5,0.02699493244290352,0.0032460703514516354
sample_10,6667,10906,106187.5,8430042.5,0.02040918543934822,0.0020157587714493275
sample_10,6667,10907,106197.5,8430042.5,0.012876374647021294,0.0033192913979291916
sample_10,6667,10908,106207.5,8430042.5,0.016175469383597374,0.002336059231311083
sample_10,6667,10909,106217.5,8430042.5,0.0032442519441246986,0.005811373703181744
sample_10,6667,10910,106227.5,8430042.5,0.020220233127474785,0.0038035123143345118
sample_10,6667,10911,106237.5,8430042.5,0.01848943531513214,0.007721703499555588
sample_10,6667,10912,106247.5,8430042.5,0.004189347382634878,0.006284305825829506
sample_10,6667,10913,106257.5,8430042.5,0.017217684537172318,0.0015404627192765474
sample_10,6667,10914,106267.5,8430042.5,0.01794111728668213,0.0010209797183051705
sample_10,6667,10915,106277.5,8430042.5,0.031529732048511505,0.007669239304959774
sample_10,6667,10916,106287.5,8430042.5,0.012393573299050331,0.0032674428075551987
sample_10,6667,10917,106297.5,8430042.5,0.020802892744541168,0.00560725387185812
sample_10,6667,10918,106307.5,8430042.5,0.03194499760866165,0.002889099298045039
sample_10,6667,10919,106317.5,8430042.5,0.0052832323126494884,0.0038802854251116514
sample_10,6667,10920,106327.5,8430042.5,0.03857041150331497,0.004320379346609116
sample_10,6667,10921,106337.5,8430042.5,0.01891319453716278,0.0071393391117453575
sample_10,6667,10922,106347.5,8430042.5,0.0018409970216453075,0.007702125236392021
sample_10,6667,10923,106357.5,8430042.5,0.006001963280141354,0.0022553259041160345
sample_11,10362,6771,64837.5,8393092.5,0.0074574146419763565,0.0029624842572957277
sample_11,10362,6772,64847.5,8393092.5,0.005057001486420631,0.007694581523537636
sample_11,10362,6773,64857.5,8393092.5,0.011571312323212624,0.005976426415145397
sample_11,10362,6774,64867.5,8393092.5,0.007862313650548458,0.0018892319640144706
sample_11,10362,6775,64877.5,8393092.5,0.012378274463117123,0.009160785935819149
sample_11,10362,6776,64887.5,8393092.5,0.010117242112755775,0.004487656522542238
sample_11,10362,6777,64897.5,8393092.5,0.011360738426446915,0.0028021864127367735
sample_11,10362,6778,64907.5,8393092.5,0.0053289360366761684,0.006348758470267057
sample_11,10362,6779,64917.5,8393092.5,0.0057840533554553986,0.0022745912428945303
sample_11,10363,6761,64737.5,8393082.5,0.010504697449505329,0.0015938340220600367
sample_11,10363,6762,64747.5,8393082.5,0.010338121093809605,0.005817689932882786
sample_11,10363,6763,64757.5,8393082.5,0.013839740306138992,0.0077944244258105755
sample_11,10363,6764,64767.5,8393082.5,0.009290114976465702,0.00399822648614645
sample_11,10363,6765,64777.5,8393082.5,0.007420021574944258,0.003969768062233925
sample_11,10363,6766,64787.5,8393082.5,0.013846556656062603,0.005886752624064684
sample_11,10363,6767,64797.5,8393082.5,0.007698998786509037,0.002326664049178362
sample_11,10363,6768,64807.5,8393082.5,0.01390976831316948,0.001992957666516304
sample_11,10363,6769,64817.5,8393082.5,0.010232613421976566,0.004590892232954502
sample_11,10363,6770,64827.5,8393082.5,0.00594423757866025,0.003308698767796159
sample_11,10363,6771,64837.5,8393082.5,0.009820429608225822,0.005720596760511398
sample_11,10363,6772,64847.5,8393082.5,0.010288351215422153,0.0037919937167316675
sample_11,10363,6773,64857.5,8393082.5,0.01139459665864706,0.005674657411873341
sample_11,10363,6774,64867.5,8393082.5,0.0010972319869324565,0.004653364885598421
sample_11,10363,6775,64877.5,8393082.5,0.0040617031045258045,0.006094253156334162
sample_11,10363,6776,64887.5,8393082.5,0.009062966331839561,0.0032683266326785088
sample_11,10363,6777,64897.5,8393082.5,0.008144608698785305,0.0019324750173836946
sample_11,10363,6778,64907.5,8393082.5,0.010921229608356953,0.00140197214204818
sample_11,10363,6779,64917.5,8393082.5,0.011349153704941273,0.006026525981724262
sample_11,10364,6761,64737.5,8393072.5,0.008409461937844753,0.0023215922992676497
sample_11,10364,6762,64747.5,8393072.5,0.007320430129766464,0.008892216719686985
sample_11,10364,6763,64757.5,8393072.5,0.00993745680898428,0.008531225845217705
sample_11,10364,6764,64767.5,8393072.5,0.018186055123806,0.004240235313773155
sample_11,10364,6765,64777.5,8393072.5,0.009004396386444569,0.006458044983446598
sample_11,10364,6766,64787.5,8393072.5,0.009416673332452774,0.004531322978436947
sample_11,10364,6767,64797.5,8393072.5,0.008195392787456512,0.0036966493353247643
sample_11,10364,6768,64807.5,8393072.5,0.006742149591445923,0.0026219775900244713
sample_11,10364,6769,64817.5,8393072.5,0.01227614562958479,0.004476743284612894
sample_11,10364,6770,64827.5,8393072.5,0.01725463569164276,0.0037426836788654327
sample_11,10364,6771,64837.5,8393072.5,0.006038575433194637,0.008934926241636276
sample_11,10364,6772,64847.5,8393072.5,0.01454520970582962,0.004539976362138987
sample_11,10364,6773,64857.5,8393072.5,0.009858449921011925,0.006840189918875694
sample_11,10364,6774,64867.5,8393072.5,0.00440466171130538,0.002607308328151703
sample_11,10364,6775,64877.5,8393072.5,0.01159573532640934,0.002933310344815254
sample_11,10364,6776,64887.5,8393072.5,0.013273525051772594,0.003265990410000086
sample_11,10364,6777,64897.5,8393072.5,0.00943691749125719,0.005531242582947016
sample_11,10364,6778,64907.5,8393072.5,0.005931006278842688,0.0026788385584950447
sample_11,10364,6779,64917.5,8393072.5,0.005407792516052723,0.00840681791305542
sample_11,10365,6761,64737.5,8393062.5,0.006555548403412104,0.008271920494735241
sample_11,10365,6762,64747.5,8393062.5,0.001810956746339798,0.003986623603850603
sample_11,10365,6763,64757.5,8393062.5,0.008628711104393005,0.004361378960311413
sample_11,10365,6764,64767.5,8393062.5,0.00709189660847187,0.005284626968204975
sample_11,10365,6765,64777.5,8393062.5,0.011726148426532745,0.0047803232446312904
sample_11,10365,6766,64787.5,8393062.5,0.01539764367043972,0.0014133121585473418
sample_11,10365,6767,64797.5,8393062.5,0.001947668963111937,0.005754270125180483
sample_11,10365,6768,64807.5,8393062.5,0.011074657551944256,0.01083228550851345
sample_11,10365,6769,64817.5,8393062.5,0.007345214951783419,0.008505496196448803
sample_11,10365,6770,64827.5,8393062.5,0.006518199574202299,0.0025121760554611683
sample_11,10365,6771,64837.5,8393062.5,0.012104674242436886,0.005350418388843536
sample_11,10365,6772,64847.5,8393062.5,0.02423955500125885,0.0029242075979709625
sample_11,10365,6773,64857.5,8393062.5,0.010773111134767532,0.013864867389202118
sample_11,10365,6774,64867.5,8393062.5,0.0036638230085372925,0.006025990005582571
sample_11,10365,6775,64877.5,8393062.5,0.006097596138715744,0.0026748748496174812
sample_11,10365,6776,64887.5,8393062.5,0.015270397067070007,0.008523532189428806
sample_11,10365,6777,64897.5,8393062.5,0.009791446849703789,0.00423412024974823
sample_11,10365,6778,64907.5,8393062.5,0.019499218091368675,0.0065667834132909775
sample_11,10365,6779,64917.5,8393062.5,0.014799205586314201,0.0035963794216513634
sample_11,10366,6761,64737.5,8393052.5,0.015290585346519947,0.005986453965306282
sample_11,10366,6762,64747.5,8393052.5,0.011976877227425575,0.006046107970178127
sample_11,10366,6763,64757.5,8393052.5,0.014773637056350708,0.0036518035922199488
sample_11,10366,6764,64767.5,8393052.5,0.013111142441630363,0.0025192974135279655
sample_11,10366,6765,64777.5,8393052.5,0.01372317224740982,0.004030577838420868
sample_11,10366,6766,64787.5,8393052.5,0.0033692377619445324,0.005650664214044809
sample_11,10366,6767,64797.5,8393052.5,0.009314433671534061,0.0065895868465304375
sample_11,10366,6768,64807.5,8393052.5,0.008114682510495186,0.00704592652618885
sample_11,10366,6769,64817.5,8393052.5,0.004090174566954374,0.005232841707766056
sample_11,10366,6770,64827.5,8393052.5,0.01843443140387535,0.0030436478555202484
sample_11,10366,6771,64837.5,8393052.5,0.018116187304258347,0.00908807571977377
sample_11,10366,6772,64847.5,8393052.5,0.01833970844745636,0.009170645847916603
sample_11,10366,6773,64857.5,8393052.5,0.007204197812825441,0.00676716398447752
sample_11,10366,6774,64867.5,8393052.5,0.008982468396425247,0.004419893026351929
sample_11,10366,6775,64877.5,8393052.5,0.005450014490634203,0.004030803218483925
sample_11,10366,6776,64887.5,8393052.5,0.008468616753816605,0.004431686829775572
sample_11,10366,6777,64897.5,8393052.5,0.019450433552265167,0.002940616337582469
sample_11,10366,6778,64907.5,8393052.5,0.003967559430748224,0.0057892329059541225
sample_11,10366,6779,64917.5,8393052.5,0.0024268287234008312,0.0017429518047720194
sample_11,10367,6761,64737.5,8393042.5,0.006195897236466408,0.005943663883954287
sample_11,10367,6762,64747.5,8393042.5,0.018634824082255363,0.005928791593760252
sample_11,10367,6763,64757.5,8393042.5,0.009028023108839989,0.0035066944546997547
sample_11,10367,6764,64767.5,8393042.5,0.011930483393371105,0.004853897728025913
sample_11,10367,6765,64777.5,8393042.5,0.008878822438418865,0.0035268987994641066
sample_11,10367,6766,64787.5,8393042.5,0.013326846994459629,0.005594966001808643
sample_11,10367,6767,64797.5,8393042.5,0.008314874023199081,0.009947584941983223
sample_11,10367,6768,64807.5,8393042.5,0.010867567732930183,0.009727908298373222
sample_11,10367,6769,64817.5,8393042.5,0.019593432545661926,0.0031080138869583607
sample_11,10367,6770,64827.5,8393042.5,0.006137715186923742,0.0032735883723944426
sample_11,10367,6771,64837.5,8393042.5,0.0017827557167038321,0.0017558655235916376
sample_11,10367,6772,64847.5,8393042.5,0.007718067616224289,0.006280889734625816
sample_11,10367,6773,64857.5,8393042.5,0.009211374446749687,0.005033421330153942
sample_11,10367,6774,64867.5,8393042.5,0.003606579964980483,0.004539652727544308
sample_11,10367,6775,64877.5,8393042.5,0.01152362022548914,0.0019089453853666782
sample_11,10367,6776,64887.5,8393042.5,0.004540943540632725,0.007337224669754505
sample_11,10367,6777,64897.5,8393042.5,0.0032713990658521652,0.004008926451206207
sample_11,10367,6778,64907.5,8393042.5,0.008419101126492023,0.0061022499576210976
sample_11,10367,6779,64917.5,8393042.5,0.004593959543853998,0.004530677571892738
sample_11,10368,6761,64737.5,8393032.5,0.005835272837430239,0.0023066592402756214
sample_11,10368,6762,64747.5,8393032.5,0.006680915132164955,0.002536296145990491
sample_11,10368,6763,64757.5,8393032.5,0.009938015602529049,0.002166477032005787
sample_11,10368,6764,64767.5,8393032.5,0.011158900335431099,0.0028457529842853546
sample_11,10368,6765,64777.5,8393032.5,0.010710585862398148,0.0033680188935250044
sample_11,10368,6766,64787.5,8393032.5,0.009956921450793743,0.00545665854588151
sample_11,10368,6767,64797.5,8393032.5,0.0065619973465800285,0.0016582640819251537
sample_11,10368,6768,64807.5,8393032.5,0.010795612819492817,0.00845117773860693
sample_11,10368,6769,64817.5,8393032.5,0.010126559063792229,0.002553498838096857
sample_11,10368,6770,64827.5,8393032.5,0.007734691258519888,0.003368642646819353
sample_11,10368,6771,64837.5,8393032.5,0.005205241963267326,0.00849983748048544
sample_11,10368,6772,64847.5,8393032.5,0.017645230516791344,0.00986790843307972
sample_11,10368,6773,64857.5,8393032.5,0.008714353665709496,0.0033597236033529043
sample_11,10368,6774,64867.5,8393032.5,0.008847451768815517,0.002662140177562833
sample_11,10368,6775,64877.5,8393032.5,0.010136168450117111,0.0027312305755913258
sample_11,10368,6776,64887.5,8393032.5,0.003965168725699186,0.004548901692032814
sample_11,10368,6777,64897.5,8393032.5,0.0032500973902642727,0.003310337895527482
sample_11,10368,6778,64907.5,8393032.5,0.006722699385136366,0.002754997229203582
sample_11,10368,6779,64917.5,8393032.5,0.01297188363969326,0.004293482284992933
sample_11,10369,6761,64737.5,8393022.5,0.009386670775711536,0.0030759540386497974
sample_11,10369,6762,64747.5,8393022.5,0.00322197237983346,0.0034755440428853035
sample_11,10369,6763,64757.5,8393022.5,0.008903629146516323,0.007292956579476595
sample_11,10369,6764,64767.5,8393022.5,0.0029184226877987385,0.007646780461072922
sample_11,10369,6765,64777.5,8393022.5,0.013006338849663734,0.008161266334354877
sample_11,10369,6766,64787.5,8393022.5,0.008564957417547703,0.005017223302274942
sample_11,10369,6767,64797.5,8393022.5,0.005889119580388069,0.0038172276690602303
sample_11,10369,6768,64807.5,8393022.5,0.010830415412783623,0.0038001989014446735
sample_11,10369,6769,64817.5,8393022.5,0.0038571786135435104,0.0067703574895858765
sample_11,10369,6770,64827.5,8393022.5,0.008115695789456367,0.0023009348660707474
sample_11,10369,6771,64837.5,8393022.5,0.005352100823074579,0.006215211469680071
sample_11,10369,6772,64847.5,8393022.5,0.0033104470930993557,0.009067773818969727
sample_11,10369,6773,64857.5,8393022.5,0.007392226252704859,0.0038415673188865185
sample_11,10369,6774,64867.5,8393022.5,0.012378265149891376,0.007190407253801823
sample_11,10369,6775,64877.5,8393022.5,0.007722890004515648,0.006639788392931223
sample_11,10369,6776,64887.5,8393022.5,0.014645946212112904,0.006130930967628956
sample_11,10369,6777,64897.5,8393022.5,0.01040573325008154,0.005705071613192558
sample_11,10369,6778,64907.5,8393022.5,0.007116561755537987,0.002577622188255191
sample_11,10369,6779,64917.5,8393022.5,0.0036870588082820177,0.004716581664979458
sample_11,10370,6761,64737.5,8393012.5,0.0038045323453843594,0.011274250224232674
sample_11,10370,6762,64747.5,8393012.5,0.012768278829753399,0.0013489287812262774
sample_11,10370,6763,64757.5,8393012.5,0.00773321557790041,0.0056462897919118404
sample_11,10370,6764,64767.5,8393012.5,0.01550024189054966,0.01195475459098816
sample_11,10370,6765,64777.5,8393012.5,0.0042222230695188046,0.010138719342648983
sample_11,10370,6766,64787.5,8393012.5,0.0042276931926608086,0.0030667479149997234
sample_11,10370,6767,64797.5,8393012.5,0.009486929513514042,0.0016186899738386273
sample_11,10370,6768,64807.5,8393012.5,0.008976827375590801,0.0016643517883494496
sample_11,10370,6769,64817.5,8393012.5,0.005089424084872007,0.006895824335515499
sample_11,10370,6770,64827.5,8393012.5,0.00904136709868908,0.006284233648329973
sample_11,10370,6771,64837.5,8393012.5,0.010098635219037533,0.0061493124812841415
sample_11,10370,6772,64847.5,8393012.5,0.006345869041979313,0.004014273639768362
sample_11,10370,6773,64857.5,8393012.5,0.002014822093769908,0.007245665416121483
sample_11,10370,6774,64867.5,8393012.5,0.005905719939619303,0.004045267589390278
sample_11,10370,6775,64877.5,8393012.5,0.009479152970016003,0.009292730130255222
sample_11,10370,6776,64887.5,8393012.5,0.008873917162418365,0.00506399804726243
sample_11,10370,6777,64897.5,8393012.5,0.0021754042245447636,0.005064612720161676
sample_11,10370,6778,64907.5,8393012.5,0.01160482782870531,0.003631481435149908
sample_11,10370,6779,64917.5,8393012.5,0.00440033245831728,0.004147358238697052
sample_11,10370,6780,64927.5,8393012.5,0.0045646256767213345,0.0031478353776037693
sample_11,10371,6761,64737.5,8393002.5,0.003314731642603874,0.0029923527035862207
sample_11,10371,6762,64747.5,8393002.5,0.004950777627527714,0.003877806942909956
sample_11,10371,6763,64757.5,8393002.5,0.005570884793996811,0.012118585407733917
sample_11,10371,6764,64767.5,8393002.5,0.005996537394821644,0.001375737483613193
sample_11,10371,6765,64777.5,8393002.5,0.017557989805936813,0.007363509386777878
sample_11,10371,6766,64787.5,8393002.5,0.0053514521569013596,0.001374848885461688
sample_11,10371,6767,64797.5,8393002.5,0.006200018338859081,0.005767634604126215
sample_11,10371,6768,64807.5,8393002.5,0.00874196644872427,0.007066362537443638
sample_11,10371,6769,64817.5,8393002.5,0.006158511620014906,0.010803764685988426
sample_11,10371,6770,64827.5,8393002.5,0.004664565436542034,0.004432681482285261
sample_11,10371,6771,64837.5,8393002.5,0.008750651963055134,0.001845930702984333
sample_11,10371,6772,64847.5,8393002.5,0.0051566860638558865,0.005961422808468342
sample_11,10371,6773,64857.5,8393002.5,0.008243248797953129,0.005657967645674944
sample_11,10371,6774,64867.5,8393002.5,0.007649390492588282,0.0077271368354558945
sample_11,10371,6775,64877.5,8393002.5,0.01051789615303278,0.004331037402153015
sample_11,10371,6776,64887.5,8393002.5,0.014069538563489914,0.003519561607390642
sample_11,10371,6777,64897.5,8393002.5,0.003006915096193552,0.005580160766839981
sample_11,10371,6778,64907.5,8393002.5,0.00574420066550374,0.006527457386255264
sample_11,10371,6779,64917.5,8393002.5,0.010293768718838692,0.008036714047193527
sample_11,10371,6780,64927.5,8393002.5,0.009291083551943302,0.005499794147908688
sample_11,10372,6761,64737.5,8392992.5,0.008939211256802082,0.0032767108641564846
sample_11,10372,6762,64747.5,8392992.5,0.004692211747169495,0.0010052050929516554
sample_11,10372,6763,64757.5,8392992.5,0.00566768366843462,0.004355999641120434
sample_11,10372,6764,64767.5,8392992.5,0.005793171934783459,0.0034103873185813427
sample_11,10372,6765,64777.5,8392992.5,0.004393320064991713,0.003081307979300618
sample_11,10372,6766,64787.5,8392992.5,0.004869537428021431,0.0018134963465854526
sample_11,10372,6767,64797.5,8392992.5,0.020967978984117508,0.0011209137737751007
sample_11,10372,6768,64807.5,8392992.5,0.0026896479539573193,0.0037057138979434967
sample_11,10372,6769,64817.5,8392992.5,0.008403567597270012,0.0035724721383303404
sample_11,10372,6770,64827.5,8392992.5,0.0063390471041202545,0.008465886116027832
sample_11,10372,6771,64837.5,8392992.5,0.006160208024084568,0.002131824381649494
sample_11,10372,6772,64847.5,8392992.5,0.004712904803454876,0.0032825255766510963
sample_11,10372,6773,64857.5,8392992.5,0.004062684252858162,0.00550280325114727
sample_11,10372,6774,64867.5,8392992.5,0.007137084845453501,0.002371425973251462
sample_11,10372,6775,64877.5,8392992.5,0.002776749897748232,0.003082951530814171
sample_11,10372,6776,64887.5,8392992.5,0.005830533802509308,0.006771652027964592
sample_11,10372,6777,64897.5,8392992.5,0.014799038879573345,0.006516279187053442
sample_11,10372,6778,64907.5,8392992.5,0.007803319487720728,0.0025553039740771055
sample_11,10372,6779,64917.5,8392992.5,0.0034463517367839813,0.0012616675812751055
sample_11,10372,6780,64927.5,8392992.5,0.014365632086992264,0.003356191562488675
sample_11,10373,6761,64737.5,8392982.5,0.006644213106483221,0.0026699805166572332
sample_11,10373,6762,64747.5,8392982.5,0.008647673763334751,0.001513230730779469
sample_11,10373,6763,64757.5,8392982.5,0.0064896889962255955,0.00255312817171216
sample_11,10373,6764,64767.5,8392982.5,0.009911900386214256,0.0021268650889396667
sample_11,10373,6765,64777.5,8392982.5,0.0010350662050768733,0.0015652996953576803
sample_11,10373,6766,64787.5,8392982.5,0.004417756572365761,0.0097077377140522
sample_11,10373,6767,64797.5,8392982.5,0.006778025068342686,0.004843745846301317
sample_11,10373,6768,64807.5,8392982.5,0.004096915479749441,0.005955110769718885
sample_11,10373,6769,64817.5,8392982.5,0.009676525369286537,0.003891867585480213
sample_11,10373,6770,64827.5,8392982.5,0.010670337826013565,0.004892880562692881
sample_11,10373,6771,64837.5,8392982.5,0.005079739727079868,0.008403812535107136
sample_11,10373,6772,64847.5,8392982.5,0.015039201825857162,0.0030105668120086193
sample_11,10373,6773,64857.5,8392982.5,0.008830868639051914,0.003242000937461853
sample_11,10373,6774,64867.5,8392982.5,0.003409819444641471,0.005814682692289352
sample_11,10373,6775,64877.5,8392982.5,0.005361258052289486,0.010614530183374882
sample_11,10373,6776,64887.5,8392982.5,0.0074503617361187935,0.004065804183483124
sample_11,10373,6777,64897.5,8392982.5,0.005976422689855099,0.003944152966141701
sample_11,10373,6778,64907.5,8392982.5,0.008121589198708534,0.0072177317924797535
sample_11,10373,6779,64917.5,8392982.5,0.009814741089940071,0.007451625540852547
sample_11,10373,6780,64927.5,8392982.5,0.00780674209818244,0.007093246094882488
sample_11,10374,6761,64737.5,8392972.5,0.00422258535400033,0.007094460539519787
sample_11,10374,6762,64747.5,8392972.5,0.007331987377256155,0.0034107649698853493
sample_11,10374,6763,64757.5,8392972.5,0.00479881651699543,0.007857726886868477
sample_11,10374,6764,64767.5,8392972.5,0.007205814588814974,0.008407396264374256
sample_11,10374,6765,64777.5,8392972.5,0.0021428794134408236,0.0024308578576892614
sample_11,10374,6766,64787.5,8392972.5,0.010805778205394745,0.0035299104638397694
sample_11,10374,6767,64797.5,8392972.5,0.004740964621305466,0.0024829041212797165
sample_11,10374,6768,64807.5,8392972.5,0.010967360809445381,0.0025059720501303673
sample_11,10374,6769,64817.5,8392972.5,0.004677132703363895,0.00351549219340086
sample_11,10374,6770,64827.5,8392972.5,0.010228744708001614,0.004895822610706091
sample_11,10374,6771,64837.5,8392972.5,0.0028838184662163258,0.005811547394841909
sample_11,10374,6772,64847.5,8392972.5,0.005914908833801746,0.003082364797592163
sample_11,10374,6773,64857.5,8392972.5,0.008610309101641178,0.0043578618206083775
sample_11,10374,6774,64867.5,8392972.5,0.005844437051564455,0.004875521175563335
sample_11,10374,6775,64877.5,8392972.5,0.004204245284199715,0.0021960604935884476
sample_11,10374,6776,64887.5,8392972.5,0.01638578064739704,0.0033850667532533407
sample_11,10374,6777,64897.5,8392972.5,0.00816238485276699,0.00486934557557106
sample_11,10374,6778,64907.5,8392972.5,0.005794213619083166,0.008387119509279728
sample_11,10374,6779,64917.5,8392972.5,0.011302206665277481,0.0036936569958925247
sample_11,10374,6780,64927.5,8392972.5,0.010219262912869453,0.005772388074547052
sample_11,10375,6761,64737.5,8392962.5,0.0118659483268857,0.002240806119516492
sample_11,10375,6762,64747.5,8392962.5,0.0053624482825398445,0.005575126502662897
sample_11,10375,6763,64757.5,8392962.5,0.01386639941483736,0.006239741109311581
sample_11,10375,6764,64767.5,8392962.5,0.004862186033278704,0.0021750894375145435
sample_11,10375,6765,64777.5,8392962.5,0.008576721884310246,0.004459311719983816
sample_11,10375,6766,64787.5,8392962.5,0.015840379521250725,0.009484161622822285
sample_11,10375,6767,64797.5,8392962.5,0.00343482312746346,0.004431691486388445
sample_11,10375,6768,64807.5,8392962.5,0.004495495930314064,0.000998075818642974
sample_11,10375,6769,64817.5,8392962.5,0.007651441730558872,0.0029966370202600956
sample_11,10375,6770,64827.5,8392962.5,0.013652002438902855,0.010087143629789352
sample_11,10375,6771,64837.5,8392962.5,0.008794840425252914,0.0025486352387815714
sample_11,10375,6772,64847.5,8392962.5,0.014153876341879368,0.006437472999095917
sample_11,10375,6773,64857.5,8392962.5,0.01885472796857357,0.00367370736785233
sample_11,10375,6774,64867.5,8392962.5,0.005180927459150553,0.0074400343000888824
sample_11,10375,6775,64877.5,8392962.5,0.005455950275063515,0.0041529955342411995
sample_11,10375,6776,64887.5,8392962.5,0.008390376344323158,0.0010137525387108326
sample_11,10375,6777,64897.5,8392962.5,0.004291869699954987,0.004192815162241459
sample_11,10375,6778,64907.5,8392962.5,0.002168751321732998,0.006513893138617277
sample_11,10375,6779,64917.5,8392962.5,0.011952947825193405,0.008448614738881588
sample_11,10375,6780,64927.5,8392962.5,0.006661385763436556,0.0024694267194718122
sample_11,10376,6761,64737.5,8392952.5,0.005844808649271727,0.00430701021105051
sample_11,10376,6762,64747.5,8392952.5,0.00931991171091795,0.004404854960739613
sample_11,10376,6763,64757.5,8392952.5,0.0030721777584403753,0.004857170861214399
sample_11,10376,6764,64767.5,8392952.5,0.0073970649391412735,0.0019820265006273985
sample_11,10376,6765,64777.5,8392952.5,0.01926547661423683,0.004300596192479134
sample_11,10376,6766,64787.5,8392952.5,0.00855605211108923,0.007774338126182556
sample_11,10376,6767,64797.5,8392952.5,0.006524957250803709,0.003135956358164549
sample_11,10376,6768,64807.5,8392952.5,0.007547951769083738,0.002234764164313674
sample_11,10376,6769,64817.5,8392952.5,0.01056376937776804,0.006635637953877449
sample_11,10376,6770,64827.5,8392952.5,0.004628240130841732,0.0022497253958135843
sample_11,10376,6771,64837.5,8392952.5,0.006552239879965782,0.004630432929843664
sample_11,10376,6772,64847.5,8392952.5,0.009764634072780609,0.014059800654649734
sample_11,10376,6773,64857.5,8392952.5,0.004400201607495546,0.005378110334277153
sample_11,10376,6774,64867.5,8392952.5,0.017124906182289124,0.0017776662716642022
sample_11,10376,6775,64877.5,8392952.5,0.005176203325390816,0.008773239329457283
sample_11,10376,6776,64887.5,8392952.5,0.007693175226449966,0.002601818647235632
sample_11,10376,6777,64897.5,8392952.5,0.013058715499937534,0.006574937142431736
sample_11,10376,6778,64907.5,8392952.5,0.006909586023539305,0.002077971352264285
sample_11,10376,6779,64917.5,8392952.5,0.017060451209545135,0.0020419186912477016
sample_11,10376,6780,64927.5,8392952.5,0.014823351055383682,0.003585072932764888
sample_11,10377,6761,64737.5,8392942.5,0.010969478636980057,0.004178992938250303
sample_11,10377,6762,64747.5,8392942.5,0.013294454663991928,0.003693677019327879
sample_11,10377,6763,64757.5,8392942.5,0.015750613063573837,0.0037923126947134733
sample_11,10377,6764,64767.5,8392942.5,0.008724803104996681,0.004576335661113262
sample_11,10377,6765,64777.5,8392942.5,0.010713373310863972,0.003315466921776533
sample_11,10377,6766,64787.5,8392942.5,0.006312742829322815,0.004772758111357689
sample_11,10377,6767,64797.5,8392942.5,0.006197522860020399,0.0030938514973968267
sample_11,10377,6768,64807.5,8392942.5,0.004667042754590511,0.0022254588548094034
sample_11,10377,6769,64817.5,8392942.5,0.011231115087866783,0.0028765141032636166
sample_11,10377,6770,64827.5,8392942.5,0.0024771515745669603,0.00653877342119813
sample_11,10377,6771,64837.5,8392942.5,0.009951058775186539,0.00429945532232523
sample_11,10377,6772,64847.5,8392942.5,0.007560144178569317,0.005128996912389994
sample_11,10377,6773,64857.5,8392942.5,0.005961374845355749,0.003216465935111046
sample_11,10377,6774,64867.5,8392942.5,0.005665752571076155,0.008101354353129864
sample_11,10377,6775,64877.5,8392942.5,0.010384916327893734,0.0050614443607628345
sample_11,10377,6776,64887.5,8392942.5,0.00586423184722662,0.0052354298532009125
sample_11,10377,6777,64897.5,8392942.5,0.0038391510024666786,0.0036327806301414967
sample_11,10377,6778,64907.5,8392942.5,0.01031400915235281,0.0029786154627799988
sample_11,10377,6779,64917.5,8392942.5,0.005044211633503437,0.0012227391125634313
sample_11,10377,6780,64927.5,8392942.5,0.008173428475856781,0.0013176568318158388
sample_12,13982,20168,198807.5,8356892.5,0.02468382939696312,0.0009174117585644126
sample_12,13982,20169,198817.5,8356892.5,0.00733715808019042,0.0028146582189947367
sample_12,13982,20170,198827.5,8356892.5,0.0094236945733428,0.005699596367776394
sample_12,13982,20171,198837.5,8356892.5,0.014416067861020565,0.005343853961676359
sample_12,13982,20172,198847.5,8356892.5,0.03260042890906334,0.004797194618731737
sample_12,13982,20173,198857.5,8356892.5,0.013490035198628902,0.006055530160665512
sample_12,13982,20174,198867.5,8356892.5,0.010660672560334206,0.008577940985560417
sample_12,13982,20175,198877.5,8356892.5,0.008241245523095131,0.001361022237688303
sample_12,13982,20176,198887.5,8356892.5,0.03132184222340584,0.004912025760859251
sample_12,13982,20177,198897.5,8356892.5,0.019252276048064232,0.0035055845510214567
sample_12,13982,20178,198907.5,8356892.5,0.007840810343623161,0.004263713024556637
sample_12,13982,20179,198917.5,8356892.5,0.03802047669887543,0.0027578487060964108
sample_12,13982,20180,198927.5,8356892.5,0.01994713954627514,0.001369962585158646
sample_12,13982,20181,198937.5,8356892.5,0.007323010824620724,0.0031944785732775927
sample_12,13982,20182,198947.5,8356892.5,0.005718756001442671,0.0027894959785044193
sample_12,13982,20183,198957.5,8356892.5,0.015040300786495209,0.008894885890185833
sample_12,13982,20184,198967.5,8356892.5,0.023808080703020096,0.009998498484492302
sample_12,13982,20185,198977.5,8356892.5,0.012205295264720917,0.003118880558758974
sample_12,13982,20186,198987.5,8356892.5,0.015520365908741951,0.005211945623159409
sample_12,13982,20187,198997.5,8356892.5,0.012653570622205734,0.006065934896469116
sample_12,13983,20168,198807.5,8356882.5,0.008649850264191628,0.007742611691355705
sample_12,13983,20169,198817.5,8356882.5,0.011230898089706898,0.006550352089107037
sample_12,13983,20170,198827.5,8356882.5,0.012516774237155914,0.0033554674591869116
sample_12,13983,20171,198837.5,8356882.5,0.03515482321381569,0.004844374023377895
sample_12,13983,20172,198847.5,8356882.5,0.03324209526181221,0.0023744043428450823
sample_12,13983,20173,198857.5,8356882.5,0.014134481549263,0.009212230332195759
sample_12,13983,20174,198867.5,8356882.5,0.017542216926813126,0.007585249375551939
sample_12,13983,20175,198877.5,8356882.5,0.009625471197068691,0.0025050039403140545
sample_12,13983,20176,198887.5,8356882.5,0.01437958050519228,0.0035973351914435625
sample_12,13983,20177,198897.5,8356882.5,0.00602160906419158,0.001864579156972468
sample_12,13983,20178,198907.5,8356882.5,0.012748807668685913,0.005127659533172846
sample_12,13983,20179,198917.5,8356882.5,0.010395275428891182,0.005363470874726772
sample_12,13983,20180,198927.5,8356882.5,0.014012194238603115,0.0029970682226121426
sample_12,13983,20181,198937.5,8356882.5,0.015113135799765587,0.0034605814144015312
sample_12,13983,20182,198947.5,8356882.5,0.024607578292489052,0.012738494202494621
sample_12,13983,20183,198957.5,8356882.5,0.025687357410788536,0.0037863953039050102
sample_12,13983,20184,198967.5,8356882.5,0.016559267416596413,0.0019184618722647429
sample_12,13983,20185,198977.5,8356882.5,0.01903473027050495,0.003536358941346407
sample_12,13983,20186,198987.5,8356882.5,0.013082572259008884,0.0018362686969339848
sample_12,13983,20187,198997.5,8356882.5,0.015662072226405144,0.0037841261364519596
sample_12,13984,20168,198807.5,8356872.5,0.00874138530343771,0.005077521316707134
sample_12,13984,20169,198817.5,8356872.5,0.015622747130692005,0.007819045335054398
sample_12,13984,20170,198827.5,8356872.5,0.022224636748433113,0.0047002919018268585
sample_12,13984,20171,198837.5,8356872.5,0.008644694462418556,0.0023426406551152468
sample_12,13984,20172,198847.5,8356872.5,0.01998080685734749,0.002070721471682191
sample_12,13984,20173,198857.5,8356872.5,0.007813286036252975,0.008187826722860336
sample_12,13984,20174,198867.5,8356872.5,0.005992230959236622,0.0060022976249456406
sample_12,13984,20175,198877.5,8356872.5,0.019575044512748718,0.0012888419441878796
sample_12,13984,20176,198887.5,8356872.5,0.017100710421800613,0.004697343334555626
sample_12,13984,20177,198897.5,8356872.5,0.008731812238693237,0.004138429649174213
sample_12,13984,20178,198907.5,8356872.5,0.016026269644498825,0.0058643752709031105
sample_12,13984,20179,198917.5,8356872.5,0.010376183316111565,0.002644958207383752
sample_12,13984,20180,198927.5,8356872.5,0.014739353209733963,0.0018102494068443775
sample_12,13984,20181,198937.5,8356872.5,0.008899334818124771,0.0014504014980047941
sample_12,13984,20182,198947.5,8356872.5,0.017913274466991425,0.002544193994253874
sample_12,13984,20183,198957.5,8356872.5,0.027311738580465317,0.003258784767240286
sample_12,13984,20184,198967.5,8356872.5,0.016766157001256943,0.00819454900920391
sample_12,13984,20185,198977.5,8356872.5,0.021076681092381477,0.0027069190982729197
sample_12,13984,20186,198987.5,8356872.5,0.015415319241583347,0.005851069465279579
sample_12,13984,20187,198997.5,8356872.5,0.01946018822491169,0.0062760584987699986
sample_12,13985,20168,198807.5,8356862.5,0.015106048434972763,0.0021071704104542732
sample_12,13985,20169,198817.5,8356862.5,0.014159468933939934,0.003680276218801737
sample_12,13985,20170,198827.5,8356862.5,0.009423148818314075,0.0036489597987383604
sample_12,13985,20171,198837.5,8356862.5,0.005026362370699644,0.008255129680037498
sample_12,13985,20172,198847.5,8356862.5,0.023279037326574326,0.007691817358136177
sample_12,13985,20173,198857.5,8356862.5,0.011163133196532726,0.007125920616090298
sample_12,13985,20174,198867.5,8356862.5,0.010864673182368279,0.0043088095262646675
sample_12,13985,20175,198877.5,8356862.5,0.01657492108643055,0.005666870158165693
sample_12,13985,20176,198887.5,8356862.5,0.009231328964233398,0.003430984914302826
sample_12,13985,20177,198897.5,8356862.5,0.005021139979362488,0.0021792531479150057
sample_12,13985,20178,198907.5,8356862.5,0.01317436434328556,0.004171872511506081
sample_12,13985,20179,198917.5,8356862.5,0.0140243424102664,0.005982007831335068
sample_12,13985,20180,198927.5,8356862.5,0.04659276455640793,0.007770637981593609
sample_12,13985,20181,198937.5,8356862.5,0.013249069452285767,0.004577405750751495
sample_12,13985,20182,198947.5,8356862.5,0.02625153213739395,0.006580233108252287
sample_12,13985,20183,198957.5,8356862.5,0.006091052200645208,0.012232230044901371
sample_12,13985,20184,198967.5,8356862.5,0.00470404326915741,0.006358037237077951
sample_12,13985,20185,198977.5,8356862.5,0.014860434457659721,0.0027559143491089344
sample_12,13985,20186,198987.5,8356862.5,0.015362941659986973,0.009764356538653374
sample_12,13985,20187,198997.5,8356862.5,0.015512414276599884,0.0068082744255661964
sample_12,13986,20168,198807.5,8356852.5,0.011225001886487007,0.002536709886044264
sample_12,13986,20169,198817.5,8356852.5,0.007007868029177189,0.011022673919796944
sample_12,13986,20170,198827.5,8356852.5,0.018648182973265648,0.0030180870089679956
sample_12,13986,20171,198837.5,8356852.5,0.006262140814214945,0.004161762539297342
sample_12,13986,20172,198847.5,8356852.5,0.030116237699985504,0.003517632372677326
sample_12,13986,20173,198857.5,8356852.5,0.012879971414804459,0.0043207211419939995
sample_12,13986,20174,198867.5,8356852.5,0.011634196154773235,0.005315135698765516
sample_12,13986,20175,198877.5,8356852.5,0.024158017709851265,0.014166822656989098
sample_12,13986,20176,198887.5,8356852.5,0.018296891823410988,0.003008972853422165
sample_12,13986,20177,198897.5,8356852.5,0.01291459146887064,0.002672226633876562
sample_12,13986,20178,198907.5,8356852.5,0.00414672028273344,0.005939255002886057
sample_12,13986,20179,198917.5,8356852.5,0.016938576474785805,0.010524787940084934
sample_12,13986,20180,198927.5,8356852.5,0.012470877729356289,0.0017514667706564069
sample_12,13986,20181,198937.5,8356852.5,0.014958882704377174,0.008183492347598076
sample_12,13986,20182,198947.5,8356852.5,0.03178888559341431,0.0035791760310530663
sample_12,13986,20183,198957.5,8356852.5,0.023625940084457397,0.007636168971657753
sample_12,13986,20184,198967.5,8356852.5,0.029751785099506378,0.0035247579216957092
sample_12,13986,20185,198977.5,8356852.5,0.014279300346970558,0.005853424314409494
sample_12,13986,20186,198987.5,8356852.5,0.015488722361624241,0.004087440669536591
sample_12,13986,20187,198997.5,8356852.5,0.0194803848862648,0.0023855555336922407
sample_12,13987,20168,198807.5,8356842.5,0.013522063381969929,0.0057116406969726086
sample_12,13987,20169,198817.5,8356842.5,0.0093751922249794,0.008297835476696491
sample_12,13987,20170,198827.5,8356842.5,0.009193461388349533,0.002811209997162223
sample_12,13987,20171,198837.5,8356842.5,0.008832784369587898,0.0028615212067961693
sample_12,13987,20172,198847.5,8356842.5,0.010004350915551186,0.0015610060654580593
sample_12,13987,20173,198857.5,8356842.5,0.00632800767198205,0.005816965363919735
sample_12,13987,20174,198867.5,8356842.5,0.02360357902944088,0.003805858548730612
sample_12,13987,20175,198877.5,8356842.5,0.02422836236655712,0.004203181713819504
sample_12,13987,20176,198887.5,8356842.5,0.00816432572901249,0.006387017201632261
sample_12,13987,20177,198897.5,8356842.5,0.011405529454350471,0.0026589594781398773
sample_12,13987,20178,198907.5,8356842.5,0.013112464919686317,0.00378460087813437
sample_12,13987,20179,198917.5,8356842.5,0.01840023882687092,0.0032102507539093494
sample_12,13987,20180,198927.5,8356842.5,0.01279375609010458,0.004174402914941311
sample_12,13987,20181,198937.5,8356842.5,0.008954277262091637,0.007349323946982622
sample_12,13987,20182,198947.5,8356842.5,0.03227241337299347,0.0031320375856012106
sample_12,13987,20183,198957.5,8356842.5,0.013559001497924328,0.0023885490372776985
sample_12,13987,20184,198967.5,8356842.5,0.01543386559933424,0.003034014720469713
sample_12,13987,20185,198977.5,8356842.5,0.008108229376375675,0.006641884334385395
sample_12,13987,20186,198987.5,8356842.5,0.01708678901195526,0.0034008549991995096
sample_12,13987,20187,198997.5,8356842.5,0.02114548161625862,0.0042688180692493916
sample_12,13988,20168,198807.5,8356832.5,0.006670861504971981,0.006690311245620251
sample_12,13988,20169,198817.5,8356832.5,0.013151109218597412,0.004084290470927954
sample_12,13988,20170,198827.5,8356832.5,0.013291770592331886,0.00931165274232626
sample_12,13988,20171,198837.5,8356832.5,0.005406391341239214,0.005991179030388594
sample_12,13988,20172,198847.5,8356832.5,0.009714372456073761,0.0017290436662733555
sample_12,13988,20173,198857.5,8356832.5,0.023595672100782394,0.004205676261335611
sample_12,13988,20174,198867.5,8356832.5,0.004671378992497921,0.004808683879673481
sample_12,13988,20175,198877.5,8356832.5,0.005388477351516485,0.008411051705479622
sample_12,13988,20176,198887.5,8356832.5,0.014067805372178555,0.010244461707770824
sample_12,13988,20177,198897.5,8356832.5,0.021692227572202682,0.0027916482649743557
sample_12,13988,20178,198907.5,8356832.5,0.02278326079249382,0.0057276710867881775
sample_12,13988,20179,198917.5,8356832.5,0.019302794709801674,0.00614678580313921
sample_12,13988,20180,198927.5,8356832.5,0.013543376699090004,0.0017224339535459876
sample_12,13988,20181,198937.5,8356832.5,0.014514930546283722,0.005423630587756634
sample_12,13988,20182,198947.5,8356832.5,0.022561606019735336,0.001857868512161076
sample_12,13988,20183,198957.5,8356832.5,0.013240179046988487,0.0016973414458334446
sample_12,13988,20184,198967.5,8356832.5,0.01078744325786829,0.003737671999260783
sample_12,13988,20185,198977.5,8356832.5,0.020196039229631424,0.005098205991089344
sample_12,13988,20186,198987.5,8356832.5,0.01961681991815567,0.002854189369827509
sample_12,13988,20187,198997.5,8356832.5,0.004543966613709927,0.013165123760700226
sample_12,13989,20168,198807.5,8356822.5,0.005956211127340794,0.006357082165777683
sample_12,13989,20169,198817.5,8356822.5,0.024105800315737724,0.005539335310459137
sample_12,13989,20170,198827.5,8356822.5,0.004256261512637138,0.004172522109001875
sample_12,13989,20171,198837.5,8356822.5,0.008518622256815434,0.003167825285345316
sample_12,13989,20172,198847.5,8356822.5,0.023959558457136154,0.00553350243717432
sample_12,13989,20173,198857.5,8356822.5,0.02887122333049774,0.0021091860253363848
sample_12,13989,20174,198867.5,8356822.5,0.013771865516901016,0.010236220434308052
sample_12,13989,20175,198877.5,8356822.5,0.012738792225718498,0.0019291099160909653
sample_12,13989,20176,198887.5,8356822.5,0.009654335677623749,0.010713395662605762
sample_12,13989,20177,198897.5,8356822.5,0.009989634156227112,0.001590384403243661
sample_12,13989,20178,198907.5,8356822.5,0.018770862370729446,0.0013992921449244022
sample_12,13989,20179,198917.5,8356822.5,0.020012952387332916,0.0014430743176490068
sample_12,13989,20180,198927.5,8356822.5,0.0184800885617733,0.0023091204930096865
sample_12,13989,20181,198937.5,8356822.5,0.019876785576343536,0.005827398970723152
sample_12,13989,20182,198947.5,8356822.5,0.012293051928281784,0.0005135780666023493
sample_12,13989,20183,198957.5,8356822.5,0.004934358410537243,0.0016229620669037104
sample_12,13989,20184,198967.5,8356822.5,0.008899652399122715,0.002173104789108038
sample_12,13989,20185,198977.5,8356822.5,0.012374070473015308,0.012377925217151642
sample_12,13989,20186,198987.5,8356822.5,0.015922749415040016,0.004518152680248022
sample_12,13989,20187,198997.5,8356822.5,0.012550069019198418,0.004223684314638376
sample_12,13990,20168,198807.5,8356812.5,0.03356342762708664,0.004898983985185623
sample_12,13990,20169,198817.5,8356812.5,0.007919863797724247,0.006660780869424343
sample_12,13990,20170,198827.5,8356812.5,0.01975964568555355,0.002174920402467251
sample_12,13990,20171,198837.5,8356812.5,0.030666816979646683,0.002157790819182992
sample_12,13990,20172,198847.5,8356812.5,0.020807141438126564,0.004584449343383312
sample_12,13990,20173,198857.5,8356812.5,0.010428403504192829,0.0033254511654376984
sample_12,13990,20174,198867.5,8356812.5,0.00857748556882143,0.001839956734329462
sample_12,13990,20175,198877.5,8356812.5,0.023398375138640404,0.005441679153591394
sample_12,13990,20176,198887.5,8356812.5,0.005901741795241833,0.005183288361877203
sample_12,13990,20177,198897.5,8356812.5,0.02179579995572567,0.007598478812724352
sample_12,13990,20178,198907.5,8356812.5,0.013639486394822598,0.0023882833775132895
sample_12,13990,20179,198917.5,8356812.5,0.010913798585534096,0.004960434511303902
sample_12,13990,20180,198927.5,8356812.5,0.007343445438891649,0.004562341142445803
sample_12,13990,20181,198937.5,8356812.5,0.0024971477687358856,0.0061009954661130905
sample_12,13990,20182,198947.5,8356812.5,0.01642182283103466,0.0027229730039834976
sample_12,13990,20183,198957.5,8356812.5,0.013793586753308773,0.008529010228812695
sample_12,13990,20184,198967.5,8356812.5,0.011761020869016647,0.004602439701557159
sample_12,13990,20185,198977.5,8356812.5,0.03081359714269638,0.002547498559579253
sample_12,13990,20186,198987.5,8356812.5,0.024794969707727432,0.0018170664552599192
sample_12,13990,20187,198997.5,8356812.5,0.033531881868839264,0.005032951012253761
sample_12,13991,20168,198807.5,8356802.5,0.015279479324817657,0.004046485759317875
sample_12,13991,20169,198817.5,8356802.5,0.013496439903974533,0.0053642974235117435
sample_12,13991,20170,198827.5,8356802.5,0.02048841491341591,0.0034423412289470434
sample_12,13991,20171,198837.5,8356802.5,0.01428283378481865,0.0013557368656620383
sample_12,13991,20172,198847.5,8356802.5,0.017923671752214432,0.002834910061210394
sample_12,13991,20173,198857.5,8356802.5,0.009495077654719353,0.009276915341615677
sample_12,13991,20174,198867.5,8356802.5,0.04931970313191414,0.003482341067865491
sample_12,13991,20175,198877.5,8356802.5,0.011073683388531208,0.0029871331062167883
sample_12,13991,20176,198887.5,8356802.5,0.012516089715063572,0.007388981990516186
sample_12,13991,20177,198897.5,8356802.5,0.018849758431315422,0.006275642663240433
sample_12,13991,20178,198907.5,8356802.5,0.006140168756246567,0.0028135874308645725
sample_12,13991,20179,198917.5,8356802.5,0.015415574423968792,0.006861458066850901
sample_12,13991,20180,198927.5,8356802.5,0.02435840107500553,0.005091529339551926
sample_12,13991,20181,198937.5,8356802.5,0.017602762207388878,0.008680165745317936
sample_12,13991,20182,198947.5,8356802.5,0.00870038103312254,0.003896524431183934
sample_12,13991,20183,198957.5,8356802.5,0.013913503848016262,0.0018142726039513946
sample_12,13991,20184,198967.5,8356802.5,0.01713164895772934,0.002131507033482194
sample_12,13991,20185,198977.5,8356802.5,0.020806102082133293,0.004989564418792725
sample_12,13991,20186,198987.5,8356802.5,0.00792546197772026,0.0013305844040587544
sample_12,13991,20187,198997.5,8356802.5,0.014010770246386528,0.0047909351997077465
sample_12,13992,20168,198807.5,8356792.5,0.006454905495047569,0.0058244382962584496
sample_12,13992,20169,198817.5,8356792.5,0.010062525980174541,0.0024776028003543615
sample_12,13992,20170,198827.5,8356792.5,0.0031066155061125755,0.004892732948064804
sample_12,13992,20171,198837.5,8356792.5,0.011022571474313736,0.004952221177518368
sample_12,13992,20172,198847.5,8356792.5,0.03225454315543175,0.0020124022848904133
sample_12,13992,20173,198857.5,8356792.5,0.009311556816101074,0.00536103080958128
sample_12,13992,20174,198867.5,8356792.5,0.008436723612248898,0.0028295055963099003
sample_12,13992,20175,198877.5,8356792.5,0.016335217282176018,0.0050379615277051926
sample_12,13992,20176,198887.5,8356792.5,0.00984661653637886,0.0066948807798326015
sample_12,13992,20177,198897.5,8356792.5,0.017569972202181816,0.0027309320867061615
sample_12,13992,20178,198907.5,8356792.5,0.007084942422807217,0.005009446758776903
sample_12,13992,20179,198917.5,8356792.5,0.01244272943586111,0.0024714006576687098
sample_12,13992,20180,198927.5,8356792.5,0.014166188426315784,0.001687922514975071
sample_12,13992,20181,198937.5,8356792.5,0.012053211219608784,0.00410419050604105
sample_12,13992,20182,198947.5,8356792.5,0.007788946386426687,0.005136625375598669
sample_12,13992,20183,198957.5,8356792.5,0.013426625169813633,0.0025280597619712353
sample_12,13992,20184,198967.5,8356792.5,0.015982501208782196,0.009102152660489082
sample_12,13992,20185,198977.5,8356792.5,0.009788194671273232,0.0054071503691375256
sample_12,13992,20186,198987.5,8356792.5,0.010776020586490631,0.004782416857779026
sample_12,13992,20187,198997.5,8356792.5,0.009505459107458591,0.002465851604938507
sample_12,13993,20169,198817.5,8356782.5,0.013652301393449306,0.0037172683514654636
sample_12,13993,20170,198827.5,8356782.5,0.020422616973519325,0.0018847460160031915
sample_12,13993,20171,198837.5,8356782.5,0.011480016633868217,0.004365571774542332
sample_12,13993,20172,198847.5,8356782.5,0.006004462018609047,0.006015214137732983
sample_12,13993,20173,198857.5,8356782.5,0.011529630050063133,0.004069252405315638
sample_12,13993,20174,198867.5,8356782.5,0.01111304759979248,0.0009643484954722226
sample_12,13993,20175,198877.5,8356782.5,0.011667460203170776,0.0015647506806999445
sample_12,13993,20176,198887.5,8356782.5,0.02197493612766266,0.004204979166388512
sample_12,13993,20177,198897.5,8356782.5,0.01577405445277691,0.0026939695235341787
sample_12,13993,20178,198907.5,8356782.5,0.016960743814706802,0.0033921983558684587
sample_12,13993,20179,198917.5,8356782.5,0.009987527504563332,0.004912566859275103
sample_12,13993,20180,198927.5,8356782.5,0.019016999751329422,0.0069755008444190025
sample_12,13993,20181,198937.5,8356782.5,0.015756096690893173,0.0038459617644548416
sample_12,13993,20182,198947.5,8356782.5,0.003867652267217636,0.0012283078394830227
sample_12,13993,20183,198957.5,8356782.5,0.007180488668382168,0.005882071331143379
sample_12,13993,20184,198967.5,8356782.5,0.012242083437740803,0.006699645426124334
sample_12,13993,20185,198977.5,8356782.5,0.02016139030456543,0.004566054325550795
sample_12,13993,20186,198987.5,8356782.5,0.012738795019686222,0.003142941975966096
sample_12,13993,20187,198997.5,8356782.5,0.014749930240213871,0.006919273175299168
sample_12,13994,20169,198817.5,8356772.5,0.023956626653671265,0.00564175471663475
sample_12,13994,20170,198827.5,8356772.5,0.03040129877626896,0.003756496123969555
sample_12,13994,20171,198837.5,8356772.5,0.006426324136555195,0.0026244227774441242
sample_12,13994,20172,198847.5,8356772.5,0.014743989333510399,0.0036054858937859535
sample_12,13994,20173,198857.5,8356772.5,0.024443509057164192,0.006307355593889952
sample_12,13994,20174,198867.5,8356772.5,0.023189328610897064,0.003924438264220953
sample_12,13994,20175,198877.5,8356772.5,0.01070789247751236,0.0030066969338804483
sample_12,13994,20176,198887.5,8356772.5,0.009117254056036472,0.004056585021317005
sample_12,13994,20177,198897.5,8356772.5,0.021466510370373726,0.0014509942848235369
sample_12,13994,20178,198907.5,8356772.5,0.019111264497041702,0.006680161692202091
sample_12,13994,20179,198917.5,8356772.5,0.023251280188560486,0.0029112526681274176
sample_12,13994,20180,198927.5,8356772.5,0.015139325521886349,0.005711467005312443
sample_12,13994,20181,198937.5,8356772.5,0.011136935092508793,0.005906462669372559
sample_12,13994,20182,198947.5,8356772.5,0.03853507339954376,0.004937821999192238
sample_12,13994,20183,198957.5,8356772.5,0.02019791677594185,0.002374944044277072
sample_12,13994,20184,198967.5,8356772.5,0.03111787885427475,0.005728960502892733
sample_12,13994,20185,198977.5,8356772.5,0.027858519926667213,0.005740019027143717
sample_12,13994,20186,198987.5,8356772.5,0.0292612686753273,0.0031373021192848682
sample_12,13994,20187,198997.5,8356772.5,0.01411075983196497,0.0026763947680592537
sample_12,13995,20169,198817.5,8356762.5,0.016305478289723396,0.005083110183477402
sample_12,13995,20170,198827.5,8356762.5,0.0222953949123621,0.0011458853259682655
sample_12,13995,20171,198837.5,8356762.5,0.008313892409205437,0.0057501113042235374
sample_12,13995,20172,198847.5,8356762.5,0.00921519286930561,0.004932264797389507
sample_12,13995,20173,198857.5,8356762.5,0.021418552845716476,0.006425799336284399
sample_12,13995,20174,198867.5,8356762.5,0.007327348459511995,0.013280483894050121
sample_12,13995,20175,198877.5,8356762.5,0.017196740955114365,0.004752614069730043
sample_12,13995,20176,198887.5,8356762.5,0.013292273506522179,0.0038650294300168753
sample_12,13995,20177,198897.5,8356762.5,0.01757056638598442,0.0035007349215447903
sample_12,13995,20178,198907.5,8356762.5,0.010551759973168373,0.002255877712741494
sample_12,13995,20179,198917.5,8356762.5,0.005177346058189869,0.005308153107762337
sample_12,13995,20180,198927.5,8356762.5,0.02859661355614662,0.0032930218148976564
sample_12,13995,20181,198937.5,8356762.5,0.012903211638331413,0.0012285864213481545
sample_12,13995,20182,198947.5,8356762.5,0.013579625636339188,0.0041143582202494144
sample_12,13995,20183,198957.5,8356762.5,0.04654846340417862,0.0030149882659316063
sample_12,13995,20184,198967.5,8356762.5,0.019426286220550537,0.011432113125920296
sample_12,13995,20185,198977.5,8356762.5,0.013234956189990044,0.00731251947581768
sample_12,13995,20186,198987.5,8356762.5,0.026806876063346863,0.004186623264104128
sample_12,13995,20187,198997.5,8356762.5,0.017494581639766693,0.004945880733430386
sample_12,13996,20169,198817.5,8356752.5,0.00948675349354744,0.0041845450177788734
sample_12,13996,20170,198827.5,8356752.5,0.013469343073666096,0.00417086947709322
sample_12,13996,20171,198837.5,8356752.5,0.006651562172919512,0.007838343270123005
sample_12,13996,20172,198847.5,8356752.5,0.024800701066851616,0.00999149028211832
sample_12,13996,20173,198857.5,8356752.5,0.01137169823050499,0.003318337257951498
sample_12,13996,20174,198867.5,8356752.5,0.015660490840673447,0.0010064694797620177
sample_12,13996,20175,198877.5,8356752.5,0.014852682128548622,0.0017969418549910188
sample_12,13996,20176,198887.5,8356752.5,0.012827531434595585,0.0061865393072366714
sample_12,13996,20177,198897.5,8356752.5,0.008722158148884773,0.002529289573431015
sample_12,13996,20178,198907.5,8356752.5,0.03165402635931969,0.005143330432474613
sample_12,13996,20179,198917.5,8356752.5,0.009160595014691353,0.0037469957023859024
sample_12,13996,20180,198927.5,8356752.5,0.04332493990659714,0.006711805239319801
sample_12,13996,20181,198937.5,8356752.5,0.013058627024292946,0.00481679942458868
sample_12,13996,20182,198947.5,8356752.5,0.008484970778226852,0.002957338932901621
sample_12,13996,20183,198957.5,8356752.5,0.006826622877269983,0.0012623467482626438
sample_12,13996,20184,198967.5,8356752.5,0.017360176891088486,0.002278357744216919
sample_12,13996,20185,198977.5,8356752.5,0.008743613958358765,0.003513186704367399
sample_12,13996,20186,198987.5,8356752.5,0.02148669771850109,0.00472611328586936
sample_12,13996,20187,198997.5,8356752.5,0.020344264805316925,0.003439271589741111
sample_12,13997,20169,198817.5,8356742.5,0.008322066627442837,0.00985096674412489
sample_13,14141,19935,196477.5,8355302.5,0.006526883691549301,0.0025873701088130474
sample_13,14141,19936,196487.5,8355302.5,0.00376454321667552,0.006047374103218317
sample_13,14141,19937,196497.5,8355302.5,0.004789937753230333,0.005188186652958393
sample_13,14141,19938,196507.5,8355302.5,0.005180580075830221,0.004532942548394203
sample_13,14141,19939,196517.5,8355302.5,0.021383721381425858,0.006631194148212671
sample_13,14141,19940,196527.5,8355302.5,0.0073577603325247765,0.008428437635302544
sample_13,14141,19941,196537.5,8355302.5,0.009445414878427982,0.003953386563807726
sample_13,14141,19942,196547.5,8355302.5,0.011698541231453419,0.0028227788861840963
sample_13,14141,19943,196557.5,8355302.5,0.009517638012766838,0.0035512656904757023
sample_13,14141,19944,196567.5,8355302.5,0.0074783796444535255,0.0016716967802494764
sample_13,14141,19945,196577.5,8355302.5,0.014139164239168167,0.0027819995302706957
sample_13,14141,19946,196587.5,8355302.5,0.020757969468832016,0.0021349892485886812
sample_13,14141,19947,196597.5,8355302.5,0.006682693958282471,0.01136105414479971
sample_13,14141,19948,196607.5,8355302.5,0.006557338405400515,0.0022702894639223814
sample_13,14141,19949,196617.5,8355302.5,0.011908825486898422,0.003163413144648075
sample_13,14141,19950,196627.5,8355302.5,0.016200749203562737,0.009000559337437153
sample_13,14141,19951,196637.5,8355302.5,0.019856473430991173,0.008448823355138302
sample_13,14141,19952,196647.5,8355302.5,0.004710129462182522,0.006037866231054068
sample_13,14141,19953,196657.5,8355302.5,0.014300467446446419,0.0028994593303650618
sample_13,14141,19954,196667.5,8355302.5,0.0056861406192183495,0.0024188230745494366
sample_13,14142,19935,196477.5,8355292.5,0.014253659173846245,0.0012541083851829171
sample_13,14142,19936,196487.5,8355292.5,0.010244650766253471,0.002232758793979883
sample_13,14142,19937,196497.5,8355292.5,0.01011854037642479,0.0032586725428700447
sample_13,14142,19938,196507.5,8355292.5,0.002817429369315505,0.004669046029448509
sample_13,14142,19939,196517.5,8355292.5,0.004842554684728384,0.0024006369058042765
sample_13,14142,19940,196527.5,8355292.5,0.007040712982416153,0.006412426941096783
sample_13,14142,19941,196537.5,8355292.5,0.0063766129314899445,0.0006208170088939369
sample_13,14142,19942,196547.5,8355292.5,0.01095594186335802,0.002856253180652857
sample_13,14142,19943,196557.5,8355292.5,0.017020132392644882,0.002143352758139372
sample_13,14142,19944,196567.5,8355292.5,0.008169936016201973,0.002627910813316703
sample_13,14142,19945,196577.5,8355292.5,0.00469893217086792,0.011225197464227676
sample_13,14142,19946,196587.5,8355292.5,0.0045975567772984505,0.00760818924754858
sample_13,14142,19947,196597.5,8355292.5,0.010900533758103848,0.004110895097255707
sample_13,14142,19948,196607.5,8355292.5,0.013255881145596504,0.0035623309668153524
sample_13,14142,19949,196617.5,8355292.5,0.01774090714752674,0.0036363087128847837
sample_13,14142,19950,196627.5,8355292.5,0.011514012701809406,0.004374065436422825
sample_13,14142,19951,196637.5,8355292.5,0.0070319753140211105,0.0043740179389715195
sample_13,14142,19952,196647.5,8355292.5,0.004343871958553791,0.0011415011249482632
sample_13,14142,19953,196657.5,8355292.5,0.002935048658400774,0.008153298869729042
sample_13,14142,19954,196667.5,8355292.5,0.008318454958498478,0.012363677844405174
sample_13,14143,19935,196477.5,8355282.5,0.017810022458434105,0.0018282434903085232
sample_13,14143,19936,196487.5,8355282.5,0.00944061391055584,0.002529277466237545
sample_13,14143,19937,196497.5,8355282.5,0.006650285795331001,0.004937753546983004
sample_13,14143,19938,196507.5,8355282.5,0.012192381545901299,0.0007575214258395135
sample_13,14143,19939,196517.5,8355282.5,0.00711119594052434,0.0023940559476614
sample_13,14143,19940,196527.5,8355282.5,0.008147352375090122,0.0037479186430573463
sample_13,14143,19941,196537.5,8355282.5,0.0068508535623550415,0.005803525913506746
sample_13,14143,19942,196547.5,8355282.5,0.020126380026340485,0.002209274796769023
sample_13,14143,19943,196557.5,8355282.5,0.018392419442534447,0.004827629774808884
sample_13,14143,19944,196567.5,8355282.5,0.007516716606914997,0.006898317486047745
sample_13,14143,19945,196577.5,8355282.5,0.006408095359802246,0.005766996648162603
sample_13,14143,19946,196587.5,8355282.5,0.005092667415738106,0.003125752555206418
sample_13,14143,19947,196597.5,8355282.5,0.013831539079546928,0.0022747439797967672
sample_13,14143,19948,196607.5,8355282.5,0.009382331743836403,0.0016384836053475738
sample_13,14143,19949,196617.5,8355282.5,0.006335441023111343,0.004643151070922613
sample_13,14143,19950,196627.5,8355282.5,0.01775050349533558,0.002574810991063714
sample_13,14143,19951,196637.5,8355282.5,0.016909517347812653,0.0044070398434996605
sample_13,14143,19952,196647.5,8355282.5,0.012618016451597214,0.0034559674095362425
sample_13,14143,19953,196657.5,8355282.5,0.011565576307475567,0.0030987607315182686
sample_13,14143,19954,196667.5,8355282.5,0.026042137295007706,0.003081535454839468
sample_13,14144,19935,196477.5,8355272.5,0.002121786819770932,0.0047742449678480625
sample_13,14144,19936,196487.5,8355272.5,0.005524254869669676,0.006076626013964415
sample_13,14144,19937,196497.5,8355272.5,0.0013810817617923021,0.0031397610437124968
sample_13,14144,19938,196507.5,8355272.5,0.018242986872792244,0.002947654342278838
sample_13,14144,19939,196517.5,8355272.5,0.004499958828091621,0.0012139099417254329
sample_13,14144,19940,196527.5,8355272.5,0.011112595908343792,0.009439202956855297
sample_13,14144,19941,196537.5,8355272.5,0.007586357183754444,0.004851235076785088
sample_13,14144,19942,196547.5,8355272.5,0.008516873233020306,0.0050939819775521755
sample_13,14144,19943,196557.5,8355272.5,0.007037973031401634,0.002903839573264122
sample_13,14144,19944,196567.5,8355272.5,0.01121558342128992,0.006039867643266916
sample_13,14144,19945,196577.5,8355272.5,0.004573774989694357,0.007012111600488424
sample_13,14144,19946,196587.5,8355272.5,0.00881650485098362,0.0032876748591661453
sample_13,14144,19947,196597.5,8355272.5,0.012857789173722267,0.0032800871413201094
sample_13,14144,19948,196607.5,8355272.5,0.009647559374570847,0.00374450720846653
sample_13,14144,19949,196617.5,8355272.5,0.011146174743771553,0.0029016879852861166
sample_13,14144,19950,196627.5,8355272.5,0.005113540682941675,0.00167880579829216
sample_13,14144,19951,196637.5,8355272.5,0.005958693567663431,0.005295444279909134
sample_13,14144,19952,196647.5,8355272.5,0.010629961267113686,0.003117724321782589
sample_13,14144,19953,196657.5,8355272.5,0.00916505977511406,0.0034560866188257933
sample_13,14144,19954,196667.5,8355272.5,0.0050928606651723385,0.0013759633293375373
sample_13,14145,19935,196477.5,8355262.5,0.0038947942666709423,0.006191754247993231
sample_13,14145,19936,196487.5,8355262.5,0.011379282921552658,0.003497606609016657
sample_13,14145,19937,196497.5,8355262.5,0.009441232308745384,0.005120187997817993
sample_13,14145,19938,196507.5,8355262.5,0.003925721161067486,0.00833861529827118
sample_13,14145,19939,196517.5,8355262.5,0.007898788899183273,0.0013725305907428265
sample_13,14145,19940,196527.5,8355262.5,0.0060441019013524055,0.0007798451115377247
sample_13,14145,19941,196537.5,8355262.5,0.017589353024959564,0.0019717635586857796
sample_13,14145,19942,196547.5,8355262.5,0.010059037245810032,0.0023382080253213644
sample_13,14145,19943,196557.5,8355262.5,0.006535363383591175,0.010061832144856453
sample_13,14145,19944,196567.5,8355262.5,0.008552709594368935,0.007069839164614677
sample_13,14145,19945,196577.5,8355262.5,0.006297049578279257,0.004669611807912588
sample_13,14145,19946,196587.5,8355262.5,0.010273672640323639,0.008477657102048397
sample_13,14145,19947,196597.5,8355262.5,0.01565149798989296,0.004590481519699097
sample_13,14145,19948,196607.5,8355262.5,0.009341862052679062,0.0028853192925453186
sample_13,14145,19949,196617.5,8355262.5,0.007394915446639061,0.004610872827470303
sample_13,14145,19950,196627.5,8355262.5,0.0052537159062922,0.001712809200398624
sample_13,14145,19951,196637.5,8355262.5,0.012647824361920357,0.0055544315837323666
sample_13,14145,19952,196647.5,8355262.5,0.013284111395478249,0.004891332238912582
sample_13,14145,19953,196657.5,8355262.5,0.017100419849157333,0.001403055153787136
sample_13,14145,19954,196667.5,8355262.5,0.005281777121126652,0.003818486351519823
sample_13,14146,19935,196477.5,8355252.5,0.0053973449394106865,0.0014012133469805121
sample_13,14146,19936,196487.5,8355252.5,0.004861007444560528,0.001733426353894174
sample_13,14146,19937,196497.5,8355252.5,0.020823583006858826,0.0014948033494874835
sample_13,14146,19938,196507.5,8355252.5,0.015243175439536572,0.0011115600354969501
sample_13,14146,19939,196517.5,8355252.5,0.01193396095186472,0.0032449394930154085
sample_13,14146,19940,196527.5,8355252.5,0.02181057818233967,0.0025045094080269337
sample_13,14146,19941,196537.5,8355252.5,0.010504445061087608,0.0033845403231680393
sample_13,14146,19942,196547.5,8355252.5,0.014344871044158936,0.0025904057547450066
sample_13,14146,19943,196557.5,8355252.5,0.012593368999660015,0.002809277968481183
sample_13,14146,19944,196567.5,8355252.5,0.012204235419631004,0.003673760686069727
sample_13,14146,19945,196577.5,8355252.5,0.00560181075707078,0.00857534445822239
sample_13,14146,19946,196587.5,8355252.5,0.008435647003352642,0.006634076125919819
sample_13,14146,19947,196597.5,8355252.5,0.011081402190029621,0.006880303844809532
sample_13,14146,19948,196607.5,8355252.5,0.00501137925311923,0.004861507099121809
sample_13,14146,19949,196617.5,8355252.5,0.004788792226463556,0.004667666275054216
sample_13,14146,19950,196627.5,8355252.5,0.007661185692995787,0.007739261258393526
sample_13,14146,19951,196637.5,8355252.5,0.004530858714133501,0.00597840640693903
sample_13,14146,19952,196647.5,8355252.5,0.006008984986692667,0.0033758622594177723
sample_13,14146,19953,196657.5,8355252.5,0.008577871136367321,0.0054086013697087765
sample_13,14146,19954,196667.5,8355252.5,0.014460775069892406,0.006226533092558384
sample_13,14147,19935,196477.5,8355242.5,0.00483014527708292,0.0016544086392968893
sample_13,14147,19936,196487.5,8355242.5,0.004952779971063137,0.0026108843740075827
sample_13,14147,19937,196497.5,8355242.5,0.0017844535177573562,0.006382983643561602
sample_13,14147,19938,196507.5,8355242.5,0.005643629934638739,0.004596088547259569
sample_13,14147,19939,196517.5,8355242.5,0.014399929903447628,0.006579605396836996
sample_13,14147,19940,196527.5,8355242.5,0.007858840748667717,0.0028633016627281904
sample_13,14147,19941,196537.5,8355242.5,0.011721514165401459,0.0032369112595915794
sample_13,14147,19942,196547.5,8355242.5,0.007481678854674101,0.0063663567416369915
sample_13,14147,19943,196557.5,8355242.5,0.010781971737742424,0.003237173892557621
sample_13,14147,19944,196567.5,8355242.5,0.011538967490196228,0.002476108493283391
sample_13,14147,19945,196577.5,8355242.5,0.009868971072137356,0.004363906569778919
sample_13,14147,19946,196587.5,8355242.5,0.013256039470434189,0.009723683819174767
sample_13,14147,19947,196597.5,8355242.5,0.014419903978705406,0.0031755680684000254
sample_13,14147,19948,196607.5,8355242.5,0.013190867379307747,0.0011332110734656453
sample_13,14147,19949,196617.5,8355242.5,0.005085508804768324,0.007453517988324165
sample_13,14147,19950,196627.5,8355242.5,0.010304676368832588,0.005867664702236652
sample_13,14147,19951,196637.5,8355242.5,0.013398468494415283,0.004844967275857925
sample_13,14147,19952,196647.5,8355242.5,0.009021648205816746,0.001155369682237506
sample_13,14147,19953,196657.5,8355242.5,0.00280157127417624,0.0025033538695424795
sample_13,14147,19954,196667.5,8355242.5,0.010203175246715546,0.0023924449924379587
sample_13,14148,19936,196487.5,8355232.5,0.01077303010970354,0.0035395785234868526
sample_13,14148,19937,196497.5,8355232.5,0.006720156874507666,0.004006998613476753
sample_13,14148,19938,196507.5,8355232.5,0.011496552266180515,0.0025834287516772747
sample_13,14148,19939,196517.5,8355232.5,0.007590427529066801,0.0033123111352324486
sample_13,14148,19940,196527.5,8355232.5,0.012381735257804394,0.0030543063767254353
sample_13,14148,19941,196537.5,8355232.5,0.010185105726122856,0.0074489424005150795
sample_13,14148,19942,196547.5,8355232.5,0.0030779060907661915,0.008724380284547806
sample_13,14148,19943,196557.5,8355232.5,0.005469216965138912,0.0017451596213504672
sample_13,14148,19944,196567.5,8355232.5,0.0058326865546405315,0.002596065169200301
sample_13,14148,19945,196577.5,8355232.5,0.018571943044662476,0.0061431508511304855
sample_13,14148,19946,196587.5,8355232.5,0.00924694910645485,0.0027850335463881493
sample_13,14148,19947,196597.5,8355232.5,0.007871730253100395,0.0014674537815153599
sample_13,14148,19948,196607.5,8355232.5,0.011332685127854347,0.0016299315029755235
sample_13,14148,19949,196617.5,8355232.5,0.009854639880359173,0.004401644691824913
sample_13,14148,19950,196627.5,8355232.5,0.010075462982058525,0.0030119537841528654
sample_13,14148,19951,196637.5,8355232.5,0.007539707235991955,0.0033133476972579956
sample_13,14148,19952,196647.5,8355232.5,0.013969223015010357,0.004656333476305008
sample_13,14148,19953,196657.5,8355232.5,0.010641184635460377,0.007755942642688751
sample_13,14148,19954,196667.5,8355232.5,0.01084908563643694,0.005519241094589233
sample_13,14149,19936,196487.5,8355222.5,0.007472547702491283,0.0017691664397716522
sample_13,14149,19937,196497.5,8355222.5,0.013095705769956112,0.001355522545054555
sample_13,14149,19938,196507.5,8355222.5,0.004441498313099146,0.0034138853661715984
sample_13,14149,19939,196517.5,8355222.5,0.0038828025572001934,0.0019819801673293114
sample_13,14149,19940,196527.5,8355222.5,0.005074522458016872,0.00347533798776567
sample_13,14149,19941,196537.5,8355222.5,0.003047329606488347,0.0019404804334044456
sample_13,14149,19942,196547.5,8355222.5,0.0072856480255723,0.0058565279468894005
sample_13,14149,19943,196557.5,8355222.5,0.010397892445325851,0.0043747760355472565
sample_13,14149,19944,196567.5,8355222.5,0.00390985980629921,0.0026729744859039783
sample_13,14149,19945,196577.5,8355222.5,0.012092568911612034,0.0032561365514993668
sample_13,14149,19946,196587.5,8355222.5,0.013227967545390129,0.0007855909061618149
sample_13,14149,19947,196597.5,8355222.5,0.010904090479016304,0.001994252437725663
sample_13,14149,19948,196607.5,8355222.5,0.007740238681435585,0.0017369098495692015
sample_13,14149,19949,196617.5,8355222.5,0.02308540791273117,0.00486295809969306
sample_13,14149,19950,196627.5,8355222.5,0.013125553727149963,0.0030924666207283735
sample_13,14149,19951,196637.5,8355222.5,0.006217627786099911,0.008009804412722588
sample_13,14149,19952,196647.5,8355222.5,0.00730145676061511,0.004243485629558563
sample_13,14149,19953,196657.5,8355222.5,0.012501360848546028,0.0057063028216362
sample_13,14149,19954,196667.5,8355222.5,0.009421640075743198,0.0033314633183181286
sample_13,14150,19936,196487.5,8355212.5,0.008004220202565193,0.0013363687321543694
sample_13,14150,19937,196497.5,8355212.5,0.0038624699227511883,0.0022978712804615498
sample_13,14150,19938,196507.5,8355212.5,0.005930737592279911,0.0017826971597969532
sample_13,14150,19939,196517.5,8355212.5,0.0064627486281096935,0.004265075549483299
sample_13,14150,19940,196527.5,8355212.5,0.007552024908363819,0.002219699788838625
sample_13,14150,19941,196537.5,8355212.5,0.00358667504042387,0.004613736644387245
sample_13,14150,19942,196547.5,8355212.5,0.00738842599093914,0.0012635830789804459
sample_13,14150,19943,196557.5,8355212.5,0.0034958599135279655,0.0031933330465108156
sample_13,14150,19944,196567.5,8355212.5,0.014813097193837166,0.0014292474370449781
sample_13,14150,19945,196577.5,8355212.5,0.0053461166098713875,0.00798642449080944
sample_13,14150,19946,196587.5,8355212.5,0.009764079935848713,0.004301026929169893
sample_13,14150,19947,196597.5,8355212.5,0.010524274781346321,0.007652077358216047
sample_13,14150,19948,196607.5,8355212.5,0.0027236572932451963,0.0032966379076242447
sample_13,14150,19949,196617.5,8355212.5,0.007439928129315376,0.004211945924907923
sample_13,14150,19950,196627.5,8355212.5,0.009967027232050896,0.005530392751097679
sample_13,14150,19951,196637.5,8355212.5,0.00533949164673686,0.00941700953990221
sample_13,14150,19952,196647.5,8355212.5,0.01487159263342619,0.00679219514131546
sample_13,14150,19953,196657.5,8355212.5,0.018996819853782654,0.0022343439050018787
sample_13,14150,19954,196667.5,8355212.5,0.0074441442266106606,0.0018731473246589303
sample_13,14151,19936,196487.5,8355202.5,0.011896714568138123,0.004669484216719866
sample_13,14151,19937,196497.5,8355202.5,0.004297615960240364,0.0040826271288096905
sample_13,14151,19938,196507.5,8355202.5,0.005639642011374235,0.006057593040168285
sample_13,14151,19939,196517.5,8355202.5,0.00952303409576416,0.007532612886279821
sample_13,14151,19940,196527.5,8355202.5,0.009695256128907204,0.003668388118967414
sample_13,14151,19941,196537.5,8355202.5,0.006700849160552025,0.004837180022150278
sample_13,14151,19942,196547.5,8355202.5,0.008159782737493515,0.002997951116412878
sample_13,14151,19943,196557.5,8355202.5,0.009450129233300686,0.006770273670554161
sample_13,14151,19944,196567.5,8355202.5,0.005294893402606249,0.006900436244904995
sample_13,14151,19945,196577.5,8355202.5,0.009064462967216969,0.0019391736714169383
sample_13,14151,19946,196587.5,8355202.5,0.008301755413413048,0.007406763732433319
sample_13,14151,19947,196597.5,8355202.5,0.011427883990108967,0.002899704035371542
sample_13,14151,19948,196607.5,8355202.5,0.007095025852322578,0.0016318355919793248
sample_13,14151,19949,196617.5,8355202.5,0.009371297433972359,0.003059961134567857
sample_13,14151,19950,196627.5,8355202.5,0.013638664968311787,0.0020615141838788986
sample_13,14151,19951,196637.5,8355202.5,0.01859097182750702,0.0034396040719002485
sample_13,14151,19952,196647.5,8355202.5,0.017107117921113968,0.0045469459146261215
sample_13,14151,19953,196657.5,8355202.5,0.011405671015381813,0.0031912089325487614
sample_13,14151,19954,196667.5,8355202.5,0.007466435432434082,0.002176522510126233
sample_13,14152,19936,196487.5,8355192.5,0.014226500876247883,0.0036426177248358727
sample_13,14152,19937,196497.5,8355192.5,0.011633471585810184,0.0029502268880605698
sample_13,14152,19938,196507.5,8355192.5,0.00880056619644165,0.004567315336316824
sample_13,14152,19939,196517.5,8355192.5,0.00907914713025093,0.002683209488168359
sample_13,14152,19940,196527.5,8355192.5,0.007700700778514147,0.004256068728864193
sample_13,14152,19941,196537.5,8355192.5,0.004272052086889744,0.0052498397417366505
sample_13,14152,19942,196547.5,8355192.5,0.01198712270706892,0.0032820645719766617
sample_13,14152,19943,196557.5,8355192.5,0.0039819651283323765,0.005437147803604603
sample_13,14152,19944,196567.5,8355192.5,0.010509202256798744,0.00616913428530097
sample_13,14152,19945,196577.5,8355192.5,0.007573089562356472,0.0014842408709228039
sample_13,14152,19946,196587.5,8355192.5,0.006466378923505545,0.006586760748177767
sample_13,14152,19947,196597.5,8355192.5,0.003998499363660812,0.0034925350919365883
sample_13,14152,19948,196607.5,8355192.5,0.009587319567799568,0.0013731111539527774
sample_13,14152,19949,196617.5,8355192.5,0.005895562469959259,0.005615559872239828
sample_13,14152,19950,196627.5,8355192.5,0.0033426592126488686,0.002590866293758154
sample_13,14152,19951,196637.5,8355192.5,0.0009796356316655874,0.009242825210094452
sample_13,14152,19952,196647.5,8355192.5,0.008441006764769554,0.0022108950652182102
sample_13,14152,19953,196657.5,8355192.5,0.010101890191435814,0.004367135465145111
sample_13,14152,19954,196667.5,8355192.5,0.012250406667590141,0.004059627652168274
sample_13,14153,19936,196487.5,8355182.5,0.00955879595130682,0.0015048838686197996
sample_13,14153,19937,196497.5,8355182.5,0.00884127989411354,0.006239178124815226
sample_13,14153,19938,196507.5,8355182.5,0.016204603016376495,0.0009867716580629349
sample_13,14153,19939,196517.5,8355182.5,0.008185604587197304,0.0005405821138992906
sample_13,14153,19940,196527.5,8355182.5,0.00794395711272955,0.005495462566614151
sample_13,14153,19941,196537.5,8355182.5,0.007824445143342018,0.004284299910068512
sample_13,14153,19942,196547.5,8355182.5,0.007782896980643272,0.001534801791422069
sample_13,14153,19943,196557.5,8355182.5,0.012743690982460976,0.002973241964355111
sample_13,14153,19944,196567.5,8355182.5,0.008698014542460442,0.0029421180952340364
sample_13,14153,19945,196577.5,8355182.5,0.006521519273519516,0.00252525950782001
sample_13,14153,19946,196587.5,8355182.5,0.009691379964351654,0.0016999465879052877
sample_13,14153,19947,196597.5,8355182.5,0.010363536886870861,0.0038779708556830883
sample_13,14153,19948,196607.5,8355182.5,0.001849328982643783,0.009047484956681728
sample_13,14153,19949,196617.5,8355182.5,0.013823045417666435,0.0036143672186881304
sample_13,14153,19950,196627.5,8355182.5,0.00960051454603672,0.0017375274328514934
sample_13,14153,19951,196637.5,8355182.5,0.0015497383428737521,0.0015685900580137968
sample_13,14153,19952,196647.5,8355182.5,0.005097286310046911,0.004734936635941267
sample_13,14153,19953,196657.5,8355182.5,0.01405930332839489,0.002587905852124095
sample_13,14153,19954,196667.5,8355182.5,0.011954040266573429,0.004711833316832781
sample_13,14154,19936,196487.5,8355172.5,0.006830387283116579,0.0040121981874108315
sample_13,14154,19937,196497.5,8355172.5,0.012620320543646812,0.006071505136787891
sample_13,14154,19938,196507.5,8355172.5,0.00600582268089056,0.0035853502340614796
sample_13,14154,19939,196517.5,8355172.5,0.014056732878088951,0.005214952398091555
sample_13,14154,19940,196527.5,8355172.5,0.007248322479426861,0.004417368210852146
sample_13,14154,19941,196537.5,8355172.5,0.00634958827868104,0.005495879333466291
sample_13,14154,19942,196547.5,8355172.5,0.012253462336957455,0.0017254051053896546
sample_13,14154,19943,196557.5,8355172.5,0.010618855245411396,0.002868146635591984
sample_13,14154,19944,196567.5,8355172.5,0.002867501461878419,0.010575199499726295
sample_13,14154,19945,196577.5,8355172.5,0.00509626604616642,0.0037854318507015705
sample_13,14154,19946,196587.5,8355172.5,0.006087505258619785,0.003227276261895895
sample_13,14154,19947,196597.5,8355172.5,0.008990869857370853,0.003363855881616473
sample_13,14154,19948,196607.5,8355172.5,0.00589813431724906,0.0027059842832386494
sample_13,14154,19949,196617.5,8355172.5,0.0053506833501160145,0.0031403163447976112
sample_13,14154,19950,196627.5,8355172.5,0.006564320530742407,0.006041849963366985
sample_13,14154,19951,196637.5,8355172.5,0.0015458085108548403,0.007534493692219257
sample_13,14154,19952,196647.5,8355172.5,0.015766972675919533,0.00089585583191365
sample_13,14154,19953,196657.5,8355172.5,0.007831282913684845,0.0028184321708977222
sample_13,14154,19954,196667.5,8355172.5,0.0038181408308446407,0.0024562091566622257
sample_13,14155,19936,196487.5,8355162.5,0.013710127212107182,0.004112879280000925
sample_13,14155,19937,196497.5,8355162.5,0.012811616994440556,0.0028640618547797203
sample_13,14155,19938,196507.5,8355162.5,0.011037521064281464,0.005084395408630371
sample_13,14155,19939,196517.5,8355162.5,0.007617848459631205,0.004329932853579521
sample_13,14155,19940,196527.5,8355162.5,0.008401308208703995,0.0034274065401405096
sample_13,14155,19941,196537.5,8355162.5,0.00645857211202383,0.0031673526391386986
sample_13,14155,19942,196547.5,8355162.5,0.004663215018808842,0.005752225406467915
sample_13,14155,19943,196557.5,8355162.5,0.004847546108067036,0.0030643572099506855
sample_13,14155,19944,196567.5,8355162.5,0.014066949486732483,0.0037308528553694487
sample_13,14155,19945,196577.5,8355162.5,0.005357994697988033,0.007982924580574036
sample_13,14155,19946,196587.5,8355162.5,0.007307724095880985,0.003353167325258255
sample_13,14155,19947,196597.5,8355162.5,0.012264806777238846,0.0020451340824365616
sample_13,14155,19948,196607.5,8355162.5,0.003404284128919244,0.0022786431945860386
sample_13,14155,19949,196617.5,8355162.5,0.00935344584286213,0.00923992320895195
sample_13,14155,19950,196627.5,8355162.5,0.003968352917581797,0.004445059224963188
sample_13,14155,19951,196637.5,8355162.5,0.01136842928826809,0.0048865885473787785
sample_13,14155,19952,196647.5,8355162.5,0.007066872902214527,0.0025894322898238897
sample_13,14155,19953,196657.5,8355162.5,0.013221172615885735,0.002197973895817995
sample_13,14155,19954,196667.5,8355162.5,0.007320222444832325,0.003843341488391161
sample_13,14156,19936,196487.5,8355152.5,0.004812206141650677,0.003939437214285135
sample_13,14156,19937,196497.5,8355152.5,0.009386220946907997,0.0041803279891610146
sample_13,14156,19938,196507.5,8355152.5,0.014785926789045334,0.004556627012789249
sample_13,14156,19939,196517.5,8355152.5,0.002600485924631357,0.007608357351273298
sample_13,14156,19940,196527.5,8355152.5,0.00725805526599288,0.00592607818543911
sample_13,14156,19941,196537.5,8355152.5,0.007225843146443367,0.004350332543253899
sample_13,14156,19942,196547.5,8355152.5,0.015175022184848785,0.005807930137962103
sample_13,14156,19943,196557.5,8355152.5,0.005312944762408733,0.005774624180048704
sample_13,14156,19944,196567.5,8355152.5,0.01265614666044712,0.00026203933521173894
sample_13,14156,19945,196577.5,8355152.5,0.01107847597450018,0.002697270130738616
sample_14,12341,25596,253087.5,8373302.5,0.02506723254919052,0.00581108033657074
sample_14,12341,25597,253097.5,8373302.5,0.01208207756280899,0.003754002507776022
sample_14,12341,25598,253107.5,8373302.5,0.022423097863793373,0.0029746219515800476
sample_14,12341,25599,253117.5,8373302.5,0.05723777413368225,0.002548092044889927
sample_14,12341,25600,253127.5,8373302.5,0.0269249826669693,0.0009032530360855162
sample_14,12341,25601,253137.5,8373302.5,0.025360943749547005,0.0015000643907114863
sample_14,12341,25602,253147.5,8373302.5,0.026729051023721695,0.0033833342604339123
sample_14,12341,25603,253157.5,8373302.5,0.006656209472566843,0.005285218358039856
sample_14,12342,25585,252977.5,8373292.5,0.03349263221025467,0.005418415181338787
sample_14,12342,25586,252987.5,8373292.5,0.025158019736409187,0.002060564002022147
sample_14,12342,25587,252997.5,8373292.5,0.047724347561597824,0.003834998235106468
sample_14,12342,25588,253007.5,8373292.5,0.015413747169077396,0.0035218591801822186
sample_14,12342,25589,253017.5,8373292.5,0.04722772538661957,0.003523748368024826
sample_14,12342,25590,253027.5,8373292.5,0.030703460797667503,0.005492898169904947
sample_14,12342,25591,253037.5,8373292.5,0.01888500340282917,0.0019197866786271334
sample_14,12342,25592,253047.5,8373292.5,0.009066188707947731,0.004951175767928362
sample_14,12342,25593,253057.5,8373292.5,0.011972722597420216,0.002254084451124072
sample_14,12342,25594,253067.5,8373292.5,0.011365571990609169,0.005881011486053467
sample_14,12342,25595,253077.5,8373292.5,0.01105207297950983,0.001890349667519331
sample_14,12342,25596,253087.5,8373292.5,0.026852885261178017,0.007491991389542818
sample_14,12342,25597,253097.5,8373292.5,0.03697383776307106,0.005251044873148203
sample_14,12342,25598,253107.5,8373292.5,0.030715512111783028,0.0039371224120259285
sample_14,12342,25599,253117.5,8373292.5,0.013507895171642303,0.0022882381454110146
sample_14,12342,25600,253127.5,8373292.5,0.014498120173811913,0.006742766126990318
sample_14,12342,25601,253137.5,8373292.5,0.01154015026986599,0.0034657292999327183
sample_14,12342,25602,253147.5,8373292.5,0.023619426414370537,0.0022698815446347
sample_14,12342,25603,253157.5,8373292.5,0.0144545529037714,0.00297650508582592
sample_14,12343,25585,252977.5,8373282.5,0.025787899270653725,0.0030833594501018524
sample_14,12343,25586,252987.5,8373282.5,0.017866233363747597,0.003760377876460552
sample_14,12343,25587,252997.5,8373282.5,0.023820018395781517,0.002513942774385214
sample_14,12343,25588,253007.5,8373282.5,0.019631780683994293,0.005685649812221527
sample_14,12343,25589,253017.5,8373282.5,0.014381388202309608,0.0050958190113306046
sample_14,12343,25590,253027.5,8373282.5,0.01940331608057022,0.0028127513360232115
sample_14,12343,25591,253037.5,8373282.5,0.04212954267859459,0.005107962992042303
sample_14,12343,25592,253047.5,8373282.5,0.014737291261553764,0.0028458735905587673
sample_14,12343,25593,253057.5,8373282.5,0.027473650872707367,0.0036933657247573137
sample_14,12343,25594,253067.5,8373282.5,0.02608548104763031,0.0010521358344703913
sample_14,12343,25595,253077.5,8373282.5,0.014936543069779873,0.0034440516028553247
sample_14,12343,25596,253087.5,8373282.5,0.015801183879375458,0.0029359690379351377
sample_14,12343,25597,253097.5,8373282.5,0.030279142782092094,0.006663351785391569
sample_14,12343,25598,253107.5,8373282.5,0.017821433022618294,0.0040945266373455524
sample_14,12343,25599,253117.5,8373282.5,0.033990539610385895,0.00509278941899538
sample_14,12343,25600,253127.5,8373282.5,0.02942449226975441,0.0015503806062042713
sample_14,12343,25601,253137.5,8373282.5,0.016589561477303505,0.005445248447358608
sample_14,12343,25602,253147.5,8373282.5,0.021469037979841232,0.006941725499927998
sample_14,12343,25603,253157.5,8373282.5,0.05097131058573723,0.006025264039635658
sample_14,12344,25585,252977.5,8373272.5,0.02218131721019745,0.008013816550374031
sample_14,12344,25586,252987.5,8373272.5,0.0315222293138504,0.0027079537976533175
sample_14,12344,25587,252997.5,8373272.5,0.03167322278022766,0.006315883249044418
sample_14,12344,25588,253007.5,8373272.5,0.01839718408882618,0.005531548988074064
sample_14,12344,25589,253017.5,8373272.5,0.02587168850004673,0.006511386018246412
sample_14,12344,25590,253027.5,8373272.5,0.010407489724457264,0.006439663004130125
sample_14,12344,25591,253037.5,8373272.5,0.01386979315429926,0.005926704499870539
sample_14,12344,25592,253047.5,8373272.5,0.008088521659374237,0.001785771339200437
sample_14,12344,25593,253057.5,8373272.5,0.03834831714630127,0.004514062777161598
sample_14,12344,25594,253067.5,8373272.5,0.009417667053639889,0.001646552700549364
sample_14,12344,25595,253077.5,8373272.5,0.014273533597588539,0.005234685260802507
sample_14,12344,25596,253087.5,8373272.5,0.008616289123892784,0.0016786210471764207
sample_14,12344,25597,253097.5,8373272.5,0.02193768508732319,0.009262788109481335
sample_14,12344,25598,253107.5,8373272.5,0.030303120613098145,0.004293637815862894
sample_14,12344,25599,253117.5,8373272.5,0.010484272614121437,0.0047359708696603775
sample_14,12344,25600,253127.5,8373272.5,0.018379060551524162,0.004843736998736858
sample_14,12344,25601,253137.5,8373272.5,0.004518527537584305,0.003970438148826361
sample_14,12344,25602,253147.5,8373272.5,0.013863272964954376,0.0021558073349297047
sample_14,12344,25603,253157.5,8373272.5,0.025606097653508186,0.0057733748108148575
sample_14,12345,25585,252977.5,8373262.5,0.034292276948690414,0.002918473444879055
sample_14,12345,25586,252987.5,8373262.5,0.03262622281908989,0.0030254079028964043
sample_14,12345,25587,252997.5,8373262.5,0.012619026936590672,0.0018569319508969784
sample_14,12345,25588,253007.5,8373262.5,0.012559057213366032,0.0025924162473529577
sample_14,12345,25589,253017.5,8373262.5,0.02118101343512535,0.0015612925635650754
sample_14,12345,25590,253027.5,8373262.5,0.026747647672891617,0.004944356624037027
sample_14,12345,25591,253037.5,8373262.5,0.016437675803899765,0.0031310347840189934
sample_14,12345,25592,253047.5,8373262.5,0.015664424747228622,0.004070787690579891
sample_14,12345,25593,253057.5,8373262.5,0.013778433203697205,0.0028661855030804873
sample_14,12345,25594,253067.5,8373262.5,0.024149328470230103,0.0016397552099078894
sample_14,12345,25595,253077.5,8373262.5,0.014784464612603188,0.004608709830790758
sample_14,12345,25596,253087.5,8373262.5,0.02265886776149273,0.0029666805639863014
sample_14,12345,25597,253097.5,8373262.5,0.021963614970445633,0.015497192740440369
sample_14,12345,25598,253107.5,8373262.5,0.005497892387211323,0.010855774395167828
sample_14,12345,25599,253117.5,8373262.5,0.03996272012591362,0.003341266419738531
sample_14,12345,25600,253127.5,8373262.5,0.022448400035500526,0.0038455654866993427
sample_14,12345,25601,253137.5,8373262.5,0.01239563524723053,0.008432242088019848
sample_14,12345,25602,253147.5,8373262.5,0.014460589736700058,0.00863125454634428
sample_14,12345,25603,253157.5,8373262.5,0.028430268168449402,0.00884562823921442
sample_14,12346,25585,252977.5,8373252.5,0.005925854202359915,0.0015097963623702526
sample_14,12346,25586,252987.5,8373252.5,0.02199234440922737,0.007735857740044594
sample_14,12346,25587,252997.5,8373252.5,0.02088787965476513,0.006305243819952011
sample_14,12346,25588,253007.5,8373252.5,0.014116620644927025,0.006495206151157618
sample_14,12346,25589,253017.5,8373252.5,0.007172277197241783,0.0026067248545587063
sample_14,12346,25590,253027.5,8373252.5,0.014055006206035614,0.0007175622740760446
sample_14,12346,25591,253037.5,8373252.5,0.007952523417770863,0.004965580999851227
sample_14,12346,25592,253047.5,8373252.5,0.03793368861079216,0.005963230039924383
sample_14,12346,25593,253057.5,8373252.5,0.019217681139707565,0.00888840015977621
sample_14,12346,25594,253067.5,8373252.5,0.03510355204343796,0.003854315960779786
sample_14,12346,25595,253077.5,8373252.5,0.04197685047984123,0.004030290059745312
sample_14,12346,25596,253087.5,8373252.5,0.0580703541636467,0.0036231842823326588
sample_14,12346,25597,253097.5,8373252.5,0.035506635904312134,0.003899754723533988
sample_14,12346,25598,253107.5,8373252.5,0.028925873339176178,0.0038744467310607433
sample_14,12346,25599,253117.5,8373252.5,0.02380099520087242,0.008861183188855648
sample_14,12346,25600,253127.5,8373252.5,0.0291860643774271,0.0050752367824316025
sample_14,12346,25601,253137.5,8373252.5,0.00742208119481802,0.0047251638025045395
sample_14,12346,25602,253147.5,8373252.5,0.009549885056912899,0.006717887707054615
sample_14,12346,25603,253157.5,8373252.5,0.008395729586482048,0.0026923641562461853
sample_14,12346,25604,253167.5,8373252.5,0.024658624082803726,0.005500455386936665
sample_14,12347,25585,252977.5,8373242.5,0.005708415061235428,0.002585743088275194
sample_14,12347,25586,252987.5,8373242.5,0.015718938782811165,0.001967954682186246
sample_14,12347,25587,252997.5,8373242.5,0.02148527279496193,0.003480780404061079
sample_14,12347,25588,253007.5,8373242.5,0.011910364031791687,0.00538276182487607
sample_14,12347,25589,253017.5,8373242.5,0.03737294301390648,0.002688252367079258
sample_14,12347,25590,253027.5,8373242.5,0.03030952252447605,0.0051843589171767235
sample_14,12347,25591,253037.5,8373242.5,0.03233582526445389,0.007778088562190533
sample_14,12347,25592,253047.5,8373242.5,0.025266002863645554,0.005733571946620941
sample_14,12347,25593,253057.5,8373242.5,0.022909609600901604,0.008014343678951263
sample_14,12347,25594,253067.5,8373242.5,0.014215420000255108,0.004000596236437559
sample_14,12347,25595,253077.5,8373242.5,0.028381220996379852,0.006477640476077795
sample_14,12347,25596,253087.5,8373242.5,0.008299311622977257,0.0012346671428531408
sample_14,12347,25597,253097.5,8373242.5,0.013353288173675537,0.006013181991875172
sample_14,12347,25598,253107.5,8373242.5,0.009403014555573463,0.004358075093477964
sample_14,12347,25599,253117.5,8373242.5,0.016669616103172302,0.0015428150072693825
sample_14,12347,25600,253127.5,8373242.5,0.024016739800572395,0.007097615860402584
sample_14,12347,25601,253137.5,8373242.5,0.017297010868787766,0.0051901317201554775
sample_14,12347,25602,253147.5,8373242.5,0.018341034650802612,0.004049083683639765
sample_14,12347,25603,253157.5,8373242.5,0.03261283040046692,0.005661576986312866
sample_14,12347,25604,253167.5,8373242.5,0.021313738077878952,0.0012732972390949726
sample_14,12348,25585,252977.5,8373232.5,0.010573331266641617,0.003759166458621621
sample_14,12348,25586,252987.5,8373232.5,0.014158615842461586,0.006288450211286545
sample_14,12348,25587,252997.5,8373232.5,0.014287548139691353,0.0023790239356458187
sample_14,12348,25588,253007.5,8373232.5,0.010615275241434574,0.007716201711446047
sample_14,12348,25589,253017.5,8373232.5,0.03226424753665924,0.005039579700678587
sample_14,12348,25590,253027.5,8373232.5,0.03284672275185585,0.0013915210729464889
sample_14,12348,25591,253037.5,8373232.5,0.011779715307056904,0.002152953064069152
sample_14,12348,25592,253047.5,8373232.5,0.04914557933807373,0.0027068224735558033
sample_14,12348,25593,253057.5,8373232.5,0.031002042815089226,0.004892585799098015
sample_14,12348,25594,253067.5,8373232.5,0.023759078234434128,0.003811452304944396
sample_14,12348,25595,253077.5,8373232.5,0.012160176411271095,0.00275146821513772
sample_14,12348,25596,253087.5,8373232.5,0.06557903438806534,0.0008719150209799409
sample_14,12348,25597,253097.5,8373232.5,0.01668139174580574,0.006251483224332333
sample_14,12348,25598,253107.5,8373232.5,0.03843765705823898,0.00707085058093071
sample_14,12348,25599,253117.5,8373232.5,0.018866464495658875,0.004536479711532593
sample_14,12348,25600,253127.5,8373232.5,0.03618209809064865,0.0036418959498405457
sample_14,12348,25601,253137.5,8373232.5,0.009325158782303333,0.015709752216935158
sample_14,12348,25602,253147.5,8373232.5,0.037356242537498474,0.0035762072075158358
sample_14,12348,25603,253157.5,8373232.5,0.017499497160315514,0.004607576411217451
sample_14,12348,25604,253167.5,8373232.5,0.00779214920476079,0.00796760618686676
sample_14,12349,25585,252977.5,8373222.5,0.007267995737493038,0.005860188510268927
sample_14,12349,25586,252987.5,8373222.5,0.02539093792438507,0.0029520634561777115
sample_14,12349,25587,252997.5,8373222.5,0.015239499509334564,0.005406540352851152
sample_14,12349,25588,253007.5,8373222.5,0.0057174148969352245,0.00354799279011786
sample_14,12349,25589,253017.5,8373222.5,0.01900641620159149,0.004115500021725893
sample_14,12349,25590,253027.5,8373222.5,0.030269429087638855,0.0007613975903950632
sample_14,12349,25591,253037.5,8373222.5,0.022413834929466248,0.00998899806290865
sample_14,12349,25592,253047.5,8373222.5,0.03203388303518295,0.0033927112817764282
sample_14,12349,25593,253057.5,8373222.5,0.024305840954184532,0.0055327704176306725
sample_14,12349,25594,253067.5,8373222.5,0.012636179104447365,0.001765953958965838
sample_14,12349,25595,253077.5,8373222.5,0.01980404555797577,0.0027268424164503813
sample_14,12349,25596,253087.5,8373222.5,0.009088304825127125,0.002145234728232026
sample_14,12349,25597,253097.5,8373222.5,0.043290428817272186,0.0048623583279550076
sample_14,12349,25598,253107.5,8373222.5,0.022378411144018173,0.00446577463299036
sample_14,12349,25599,253117.5,8373222.5,0.009106958284974098,0.008674434386193752
sample_14,12349,25600,253127.5,8373222.5,0.020683560520410538,0.0027240898925811052
sample_14,12349,25601,253137.5,8373222.5,0.01364001352339983,0.004298404790461063
sample_14,12349,25602,253147.5,8373222.5,0.025937575846910477,0.0025631373282521963
sample_14,12349,25603,253157.5,8373222.5,0.015813862904906273,0.009114219807088375
sample_14,12349,25604,253167.5,8373222.5,0.021819686517119408,0.004033172968775034
sample_14,12350,25585,252977.5,8373212.5,0.01920134574174881,0.001899426686577499
sample_14,12350,25586,252987.5,8373212.5,0.037266235798597336,0.0010190261527895927
sample_14,12350,25587,252997.5,8373212.5,0.018840545788407326,0.0019627867732197046
sample_14,12350,25588,253007.5,8373212.5,0.029779601842164993,0.0019507319666445255
sample_14,12350,25589,253017.5,8373212.5,0.01660154014825821,0.005809357389807701
sample_14,12350,25590,253027.5,8373212.5,0.0401417538523674,0.0023630561772733927
sample_14,12350,25591,253037.5,8373212.5,0.018827153369784355,0.010474872775375843
sample_14,12350,25592,253047.5,8373212.5,0.010495459660887718,0.0036524049937725067
sample_14,12350,25593,253057.5,8373212.5,0.020878255367279053,0.003033807734027505
sample_14,12350,25594,253067.5,8373212.5,0.045834943652153015,0.002647647401317954
sample_14,12350,25595,253077.5,8373212.5,0.027399644255638123,0.003309566993266344
sample_14,12350,25596,253087.5,8373212.5,0.060217492282390594,0.0024701061192899942
sample_14,12350,25597,253097.5,8373212.5,0.03588639944791794,0.00349721172824502
sample_14,12350,25598,253107.5,8373212.5,0.03066926822066307,0.007993451319634914
sample_14,12350,25599,253117.5,8373212.5,0.028489619493484497,0.0052526905201375484
sample_14,12350,25600,253127.5,8373212.5,0.012546133249998093,0.004494452849030495
sample_14,12350,25601,253137.5,8373212.5,0.045898500829935074,0.009234669618308544
sample_14,12350,25602,253147.5,8373212.5,0.025637302547693253,0.0032450039871037006
sample_14,12350,25603,253157.5,8373212.5,0.009273509494960308,0.0014871436869725585
sample_14,12350,25604,253167.5,8373212.5,0.02753065899014473,0.0070778727531433105
sample_14,12351,25585,252977.5,8373202.5,0.009276733733713627,0.003796819131821394
sample_14,12351,25586,252987.5,8373202.5,0.012625500559806824,0.006111420691013336
sample_14,12351,25587,252997.5,8373202.5,0.032745540142059326,0.004552477039396763
sample_14,12351,25588,253007.5,8373202.5,0.027222543954849243,0.004050742834806442
sample_14,12351,25589,253017.5,8373202.5,0.035951633006334305,0.0030842297710478306
sample_14,12351,25590,253027.5,8373202.5,0.04149835929274559,0.0028589782305061817
sample_14,12351,25591,253037.5,8373202.5,0.011380884796380997,0.004112630151212215
sample_14,12351,25592,253047.5,8373202.5,0.019059069454669952,0.00280067790299654
sample_14,12351,25593,253057.5,8373202.5,0.010743740946054459,0.0048403264954686165
sample_14,12351,25594,253067.5,8373202.5,0.011049304157495499,0.006255594082176685
sample_14,12351,25595,253077.5,8373202.5,0.03444838896393776,0.0059996177442371845
sample_14,12351,25596,253087.5,8373202.5,0.04420069605112076,0.0043515912257134914
sample_14,12351,25597,253097.5,8373202.5,0.04307377710938454,0.0019487363751977682
sample_14,12351,25598,253107.5,8373202.5,0.007346320431679487,0.004139304161071777
sample_14,12351,25599,253117.5,8373202.5,0.005760067142546177,0.005471386946737766
sample_14,12351,25600,253127.5,8373202.5,0.030844952911138535,0.004724874161183834
sample_14,12351,25601,253137.5,8373202.5,0.014906701631844044,0.0019449051469564438
sample_14,12351,25602,253147.5,8373202.5,0.06429021060466766,0.0031773680821061134
sample_14,12351,25603,253157.5,8373202.5,0.0275175329297781,0.0016882541822269559
sample_14,12351,25604,253167.5,8373202.5,0.01459021307528019,0.0021086412016302347
sample_14,12352,25585,252977.5,8373192.5,0.020999401807785034,0.003946954384446144
sample_14,12352,25586,252987.5,8373192.5,0.03135785460472107,0.002517741871997714
sample_14,12352,25587,252997.5,8373192.5,0.0123416967689991,0.005284860730171204
sample_14,12352,25588,253007.5,8373192.5,0.02260676957666874,0.0007056605536490679
sample_14,12352,25589,253017.5,8373192.5,0.02921862155199051,0.00719138327986002
sample_14,12352,25590,253027.5,8373192.5,0.01877617835998535,0.011600765399634838
sample_14,12352,25591,253037.5,8373192.5,0.021382227540016174,0.004823479801416397
sample_14,12352,25592,253047.5,8373192.5,0.014074217528104782,0.01305960863828659
sample_14,12352,25593,253057.5,8373192.5,0.03869498521089554,0.005543849430978298
sample_14,12352,25594,253067.5,8373192.5,0.02587137743830681,0.0014635914703831077
sample_14,12352,25595,253077.5,8373192.5,0.01827968657016754,0.0066412100568413734
sample_14,12352,25596,253087.5,8373192.5,0.006789933890104294,0.007776031270623207
sample_14,12352,25597,253097.5,8373192.5,0.014281146228313446,0.008844612166285515
sample_14,12352,25598,253107.5,8373192.5,0.012059058994054794,0.005036521703004837
sample_14,12352,25599,253117.5,8373192.5,0.009178601205348969,0.005205624736845493
sample_14,12352,25600,253127.5,8373192.5,0.014251808635890484,0.006974768824875355
sample_14,12352,25601,253137.5,8373192.5,0.0076475017704069614,0.002816971158608794
sample_14,12352,25602,253147.5,8373192.5,0.029230576008558273,0.0019406410865485668
sample_14,12352,25603,253157.5,8373192.5,0.018778279423713684,0.006253210827708244
sample_14,12352,25604,253167.5,8373192.5,0.02323254942893982,0.003160234773531556
sample_14,12353,25585,252977.5,8373182.5,0.015674524009227753,0.002515507861971855
sample_14,12353,25586,252987.5,8373182.5,0.023235756903886795,0.003986368887126446
sample_14,12353,25587,252997.5,8373182.5,0.033951859921216965,0.002188905607908964
sample_14,12353,25588,253007.5,8373182.5,0.021267449483275414,0.002372985938563943
sample_14,12353,25589,253017.5,8373182.5,0.018092673271894455,0.007793840020895004
sample_14,12353,25590,253027.5,8373182.5,0.00935322791337967,0.002895783632993698
sample_14,12353,25591,253037.5,8373182.5,0.006052426993846893,0.0028971268329769373
sample_14,12353,25592,253047.5,8373182.5,0.054506875574588776,0.002040241379290819
sample_14,12353,25593,253057.5,8373182.5,0.009034215472638607,0.0017003922257572412
sample_14,12353,25594,253067.5,8373182.5,0.0698104202747345,0.008091717958450317
sample_14,12353,25595,253077.5,8373182.5,0.015939343720674515,0.004144447855651379
sample_14,12353,25596,253087.5,8373182.5,0.024158313870429993,0.003338491776958108
sample_14,12353,25597,253097.5,8373182.5,0.012581412680447102,0.005852989852428436
sample_14,12353,25598,253107.5,8373182.5,0.03840377926826477,0.007215138990432024
sample_14,12353,25599,253117.5,8373182.5,0.005632744636386633,0.00249123084358871
sample_14,12353,25600,253127.5,8373182.5,0.012630382552742958,0.0017670467495918274
sample_14,12353,25601,253137.5,8373182.5,0.015059257857501507,0.012152041308581829
sample_14,12353,25602,253147.5,8373182.5,0.006930561736226082,0.004267276264727116
sample_14,12353,25603,253157.5,8373182.5,0.023549877107143402,0.007228749804198742
sample_14,12353,25604,253167.5,8373182.5,0.03753077983856201,0.004282815847545862
sample_14,12354,25585,252977.5,8373172.5,0.02881188876926899,0.00234866701066494
sample_14,12354,25586,252987.5,8373172.5,0.023228639736771584,0.00303243868984282
sample_14,12354,25587,252997.5,8373172.5,0.01589018478989601,0.0050176288932561874
sample_14,12354,25588,253007.5,8373172.5,0.0057845572009682655,0.006596253719180822
sample_14,12354,25589,253017.5,8373172.5,0.015877854079008102,0.0020425859838724136
sample_14,12354,25590,253027.5,8373172.5,0.017663512378931046,0.0050651091150939465
sample_14,12354,25591,253037.5,8373172.5,0.01659547910094261,0.0058963787741959095
sample_14,12354,25592,253047.5,8373172.5,0.01132721547037363,0.003519183723255992
sample_14,12354,25593,253057.5,8373172.5,0.010668604634702206,0.002588878618553281
sample_14,12354,25594,253067.5,8373172.5,0.03052179515361786,0.0033731115981936455
sample_14,12354,25595,253077.5,8373172.5,0.028274022042751312,0.008928511291742325
sample_14,12354,25596,253087.5,8373172.5,0.02185182273387909,0.0021218275651335716
sample_14,12354,25597,253097.5,8373172.5,0.027631932869553566,0.0023927476722747087
sample_14,12354,25598,253107.5,8373172.5,0.024869805201888084,0.0033470105845481157
sample_14,12354,25599,253117.5,8373172.5,0.019920624792575836,0.0014697799924761057
sample_14,12354,25600,253127.5,8373172.5,0.032405078411102295,0.007471938617527485
sample_14,12354,25601,253137.5,8373172.5,0.03283046931028366,0.003889799118041992
sample_14,12354,25602,253147.5,8373172.5,0.01687619835138321,0.004608149640262127
sample_14,12354,25603,253157.5,8373172.5,0.05882462114095688,0.0047634197399020195
sample_14,12354,25604,253167.5,8373172.5,0.043394722044467926,0.004770082887262106
sample_14,12355,25585,252977.5,8373162.5,0.019074508920311928,0.00577290914952755
sample_14,12355,25586,252987.5,8373162.5,0.009691869840025902,0.0012919395230710506
sample_14,12355,25587,252997.5,8373162.5,0.011031093075871468,0.004740312695503235
sample_14,12355,25588,253007.5,8373162.5,0.024541223421692848,0.003184125293046236
sample_14,12355,25589,253017.5,8373162.5,0.01589931733906269,0.008546296507120132
sample_14,12355,25590,253027.5,8373162.5,0.02027115225791931,0.007885907776653767
sample_14,12355,25591,253037.5,8373162.5,0.008939114399254322,0.001373605104163289
sample_14,12355,25592,253047.5,8373162.5,0.018891165032982826,0.001151661854237318
sample_14,12355,25593,253057.5,8373162.5,0.034368522465229034,0.008727404288947582
sample_14,12355,25594,253067.5,8373162.5,0.020130658522248268,0.007610585540533066
sample_14,12355,25595,253077.5,8373162.5,0.04216747358441353,0.008102799765765667
sample_14,12355,25596,253087.5,8373162.5,0.03352070972323418,0.0017180760623887181
sample_14,12355,25597,253097.5,8373162.5,0.012797391042113304,0.0024341228418052197
sample_14,12355,25598,253107.5,8373162.5,0.008816768415272236,0.0018099676817655563
sample_14,12355,25599,253117.5,8373162.5,0.015027739107608795,0.007642020471394062
sample_14,12355,25600,253127.5,8373162.5,0.006688800640404224,0.0038290643133223057
sample_14,12355,25601,253137.5,8373162.5,0.008218508213758469,0.0012921770103275776
sample_14,12355,25602,253147.5,8373162.5,0.007134296931326389,0.0048047080636024475
sample_14,12355,25603,253157.5,8373162.5,0.02641439624130726,0.0023109973408281803
sample_14,12355,25604,253167.5,8373162.5,0.018285175785422325,0.003152448683977127
sample_14,12356,25585,252977.5,8373152.5,0.0038159312680363655,0.0033676442690193653
sample_14,12356,25586,252987.5,8373152.5,0.010371650569140911,0.004061943851411343
sample_14,12356,25587,252997.5,8373152.5,0.012087362818419933,0.008829846046864986
sample_14,12356,25588,253007.5,8373152.5,0.03608345240354538,0.008003093302249908
sample_14,12356,25589,253017.5,8373152.5,0.012793474830687046,0.00253059109672904
sample_14,12356,25590,253027.5,8373152.5,0.0162512194365263,0.00675221998244524
sample_14,12356,25591,253037.5,8373152.5,0.018833259120583534,0.0017463511321693659
sample_14,12356,25592,253047.5,8373152.5,0.011242865584790707,0.006532909348607063
sample_14,12356,25593,253057.5,8373152.5,0.014784444123506546,0.005986266769468784
sample_14,12356,25594,253067.5,8373152.5,0.021373100578784943,0.006622609682381153
sample_14,12356,25595,253077.5,8373152.5,0.01864483207464218,0.00327547756023705
sample_14,12356,25596,253087.5,8373152.5,0.011271901428699493,0.009078619070351124
sample_14,12356,25597,253097.5,8373152.5,0.015636999160051346,0.0032766717486083508
sample_14,12356,25598,253107.5,8373152.5,0.0039396462962031364,0.013537590391933918
sample_14,12356,25599,253117.5,8373152.5,0.01161870639771223,0.005384848453104496
sample_14,12356,25600,253127.5,8373152.5,0.029664378613233566,0.002583038993179798
sample_14,12356,25601,253137.5,8373152.5,0.005044799298048019,0.0051108431071043015
sample_14,12356,25602,253147.5,8373152.5,0.028522823005914688,0.005347574595361948
sample_14,12356,25603,253157.5,8373152.5,0.01791379787027836,0.003841988742351532
sample_14,12356,25604,253167.5,8373152.5,0.026144176721572876,0.0031748483888804913
sample_15,24064,19717,194297.5,8256072.5,0.009877155534923077,0.012476150877773762
sample_15,24064,19718,194307.5,8256072.5,0.012276056222617626,0.006853682454675436
sample_15,24064,19719,194317.5,8256072.5,0.020556865260004997,0.005880667828023434
sample_15,24064,19720,194327.5,8256072.5,0.01792704127728939,0.006582086905837059
sample_15,24064,19721,194337.5,8256072.5,0.020655442029237747,0.007408244535326958
sample_15,24064,19722,194347.5,8256072.5,0.01510693971067667,0.0023692415561527014
sample_15,24064,19723,194357.5,8256072.5,0.030824368819594383,0.0033177374862134457
sample_15,24064,19724,194367.5,8256072.5,0.01871425099670887,0.0075181154534220695
sample_15,24064,19725,194377.5,8256072.5,0.01942320726811886,0.003168740076944232
sample_15,24064,19726,194387.5,8256072.5,0.006740711163729429,0.0008855329942889512
sample_15,24065,19708,194207.5,8256062.5,0.017659015953540802,0.0038582622073590755
sample_15,24065,19709,194217.5,8256062.5,0.015813857316970825,0.004157917108386755
sample_15,24065,19710,194227.5,8256062.5,0.012696383520960808,0.008480062708258629
sample_15,24065,19711,194237.5,8256062.5,0.03552643209695816,0.00527089461684227
sample_15,24065,19712,194247.5,8256062.5,0.013508187606930733,0.007229653652757406
sample_15,24065,19713,194257.5,8256062.5,0.020048867911100388,0.006099969148635864
sample_15,24065,19714,194267.5,8256062.5,0.013448948040604591,0.010497108101844788
sample_15,24065,19715,194277.5,8256062.5,0.01937738060951233,0.009783538058400154
sample_15,24065,19716,194287.5,8256062.5,0.027187421917915344,0.0028359084390103817
sample_15,24065,19717,194297.5,8256062.5,0.019045203924179077,0.004408346954733133
sample_15,24065,19718,194307.5,8256062.5,0.02115269936621189,0.006555226631462574
sample_15,24065,19719,194317.5,8256062.5,0.02410089783370495,0.0023948214948177338
sample_15,24065,19720,194327.5,8256062.5,0.034776486456394196,0.005021581891924143
sample_15,24065,19721,194337.5,8256062.5,0.031247559934854507,0.007631673011928797
sample_15,24065,19722,194347.5,8256062.5,0.01133673544973135,0.01157199963927269
sample_15,24065,19723,194357.5,8256062.5,0.00996648333966732,0.011077883653342724
sample_15,24065,19724,194367.5,8256062.5,0.008672485128045082,0.00352670275606215
sample_15,24065,19725,194377.5,8256062.5,0.0041774059645831585,0.00279502896592021
sample_15,24065,19726,194387.5,8256062.5,0.02712932974100113,0.003071613609790802
sample_15,24066,19708,194207.5,8256052.5,0.014245443977415562,0.0037241356913000345
sample_15,24066,19709,194217.5,8256052.5,0.007998322136700153,0.0069252727553248405
sample_15,24066,19710,194227.5,8256052.5,0.013815243728458881,0.001599056413397193
sample_15,24066,19711,194237.5,8256052.5,0.012931707315146923,0.0010928980773314834
sample_15,24066,19712,194247.5,8256052.5,0.03140376880764961,0.0038755687419325113
sample_15,24066,19713,194257.5,8256052.5,0.024790242314338684,0.009901310317218304
sample_15,24066,19714,194267.5,8256052.5,0.009355885908007622,0.0044525545090436935
sample_15,24066,19715,194277.5,8256052.5,0.03970934823155403,0.008812458254396915
sample_15,24066,19716,194287.5,8256052.5,0.016657333821058273,0.0028776279650628567
sample_15,24066,19717,194297.5,8256052.5,0.01244361512362957,0.002907170681282878
sample_15,24066,19718,194307.5,8256052.5,0.005762194748967886,0.005995717830955982
sample_15,24066,19719,194317.5,8256052.5,0.017478609457612038,0.015137183479964733
sample_15,24066,19720,194327.5,8256052.5,0.014376936480402946,0.011406604200601578
sample_15,24066,19721,194337.5,8256052.5,0.014972076751291752,0.00564609607681632
sample_15,24066,19722,194347.5,8256052.5,0.03153923898935318,0.004138406831771135
sample_15,24066,19723,194357.5,8256052.5,0.024260813370347023,0.006495202891528606
sample_15,24066,19724,194367.5,8256052.5,0.016589272767305374,0.00555499829351902
sample_15,24066,19725,194377.5,8256052.5,0.009449749253690243,0.009845768101513386
sample_15,24066,19726,194387.5,8256052.5,0.02128574065864086,0.00783669576048851
sample_15,24067,19708,194207.5,8256042.5,0.018219806253910065,0.003595891408622265
sample_15,24067,19709,194217.5,8256042.5,0.03454427048563957,0.009870906360447407
sample_15,24067,19710,194227.5,8256042.5,0.02495584264397621,0.005446752067655325
sample_15,24067,19711,194237.5,8256042.5,0.013574108481407166,0.007975710555911064
sample_15,24067,19712,194247.5,8256042.5,0.011758190579712391,0.0065132081508636475
sample_15,24067,19713,194257.5,8256042.5,0.03997456282377243,0.005778411403298378
sample_15,24067,19714,194267.5,8256042.5,0.022651538252830505,0.002380221616476774
sample_15,24067,19715,194277.5,8256042.5,0.023411165922880173,0.004065101034939289
sample_15,24067,19716,194287.5,8256042.5,0.007749172858893871,0.007166699040681124
sample_15,24067,19717,194297.5,8256042.5,0.008546101860702038,0.013461262919008732
sample_15,24067,19718,194307.5,8256042.5,0.035288140177726746,0.009650882333517075
sample_15,24067,19719,194317.5,8256042.5,0.02508736588060856,0.007746492512524128
sample_15,24067,19720,194327.5,8256042.5,0.002226652577519417,0.006546031683683395
sample_15,24067,19721,194337.5,8256042.5,0.017423339188098907,0.0031107203103601933
sample_15,24067,19722,194347.5,8256042.5,0.007284093182533979,0.00352838053368032
sample_15,24067,19723,194357.5,8256042.5,0.018091291189193726,0.008877240121364594
sample_15,24067,19724,194367.5,8256042.5,0.03395678848028183,0.006768486928194761
sample_15,24067,19725,194377.5,8256042.5,0.013791912235319614,0.009850726462900639
sample_15,24067,19726,194387.5,8256042.5,0.030031822621822357,0.012592286802828312
sample_15,24068,19708,194207.5,8256032.5,0.014847779646515846,0.00346630928106606
sample_15,24068,19709,194217.5,8256032.5,0.04217416048049927,0.004483334254473448
sample_15,24068,19710,194227.5,8256032.5,0.011045701801776886,0.006088364869356155
sample_15,24068,19711,194237.5,8256032.5,0.01237011794000864,0.0031939882319420576
sample_15,24068,19712,194247.5,8256032.5,0.004872101359069347,0.006109871901571751
sample_15,24068,19713,194257.5,8256032.5,0.02636289782822132,0.0020641274750232697
sample_15,24068,19714,194267.5,8256032.5,0.022792674601078033,0.004732880275696516
sample_15,24068,19715,194277.5,8256032.5,0.01576467975974083,0.00213752593845129
sample_15,24068,19716,194287.5,8256032.5,0.006621852517127991,0.005554914008826017
sample_15,24068,19717,194297.5,8256032.5,0.021254610270261765,0.011648792773485184
sample_15,24068,19718,194307.5,8256032.5,0.01126355305314064,0.004160773940384388
sample_15,24068,19719,194317.5,8256032.5,0.025918295606970787,0.00416136346757412
sample_15,24068,19720,194327.5,8256032.5,0.030946966260671616,0.004017014987766743
sample_15,24068,19721,194337.5,8256032.5,0.015943607315421104,0.01443239115178585
sample_15,24068,19722,194347.5,8256032.5,0.009725184179842472,0.010525129735469818
sample_15,24068,19723,194357.5,8256032.5,0.01573343575000763,0.003192853182554245
sample_15,24068,19724,194367.5,8256032.5,0.015116033144295216,0.005903811194002628
sample_15,24068,19725,194377.5,8256032.5,0.023338396102190018,0.0065991440787911415
sample_15,24068,19726,194387.5,8256032.5,0.02982882596552372,0.0019227873999625444
sample_15,24069,19708,194207.5,8256022.5,0.015387004241347313,0.00523229967802763
sample_15,24069,19709,194217.5,8256022.5,0.013541352935135365,0.002837742678821087
sample_15,24069,19710,194227.5,8256022.5,0.006320524029433727,0.008003626018762589
sample_15,24069,19711,194237.5,8256022.5,0.007241331040859222,0.005939990282058716
sample_15,24069,19712,194247.5,8256022.5,0.012394859455525875,0.0018090136582031846
sample_15,24069,19713,194257.5,8256022.5,0.0026496369391679764,0.003831086680293083
sample_15,24069,19714,194267.5,8256022.5,0.014314551837742329,0.0023030810989439487
sample_15,24069,19715,194277.5,8256022.5,0.014060582034289837,0.001638838555663824
sample_15,24069,19716,194287.5,8256022.5,0.007849755696952343,0.0064481329172849655
sample_15,24069,19717,194297.5,8256022.5,0.013583572581410408,0.003807581029832363
sample_15,24069,19718,194307.5,8256022.5,0.03189537301659584,0.006474869791418314
sample_15,24069,19719,194317.5,8256022.5,0.035441040992736816,0.008489415980875492
sample_15,24069,19720,194327.5,8256022.5,0.01124137919396162,0.005508842412382364
sample_15,24069,19721,194337.5,8256022.5,0.023908980190753937,0.005300368182361126
sample_15,24069,19722,194347.5,8256022.5,0.0037680293899029493,0.006980980280786753
sample_15,24069,19723,194357.5,8256022.5,0.020073302090168,0.003718089545145631
sample_15,24069,19724,194367.5,8256022.5,0.009332209825515747,0.0037978715263307095
sample_15,24069,19725,194377.5,8256022.5,0.01000878494232893,0.00849007535725832
sample_15,24069,19726,194387.5,8256022.5,0.01351148821413517,0.007360168267041445
sample_15,24070,19708,194207.5,8256012.5,0.0065268101170659065,0.010111134499311447
sample_15,24070,19709,194217.5,8256012.5,0.037066053599119186,0.0034232563339173794
sample_15,24070,19710,194227.5,8256012.5,0.027888251468539238,0.0054111173376441
sample_15,24070,19711,194237.5,8256012.5,0.01348443329334259,0.014925895258784294
sample_15,24070,19712,194247.5,8256012.5,0.02014886401593685,0.011460003443062305
sample_15,24070,19713,194257.5,8256012.5,0.025090787559747696,0.004630648531019688
sample_15,24070,19714,194267.5,8256012.5,0.03265412151813507,0.006765270605683327
sample_15,24070,19715,194277.5,8256012.5,0.005950071848928928,0.011992478743195534
sample_15,24070,19716,194287.5,8256012.5,0.028551986441016197,0.010800804011523724
sample_15,24070,19717,194297.5,8256012.5,0.011600414291024208,0.006592145189642906
sample_15,24070,19718,194307.5,8256012.5,0.012137951329350471,0.010066020302474499
sample_15,24070,19719,194317.5,8256012.5,0.0062447600066661835,0.004521486349403858
sample_15,24070,19720,194327.5,8256012.5,0.013429530896246433,0.0067233676090836525
sample_15,24070,19721,194337.5,8256012.5,0.02962244674563408,0.011021382175385952
sample_15,24070,19722,194347.5,8256012.5,0.010473753325641155,0.008533583022654057
sample_15,24070,19723,194357.5,8256012.5,0.007746873889118433,0.0032186175230890512
sample_15,24070,19724,194367.5,8256012.5,0.011573893949389458,0.00489058718085289
sample_15,24070,19725,194377.5,8256012.5,0.02811829000711441,0.005810190457850695
sample_15,24070,19726,194387.5,8256012.5,0.02371879294514656,0.0072779725305736065
sample_15,24071,19708,194207.5,8256002.5,0.025453655049204826,0.0070126173086464405
sample_15,24071,19709,194217.5,8256002.5,0.027556853368878365,0.0030748515855520964
sample_15,24071,19710,194227.5,8256002.5,0.011113764718174934,0.008279836736619473
sample_15,24071,19711,194237.5,8256002.5,0.005709335207939148,0.0031652478501200676
sample_15,24071,19712,194247.5,8256002.5,0.032880134880542755,0.008691991679370403
sample_15,24071,19713,194257.5,8256002.5,0.022123299539089203,0.007998969405889511
sample_15,24071,19714,194267.5,8256002.5,0.013050566427409649,0.005065659061074257
sample_15,24071,19715,194277.5,8256002.5,0.011620666831731796,0.005510542541742325
sample_15,24071,19716,194287.5,8256002.5,0.03397003188729286,0.01192566566169262
sample_15,24071,19717,194297.5,8256002.5,0.027316030114889145,0.0021057389676570892
sample_15,24071,19718,194307.5,8256002.5,0.025226419791579247,0.007269087713211775
sample_15,24071,19719,194317.5,8256002.5,0.0159074105322361,0.0016350741498172283
sample_15,24071,19720,194327.5,8256002.5,0.03998953104019165,0.002461413387209177
sample_15,24071,19721,194337.5,8256002.5,0.029490258544683456,0.004072325304150581
sample_15,24071,19722,194347.5,8256002.5,0.03241295740008354,0.006356739439070225
sample_15,24071,19723,194357.5,8256002.5,0.016188036650419235,0.0057786861434578896
sample_15,24071,19724,194367.5,8256002.5,0.007702481001615524,0.007802599109709263
sample_15,24071,19725,194377.5,8256002.5,0.006623458117246628,0.0030316822230815887
sample_15,24071,19726,194387.5,8256002.5,0.03824504464864731,0.0028781071305274963
sample_15,24072,19708,194207.5,8255992.5,0.008746054023504257,0.005792769603431225
sample_15,24072,19709,194217.5,8255992.5,0.004580816254019737,0.004144960083067417
sample_15,24072,19710,194227.5,8255992.5,0.014244725927710533,0.00838070921599865
sample_15,24072,19711,194237.5,8255992.5,0.03788205608725548,0.003922038711607456
sample_15,24072,19712,194247.5,8255992.5,0.012318394146859646,0.001894788583740592
sample_15,24072,19713,194257.5,8255992.5,0.015192991122603416,0.00969797931611538
sample_15,24072,19714,194267.5,8255992.5,0.01302944216877222,0.004464749712496996
sample_15,24072,19715,194277.5,8255992.5,0.007575975731015205,0.004399530589580536
sample_15,24072,19716,194287.5,8255992.5,0.015284489840269089,0.0040860166773200035
sample_15,24072,19717,194297.5,8255992.5,0.007979515008628368,0.005444585345685482
sample_15,24072,19718,194307.5,8255992.5,0.004317048937082291,0.0027535276021808386
sample_15,24072,19719,194317.5,8255992.5,0.04405566304922104,0.0014881158713251352
sample_15,24072,19720,194327.5,8255992.5,0.026732031255960464,0.007336427457630634
sample_15,24072,19721,194337.5,8255992.5,0.01111389696598053,0.007691851817071438
sample_15,24072,19722,194347.5,8255992.5,0.0275394469499588,0.0054443394765257835
sample_15,24072,19723,194357.5,8255992.5,0.019001655280590057,0.002686975058168173
sample_15,24072,19724,194367.5,8255992.5,0.012185242027044296,0.0019562779925763607
sample_15,24072,19725,194377.5,8255992.5,0.01030524168163538,0.002649518195539713
sample_15,24072,19726,194387.5,8255992.5,0.008954159915447235,0.010676261968910694
sample_15,24073,19708,194207.5,8255982.5,0.01719353161752224,0.007683401461690664
sample_15,24073,19709,194217.5,8255982.5,0.016929948702454567,0.005237828940153122
sample_15,24073,19710,194227.5,8255982.5,0.012674259953200817,0.007156861945986748
sample_15,24073,19711,194237.5,8255982.5,0.014869026839733124,0.005437243729829788
sample_15,24073,19712,194247.5,8255982.5,0.01010257937014103,0.012674654833972454
sample_15,24073,19713,194257.5,8255982.5,0.02277778461575508,0.001402167254127562
sample_15,24073,19714,194267.5,8255982.5,0.0331646166741848,0.003379885572940111
sample_15,24073,19715,194277.5,8255982.5,0.005797728896141052,0.011770142242312431
sample_15,24073,19716,194287.5,8255982.5,0.019237279891967773,0.004609657451510429
sample_15,24073,19717,194297.5,8255982.5,0.05309310555458069,0.002731426153331995
sample_15,24073,19718,194307.5,8255982.5,0.027157185599207878,0.004110538866370916
sample_15,24073,19719,194317.5,8255982.5,0.02188117615878582,0.005617104470729828
sample_15,24073,19720,194327.5,8255982.5,0.00758042186498642,0.00354401464574039
sample_15,24073,19721,194337.5,8255982.5,0.034928176552057266,0.004595494829118252
sample_15,24073,19722,194347.5,8255982.5,0.036714620888233185,0.010376477614045143
sample_15,24073,19723,194357.5,8255982.5,0.014336273074150085,0.0026741812471300364
sample_15,24073,19724,194367.5,8255982.5,0.01998917944729328,0.0036663280334323645
sample_15,24073,19725,194377.5,8255982.5,0.015137903392314911,0.004702429287135601
sample_15,24073,19726,194387.5,8255982.5,0.008600159548223019,0.0021974705159664154
sample_15,24074,19708,194207.5,8255972.5,0.018388012424111366,0.0039487844333052635
sample_15,24074,19709,194217.5,8255972.5,0.008736834861338139,0.004301847890019417
sample_15,24074,19710,194227.5,8255972.5,0.0072477576322853565,0.003664758987724781
sample_15,24074,19711,194237.5,8255972.5,0.027896011248230934,0.0041612558998167515
sample_15,24074,19712,194247.5,8255972.5,0.03122812695801258,0.004182572942227125
sample_15,24074,19713,194257.5,8255972.5,0.014065306633710861,0.007782742381095886
sample_15,24074,19714,194267.5,8255972.5,0.01031598448753357,0.004725684877485037
sample_15,24074,19715,194277.5,8255972.5,0.017065610736608505,0.003912691026926041
sample_15,24074,19716,194287.5,8255972.5,0.029308060184121132,0.006427699699997902
sample_15,24074,19717,194297.5,8255972.5,0.026843363419175148,0.0022225191351026297
sample_15,24074,19718,194307.5,8255972.5,0.0586131326854229,0.006963329389691353
sample_15,24074,19719,194317.5,8255972.5,0.01609322987496853,0.00518478499725461
sample_15,24074,19720,194327.5,8255972.5,0.027034487575292587,0.005591564811766148
sample_15,24074,19721,194337.5,8255972.5,0.03644761070609093,0.004909266252070665
sample_15,24074,19722,194347.5,8255972.5,0.024839486926794052,0.007315115071833134
sample_15,24074,19723,194357.5,8255972.5,0.017998194321990013,0.008327697403728962
sample_15,24074,19724,194367.5,8255972.5,0.011637972667813301,0.0038825778756290674
sample_15,24074,19725,194377.5,8255972.5,0.017269816249608994,0.01185581088066101
sample_15,24074,19726,194387.5,8255972.5,0.008901073597371578,0.00319552980363369
sample_15,24075,19708,194207.5,8255962.5,0.015150081366300583,0.008986173197627068
sample_15,24075,19709,194217.5,8255962.5,0.03564547002315521,0.008709888905286789
sample_15,24075,19710,194227.5,8255962.5,0.010154960677027702,0.004291222430765629
sample_15,24075,19711,194237.5,8255962.5,0.03036237694323063,0.002372003858909011
sample_15,24075,19712,194247.5,8255962.5,0.014801882207393646,0.0057210177183151245
sample_15,24075,19713,194257.5,8255962.5,0.041528619825839996,0.010514178313314915
sample_15,24075,19714,194267.5,8255962.5,0.021953726187348366,0.003868993604555726
sample_15,24075,19715,194277.5,8255962.5,0.024607358500361443,0.005520010832697153
sample_15,24075,19716,194287.5,8255962.5,0.0186221394687891,0.006806850433349609
sample_15,24075,19717,194297.5,8255962.5,0.01908588409423828,0.00413504196330905
sample_15,24075,19718,194307.5,8255962.5,0.03662946820259094,0.005365497898310423
sample_15,24075,19719,194317.5,8255962.5,0.0187138170003891,0.008065298199653625
sample_15,24075,19720,194327.5,8255962.5,0.026500841602683067,0.010519362986087799
sample_15,24075,19721,194337.5,8255962.5,0.02146333083510399,0.011219835840165615
sample_15,24075,19722,194347.5,8255962.5,0.02138984575867653,0.008536651730537415
sample_15,24075,19723,194357.5,8255962.5,0.01052936166524887,0.007438524626195431
sample_15,24075,19724,194367.5,8255962.5,0.01171303354203701,0.0032666295301169157
sample_15,24075,19725,194377.5,8255962.5,0.019569948315620422,0.006600061897188425
sample_15,24075,19726,194387.5,8255962.5,0.04917667433619499,0.002578136743977666
sample_15,24076,19708,194207.5,8255952.5,0.004611639305949211,0.005816258490085602
sample_15,24076,19709,194217.5,8255952.5,0.030642932280898094,0.003248323453590274
sample_15,24076,19710,194227.5,8255952.5,0.011641609482467175,0.0031058224849402905
sample_15,24076,19711,194237.5,8255952.5,0.003711857832968235,0.00405470235273242
sample_15,24076,19712,194247.5,8255952.5,0.009975865483283997,0.012315451167523861
sample_15,24076,19713,194257.5,8255952.5,0.028867527842521667,0.015300522558391094
sample_15,24076,19714,194267.5,8255952.5,0.018383145332336426,0.012883832678198814
sample_15,24076,19715,194277.5,8255952.5,0.023044388741254807,0.008609112352132797
sample_15,24076,19716,194287.5,8255952.5,0.015042844228446484,0.0027212444692850113
sample_15,24076,19717,194297.5,8255952.5,0.021564776077866554,0.004853243939578533
sample_15,24076,19718,194307.5,8255952.5,0.01946309022605419,0.014387132599949837
sample_15,24076,19719,194317.5,8255952.5,0.0070509761571884155,0.006041219923645258
sample_15,24076,19720,194327.5,8255952.5,0.00390630355104804,0.0012155660660937428
sample_15,24076,19721,194337.5,8255952.5,0.011667407117784023,0.005136068910360336
sample_15,24076,19722,194347.5,8255952.5,0.015806030482053757,0.002709498628973961
sample_15,24076,19723,194357.5,8255952.5,0.00712850596755743,0.005076548084616661
sample_15,24076,19724,194367.5,8255952.5,0.022987307980656624,0.0055101788602769375
sample_15,24076,19725,194377.5,8255952.5,0.01887674257159233,0.005374197848141193
sample_15,24076,19726,194387.5,8255952.5,0.019615547731518745,0.007363172248005867
sample_15,24077,19708,194207.5,8255942.5,0.026624495163559914,0.005085158161818981
sample_15,24077,19709,194217.5,8255942.5,0.056869033724069595,0.007485956884920597
sample_15,24077,19710,194227.5,8255942.5,0.012413381598889828,0.009716235101222992
sample_15,24077,19711,194237.5,8255942.5,0.017372632399201393,0.003490803297609091
sample_15,24077,19712,194247.5,8255942.5,0.01507694460451603,0.007972587831318378
sample_15,24077,19713,194257.5,8255942.5,0.011565318331122398,0.00924417283385992
sample_15,24077,19714,194267.5,8255942.5,0.014134171418845654,0.002721569035202265
sample_15,24077,19715,194277.5,8255942.5,0.025980154052376747,0.008645345456898212
sample_15,24077,19716,194287.5,8255942.5,0.011604569852352142,0.004544221330434084
sample_15,24077,19717,194297.5,8255942.5,0.02405289001762867,0.007346229162067175
sample_15,24077,19718,194307.5,8255942.5,0.00502515584230423,0.00706313643604517
sample_15,24077,19719,194317.5,8255942.5,0.00895693339407444,0.009701580740511417
sample_15,24077,19720,194327.5,8255942.5,0.022568557411432266,0.005514694843441248
sample_15,24077,19721,194337.5,8255942.5,0.009106552228331566,0.002463938668370247
sample_15,24077,19722,194347.5,8255942.5,0.043862950056791306,0.0039284611120820045
sample_15,24077,19723,194357.5,8255942.5,0.005881811026483774,0.01965177431702614
sample_15,24077,19724,194367.5,8255942.5,0.013466540724039078,0.003960317932069302
sample_15,24077,19725,194377.5,8255942.5,0.015438389033079147,0.0053651053458452225
sample_15,24077,19726,194387.5,8255942.5,0.015907922759652138,0.004797302186489105
sample_15,24078,19708,194207.5,8255932.5,0.013589601963758469,0.004738520830869675
sample_15,24078,19709,194217.5,8255932.5,0.01459437608718872,0.0072659943252801895
sample_15,24078,19710,194227.5,8255932.5,0.016441624611616135,0.002714039059355855
sample_15,24078,19711,194237.5,8255932.5,0.021357141435146332,0.011211971752345562
sample_15,24078,19712,194247.5,8255932.5,0.007368100807070732,0.0043173437006771564
sample_15,24078,19713,194257.5,8255932.5,0.008328347466886044,0.006368093192577362
sample_15,24078,19714,194267.5,8255932.5,0.011427903547883034,0.0068768528290092945
sample_15,24078,19715,194277.5,8255932.5,0.009996956214308739,0.014431919902563095
sample_15,24078,19716,194287.5,8255932.5,0.007831558585166931,0.0033310484141111374
sample_15,24078,19717,194297.5,8255932.5,0.01958451047539711,0.0028843097388744354
sample_15,24078,19718,194307.5,8255932.5,0.019185781478881836,0.008243195712566376
sample_15,24078,19719,194317.5,8255932.5,0.019293157383799553,0.0024333097971975803
sample_15,24078,19720,194327.5,8255932.5,0.03396864980459213,0.004209527745842934
sample_15,24078,19721,194337.5,8255932.5,0.0127155352383852,0.008087175898253918
sample_15,24078,19722,194347.5,8255932.5,0.0075263213366270065,0.006174993235617876
sample_15,24078,19723,194357.5,8255932.5,0.029001552611589432,0.004384315572679043
sample_15,24078,19724,194367.5,8255932.5,0.03192432224750519,0.011578235775232315
sample_15,24078,19725,194377.5,8255932.5,0.029725437983870506,0.005796302109956741
sample_15,24078,19726,194387.5,8255932.5,0.014050966128706932,0.0020371924620121717
sample_15,24079,19708,194207.5,8255922.5,0.021065689623355865,0.004824986681342125
sample_15,24079,19709,194217.5,8255922.5,0.026012469083070755,0.006243620999157429
sample_15,24079,19710,194227.5,8255922.5,0.02265988290309906,0.0042457180097699165
sample_15,24079,19711,194237.5,8255922.5,0.011060327291488647,0.0035138814710080624
sample_15,24079,19712,194247.5,8255922.5,0.016672689467668533,0.0023274258710443974
sample_15,24079,19713,194257.5,8255922.5,0.01590503752231598,0.010729806497693062
sample_15,24079,19714,194267.5,8255922.5,0.021276166662573814,0.004860703833401203
sample_15,24079,19715,194277.5,8255922.5,0.01879875361919403,0.007794762961566448
sample_15,24079,19716,194287.5,8255922.5,0.012589281424880028,0.006252899765968323
sample_15,24079,19717,194297.5,8255922.5,0.01816556602716446,0.004926065448671579
sample_15,24079,19718,194307.5,8255922.5,0.015679512172937393,0.0043568480759859085
sample_15,24079,19719,194317.5,8255922.5,0.008192205801606178,0.0054793287999928
sample_15,24079,19720,194327.5,8255922.5,0.02486063912510872,0.0037530800327658653
sample_15,24079,19721,194337.5,8255922.5,0.0112352529540658,0.007640005089342594
sample_15,24079,19722,194347.5,8255922.5,0.014448525384068489,0.004828251898288727
sample_15,24079,19723,194357.5,8255922.5,0.020605651661753654,0.0016980809159576893
sample_15,24079,19724,194367.5,8255922.5,0.022947747260332108,0.0060786837711930275
sample_15,24079,19725,194377.5,8255922.5,0.007049832493066788,0.007635842077434063
sample_15,24079,19726,194387.5,8255922.5,0.029693368822336197,0.00883442722260952
sample_16,23965,19988,197007.5,8257062.5,0.0075682662427425385,0.006359986495226622
sample_16,23965,19989,197017.5,8257062.5,0.02391323447227478,0.003308930667117238
sample_16,23965,19990,197027.5,8257062.5,0.014671700075268745,0.004365076776593924
sample_16,23965,19991,197037.5,8257062.5,0.01688269153237343,0.004859898705035448
sample_16,23965,19992,197047.5,8257062.5,0.0288531556725502,0.004738065414130688
sample_16,23965,19993,197057.5,8257062.5,0.046444207429885864,0.0025304274167865515
sample_16,23965,19994,197067.5,8257062.5,0.011814819648861885,0.004449927248060703
sample_16,23965,19995,197077.5,8257062.5,0.014950873330235481,0.007991454564034939
sample_16,23965,19996,197087.5,8257062.5,0.01982766017317772,0.00437086122110486
sample_16,23965,19997,197097.5,8257062.5,0.01748736761510372,0.0010854743886739016
sample_16,23965,19998,197107.5,8257062.5,0.005096289794892073,0.012626168318092823
sample_16,23966,19980,196927.5,8257052.5,0.03843081369996071,0.00946414191275835
sample_16,23966,19981,196937.5,8257052.5,0.033077094703912735,0.0051450952887535095
sample_16,23966,19982,196947.5,8257052.5,0.06627535820007324,0.006148667074739933
sample_16,23966,19983,196957.5,8257052.5,0.011346349492669106,0.010842526331543922
sample_16,23966,19984,196967.5,8257052.5,0.009896346367895603,0.002308047842234373
sample_16,23966,19985,196977.5,8257052.5,0.02951154112815857,0.010121311992406845
sample_16,23966,19986,196987.5,8257052.5,0.011782105080783367,0.0067113968543708324
sample_16,23966,19987,196997.5,8257052.5,0.010166694410145283,0.007496058475226164
sample_16,23966,19988,197007.5,8257052.5,0.010704572312533855,0.01513042114675045
sample_16,23966,19989,197017.5,8257052.5,0.03582795709371567,0.007678932044655085
sample_16,23966,19990,197027.5,8257052.5,0.013617921620607376,0.009560121223330498
sample_16,23966,19991,197037.5,8257052.5,0.01534740999341011,0.011460508219897747
sample_16,23966,19992,197047.5,8257052.5,0.01129679661244154,0.00572031456977129
sample_16,23966,19993,197057.5,8257052.5,0.009734995663166046,0.010008280165493488
sample_16,23966,19994,197067.5,8257052.5,0.025346320122480392,0.003475666744634509
sample_16,23966,19995,197077.5,8257052.5,0.010948711074888706,0.006962073501199484
sample_16,23966,19996,197087.5,8257052.5,0.021114572882652283,0.006427043117582798
sample_16,23966,19997,197097.5,8257052.5,0.031577643007040024,0.007303649093955755
sample_16,23966,19998,197107.5,8257052.5,0.008017662912607193,0.0061236172914505005
sample_16,23967,19980,196927.5,8257042.5,0.02743743173778057,0.005925847217440605
sample_16,23967,19981,196937.5,8257042.5,0.023498238995671272,0.00913776271045208
sample_16,23967,19982,196947.5,8257042.5,0.0040131439454853535,0.007290830835700035
sample_16,23967,19983,196957.5,8257042.5,0.01785157434642315,0.012483793310821056
sample_16,23967,19984,196967.5,8257042.5,0.0314842090010643,0.006551737431436777
sample_16,23967,19985,196977.5,8257042.5,0.010283714160323143,0.018665120005607605
sample_16,23967,19986,196987.5,8257042.5,0.030068475753068924,0.0022743535228073597
sample_16,23967,19987,196997.5,8257042.5,0.02210059203207493,0.0027902834117412567
sample_16,23967,19988,197007.5,8257042.5,0.019039839506149292,0.015836836770176888
sample_16,23967,19989,197017.5,8257042.5,0.03208218514919281,0.003509812755510211
sample_16,23967,19990,197027.5,8257042.5,0.022301165387034416,0.005184378009289503
sample_16,23967,19991,197037.5,8257042.5,0.01952878199517727,0.0036450172774493694
sample_16,23967,19992,197047.5,8257042.5,0.014360555447638035,0.005462741479277611
sample_16,23967,19993,197057.5,8257042.5,0.012246680445969105,0.017133720219135284
sample_16,23967,19994,197067.5,8257042.5,0.030381018295884132,0.00727102579548955
sample_16,23967,19995,197077.5,8257042.5,0.030842935666441917,0.0022288805339485407
sample_16,23967,19996,197087.5,8257042.5,0.015265405178070068,0.010949967429041862
sample_16,23967,19997,197097.5,8257042.5,0.011477167718112469,0.007152054458856583
sample_16,23967,19998,197107.5,8257042.5,0.0118370670825243,0.006717131473124027
sample_16,23968,19980,196927.5,8257032.5,0.020017612725496292,0.002807765267789364
sample_16,23968,19981,196937.5,8257032.5,0.010530208237469196,0.001791147398762405
sample_16,23968,19982,196947.5,8257032.5,0.02824561670422554,0.0014186822809278965
sample_16,23968,19983,196957.5,8257032.5,0.009696276858448982,0.012416647747159004
sample_16,23968,19984,196967.5,8257032.5,0.006816032342612743,0.01114200334995985
sample_16,23968,19985,196977.5,8257032.5,0.024248264729976654,0.0033000409603118896
sample_16,23968,19986,196987.5,8257032.5,0.03222505748271942,0.011151029728353024
sample_16,23968,19987,196997.5,8257032.5,0.006807078141719103,0.004155618138611317
sample_16,23968,19988,197007.5,8257032.5,0.022792555391788483,0.003001986537128687
sample_16,23968,19989,197017.5,8257032.5,0.03928317502140999,0.0037501342594623566
sample_16,23968,19990,197027.5,8257032.5,0.00643946835771203,0.002697173971682787
sample_16,23968,19991,197037.5,8257032.5,0.03046851046383381,0.010202059522271156
sample_16,23968,19992,197047.5,8257032.5,0.022815898060798645,0.005477447994053364
sample_16,23968,19993,197057.5,8257032.5,0.011202730238437653,0.001963018672540784
sample_16,23968,19994,197067.5,8257032.5,0.006828321143984795,0.008323797024786472
sample_16,23968,19995,197077.5,8257032.5,0.014721998944878578,0.005955541506409645
sample_16,23968,19996,197087.5,8257032.5,0.02275022491812706,0.005750975571572781
sample_16,23968,19997,197097.5,8257032.5,0.005056070163846016,0.01388192642480135
sample_16,23968,19998,197107.5,8257032.5,0.013138520531356335,0.008334623649716377
sample_16,23969,19980,196927.5,8257022.5,0.00690709101036191,0.0038773342967033386
sample_16,23969,19981,196937.5,8257022.5,0.016545608639717102,0.003821710590273142
sample_16,23969,19982,196947.5,8257022.5,0.027201667428016663,0.002307067159563303
sample_16,23969,19983,196957.5,8257022.5,0.05221562087535858,0.006449547596275806
sample_16,23969,19984,196967.5,8257022.5,0.03741903230547905,0.004377539269626141
sample_16,23969,19985,196977.5,8257022.5,0.009475401602685452,0.0078751090914011
sample_16,23969,19986,196987.5,8257022.5,0.018462132662534714,0.005049875937402248
sample_16,23969,19987,196997.5,8257022.5,0.020852264016866684,0.003674272447824478
sample_16,23969,19988,197007.5,8257022.5,0.01490618847310543,0.006397137884050608
sample_16,23969,19989,197017.5,8257022.5,0.030695708468556404,0.006774554029107094
sample_16,23969,19990,197027.5,8257022.5,0.009134157560765743,0.013564493507146835
sample_16,23969,19991,197037.5,8257022.5,0.00559115968644619,0.006383886560797691
sample_16,23969,19992,197047.5,8257022.5,0.006094826851040125,0.01102987490594387
sample_16,23969,19993,197057.5,8257022.5,0.018483277410268784,0.006251303479075432
sample_16,23969,19994,197067.5,8257022.5,0.013873977586627007,0.012592501938343048
sample_16,23969,19995,197077.5,8257022.5,0.018535032868385315,0.0034201524686068296
sample_16,23969,19996,197087.5,8257022.5,0.014879275113344193,0.0030109179206192493
sample_16,23969,19997,197097.5,8257022.5,0.004922477528452873,0.00565567659214139
sample_16,23969,19998,197107.5,8257022.5,0.012062611058354378,0.00916994921863079
sample_16,23970,19980,196927.5,8257012.5,0.022877246141433716,0.0037297869566828012
sample_16,23970,19981,196937.5,8257012.5,0.021275876089930534,0.005307157523930073
sample_16,23970,19982,196947.5,8257012.5,0.01917503960430622,0.001715896651148796
sample_16,23970,19983,196957.5,8257012.5,0.02880658209323883,0.0059995586052536964
sample_16,23970,19984,196967.5,8257012.5,0.013550386764109135,0.012186165899038315
sample_16,23970,19985,196977.5,8257012.5,0.012290331535041332,0.0033010579645633698
sample_16,23970,19986,196987.5,8257012.5,0.01935523748397827,0.0024294627364724874
sample_16,23970,19987,196997.5,8257012.5,0.011859964579343796,0.008065078407526016
sample_16,23970,19988,197007.5,8257012.5,0.015071183443069458,0.0011973134241998196
sample_16,23970,19989,197017.5,8257012.5,0.035086654126644135,0.005793137475848198
sample_16,23970,19990,197027.5,8257012.5,0.013443363830447197,0.007346530444920063
sample_16,23970,19991,197037.5,8257012.5,0.01154483761638403,0.008020048961043358
sample_16,23970,19992,197047.5,8257012.5,0.02391527034342289,0.0031425540801137686
sample_16,23970,19993,197057.5,8257012.5,0.011330390349030495,0.0032570648472756147
sample_16,23970,19994,197067.5,8257012.5,0.01530393585562706,0.001906985999085009
sample_16,23970,19995,197077.5,8257012.5,0.024929694831371307,0.005981385242193937
sample_16,23970,19996,197087.5,8257012.5,0.015205960720777512,0.0029972505290061235
sample_16,23970,19997,197097.5,8257012.5,0.02174939587712288,0.007709302473813295
sample_16,23970,19998,197107.5,8257012.5,0.02380554936826229,0.004940146580338478
sample_16,23971,19980,196927.5,8257002.5,0.02758783847093582,0.007391031831502914
sample_16,23971,19981,196937.5,8257002.5,0.04332875832915306,0.0045179640874266624
sample_16,23971,19982,196947.5,8257002.5,0.014228586107492447,0.002542447531595826
sample_16,23971,19983,196957.5,8257002.5,0.017269013449549675,0.0006471695378422737
sample_16,23971,19984,196967.5,8257002.5,0.0204111710190773,0.011820835992693901
sample_16,23971,19985,196977.5,8257002.5,0.007205663248896599,0.005757320672273636
sample_16,23971,19986,196987.5,8257002.5,0.023425929248332977,0.007356348447501659
sample_16,23971,19987,196997.5,8257002.5,0.017776332795619965,0.01107766106724739
sample_16,23971,19988,197007.5,8257002.5,0.011454050429165363,0.005352163687348366
sample_16,23971,19989,197017.5,8257002.5,0.03423275426030159,0.00930783711373806
sample_16,23971,19990,197027.5,8257002.5,0.0318935364484787,0.003912021871656179
sample_16,23971,19991,197037.5,8257002.5,0.00491753313690424,0.008449926041066647
sample_16,23971,19992,197047.5,8257002.5,0.013336178846657276,0.009397583082318306
sample_16,23971,19993,197057.5,8257002.5,0.008845378644764423,0.003437751904129982
sample_16,23971,19994,197067.5,8257002.5,0.02204052172601223,0.00862870179116726
sample_16,23971,19995,197077.5,8257002.5,0.009232109412550926,0.0024575558491051197
sample_16,23971,19996,197087.5,8257002.5,0.04093536362051964,0.004794235806912184
sample_16,23971,19997,197097.5,8257002.5,0.008019390515983105,0.004862118046730757
sample_16,23971,19998,197107.5,8257002.5,0.014640433713793755,0.0018400023691356182
sample_16,23972,19980,196927.5,8256992.5,0.014090245589613914,0.009531988762319088
sample_16,23972,19981,196937.5,8256992.5,0.02281414344906807,0.005893184337764978
sample_16,23972,19982,196947.5,8256992.5,0.019839538261294365,0.009609118103981018
sample_16,23972,19983,196957.5,8256992.5,0.019922995939850807,0.01779143139719963
sample_16,23972,19984,196967.5,8256992.5,0.026838473975658417,0.007361827418208122
sample_16,23972,19985,196977.5,8256992.5,0.03030240535736084,0.009051674976944923
sample_16,23972,19986,196987.5,8256992.5,0.06061723455786705,0.004422463942319155
sample_16,23972,19987,196997.5,8256992.5,0.02665937878191471,0.005297950468957424
sample_16,23972,19988,197007.5,8256992.5,0.05784675106406212,0.004154311493039131
sample_16,23972,19989,197017.5,8256992.5,0.02522411197423935,0.004860075656324625
sample_16,23972,19990,197027.5,8256992.5,0.039342787116765976,0.010852918028831482
sample_16,23972,19991,197037.5,8256992.5,0.035977933555841446,0.0038364091888070107
sample_16,23972,19992,197047.5,8256992.5,0.01007188018411398,0.011849654838442802
sample_16,23972,19993,197057.5,8256992.5,0.015852442011237144,0.0034734478686004877
sample_16,23972,19994,197067.5,8256992.5,0.012944693677127361,0.005796918645501137
sample_16,23972,19995,197077.5,8256992.5,0.021991707384586334,0.005974597297608852
sample_16,23972,19996,197087.5,8256992.5,0.03065507486462593,0.004605755675584078
sample_16,23972,19997,197097.5,8256992.5,0.02411273494362831,0.009081023745238781
sample_16,23972,19998,197107.5,8256992.5,0.01944923773407936,0.0046272422187030315
sample_16,23973,19980,196927.5,8256982.5,0.02972228080034256,0.010828894563019276
sample_16,23973,19981,196937.5,8256982.5,0.030145321041345596,0.007972088642418385
sample_16,23973,19982,196947.5,8256982.5,0.021345660090446472,0.002123892540112138
sample_16,23973,19983,196957.5,8256982.5,0.03495590761303902,0.0034352350048720837
sample_16,23973,19984,196967.5,8256982.5,0.02156202681362629,0.003807549364864826
sample_16,23973,19985,196977.5,8256982.5,0.021171320229768753,0.005466400645673275
sample_16,23973,19986,196987.5,8256982.5,0.011231937445700169,0.0011514293728396297
sample_16,23973,19987,196997.5,8256982.5,0.021530471742153168,0.00628978805616498
sample_16,23973,19988,197007.5,8256982.5,0.024435345083475113,0.007645602338016033
sample_16,23973,19989,197017.5,8256982.5,0.02594064734876156,0.003643261967226863
sample_16,23973,19990,197027.5,8256982.5,0.012124193832278252,0.004149835556745529
sample_16,23973,19991,197037.5,8256982.5,0.0281336922198534,0.0018669429700821638
sample_16,23973,19992,197047.5,8256982.5,0.03078390471637249,0.00705465255305171
sample_16,23973,19993,197057.5,8256982.5,0.05123218894004822,0.003605118254199624
sample_16,23973,19994,197067.5,8256982.5,0.02694585546851158,0.002517818473279476
sample_16,23973,19995,197077.5,8256982.5,0.024134820327162743,0.003976073581725359
sample_16,23973,19996,197087.5,8256982.5,0.0160764642059803,0.003420121967792511
sample_16,23973,19997,197097.5,8256982.5,0.016754113137722015,0.004931991454213858
sample_16,23973,19998,197107.5,8256982.5,0.0158479493111372,0.006371712777763605
sample_16,23974,19980,196927.5,8256972.5,0.017708273604512215,0.006290558725595474
sample_16,23974,19981,196937.5,8256972.5,0.006975717842578888,0.0063707465305924416
sample_16,23974,19982,196947.5,8256972.5,0.025441080331802368,0.005950315855443478
sample_16,23974,19983,196957.5,8256972.5,0.007518108934164047,0.0050618997775018215
sample_16,23974,19984,196967.5,8256972.5,0.007534608244895935,0.006947930436581373
sample_16,23974,19985,196977.5,8256972.5,0.014938934706151485,0.009638517163693905
sample_16,23974,19986,196987.5,8256972.5,0.020080462098121643,0.006773822940886021
sample_16,23974,19987,196997.5,8256972.5,0.030065082013607025,0.008220914751291275
sample_16,23974,19988,197007.5,8256972.5,0.018319038674235344,0.000857581093441695
sample_16,23974,19989,197017.5,8256972.5,0.03651418909430504,0.008564566262066364
sample_16,23974,19990,197027.5,8256972.5,0.0563008151948452,0.007079300004988909
sample_16,23974,19991,197037.5,8256972.5,0.01772650144994259,0.005602581426501274
sample_16,23974,19992,197047.5,8256972.5,0.013426295481622219,0.0028907745145261288
sample_16,23974,19993,197057.5,8256972.5,0.021903667598962784,0.007083346135914326
sample_16,23974,19994,197067.5,8256972.5,0.020857857540249825,0.011797212064266205
sample_16,23974,19995,197077.5,8256972.5,0.01564708724617958,0.006330651231110096
sample_16,23974,19996,197087.5,8256972.5,0.02878238633275032,0.0038371370173990726
sample_16,23974,19997,197097.5,8256972.5,0.032109323889017105,0.009672065265476704
sample_16,23974,19998,197107.5,8256972.5,0.011539828032255173,0.003871079534292221
sample_16,23975,19980,196927.5,8256962.5,0.01619574800133705,0.0016766049666330218
sample_16,23975,19981,196937.5,8256962.5,0.015910083428025246,0.006156238727271557
sample_16,23975,19982,196947.5,8256962.5,0.005472918972373009,0.007024356629699469
sample_16,23975,19983,196957.5,8256962.5,0.013160143047571182,0.0052207536064088345
sample_16,23975,19984,196967.5,8256962.5,0.012903489172458649,0.0019928840920329094
sample_16,23975,19985,196977.5,8256962.5,0.05492343753576279,0.0027396955993026495
sample_16,23975,19986,196987.5,8256962.5,0.03884042799472809,0.004906125832349062
sample_16,23975,19987,196997.5,8256962.5,0.04389745742082596,0.013186754658818245
sample_16,23975,19988,197007.5,8256962.5,0.014963967725634575,0.008541216142475605
sample_16,23975,19989,197017.5,8256962.5,0.04540940374135971,0.005637161433696747
sample_16,23975,19990,197027.5,8256962.5,0.024484027177095413,0.008341465145349503
sample_16,23975,19991,197037.5,8256962.5,0.031738586723804474,0.015282533131539822
sample_16,23975,19992,197047.5,8256962.5,0.030328825116157532,0.0037111020646989346
sample_16,23975,19993,197057.5,8256962.5,0.02113349549472332,0.005608048290014267
sample_16,23975,19994,197067.5,8256962.5,0.013845869340002537,0.00452121626585722
sample_16,23975,19995,197077.5,8256962.5,0.015176964923739433,0.0040025971829891205
sample_16,23975,19996,197087.5,8256962.5,0.012573408894240856,0.010646220296621323
sample_16,23975,19997,197097.5,8256962.5,0.012081272900104523,0.008198481053113937
sample_16,23975,19998,197107.5,8256962.5,0.02272038906812668,0.005692576989531517
sample_16,23976,19980,196927.5,8256952.5,0.008594708517193794,0.0030674729496240616
sample_16,23976,19981,196937.5,8256952.5,0.009259707294404507,0.006573285907506943
sample_16,23976,19982,196947.5,8256952.5,0.011691682040691376,0.011941032484173775
sample_16,23976,19983,196957.5,8256952.5,0.04007498174905777,0.008865822106599808
sample_16,23976,19984,196967.5,8256952.5,0.017589611932635307,0.005660016555339098
sample_16,23976,19985,196977.5,8256952.5,0.017529506236314774,0.009098890237510204
sample_16,23976,19986,196987.5,8256952.5,0.0037160266656428576,0.007224672008305788
sample_16,23976,19987,196997.5,8256952.5,0.03898736461997032,0.008464548736810684
sample_16,23976,19988,197007.5,8256952.5,0.005783292464911938,0.012984315864741802
sample_16,23976,19989,197017.5,8256952.5,0.030600830912590027,0.00886604655534029
sample_16,23976,19990,197027.5,8256952.5,0.006239702459424734,0.0010927267139777541
sample_16,23976,19991,197037.5,8256952.5,0.04339753836393356,0.006577169522643089
sample_16,23976,19992,197047.5,8256952.5,0.06985320150852203,0.004551161080598831
sample_16,23976,19993,197057.5,8256952.5,0.01922997459769249,0.005491349380463362
sample_16,23976,19994,197067.5,8256952.5,0.012955986894667149,0.001489725662395358
sample_16,23976,19995,197077.5,8256952.5,0.026539796963334084,0.002609553746879101
sample_16,23976,19996,197087.5,8256952.5,0.03813675045967102,0.006423399783670902
sample_16,23976,19997,197097.5,8256952.5,0.010170451365411282,0.009098471142351627
sample_16,23976,19998,197107.5,8256952.5,0.007580853998661041,0.0012416645186021924
sample_16,23977,19980,196927.5,8256942.5,0.008517325855791569,0.010981600731611252
sample_16,23977,19981,196937.5,8256942.5,0.015278655104339123,0.0029447730630636215
sample_16,23977,19982,196947.5,8256942.5,0.023080678656697273,0.0028652772307395935
sample_16,23977,19983,196957.5,8256942.5,0.025645306333899498,0.00434610340744257
sample_16,23977,19984,196967.5,8256942.5,0.007782467640936375,0.0023525767028331757
sample_16,23977,19985,196977.5,8256942.5,0.02265710011124611,0.00868257973343134
sample_16,23977,19986,196987.5,8256942.5,0.028382262215018272,0.019018765538930893
sample_16,23977,19987,196997.5,8256942.5,0.04159615933895111,0.0034146099351346493
sample_16,23977,19988,197007.5,8256942.5,0.011046229861676693,0.0022694957442581654
sample_16,23977,19989,197017.5,8256942.5,0.027658736333251,0.004145348444581032
sample_16,23977,19990,197027.5,8256942.5,0.028710687533020973,0.003328853752464056
sample_16,23977,19991,197037.5,8256942.5,0.045803267508745193,0.008724451065063477
sample_16,23977,19992,197047.5,8256942.5,0.01628126949071884,0.0035506996791809797
sample_16,23977,19993,197057.5,8256942.5,0.007226950488984585,0.005383002571761608
sample_16,23977,19994,197067.5,8256942.5,0.020463505759835243,0.008098251186311245
sample_16,23977,19995,197077.5,8256942.5,0.025107964873313904,0.006676461547613144
sample_16,23977,19996,197087.5,8256942.5,0.015094189904630184,0.009031757712364197
sample_16,23977,19997,197097.5,8256942.5,0.019255442544817924,0.004069814924150705
sample_16,23977,19998,197107.5,8256942.5,0.013854119926691055,0.007505660876631737
sample_16,23978,19980,196927.5,8256932.5,0.017024636268615723,0.003229225520044565
sample_16,23978,19981,196937.5,8256932.5,0.021959736943244934,0.003980257548391819
sample_16,23978,19982,196947.5,8256932.5,0.021501801908016205,0.005757912062108517
sample_16,23978,19983,196957.5,8256932.5,0.020066138356924057,0.0022407928481698036
sample_16,23978,19984,196967.5,8256932.5,0.012213686481118202,0.009728784672915936
sample_16,23978,19985,196977.5,8256932.5,0.043768029659986496,0.005210816860198975
sample_16,23978,19986,196987.5,8256932.5,0.020088501274585724,0.00912659801542759
sample_16,23978,19987,196997.5,8256932.5,0.02481001988053322,0.006248554214835167
sample_16,23978,19988,197007.5,8256932.5,0.03485645726323128,0.0027273306623101234
sample_16,23978,19989,197017.5,8256932.5,0.020180778577923775,0.005715830251574516
sample_16,23978,19990,197027.5,8256932.5,0.014003387652337551,0.008778555318713188
sample_16,23978,19991,197037.5,8256932.5,0.01487675216048956,0.0035225297324359417
sample_16,23978,19992,197047.5,8256932.5,0.02808491326868534,0.004995290189981461
sample_16,23978,19993,197057.5,8256932.5,0.030137302353978157,0.0038020145148038864
sample_16,23978,19994,197067.5,8256932.5,0.007273659575730562,0.006404422223567963
sample_16,23978,19995,197077.5,8256932.5,0.02799362875521183,0.006224555894732475
sample_16,23978,19996,197087.5,8256932.5,0.006450063548982143,0.004557980690151453
sample_16,23978,19997,197097.5,8256932.5,0.01020654384046793,0.003298962488770485
sample_16,23978,19998,197107.5,8256932.5,0.011864975094795227,0.0026416489854454994
sample_16,23979,19980,196927.5,8256922.5,0.007364830933511257,0.009199005551636219
sample_16,23979,19981,196937.5,8256922.5,0.022245001047849655,0.0059052882716059685
sample_16,23979,19982,196947.5,8256922.5,0.002912473864853382,0.0059211235493421555
sample_16,23979,19983,196957.5,8256922.5,0.026872582733631134,0.0043258643709123135
sample_16,23979,19984,196967.5,8256922.5,0.04313089698553085,0.011471293866634369
sample_16,23979,19985,196977.5,8256922.5,0.027905579656362534,0.003237055381760001
sample_16,23979,19986,196987.5,8256922.5,0.014766531996428967,0.002069527981802821
sample_16,23979,19987,196997.5,8256922.5,0.015612191520631313,0.007328667677938938
sample_16,23979,19988,197007.5,8256922.5,0.012709423899650574,0.002557482337579131
sample_16,23979,19989,197017.5,8256922.5,0.041427064687013626,0.0030768467113375664
sample_16,23979,19990,197027.5,8256922.5,0.02368623949587345,0.005215445067733526
sample_16,23979,19991,197037.5,8256922.5,0.023461300879716873,0.0013853759737685323
sample_16,23979,19992,197047.5,8256922.5,0.024678757414221764,0.0017708935774862766
sample_16,23979,19993,197057.5,8256922.5,0.03181828558444977,0.00945845153182745
sample_16,23979,19994,197067.5,8256922.5,0.014738960191607475,0.005516225006431341
sample_16,23979,19995,197077.5,8256922.5,0.007690726313740015,0.004580749198794365
sample_16,23979,19996,197087.5,8256922.5,0.012230804190039635,0.003513681935146451
sample_16,23979,19997,197097.5,8256922.5,0.012377318926155567,0.0037053178530186415
sample_16,23979,19998,197107.5,8256922.5,0.02386152371764183,0.0042229220271110535
sample_16,23980,19980,196927.5,8256912.5,0.018121082335710526,0.005962730851024389
sample_16,23980,19981,196937.5,8256912.5,0.010943958535790443,0.004504607990384102
sample_16,23980,19982,196947.5,8256912.5,0.018982751294970512,0.0016325315227732062
sample_16,23980,19983,196957.5,8256912.5,0.008040344342589378,0.009913381189107895
sample_16,23980,19984,196967.5,8256912.5,0.03240367770195007,0.008583267219364643
sample_16,23980,19985,196977.5,8256912.5,0.015724655240774155,0.005491980351507664
sample_16,23980,19986,196987.5,8256912.5,0.013199763372540474,0.007051333785057068
sample_16,23980,19987,196997.5,8256912.5,0.0433170311152935,0.005945118609815836
sample_16,23980,19988,197007.5,8256912.5,0.08730041235685349,0.009336073882877827
sample_16,23980,19989,197017.5,8256912.5,0.032468363642692566,0.0028843367472290993
sample_16,23980,19990,197027.5,8256912.5,0.012785648927092552,0.0018595487345010042
sample_16,23980,19991,197037.5,8256912.5,0.042650848627090454,0.005360026843845844
sample_16,23980,19992,197047.5,8256912.5,0.016311120241880417,0.007044595200568438
sample_16,23980,19993,197057.5,8256912.5,0.03730364888906479,0.00914730690419674
sample_16,23980,19994,197067.5,8256912.5,0.01579391583800316,0.004851456265896559
sample_16,23980,19995,197077.5,8256912.5,0.03157370910048485,0.008056491613388062
sample_16,23980,19996,197087.5,8256912.5,0.013298003934323788,0.007876934483647346
sample_16,23980,19997,197097.5,8256912.5,0.02005925588309765,0.006632624659687281
sample_16,23980,19998,197107.5,8256912.5,0.011649982072412968,0.0027097640559077263
sample_17,23222,17967,176797.5,8264492.5,0.011103012599050999,0.004928668029606342
sample_17,23222,17968,176807.5,8264492.5,0.021897457540035248,0.006920228712260723
sample_17,23222,17969,176817.5,8264492.5,0.021478021517395973,0.00476417038589716
sample_17,23222,17970,176827.5,8264492.5,0.034344177693128586,0.0035036143381148577
sample_17,23222,17971,176837.5,8264492.5,0.027416419237852097,0.010811620391905308
sample_17,23222,17972,176847.5,8264492.5,0.007640929892659187,0.008550216443836689
sample_17,23222,17973,176857.5,8264492.5,0.0032561824191361666,0.005954543594270945
sample_17,23222,17974,176867.5,8264492.5,0.010191760957241058,0.017300201579928398
sample_17,23222,17975,176877.5,8264492.5,0.007304506842046976,0.0028670551255345345
sample_17,23222,17976,176887.5,8264492.5,0.02742858976125717,0.008258748799562454
sample_17,23222,17977,176897.5,8264492.5,0.015143699944019318,0.002911460120230913
sample_17,23222,17978,176907.5,8264492.5,0.018170980736613274,0.007082341238856316
sample_17,23222,17979,176917.5,8264492.5,0.017886586487293243,0.023153051733970642
sample_17,23222,17980,176927.5,8264492.5,0.00922335870563984,0.003999850247055292
sample_17,23222,17981,176937.5,8264492.5,0.028036173433065414,0.0037484378553926945
sample_17,23222,17982,176947.5,8264492.5,0.03422892838716507,0.005233646836131811
sample_17,23222,17983,176957.5,8264492.5,0.0241438839584589,0.00839991308748722
sample_17,23222,17984,176967.5,8264492.5,0.012514309957623482,0.006082683335989714
sample_17,23222,17985,176977.5,8264492.5,0.018359152600169182,0.0039012879133224487
sample_17,23222,17986,176987.5,8264492.5,0.012316947802901268,0.012194095179438591
sample_17,23223,17968,176807.5,8264482.5,0.012925487011671066,0.004005014896392822
sample_17,23223,17969,176817.5,8264482.5,0.014275597408413887,0.00784146785736084
sample_17,23223,17970,176827.5,8264482.5,0.022452978417277336,0.006386673543602228
sample_17,23223,17971,176837.5,8264482.5,0.016938230022788048,0.010364539921283722
sample_17,23223,17972,176847.5,8264482.5,0.015602156519889832,0.009739476256072521
sample_17,23223,17973,176857.5,8264482.5,0.00833486020565033,0.0029237340204417706
sample_17,23223,17974,176867.5,8264482.5,0.01456727460026741,0.020324213430285454
sample_17,23223,17975,176877.5,8264482.5,0.038411468267440796,0.002732432447373867
sample_17,23223,17976,176887.5,8264482.5,0.009086638689041138,0.005273070186376572
sample_17,23223,17977,176897.5,8264482.5,0.01978776417672634,0.007662559859454632
sample_17,23223,17978,176907.5,8264482.5,0.015957839787006378,0.010748123750090599
sample_17,23223,17979,176917.5,8264482.5,0.02044074982404709,0.003249494591727853
sample_17,23223,17980,176927.5,8264482.5,0.027911795303225517,0.002599910832941532
sample_17,23223,17981,176937.5,8264482.5,0.01449898723512888,0.0022887324448674917
sample_17,23223,17982,176947.5,8264482.5,0.013202893547713757,0.00922115333378315
sample_17,23223,17983,176957.5,8264482.5,0.04071459174156189,0.00412428705021739
sample_17,23223,17984,176967.5,8264482.5,0.015962587669491768,0.0033357469365000725
sample_17,23223,17985,176977.5,8264482.5,0.028393752872943878,0.0067476737312972546
sample_17,23223,17986,176987.5,8264482.5,0.020926449447870255,0.006651978008449078
sample_17,23224,17968,176807.5,8264472.5,0.02462012879550457,0.004089670721441507
sample_17,23224,17969,176817.5,8264472.5,0.0149817680940032,0.013726982288062572
sample_17,23224,17970,176827.5,8264472.5,0.008124422281980515,0.016534265130758286
sample_17,23224,17971,176837.5,8264472.5,0.02092139795422554,0.003435068763792515
sample_17,23224,17972,176847.5,8264472.5,0.022505881264805794,0.01785021647810936
sample_17,23224,17973,176857.5,8264472.5,0.011760661378502846,0.006080444436520338
sample_17,23224,17974,176867.5,8264472.5,0.010749131441116333,0.007103702984750271
sample_17,23224,17975,176877.5,8264472.5,0.01215975359082222,0.005597686395049095
sample_17,23224,17976,176887.5,8264472.5,0.019082875922322273,0.01002337783575058
sample_17,23224,17977,176897.5,8264472.5,0.03537304699420929,0.01899554952979088
sample_17,23224,17978,176907.5,8264472.5,0.015466401353478432,0.00514501566067338
sample_17,23224,17979,176917.5,8264472.5,0.014528684318065643,0.007323288358747959
sample_17,23224,17980,176927.5,8264472.5,0.011463921517133713,0.006035275757312775
sample_17,23224,17981,176937.5,8264472.5,0.0268787182867527,0.00284063583239913
sample_17,23224,17982,176947.5,8264472.5,0.027230514213442802,0.005121639464050531
sample_17,23224,17983,176957.5,8264472.5,0.0378042496740818,0.015368317253887653
sample_17,23224,17984,176967.5,8264472.5,0.017214667052030563,0.00820191390812397
sample_17,23224,17985,176977.5,8264472.5,0.016636203974485397,0.01668749563395977
sample_17,23224,17986,176987.5,8264472.5,0.00834027212113142,0.004557564854621887
sample_17,23225,17968,176807.5,8264462.5,0.018324796110391617,0.007958140224218369
sample_17,23225,17969,176817.5,8264462.5,0.025280138477683067,0.002307792194187641
sample_17,23225,17970,176827.5,8264462.5,0.014628403820097446,0.003709843847900629
sample_17,23225,17971,176837.5,8264462.5,0.009510399773716927,0.003911912906914949
sample_17,23225,17972,176847.5,8264462.5,0.006605261005461216,0.004609106574207544
sample_17,23225,17973,176857.5,8264462.5,0.04531700536608696,0.005193676799535751
sample_17,23225,17974,176867.5,8264462.5,0.008010566234588623,0.008025226183235645
sample_17,23225,17975,176877.5,8264462.5,0.010030025616288185,0.005325522273778915
sample_17,23225,17976,176887.5,8264462.5,0.02621917612850666,0.008237206377089024
sample_17,23225,17977,176897.5,8264462.5,0.028493551537394524,0.0024460742715746164
sample_17,23225,17978,176907.5,8264462.5,0.018406137824058533,0.003977554850280285
sample_17,23225,17979,176917.5,8264462.5,0.005788007751107216,0.006235748995095491
sample_17,23225,17980,176927.5,8264462.5,0.04067722335457802,0.00887976959347725
sample_17,23225,17981,176937.5,8264462.5,0.02695588953793049,0.019471637904644012
sample_17,23225,17982,176947.5,8264462.5,0.010476603172719479,0.004998890683054924
sample_17,23225,17983,176957.5,8264462.5,0.015196610242128372,0.00813899002969265
sample_17,23225,17984,176967.5,8264462.5,0.014949776232242584,0.00738377682864666
sample_17,23225,17985,176977.5,8264462.5,0.03107227012515068,0.005522702354937792
sample_17,23225,17986,176987.5,8264462.5,0.014230268076062202,0.0029636118561029434
sample_17,23226,17968,176807.5,8264452.5,0.014106839895248413,0.0051660011522471905
sample_17,23226,17969,176817.5,8264452.5,0.019897084683179855,0.003284434089437127
sample_17,23226,17970,176827.5,8264452.5,0.02227405086159706,0.015772486105561256
sample_17,23226,17971,176837.5,8264452.5,0.00717413704842329,0.00485951965674758
sample_17,23226,17972,176847.5,8264452.5,0.013230353593826294,0.005684795323759317
sample_17,23226,17973,176857.5,8264452.5,0.007862675003707409,0.005527868866920471
sample_17,23226,17974,176867.5,8264452.5,0.016871612519025803,0.006959344260394573
sample_17,23226,17975,176877.5,8264452.5,0.04084247350692749,0.004715373739600182
sample_17,23226,17976,176887.5,8264452.5,0.014066684059798717,0.008911548182368279
sample_17,23226,17977,176897.5,8264452.5,0.02237853780388832,0.011948159895837307
sample_17,23226,17978,176907.5,8264452.5,0.013345789164304733,0.0075458744540810585
sample_17,23226,17979,176917.5,8264452.5,0.02795841544866562,0.004730009939521551
sample_17,23226,17980,176927.5,8264452.5,0.014977497048676014,0.001202637911774218
sample_17,23226,17981,176937.5,8264452.5,0.016000093892216682,0.006712784990668297
sample_17,23226,17982,176947.5,8264452.5,0.00987048540264368,0.003318432252854109
sample_17,23226,17983,176957.5,8264452.5,0.032433584332466125,0.005466314032673836
sample_17,23226,17984,176967.5,8264452.5,0.007103193085640669,0.0034506581723690033
sample_17,23226,17985,176977.5,8264452.5,0.031477104872465134,0.0027449377812445164
sample_17,23226,17986,176987.5,8264452.5,0.02951810508966446,0.004902457818388939
sample_17,23227,17968,176807.5,8264442.5,0.008814172819256783,0.01150631532073021
sample_17,23227,17969,176817.5,8264442.5,0.010605650953948498,0.00691444706171751
sample_17,23227,17970,176827.5,8264442.5,0.05131598934531212,0.011097433045506477
sample_17,23227,17971,176837.5,8264442.5,0.03496997430920601,0.005058173090219498
sample_17,23227,17972,176847.5,8264442.5,0.016244234517216682,0.008019881322979927
sample_17,23227,17973,176857.5,8264442.5,0.014675334095954895,0.0048943632282316685
sample_17,23227,17974,176867.5,8264442.5,0.011063926853239536,0.0026966140139847994
sample_17,23227,17975,176877.5,8264442.5,0.009255915880203247,0.0044953483156859875
sample_17,23227,17976,176887.5,8264442.5,0.012172541581094265,0.0051361313089728355
sample_17,23227,17977,176897.5,8264442.5,0.01569557562470436,0.006381686311215162
sample_17,23227,17978,176907.5,8264442.5,0.003318449482321739,0.012972546741366386
sample_17,23227,17979,176917.5,8264442.5,0.013345753774046898,0.011861174367368221
sample_17,23227,17980,176927.5,8264442.5,0.011451231315732002,0.01108595822006464
sample_17,23227,17981,176937.5,8264442.5,0.01706536114215851,0.027525313198566437
sample_17,23227,17982,176947.5,8264442.5,0.022694695740938187,0.002544793765991926
sample_17,23227,17983,176957.5,8264442.5,0.019781460985541344,0.009478181600570679
sample_17,23227,17984,176967.5,8264442.5,0.04001784324645996,0.001978514017537236
sample_17,23227,17985,176977.5,8264442.5,0.022949133068323135,0.001292143715545535
sample_17,23227,17986,176987.5,8264442.5,0.03271462023258209,0.003917909227311611
sample_17,23228,17968,176807.5,8264432.5,0.00804698932915926,0.0019414901034906507
sample_17,23228,17969,176817.5,8264432.5,0.008597628213465214,0.0032639442943036556
sample_17,23228,17970,176827.5,8264432.5,0.010648014023900032,0.00639160443097353
sample_17,23228,17971,176837.5,8264432.5,0.018565723672509193,0.0030181370675563812
sample_17,23228,17972,176847.5,8264432.5,0.01703466847538948,0.003219577483832836
sample_17,23228,17973,176857.5,8264432.5,0.020680304616689682,0.0012750450987368822
sample_17,23228,17974,176867.5,8264432.5,0.005787840113043785,0.0072349729016423225
sample_17,23228,17975,176877.5,8264432.5,0.015933949500322342,0.007854947820305824
sample_17,23228,17976,176887.5,8264432.5,0.01193919125944376,0.0037302831187844276
sample_17,23228,17977,176897.5,8264432.5,0.02258298359811306,0.004103283863514662
sample_17,23228,17978,176907.5,8264432.5,0.01981073059141636,0.004186454229056835
sample_17,23228,17979,176917.5,8264432.5,0.011357557028532028,0.007233088836073875
sample_17,23228,17980,176927.5,8264432.5,0.005975169595330954,0.011719465255737305
sample_17,23228,17981,176937.5,8264432.5,0.01113002561032772,0.004370096139609814
sample_17,23228,17982,176947.5,8264432.5,0.008300067856907845,0.002362763276323676
sample_17,23228,17983,176957.5,8264432.5,0.008125297725200653,0.005426191259175539
sample_17,23228,17984,176967.5,8264432.5,0.014187954366207123,0.004005372058600187
sample_17,23228,17985,176977.5,8264432.5,0.021666748449206352,0.006202066317200661
sample_17,23228,17986,176987.5,8264432.5,0.01716674119234085,0.004834937863051891
sample_17,23229,17968,176807.5,8264422.5,0.02831886149942875,0.00334150530397892
sample_17,23229,17969,176817.5,8264422.5,0.01880374737083912,0.007137567736208439
sample_17,23229,17970,176827.5,8264422.5,0.02589871920645237,0.007497047074139118
sample_17,23229,17971,176837.5,8264422.5,0.014523270539939404,0.009464506059885025
sample_17,23229,17972,176847.5,8264422.5,0.019290391355752945,0.008167232386767864
sample_17,23229,17973,176857.5,8264422.5,0.005481315776705742,0.006651636213064194
sample_17,23229,17974,176867.5,8264422.5,0.016396619379520416,0.0022157300263643265
sample_17,23229,17975,176877.5,8264422.5,0.026720209047198296,0.0059046964161098
sample_17,23229,17976,176887.5,8264422.5,0.01463751494884491,0.006328953430056572
sample_17,23229,17977,176897.5,8264422.5,0.00911165401339531,0.01424755621701479
sample_17,23229,17978,176907.5,8264422.5,0.04302525520324707,0.007202430162578821
sample_17,23229,17979,176917.5,8264422.5,0.02031499706208706,0.007554507814347744
sample_17,23229,17980,176927.5,8264422.5,0.025811027735471725,0.006017809733748436
sample_17,23229,17981,176937.5,8264422.5,0.016741899773478508,0.0044946554116904736
sample_17,23229,17982,176947.5,8264422.5,0.009983828291296959,0.006551655475050211
sample_17,23229,17983,176957.5,8264422.5,0.02214065194129944,0.0018732999451458454
sample_17,23229,17984,176967.5,8264422.5,0.0196404866874218,0.005062773358076811
sample_17,23229,17985,176977.5,8264422.5,0.0130070261657238,0.0021046351175755262
sample_17,23229,17986,176987.5,8264422.5,0.020179878920316696,0.008556409738957882
sample_17,23230,17968,176807.5,8264412.5,0.010330685414373875,0.018235113471746445
sample_17,23230,17969,176817.5,8264412.5,0.010860889218747616,0.002415240043774247
sample_17,23230,17970,176827.5,8264412.5,0.028793036937713623,0.004075825214385986
sample_17,23230,17971,176837.5,8264412.5,0.010962589643895626,0.005862830206751823
sample_17,23230,17972,176847.5,8264412.5,0.011126574128866196,0.009233929216861725
sample_17,23230,17973,176857.5,8264412.5,0.005929114762693644,0.0049646105617284775
sample_17,23230,17974,176867.5,8264412.5,0.026171762496232986,0.009310098364949226
sample_17,23230,17975,176877.5,8264412.5,0.02389070764183998,0.006278721150010824
sample_17,23230,17976,176887.5,8264412.5,0.024282723665237427,0.0012872470542788506
sample_17,23230,17977,176897.5,8264412.5,0.016861358657479286,0.0034164958633482456
sample_17,23230,17978,176907.5,8264412.5,0.01806558482348919,0.008018018677830696
sample_17,23230,17979,176917.5,8264412.5,0.02675759606063366,0.010430592112243176
sample_17,23230,17980,176927.5,8264412.5,0.01684735156595707,0.0107929278165102
sample_17,23230,17981,176937.5,8264412.5,0.02669443003833294,0.00441688671708107
sample_17,23230,17982,176947.5,8264412.5,0.014249766245484352,0.006434418261051178
sample_17,23230,17983,176957.5,8264412.5,0.009412705898284912,0.004502854309976101
sample_17,23230,17984,176967.5,8264412.5,0.01947581022977829,0.007696746848523617
sample_17,23230,17985,176977.5,8264412.5,0.011813403107225895,0.008156058378517628
sample_17,23230,17986,176987.5,8264412.5,0.011463032104074955,0.0027025972958654165
sample_17,23231,17968,176807.5,8264402.5,0.006917305290699005,0.0051436354406178
sample_17,23231,17969,176817.5,8264402.5,0.017497902736067772,0.006088435649871826
sample_17,23231,17970,176827.5,8264402.5,0.02599353902041912,0.00576843973249197
sample_17,23231,17971,176837.5,8264402.5,0.007180105894804001,0.003919767681509256
sample_17,23231,17972,176847.5,8264402.5,0.01606927067041397,0.0031011560931801796
sample_17,23231,17973,176857.5,8264402.5,0.02248203381896019,0.0073022362776100636
sample_17,23231,17974,176867.5,8264402.5,0.009737557731568813,0.011845915578305721
sample_17,23231,17975,176877.5,8264402.5,0.006626022979617119,0.004065672401338816
sample_17,23231,17976,176887.5,8264402.5,0.025668548420071602,0.002843104302883148
sample_17,23231,17977,176897.5,8264402.5,0.015634190291166306,0.011952802538871765
sample_17,23231,17978,176907.5,8264402.5,0.007338467054069042,0.004918871447443962
sample_17,23231,17979,176917.5,8264402.5,0.014569324441254139,0.00572268757969141
sample_17,23231,17980,176927.5,8264402.5,0.011641662567853928,0.007021917961537838
sample_17,23231,17981,176937.5,8264402.5,0.02717534638941288,0.004982800222933292
sample_17,23231,17982,176947.5,8264402.5,0.023990025743842125,0.002606665249913931
sample_17,23231,17983,176957.5,8264402.5,0.015186071395874023,0.006984433624893427
sample_17,23231,17984,176967.5,8264402.5,0.02565402165055275,0.005734076723456383
sample_17,23231,17985,176977.5,8264402.5,0.013478300534188747,0.004841315094381571
sample_17,23231,17986,176987.5,8264402.5,0.006262245122343302,0.0029468699358403683
sample_17,23232,17968,176807.5,8264392.5,0.05794977396726608,0.00542841199785471
sample_17,23232,17969,176817.5,8264392.5,0.001602082746103406,0.004687073640525341
sample_17,23232,17970,176827.5,8264392.5,0.01062653586268425,0.0006534247077070177
sample_17,23232,17971,176837.5,8264392.5,0.015681389719247818,0.003099071094766259
sample_17,23232,17972,176847.5,8264392.5,0.021765410900115967,0.008643997833132744
sample_17,23232,17973,176857.5,8264392.5,0.01639658957719803,0.008416736498475075
sample_17,23232,17974,176867.5,8264392.5,0.03879769891500473,0.0034396005794405937
sample_17,23232,17975,176877.5,8264392.5,0.025282252579927444,0.00836016982793808
sample_17,23232,17976,176887.5,8264392.5,0.013037744909524918,0.004961804486811161
sample_17,23232,17977,176897.5,8264392.5,0.013788469135761261,0.004566890187561512
sample_17,23232,17978,176907.5,8264392.5,0.018955709412693977,0.00484126340597868
sample_17,23232,17979,176917.5,8264392.5,0.01183477882295847,0.007916273549199104
sample_17,23232,17980,176927.5,8264392.5,0.03442370519042015,0.008066970854997635
sample_17,23232,17981,176937.5,8264392.5,0.0083268191665411,0.005451985634863377
sample_17,23232,17982,176947.5,8264392.5,0.009278057143092155,0.01058212760835886
sample_17,23232,17983,176957.5,8264392.5,0.025804173201322556,0.011957983486354351
sample_17,23232,17984,176967.5,8264392.5,0.01454591192305088,0.0061880191788077354
sample_17,23232,17985,176977.5,8264392.5,0.02343718521296978,0.001438807463273406
sample_17,23232,17986,176987.5,8264392.5,0.02476275898516178,0.003371298313140869
sample_17,23233,17968,176807.5,8264382.5,0.013237684965133667,0.007466210052371025
sample_17,23233,17969,176817.5,8264382.5,0.01470518670976162,0.0031040944159030914
sample_17,23233,17970,176827.5,8264382.5,0.009481264278292656,0.0021512710954993963
sample_17,23233,17971,176837.5,8264382.5,0.011929607018828392,0.004839700181037188
sample_17,23233,17972,176847.5,8264382.5,0.010085203684866428,0.007861429825425148
sample_17,23233,17973,176857.5,8264382.5,0.007042788900434971,0.0039153085090219975
sample_17,23233,17974,176867.5,8264382.5,0.009275641292333603,0.006476258393377066
sample_17,23233,17975,176877.5,8264382.5,0.014702122658491135,0.002687476808205247
sample_17,23233,17976,176887.5,8264382.5,0.01690080389380455,0.0063927751034498215
sample_17,23233,17977,176897.5,8264382.5,0.029769988730549812,0.007162931375205517
sample_17,23233,17978,176907.5,8264382.5,0.005790424533188343,0.0058755818754434586
sample_17,23233,17979,176917.5,8264382.5,0.016799388453364372,0.004747490864247084
sample_17,23233,17980,176927.5,8264382.5,0.012880813330411911,0.004493107087910175
sample_17,23233,17981,176937.5,8264382.5,0.011376268230378628,0.008064846508204937
sample_17,23233,17982,176947.5,8264382.5,0.005071640945971012,0.0028640697710216045
sample_17,23233,17983,176957.5,8264382.5,0.02284657210111618,0.006525577511638403
sample_17,23233,17984,176967.5,8264382.5,0.007275381591171026,0.004325781483203173
sample_17,23233,17985,176977.5,8264382.5,0.021061401814222336,0.004251756705343723
sample_17,23233,17986,176987.5,8264382.5,0.017890281975269318,0.0038265828043222427
sample_17,23234,17968,176807.5,8264372.5,0.011436295695602894,0.006664996966719627
sample_17,23234,17969,176817.5,8264372.5,0.005848307628184557,0.005845897831022739
sample_17,23234,17970,176827.5,8264372.5,0.01047526765614748,0.004336509387940168
sample_17,23234,17971,176837.5,8264372.5,0.010260757990181446,0.008758766576647758
sample_17,23234,17972,176847.5,8264372.5,0.03893980756402016,0.0017965855076909065
sample_17,23234,17973,176857.5,8264372.5,0.012868007645010948,0.0020109161268919706
sample_17,23234,17974,176867.5,8264372.5,0.014017736539244652,0.002467228565365076
sample_17,23234,17975,176877.5,8264372.5,0.03223632276058197,0.011535290628671646
sample_17,23234,17976,176887.5,8264372.5,0.0338747575879097,0.008085359819233418
sample_17,23234,17977,176897.5,8264372.5,0.014151670038700104,0.003019898198544979
sample_17,23234,17978,176907.5,8264372.5,0.018571889027953148,0.007336011156439781
sample_17,23234,17979,176917.5,8264372.5,0.011960875242948532,0.01066785492002964
sample_17,23234,17980,176927.5,8264372.5,0.0048187728971242905,0.006139211822301149
sample_17,23234,17981,176937.5,8264372.5,0.008319382555782795,0.005847973749041557
sample_17,23234,17982,176947.5,8264372.5,0.010113737545907497,0.005757840815931559
sample_17,23234,17983,176957.5,8264372.5,0.022422749549150467,0.005039437673985958
sample_17,23234,17984,176967.5,8264372.5,0.01947934366762638,0.0021766312420368195
sample_17,23234,17985,176977.5,8264372.5,0.019093621522188187,0.008169898763298988
sample_17,23234,17986,176987.5,8264372.5,0.010468619875609875,0.00421102624386549
sample_17,23235,17968,176807.5,8264362.5,0.006468020845204592,0.005285719875246286
sample_17,23235,17969,176817.5,8264362.5,0.00811421312391758,0.004586522001773119
sample_17,23235,17970,176827.5,8264362.5,0.008398419246077538,0.0039344290271401405
sample_17,23235,17971,176837.5,8264362.5,0.017333827912807465,0.003394440747797489
sample_17,23235,17972,176847.5,8264362.5,0.010946502909064293,0.006844870746135712
sample_17,23235,17973,176857.5,8264362.5,0.016577064990997314,0.007029898464679718
sample_17,23235,17974,176867.5,8264362.5,0.012571971863508224,0.007038350682705641
sample_17,23235,17975,176877.5,8264362.5,0.020009461790323257,0.006190004292875528
sample_17,23235,17976,176887.5,8264362.5,0.023693637922406197,0.003322293981909752
sample_17,23235,17977,176897.5,8264362.5,0.03271705284714699,0.006784258410334587
sample_17,23235,17978,176907.5,8264362.5,0.023188874125480652,0.006559431087225676
sample_17,23235,17979,176917.5,8264362.5,0.03617335110902786,0.006544383242726326
sample_17,23235,17980,176927.5,8264362.5,0.04511607810854912,0.016689375042915344
sample_17,23235,17981,176937.5,8264362.5,0.0265423022210598,0.010726092383265495
sample_17,23235,17982,176947.5,8264362.5,0.01222311332821846,0.004357490688562393
sample_17,23235,17983,176957.5,8264362.5,0.024764690548181534,0.00580262579023838
sample_17,23235,17984,176967.5,8264362.5,0.02728087827563286,0.005909534636884928
sample_17,23235,17985,176977.5,8264362.5,0.019242756068706512,0.0037918011657893658
sample_17,23235,17986,176987.5,8264362.5,0.031464241445064545,0.009135684929788113
sample_17,23236,17968,176807.5,8264352.5,0.03456273674964905,0.01623106561601162
sample_17,23236,17969,176817.5,8264352.5,0.038447197526693344,0.005079785827547312
sample_17,23236,17970,176827.5,8264352.5,0.03209460899233818,0.007730705663561821
sample_17,23236,17971,176837.5,8264352.5,0.021387668326497078,0.0035073847975581884
sample_17,23236,17972,176847.5,8264352.5,0.05141601711511612,0.0032918862998485565
sample_17,23236,17973,176857.5,8264352.5,0.04337554797530174,0.007249083369970322
sample_17,23236,17974,176867.5,8264352.5,0.023635730147361755,0.004952548071742058
sample_17,23236,17975,176877.5,8264352.5,0.00574037479236722,0.0110467579215765
sample_17,23236,17976,176887.5,8264352.5,0.03567196801304817,0.010834046639502048
sample_17,23236,17977,176897.5,8264352.5,0.01974143087863922,0.005601842422038317
sample_17,23236,17978,176907.5,8264352.5,0.022526443004608154,0.007306252606213093
sample_17,23236,17979,176917.5,8264352.5,0.039743997156620026,0.0050950138829648495
sample_17,23236,17980,176927.5,8264352.5,0.03610915318131447,0.0022504576481878757
sample_17,23236,17981,176937.5,8264352.5,0.03676914423704147,0.0015301950043067336
sample_17,23236,17982,176947.5,8264352.5,0.006803800817579031,0.001848815125413239
sample_17,23236,17983,176957.5,8264352.5,0.03226619213819504,0.008298326283693314
sample_17,23236,17984,176967.5,8264352.5,0.020630164071917534,0.00409182533621788
sample_17,23236,17985,176977.5,8264352.5,0.005167292430996895,0.0046007875353097916
sample_17,23236,17986,176987.5,8264352.5,0.04417970031499863,0.005534405820071697
sample_17,23237,17968,176807.5,8264342.5,0.01291724480688572,0.0067484816536307335
sample_17,23237,17969,176817.5,8264342.5,0.012382321991026402,0.003435305319726467
sample_17,23237,17970,176827.5,8264342.5,0.02228892222046852,0.007961571216583252
sample_17,23237,17971,176837.5,8264342.5,0.030868202447891235,0.009964361786842346
sample_17,23237,17972,176847.5,8264342.5,0.004743253346532583,0.007325837854295969
sample_17,23237,17973,176857.5,8264342.5,0.027167826890945435,0.004474295303225517
sample_17,23237,17974,176867.5,8264342.5,0.03748659789562225,0.00375647796317935
sample_17,23237,17975,176877.5,8264342.5,0.021290095522999763,0.002988638821989298
sample_17,23237,17976,176887.5,8264342.5,0.015872810035943985,0.003695773659273982
sample_17,23237,17977,176897.5,8264342.5,0.009723307564854622,0.0013441327027976513
sample_17,23237,17978,176907.5,8264342.5,0.04217012599110603,0.007936201989650726
sample_17,23237,17979,176917.5,8264342.5,0.004741812590509653,0.005739560350775719
sample_18,23764,15900,156127.5,8259072.5,0.018469618633389473,0.0031372052617371082
sample_18,23764,15901,156137.5,8259072.5,0.02287825010716915,0.004925118293613195
sample_18,23764,15902,156147.5,8259072.5,0.009269370697438717,0.0077919503673911095
sample_18,23764,15903,156157.5,8259072.5,0.007428376469761133,0.009837634861469269
sample_18,23764,15904,156167.5,8259072.5,0.016714386641979218,0.0064116171561181545
sample_18,23764,15905,156177.5,8259072.5,0.017391420900821686,0.006829589605331421
sample_18,23764,15906,156187.5,8259072.5,0.009233430959284306,0.004362943582236767
sample_18,23764,15907,156197.5,8259072.5,0.014016915112733841,0.003942391369491816
sample_18,23764,15908,156207.5,8259072.5,0.009298393502831459,0.005359606817364693
sample_18,23764,15909,156217.5,8259072.5,0.013193847611546516,0.0042439792305231094
sample_18,23764,15910,156227.5,8259072.5,0.021893411874771118,0.004193737171590328
sample_18,23764,15911,156237.5,8259072.5,0.0089364442974329,0.010279099456965923
sample_18,23764,15912,156247.5,8259072.5,0.015456341207027435,0.004198852926492691
sample_18,23764,15913,156257.5,8259072.5,0.007034339010715485,0.002622128464281559
sample_18,23764,15914,156267.5,8259072.5,0.008485037833452225,0.005774872377514839
sample_18,23764,15915,156277.5,8259072.5,0.027256164699792862,0.005100534297525883
sample_18,23764,15916,156287.5,8259072.5,0.021945718675851822,0.014309580437839031
sample_18,23764,15917,156297.5,8259072.5,0.011860516853630543,0.012069407850503922
sample_18,23764,15918,156307.5,8259072.5,0.039887454360723495,0.009910566732287407
sample_18,23765,15900,156127.5,8259062.5,0.01553660724312067,0.003354122629389167
sample_18,23765,15901,156137.5,8259062.5,0.019604362547397614,0.0010957695776596665
sample_18,23765,15902,156147.5,8259062.5,0.02819165401160717,0.0031878743320703506
sample_18,23765,15903,156157.5,8259062.5,0.015889786183834076,0.005099003668874502
sample_18,23765,15904,156167.5,8259062.5,0.017330916598439217,0.0021446035243570805
sample_18,23765,15905,156177.5,8259062.5,0.012080125510692596,0.0034392494708299637
sample_18,23765,15906,156187.5,8259062.5,0.009989512152969837,0.002444959245622158
sample_18,23765,15907,156197.5,8259062.5,0.009702835232019424,0.0015146139776334167
sample_18,23765,15908,156207.5,8259062.5,0.007804123684763908,0.007057547103613615
sample_18,23765,15909,156217.5,8259062.5,0.008902354165911674,0.009069403633475304
sample_18,23765,15910,156227.5,8259062.5,0.019584564492106438,0.009725029580295086
sample_18,23765,15911,156237.5,8259062.5,0.04756109416484833,0.00587684428319335
sample_18,23765,15912,156247.5,8259062.5,0.014103798195719719,0.003978857304900885
sample_18,23765,15913,156257.5,8259062.5,0.014924973249435425,0.003233115654438734
sample_18,23765,15914,156267.5,8259062.5,0.04087210074067116,0.0045722476206719875
sample_18,23765,15915,156277.5,8259062.5,0.016823790967464447,0.00461251474916935
sample_18,23765,15916,156287.5,8259062.5,0.013949180021882057,0.0028709308244287968
sample_18,23765,15917,156297.5,8259062.5,0.013015924021601677,0.002724860794842243
sample_18,23765,15918,156307.5,8259062.5,0.006388597656041384,0.0032547637820243835
sample_18,23766,15900,156127.5,8259052.5,0.0054586720652878284,0.0006512936088256538
sample_18,23766,15901,156137.5,8259052.5,0.017279140651226044,0.002090215217322111
sample_18,23766,15902,156147.5,8259052.5,0.025315681472420692,0.00639760447666049
sample_18,23766,15903,156157.5,8259052.5,0.008895663544535637,0.011302893981337547
sample_18,23766,15904,156167.5,8259052.5,0.009271964430809021,0.004105123691260815
sample_18,23766,15905,156177.5,8259052.5,0.016074271872639656,0.00277725700289011
sample_18,23766,15906,156187.5,8259052.5,0.01379825547337532,0.011140684597194195
sample_18,23766,15907,156197.5,8259052.5,0.016486020758748055,0.008628780022263527
sample_18,23766,15908,156207.5,8259052.5,0.013238923624157906,0.005330955144017935
sample_18,23766,15909,156217.5,8259052.5,0.00354118924587965,0.0012555774301290512
sample_18,23766,15910,156227.5,8259052.5,0.008178715594112873,0.008686607703566551
sample_18,23766,15911,156237.5,8259052.5,0.01862911880016327,0.006714559625834227
sample_18,23766,15912,156247.5,8259052.5,0.012245675548911095,0.005206524860113859
sample_18,23766,15913,156257.5,8259052.5,0.01190805621445179,0.0032324865460395813
sample_18,23766,15914,156267.5,8259052.5,0.020858323201537132,0.004555051680654287
sample_18,23766,15915,156277.5,8259052.5,0.016874171793460846,0.0071081980131566525
sample_18,23766,15916,156287.5,8259052.5,0.04502669721841812,0.003926580771803856
sample_18,23766,15917,156297.5,8259052.5,0.022371184080839157,0.008304601535201073
sample_18,23766,15918,156307.5,8259052.5,0.011915006674826145,0.004868499003350735
sample_18,23767,15900,156127.5,8259042.5,0.015810806304216385,0.0031664238777011633
sample_18,23767,15901,156137.5,8259042.5,0.019514476880431175,0.002036368940025568
sample_18,23767,15902,156147.5,8259042.5,0.01261238381266594,0.002438866999000311
sample_18,23767,15903,156157.5,8259042.5,0.019396871328353882,0.003866034559905529
sample_18,23767,15904,156167.5,8259042.5,0.024434605613350868,0.007222800049930811
sample_18,23767,15905,156177.5,8259042.5,0.0083285141736269,0.005978321190923452
sample_18,23767,15906,156187.5,8259042.5,0.006788844708353281,0.005527809262275696
sample_18,23767,15907,156197.5,8259042.5,0.0074724662117660046,0.00547874765470624
sample_18,23767,15908,156207.5,8259042.5,0.01781419664621353,0.004028524737805128
sample_18,23767,15909,156217.5,8259042.5,0.024171898141503334,0.0017309484537690878
sample_18,23767,15910,156227.5,8259042.5,0.03173794969916344,0.002015897072851658
sample_18,23767,15911,156237.5,8259042.5,0.01363383885473013,0.0029523770790547132
sample_18,23767,15912,156247.5,8259042.5,0.019438618794083595,0.007103332318365574
sample_18,23767,15913,156257.5,8259042.5,0.02207331731915474,0.007683153264224529
sample_18,23767,15914,156267.5,8259042.5,0.014575542882084846,0.0035230577923357487
sample_18,23767,15915,156277.5,8259042.5,0.0223094392567873,0.004901978187263012
sample_18,23767,15916,156287.5,8259042.5,0.028905032202601433,0.010436504147946835
sample_18,23767,15917,156297.5,8259042.5,0.02649221569299698,0.002749256556853652
sample_18,23767,15918,156307.5,8259042.5,0.0116678886115551,0.0030248663388192654
sample_18,23768,15900,156127.5,8259032.5,0.006150685250759125,0.002491135848686099
sample_18,23768,15901,156137.5,8259032.5,0.019257716834545135,0.004335323814302683
sample_18,23768,15902,156147.5,8259032.5,0.010518555529415607,0.0021983981132507324
sample_18,23768,15903,156157.5,8259032.5,0.010504689998924732,0.006708001252263784
sample_18,23768,15904,156167.5,8259032.5,0.01657000370323658,0.0029932584147900343
sample_18,23768,15905,156177.5,8259032.5,0.005541122518479824,0.004989865235984325
sample_18,23768,15906,156187.5,8259032.5,0.00887064915150404,0.005335450172424316
sample_18,23768,15907,156197.5,8259032.5,0.007788596209138632,0.007973862811923027
sample_18,23768,15908,156207.5,8259032.5,0.02170536108314991,0.0008556026732549071
sample_18,23768,15909,156217.5,8259032.5,0.018050970509648323,0.004743481986224651
sample_18,23768,15910,156227.5,8259032.5,0.01531943865120411,0.0050209444016218185
sample_18,23768,15911,156237.5,8259032.5,0.006597932428121567,0.01012555230408907
sample_18,23768,15912,156247.5,8259032.5,0.010266144759953022,0.003158706473186612
sample_18,23768,15913,156257.5,8259032.5,0.012582700699567795,0.009221426211297512
sample_18,23768,15914,156267.5,8259032.5,0.008697828277945518,0.007543015759438276
sample_18,23768,15915,156277.5,8259032.5,0.026125162839889526,0.005060024093836546
sample_18,23768,15916,156287.5,8259032.5,0.011699259281158447,0.004939097911119461
sample_18,23768,15917,156297.5,8259032.5,0.015503190457820892,0.006228485144674778
sample_18,23768,15918,156307.5,8259032.5,0.010131076909601688,0.0027670240961015224
sample_18,23769,15900,156127.5,8259022.5,0.04534052312374115,0.010189123451709747
sample_18,23769,15901,156137.5,8259022.5,0.01506270095705986,0.003329634200781584
sample_18,23769,15902,156147.5,8259022.5,0.02520756609737873,0.004066703841090202
sample_18,23769,15903,156157.5,8259022.5,0.00650883698835969,0.003418120788410306
sample_18,23769,15904,156167.5,8259022.5,0.004517837427556515,0.008208254352211952
sample_18,23769,15905,156177.5,8259022.5,0.007590890396386385,0.007058321498334408
sample_18,23769,15906,156187.5,8259022.5,0.014928318560123444,0.007041797041893005
sample_18,23769,15907,156197.5,8259022.5,0.010876093991100788,0.007252840790897608
sample_18,23769,15908,156207.5,8259022.5,0.006442856974899769,0.007710550911724567
sample_18,23769,15909,156217.5,8259022.5,0.0204722061753273,0.00611503841355443
sample_18,23769,15910,156227.5,8259022.5,0.013865983113646507,0.011992238461971283
sample_18,23769,15911,156237.5,8259022.5,0.03037208318710327,0.006955267861485481
sample_18,23769,15912,156247.5,8259022.5,0.007668508216738701,0.010024100542068481
sample_18,23769,15913,156257.5,8259022.5,0.034641336649656296,0.017833897843956947
sample_18,23769,15914,156267.5,8259022.5,0.018644526600837708,0.004675356671214104
sample_18,23769,15915,156277.5,8259022.5,0.010066041722893715,0.002212199615314603
sample_18,23769,15916,156287.5,8259022.5,0.015118126757442951,0.0041405679658055305
sample_18,23769,15917,156297.5,8259022.5,0.03890665993094444,0.010143400169909
sample_18,23769,15918,156307.5,8259022.5,0.0058876764960587025,0.006080698687583208
sample_18,23770,15900,156127.5,8259012.5,0.017882980406284332,0.0037564700469374657
sample_18,23770,15901,156137.5,8259012.5,0.021074555814266205,0.0049202898517251015
sample_18,23770,15902,156147.5,8259012.5,0.012407329864799976,0.005806026980280876
sample_18,23770,15903,156157.5,8259012.5,0.03050421178340912,0.0017198158893734217
sample_18,23770,15904,156167.5,8259012.5,0.010400015860795975,0.0022281405981630087
sample_18,23770,15905,156177.5,8259012.5,0.005166218150407076,0.006743392441421747
sample_18,23770,15906,156187.5,8259012.5,0.009901009500026703,0.005776792764663696
sample_18,23770,15907,156197.5,8259012.5,0.006920052692294121,0.009007157757878304
sample_18,23770,15908,156207.5,8259012.5,0.0032618914265185595,0.005658261943608522
sample_18,23770,15909,156217.5,8259012.5,0.014414203353226185,0.003249009605497122
sample_18,23770,15910,156227.5,8259012.5,0.00883480440825224,0.009781929664313793
sample_18,23770,15911,156237.5,8259012.5,0.014147350564599037,0.0036916041281074286
sample_18,23770,15912,156247.5,8259012.5,0.027109967544674873,0.007584677077829838
sample_18,23770,15913,156257.5,8259012.5,0.024356888607144356,0.0018658849876374006
sample_18,23770,15914,156267.5,8259012.5,0.0368298776447773,0.0039022229611873627
sample_18,23770,15915,156277.5,8259012.5,0.015512784011662006,0.004886249545961618
sample_18,23770,15916,156287.5,8259012.5,0.013231978751718998,0.004570306744426489
sample_18,23770,15917,156297.5,8259012.5,0.006256225984543562,0.002358974888920784
sample_18,23770,15918,156307.5,8259012.5,0.041950784623622894,0.003045534947887063
sample_18,23770,15919,156317.5,8259012.5,0.011885197833180428,0.0032556699588894844
sample_18,23771,15900,156127.5,8259002.5,0.015519856475293636,0.0064401281997561455
sample_18,23771,15901,156137.5,8259002.5,0.015046687796711922,0.005775621626526117
sample_18,23771,15902,156147.5,8259002.5,0.009118546731770039,0.0023134415969252586
sample_18,23771,15903,156157.5,8259002.5,0.03969205170869827,0.004213640931993723
sample_18,23771,15904,156167.5,8259002.5,0.023301538079977036,0.0026890544686466455
sample_18,23771,15905,156177.5,8259002.5,0.014899162575602531,0.012234512716531754
sample_18,23771,15906,156187.5,8259002.5,0.011347291991114616,0.005260000471025705
sample_18,23771,15907,156197.5,8259002.5,0.011889330111443996,0.0020905546844005585
sample_18,23771,15908,156207.5,8259002.5,0.025380104780197144,0.0031374432146549225
sample_18,23771,15909,156217.5,8259002.5,0.030948683619499207,0.005816467572003603
sample_18,23771,15910,156227.5,8259002.5,0.0017817642074078321,0.004037205129861832
sample_18,23771,15911,156237.5,8259002.5,0.021643605083227158,0.005683778785169125
sample_18,23771,15912,156247.5,8259002.5,0.005997618660330772,0.0029462985694408417
sample_18,23771,15913,156257.5,8259002.5,0.012346737086772919,0.0031313796062022448
sample_18,23771,15914,156267.5,8259002.5,0.019158199429512024,0.006856267340481281
sample_18,23771,15915,156277.5,8259002.5,0.021950650960206985,0.005483685061335564
sample_18,23771,15916,156287.5,8259002.5,0.003988359589129686,0.0060578687116503716
sample_18,23771,15917,156297.5,8259002.5,0.0046293651685118675,0.004491016268730164
sample_18,23771,15918,156307.5,8259002.5,0.018410004675388336,0.007195118814706802
sample_18,23771,15919,156317.5,8259002.5,0.01412639208137989,0.0008360992069356143
sample_18,23772,15900,156127.5,8258992.5,0.01345005538314581,0.009799255058169365
sample_18,23772,15901,156137.5,8258992.5,0.018111402168869972,0.0032246627379208803
sample_18,23772,15902,156147.5,8258992.5,0.012537461705505848,0.0031013537663966417
sample_18,23772,15903,156157.5,8258992.5,0.01432819664478302,0.007480341475456953
sample_18,23772,15904,156167.5,8258992.5,0.008458660915493965,0.0033416682854294777
sample_18,23772,15905,156177.5,8258992.5,0.029913078993558884,0.0020533576607704163
sample_18,23772,15906,156187.5,8258992.5,0.027306601405143738,0.003791911993175745
sample_18,23772,15907,156197.5,8258992.5,0.015565556474030018,0.0019352432573214173
sample_18,23772,15908,156207.5,8258992.5,0.008857271634042263,0.001241208054125309
sample_18,23772,15909,156217.5,8258992.5,0.0060995277017354965,0.0036824920680373907
sample_18,23772,15910,156227.5,8258992.5,0.019258644431829453,0.0036399587988853455
sample_18,23772,15911,156237.5,8258992.5,0.008043142035603523,0.004561885260045528
sample_18,23772,15912,156247.5,8258992.5,0.011881538666784763,0.006363586988300085
sample_18,23772,15913,156257.5,8258992.5,0.011605600826442242,0.0054913596250116825
sample_18,23772,15914,156267.5,8258992.5,0.0031199215445667505,0.0022957061883062124
sample_18,23772,15915,156277.5,8258992.5,0.017034132033586502,0.007366771809756756
sample_18,23772,15916,156287.5,8258992.5,0.0230080746114254,0.005671845283359289
sample_18,23772,15917,156297.5,8258992.5,0.0068916380405426025,0.007833903655409813
sample_18,23772,15918,156307.5,8258992.5,0.010069875046610832,0.0017419953364878893
sample_18,23772,15919,156317.5,8258992.5,0.009664064273238182,0.0018970066448673606
sample_18,23773,15900,156127.5,8258982.5,0.015129471197724342,0.005419827066361904
sample_18,23773,15901,156137.5,8258982.5,0.02001611888408661,0.003923374228179455
sample_18,23773,15902,156147.5,8258982.5,0.018705282360315323,0.008424361236393452
sample_18,23773,15903,156157.5,8258982.5,0.01534945983439684,0.0024201623164117336
sample_18,23773,15904,156167.5,8258982.5,0.010810991749167442,0.004837671294808388
sample_18,23773,15905,156177.5,8258982.5,0.015390632674098015,0.002907139714807272
sample_18,23773,15906,156187.5,8258982.5,0.009753622114658356,0.005424784496426582
sample_18,23773,15907,156197.5,8258982.5,0.031440265476703644,0.01044016145169735
sample_18,23773,15908,156207.5,8258982.5,0.00976440217345953,0.003505159169435501
sample_18,23773,15909,156217.5,8258982.5,0.018158137798309326,0.005073753651231527
sample_18,23773,15910,156227.5,8258982.5,0.012020761147141457,0.0046071745455265045
sample_18,23773,15911,156237.5,8258982.5,0.00588435772806406,0.002560635097324848
sample_18,23773,15912,156247.5,8258982.5,0.029975514858961105,0.004217083565890789
sample_18,23773,15913,156257.5,8258982.5,0.03024529293179512,0.0008869848679751158
sample_18,23773,15914,156267.5,8258982.5,0.024088548496365547,0.005994112230837345
sample_18,23773,15915,156277.5,8258982.5,0.015633441507816315,0.0021201814524829388
sample_18,23773,15916,156287.5,8258982.5,0.027743712067604065,0.004720404278486967
sample_18,23773,15917,156297.5,8258982.5,0.02174568735063076,0.003125237300992012
sample_18,23773,15918,156307.5,8258982.5,0.017018193379044533,0.0034466427750885487
sample_18,23773,15919,156317.5,8258982.5,0.019757917150855064,0.004273667931556702
sample_18,23774,15900,156127.5,8258972.5,0.01529506966471672,0.00423178868368268
sample_18,23774,15901,156137.5,8258972.5,0.01483273133635521,0.0063514444045722485
sample_18,23774,15902,156147.5,8258972.5,0.017169475555419922,0.0021331068128347397
sample_18,23774,15903,156157.5,8258972.5,0.018135856837034225,0.001880103605799377
sample_18,23774,15904,156167.5,8258972.5,0.011786592192947865,0.0032165292650461197
sample_18,23774,15905,156177.5,8258972.5,0.013763412833213806,0.0068170540034770966
sample_18,23774,15906,156187.5,8258972.5,0.008745553903281689,0.003932231105864048
sample_18,23774,15907,156197.5,8258972.5,0.02455487847328186,0.003442959627136588
sample_18,23774,15908,156207.5,8258972.5,0.008830176666378975,0.003135909093543887
sample_18,23774,15909,156217.5,8258972.5,0.009502848610281944,0.0016764106694608927
sample_18,23774,15910,156227.5,8258972.5,0.02227366343140602,0.01217111386358738
sample_18,23774,15911,156237.5,8258972.5,0.03502615541219711,0.002515410538762808
sample_18,23774,15912,156247.5,8258972.5,0.009956011548638344,0.00732696708291769
sample_18,23774,15913,156257.5,8258972.5,0.0205960925668478,0.007879383862018585
sample_18,23774,15914,156267.5,8258972.5,0.010843872092664242,0.0014600782888010144
sample_18,23774,15915,156277.5,8258972.5,0.02149364911019802,0.00219251262024045
sample_18,23774,15916,156287.5,8258972.5,0.02303406596183777,0.0024873907677829266
sample_18,23774,15917,156297.5,8258972.5,0.026844080537557602,0.0021296939812600613
sample_18,23774,15918,156307.5,8258972.5,0.008632252924144268,0.0019030063413083553
sample_18,23774,15919,156317.5,8258972.5,0.012813716195523739,0.004726569168269634
sample_18,23775,15900,156127.5,8258962.5,0.009870095178484917,0.004676972050219774
sample_18,23775,15901,156137.5,8258962.5,0.007915355265140533,0.0016066478565335274
sample_18,23775,15902,156147.5,8258962.5,0.008337616920471191,0.0022743819281458855
sample_18,23775,15903,156157.5,8258962.5,0.013992446474730968,0.006629663053900003
sample_18,23775,15904,156167.5,8258962.5,0.007380477152764797,0.006830936297774315
sample_18,23775,15905,156177.5,8258962.5,0.00805394072085619,0.006198099348694086
sample_18,23775,15906,156187.5,8258962.5,0.01153664942830801,0.005173182114958763
sample_18,23775,15907,156197.5,8258962.5,0.009157347492873669,0.007265765685588121
sample_18,23775,15908,156207.5,8258962.5,0.013775311410427094,0.0019812583923339844
sample_18,23775,15909,156217.5,8258962.5,0.011560572311282158,0.0025851703248918056
sample_18,23775,15910,156227.5,8258962.5,0.013639336451888084,0.010650748386979103
sample_18,23775,15911,156237.5,8258962.5,0.013252440840005875,0.003620535135269165
sample_18,23775,15912,156247.5,8258962.5,0.022431232035160065,0.0036347201094031334
sample_18,23775,15913,156257.5,8258962.5,0.010972458869218826,0.0040291836485266685
sample_18,23775,15914,156267.5,8258962.5,0.01619773916900158,0.003296670736745
sample_18,23775,15915,156277.5,8258962.5,0.004789369646459818,0.0030163435731083155
sample_18,23775,15916,156287.5,8258962.5,0.016939932480454445,0.006653041113168001
sample_18,23775,15917,156297.5,8258962.5,0.018234550952911377,0.010320482775568962
sample_18,23775,15918,156307.5,8258962.5,0.009901427663862705,0.003932911902666092
sample_18,23775,15919,156317.5,8258962.5,0.01513289287686348,0.0045486269518733025
sample_18,23776,15900,156127.5,8258952.5,0.006990437395870686,0.0034996408503502607
sample_18,23776,15901,156137.5,8258952.5,0.0216465312987566,0.005280511453747749
sample_18,23776,15902,156147.5,8258952.5,0.0105782151222229,0.00515971053391695
sample_18,23776,15903,156157.5,8258952.5,0.01002693921327591,0.005125013180077076
sample_18,23776,15904,156167.5,8258952.5,0.025656776502728462,0.0050917877815663815
sample_18,23776,15905,156177.5,8258952.5,0.014029910787940025,0.003341926261782646
sample_18,23776,15906,156187.5,8258952.5,0.0060059428215026855,0.004160329699516296
sample_18,23776,15907,156197.5,8258952.5,0.01589486189186573,0.0073103103786706924
sample_18,23776,15908,156207.5,8258952.5,0.04157618433237076,0.002066666027531028
sample_18,23776,15909,156217.5,8258952.5,0.01483610738068819,0.0037142345681786537
sample_18,23776,15910,156227.5,8258952.5,0.04688827693462372,0.0040245624259114265
sample_18,23776,15911,156237.5,8258952.5,0.015871722251176834,0.005999709013849497
sample_18,23776,15912,156247.5,8258952.5,0.003318632720038295,0.007797215133905411
sample_18,23776,15913,156257.5,8258952.5,0.01097605936229229,0.0048834290355443954
sample_18,23776,15914,156267.5,8258952.5,0.01551663875579834,0.0023793780710548162
sample_18,23776,15915,156277.5,8258952.5,0.015876635909080505,0.006491736508905888
sample_18,23776,15916,156287.5,8258952.5,0.005204654298722744,0.003292712615802884
sample_18,23776,15917,156297.5,8258952.5,0.01545630395412445,0.013802981935441494
sample_18,23776,15918,156307.5,8258952.5,0.021224521100521088,0.005151589401066303
sample_18,23776,15919,156317.5,8258952.5,0.014398866333067417,0.005327924620360136
sample_18,23777,15900,156127.5,8258942.5,0.023159127682447433,0.0066574811935424805
sample_18,23777,15901,156137.5,8258942.5,0.011334462091326714,0.004808337893337011
sample_18,23777,15902,156147.5,8258942.5,0.025809254497289658,0.010536173358559608
sample_18,23777,15903,156157.5,8258942.5,0.016619093716144562,0.004156690090894699
sample_18,23777,15904,156167.5,8258942.5,0.04445204511284828,0.0032724961638450623
sample_18,23777,15905,156177.5,8258942.5,0.014923963695764542,0.002793260384351015
sample_18,23777,15906,156187.5,8258942.5,0.011198202148079872,0.006894884631037712
sample_18,23777,15907,156197.5,8258942.5,0.020165923982858658,0.004084601532667875
sample_18,23777,15908,156207.5,8258942.5,0.01392384897917509,0.0019486640812829137
sample_18,23777,15909,156217.5,8258942.5,0.011715564876794815,0.006455372553318739
sample_18,23777,15910,156227.5,8258942.5,0.018006356433033943,0.005063264165073633
sample_18,23777,15911,156237.5,8258942.5,0.04298487305641174,0.002066550310701132
sample_18,23777,15912,156247.5,8258942.5,0.012948575429618359,0.012044534087181091
sample_18,23777,15913,156257.5,8258942.5,0.01285955123603344,0.002509236102923751
sample_18,23777,15914,156267.5,8258942.5,0.0035740924067795277,0.005240156315267086
sample_18,23777,15915,156277.5,8258942.5,0.022747257724404335,0.002323302673175931
sample_18,23777,15916,156287.5,8258942.5,0.018727365881204605,0.004851239733397961
sample_18,23777,15917,156297.5,8258942.5,0.018188374117016792,0.006632073316723108
sample_18,23777,15918,156307.5,8258942.5,0.03553135320544243,0.0027979654259979725
sample_18,23777,15919,156317.5,8258942.5,0.021435469388961792,0.0028557630721479654
sample_18,23778,15900,156127.5,8258932.5,0.029419006779789925,0.0034517301246523857
sample_18,23778,15901,156137.5,8258932.5,0.014801008626818657,0.011387988924980164
sample_18,23778,15902,156147.5,8258932.5,0.012407155707478523,0.0039459592662751675
sample_18,23778,15903,156157.5,8258932.5,0.011911178007721901,0.002348547102883458
sample_18,23778,15904,156167.5,8258932.5,0.015497400425374508,0.0032925631385296583
sample_18,23778,15905,156177.5,8258932.5,0.007254525553435087,0.0025639652740210295
sample_18,23778,15906,156187.5,8258932.5,0.0122245317324996,0.007508233189582825
sample_18,23778,15907,156197.5,8258932.5,0.024949774146080017,0.007913541048765182
sample_18,23778,15908,156207.5,8258932.5,0.01705922931432724,0.014057304710149765
sample_18,23778,15909,156217.5,8258932.5,0.009886879473924637,0.008612294681370258
sample_18,23778,15910,156227.5,8258932.5,0.02194223552942276,0.0026485533453524113
sample_18,23778,15911,156237.5,8258932.5,0.006292128469794989,0.0089932382106781
sample_18,23778,15912,156247.5,8258932.5,0.01764674112200737,0.0023146229796111584
sample_18,23778,15913,156257.5,8258932.5,0.019168367609381676,0.010468965396285057
sample_18,23778,15914,156267.5,8258932.5,0.031535301357507706,0.004732654895633459
sample_18,23778,15915,156277.5,8258932.5,0.033045895397663116,0.005155762657523155
sample_18,23778,15916,156287.5,8258932.5,0.016118835657835007,0.004867721814662218
sample_18,23778,15917,156297.5,8258932.5,0.023728474974632263,0.004079156089574099
sample_18,23778,15918,156307.5,8258932.5,0.013161242008209229,0.009192154742777348
sample_18,23778,15919,156317.5,8258932.5,0.011835556477308273,0.0061363521963357925
sample_18,23779,15900,156127.5,8258922.5,0.04675696790218353,0.008214096538722515
sample_18,23779,15901,156137.5,8258922.5,0.009213718585669994,0.005128821358084679
sample_18,23779,15902,156147.5,8258922.5,0.0061949510127305984,0.004597535356879234
sample_18,23779,15903,156157.5,8258922.5,0.006432015914469957,0.004793970845639706
sample_18,23779,15904,156167.5,8258922.5,0.01358887366950512,0.005035147070884705
sample_18,23779,15905,156177.5,8258922.5,0.007857325486838818,0.0020188111811876297
sample_19,11367,7175,68877.5,8383042.5,0.008098026737570763,0.0052259983494877815
sample_19,11367,7176,68887.5,8383042.5,0.01595752127468586,0.0025728847831487656
sample_19,11367,7177,68897.5,8383042.5,0.012674125842750072,0.005404723342508078
sample_19,11367,7178,68907.5,8383042.5,0.005973842926323414,0.0060523878782987595
sample_19,11367,7179,68917.5,8383042.5,0.013363758102059364,0.007964631542563438
sample_19,11367,7180,68927.5,8383042.5,0.0206344835460186,0.002443175995722413
sample_19,11367,7181,68937.5,8383042.5,0.020507195964455605,0.007758365478366613
sample_19,11367,7182,68947.5,8383042.5,0.017203904688358307,0.006726318039000034
sample_19,11367,7183,68957.5,8383042.5,0.009850429370999336,0.007266349624842405
sample_19,11367,7184,68967.5,8383042.5,0.00936008058488369,0.007734567858278751
sample_19,11367,7185,68977.5,8383042.5,0.010666263289749622,0.005134327802807093
sample_19,11367,7186,68987.5,8383042.5,0.016627108678221703,0.00321030942723155
sample_19,11367,7187,68997.5,8383042.5,0.00862749945372343,0.0036419357638806105
sample_19,11367,7188,69007.5,8383042.5,0.007651390973478556,0.008829480968415737
sample_19,11367,7189,69017.5,8383042.5,0.01255730539560318,0.003549343440681696
sample_19,11367,7190,69027.5,8383042.5,0.006851078476756811,0.004908678121864796
sample_19,11367,7191,69037.5,8383042.5,0.005043019540607929,0.0035735447891056538
sample_19,11367,7192,69047.5,8383042.5,0.012602601200342178,0.0072784447111189365
sample_19,11367,7193,69057.5,8383042.5,0.0056616757065057755,0.005338910035789013
sample_19,11367,7194,69067.5,8383042.5,0.02558104693889618,0.010795408859848976
sample_19,11368,7175,68877.5,8383032.5,0.006838811095803976,0.013104887679219246
sample_19,11368,7176,68887.5,8383032.5,0.018717283383011818,0.011680609546601772
sample_19,11368,7177,68897.5,8383032.5,0.0045168036594986916,0.004472071770578623
sample_19,11368,7178,68907.5,8383032.5,0.0067311604507267475,0.003416005987673998
sample_19,11368,7179,68917.5,8383032.5,0.004540988709777594,0.0034650308080017567
sample_19,11368,7180,68927.5,8383032.5,0.01146761979907751,0.0011549643240869045
sample_19,11368,7181,68937.5,8383032.5,0.00899591576308012,0.007363991346210241
sample_19,11368,7182,68947.5,8383032.5,0.01658470183610916,0.002900531515479088
sample_19,11368,7183,68957.5,8383032.5,0.006048169452697039,0.007158546708524227
sample_19,11368,7184,68967.5,8383032.5,0.00638549542054534,0.008554541505873203
sample_19,11368,7185,68977.5,8383032.5,0.004642312880605459,0.008081233128905296
sample_19,11368,7186,68987.5,8383032.5,0.018289607018232346,0.005141091533005238
sample_19,11368,7187,68997.5,8383032.5,0.01631002686917782,0.002961675403639674
sample_19,11368,7188,69007.5,8383032.5,0.0069615948013961315,0.005933037959039211
sample_19,11368,7189,69017.5,8383032.5,0.008066549897193909,0.0042130895890295506
sample_19,11368,7190,69027.5,8383032.5,0.003951208665966988,0.002506737131625414
sample_19,11368,7191,69037.5,8383032.5,0.008176404051482677,0.004653973504900932
sample_19,11368,7192,69047.5,8383032.5,0.007876343093812466,0.0032663277816027403
sample_19,11368,7193,69057.5,8383032.5,0.006161445751786232,0.008026253432035446
sample_19,11368,7194,69067.5,8383032.5,0.0035775317810475826,0.0035670436918735504
sample_19,11369,7175,68877.5,8383022.5,0.0048422436229884624,0.0029653310775756836
sample_19,11369,7176,68887.5,8383022.5,0.011107822880148888,0.005065495613962412
sample_19,11369,7177,68897.5,8383022.5,0.012606419622898102,0.004344295710325241
sample_19,11369,7178,68907.5,8383022.5,0.014506790786981583,0.004075908567756414
sample_19,11369,7179,68917.5,8383022.5,0.025405853986740112,0.007877239026129246
sample_19,11369,7180,68927.5,8383022.5,0.01273492444306612,0.005779228638857603
sample_19,11369,7181,68937.5,8383022.5,0.007994726300239563,0.005372963845729828
sample_19,11369,7182,68947.5,8383022.5,0.01159608643501997,0.004760178737342358
sample_19,11369,7183,68957.5,8383022.5,0.005659724585711956,0.004179965239018202
sample_19,11369,7184,68967.5,8383022.5,0.004918381571769714,0.0007182853296399117
sample_19,11369,7185,68977.5,8383022.5,0.02208521217107773,0.010160793550312519
sample_19,11369,7186,68987.5,8383022.5,0.022550389170646667,0.005333831999450922
sample_19,11369,7187,68997.5,8383022.5,0.010456469841301441,0.004754056688398123
sample_19,11369,7188,69007.5,8383022.5,0.0061143916100263596,0.0005260519683361053
sample_19,11369,7189,69017.5,8383022.5,0.009553766809403896,0.0030768439173698425
sample_19,11369,7190,69027.5,8383022.5,0.0065355561673641205,0.006471177097409964
sample_19,11369,7191,69037.5,8383022.5,0.009448196738958359,0.0063786739483475685
sample_19,11369,7192,69047.5,8383022.5,0.022253114730119705,0.0104775195941329
sample_19,11369,7193,69057.5,8383022.5,0.011804861947894096,0.008998616598546505
sample_19,11369,7194,69067.5,8383022.5,0.01583746075630188,0.008102970197796822
sample_19,11370,7175,68877.5,8383012.5,0.005822197534143925,0.005208767019212246
sample_19,11370,7176,68887.5,8383012.5,0.005018261261284351,0.006346915382891893
sample_19,11370,7177,68897.5,8383012.5,0.009395931847393513,0.008550534024834633
sample_19,11370,7178,68907.5,8383012.5,0.0067745391279459,0.00297737424261868
sample_19,11370,7179,68917.5,8383012.5,0.011798546649515629,0.011529425159096718
sample_19,11370,7180,68927.5,8383012.5,0.018460655584931374,0.006302584894001484
sample_19,11370,7181,68937.5,8383012.5,0.009567145258188248,0.011934270150959492
sample_19,11370,7182,68947.5,8383012.5,0.006336177699267864,0.0031056858133524656
sample_19,11370,7183,68957.5,8383012.5,0.0060613201931118965,0.007438487373292446
sample_19,11370,7184,68967.5,8383012.5,0.005755679681897163,0.0035029235295951366
sample_19,11370,7185,68977.5,8383012.5,0.01506051979959011,0.003990833181887865
sample_19,11370,7186,68987.5,8383012.5,0.006479394622147083,0.0057380166836082935
sample_19,11370,7187,68997.5,8383012.5,0.01204890850931406,0.0064192418940365314
sample_19,11370,7188,69007.5,8383012.5,0.018091510981321335,0.0031361437868326902
sample_19,11370,7189,69017.5,8383012.5,0.009458590298891068,0.00787331536412239
sample_19,11370,7190,69027.5,8383012.5,0.01229957677423954,0.002209083177149296
sample_19,11370,7191,69037.5,8383012.5,0.009438513778150082,0.00631360849365592
sample_19,11370,7192,69047.5,8383012.5,0.02647990547120571,0.0047325813211500645
sample_19,11370,7193,69057.5,8383012.5,0.032919179648160934,0.008638501167297363
sample_19,11370,7194,69067.5,8383012.5,0.010102628730237484,0.0047379713505506516
sample_19,11371,7175,68877.5,8383002.5,0.01166357658803463,0.018302064388990402
sample_19,11371,7176,68887.5,8383002.5,0.011234135366976261,0.010979397222399712
sample_19,11371,7177,68897.5,8383002.5,0.017749816179275513,0.0029903147369623184
sample_19,11371,7178,68907.5,8383002.5,0.008379852399230003,0.008407424204051495
sample_19,11371,7179,68917.5,8383002.5,0.006684676744043827,0.0015661426587030292
sample_19,11371,7180,68927.5,8383002.5,0.011861258186399937,0.00562706496566534
sample_19,11371,7181,68937.5,8383002.5,0.009872449561953545,0.0019033793359994888
sample_19,11371,7182,68947.5,8383002.5,0.007345774210989475,0.00929581094533205
sample_19,11371,7183,68957.5,8383002.5,0.013166174292564392,0.00551197025924921
sample_19,11371,7184,68967.5,8383002.5,0.005455065052956343,0.0044165002182126045
sample_19,11371,7185,68977.5,8383002.5,0.009961889125406742,0.014706888236105442
sample_19,11371,7186,68987.5,8383002.5,0.008902315981686115,0.005213500931859016
sample_19,11371,7187,68997.5,8383002.5,0.009980839677155018,0.001973506296053529
sample_19,11371,7188,69007.5,8383002.5,0.022678395733237267,0.003674235427752137
sample_19,11371,7189,69017.5,8383002.5,0.011055435054004192,0.007607379462569952
sample_19,11371,7190,69027.5,8383002.5,0.004735642112791538,0.013152841478586197
sample_19,11371,7191,69037.5,8383002.5,0.0037746119778603315,0.003130173310637474
sample_19,11371,7192,69047.5,8383002.5,0.02518277056515217,0.0026218572165817022
sample_19,11371,7193,69057.5,8383002.5,0.02017274498939514,0.006583415437489748
sample_19,11371,7194,69067.5,8383002.5,0.011517757549881935,0.0063232313841581345
sample_19,11372,7175,68877.5,8382992.5,0.010672247037291527,0.006647685542702675
sample_19,11372,7176,68887.5,8382992.5,0.0074124690145254135,0.0013332387898117304
sample_19,11372,7177,68897.5,8382992.5,0.006501602940261364,0.005656626541167498
sample_19,11372,7178,68907.5,8382992.5,0.010764083825051785,0.006840342190116644
sample_19,11372,7179,68917.5,8382992.5,0.002164790639653802,0.005587341729551554
sample_19,11372,7180,68927.5,8382992.5,0.009848278947174549,0.00344305788166821
sample_19,11372,7181,68937.5,8382992.5,0.00425312016159296,0.0036768687423318624
sample_19,11372,7182,68947.5,8382992.5,0.008996112272143364,0.007563770283013582
sample_19,11372,7183,68957.5,8382992.5,0.012883316725492477,0.005020713433623314
sample_19,11372,7184,68967.5,8382992.5,0.007016643416136503,0.0044034626334905624
sample_19,11372,7185,68977.5,8382992.5,0.014814953319728374,0.005110328551381826
sample_19,11372,7186,68987.5,8382992.5,0.007061350159347057,0.003117940854281187
sample_19,11372,7187,68997.5,8382992.5,0.015892934054136276,0.003212201641872525
sample_19,11372,7188,69007.5,8382992.5,0.0172758586704731,0.003656744258478284
sample_19,11372,7189,69017.5,8382992.5,0.015249501913785934,0.005674264393746853
sample_19,11372,7190,69027.5,8382992.5,0.011903676204383373,0.00814046710729599
sample_19,11372,7191,69037.5,8382992.5,0.01834990084171295,0.005935722030699253
sample_19,11372,7192,69047.5,8382992.5,0.007277592085301876,0.004546845331788063
sample_19,11372,7193,69057.5,8382992.5,0.007084150332957506,0.004641013685613871
sample_19,11372,7194,69067.5,8382992.5,0.014084231108427048,0.0036012770142406225
sample_19,11373,7175,68877.5,8382982.5,0.014765703119337559,0.006221078336238861
sample_19,11373,7176,68887.5,8382982.5,0.012971648946404457,0.004895573481917381
sample_19,11373,7177,68897.5,8382982.5,0.022540191188454628,0.006176408845931292
sample_19,11373,7178,68907.5,8382982.5,0.007039145100861788,0.010054349899291992
sample_19,11373,7179,68917.5,8382982.5,0.02158624492585659,0.0038275395054370165
sample_19,11373,7180,68927.5,8382982.5,0.012024515308439732,0.011229475028812885
sample_19,11373,7181,68937.5,8382982.5,0.013633611612021923,0.004591679200530052
sample_19,11373,7182,68947.5,8382982.5,0.005409481003880501,0.008069267496466637
sample_19,11373,7183,68957.5,8382982.5,0.012755456380546093,0.0026498110964894295
sample_19,11373,7184,68967.5,8382982.5,0.005571276880800724,0.009181826375424862
sample_19,11373,7185,68977.5,8382982.5,0.006301991641521454,0.006037421990185976
sample_19,11373,7186,68987.5,8382982.5,0.012844659388065338,0.0026944729033857584
sample_19,11373,7187,68997.5,8382982.5,0.005638041999191046,0.004359068349003792
sample_19,11373,7188,69007.5,8382982.5,0.009770595468580723,0.005936803296208382
sample_19,11373,7189,69017.5,8382982.5,0.006579889915883541,0.001951435930095613
sample_19,11373,7190,69027.5,8382982.5,0.0058599794283509254,0.005134878680109978
sample_19,11373,7191,69037.5,8382982.5,0.01206234097480774,0.006513896398246288
sample_19,11373,7192,69047.5,8382982.5,0.00415010517463088,0.008396935649216175
sample_19,11373,7193,69057.5,8382982.5,0.005529343616217375,0.004090502392500639
sample_19,11373,7194,69067.5,8382982.5,0.007512815296649933,0.008563322015106678
sample_19,11374,7175,68877.5,8382972.5,0.022517304867506027,0.011075276881456375
sample_19,11374,7176,68887.5,8382972.5,0.011786947026848793,0.00477137416601181
sample_19,11374,7177,68897.5,8382972.5,0.0019263356225565076,0.004269731696695089
sample_19,11374,7178,68907.5,8382972.5,0.02327178791165352,0.004600387066602707
sample_19,11374,7179,68917.5,8382972.5,0.017462916672229767,0.0055840639397501945
sample_19,11374,7180,68927.5,8382972.5,0.004859438166022301,0.014116683043539524
sample_19,11374,7181,68937.5,8382972.5,0.006816319189965725,0.008770891465246677
sample_19,11374,7182,68947.5,8382972.5,0.014339670538902283,0.0058897873386740685
sample_19,11374,7183,68957.5,8382972.5,0.009664629586040974,0.003504392458125949
sample_19,11374,7184,68967.5,8382972.5,0.00893830880522728,0.009471980854868889
sample_19,11374,7185,68977.5,8382972.5,0.018053952604532242,0.010739834047853947
sample_19,11374,7186,68987.5,8382972.5,0.0112296212464571,0.00738758547231555
sample_19,11374,7187,68997.5,8382972.5,0.01683601550757885,0.002542586764320731
sample_19,11374,7188,69007.5,8382972.5,0.020880786702036858,0.007829193025827408
sample_19,11374,7189,69017.5,8382972.5,0.011301555670797825,0.0033103427849709988
sample_19,11374,7190,69027.5,8382972.5,0.004710668697953224,0.0014683641493320465
sample_19,11374,7191,69037.5,8382972.5,0.009939072653651237,0.009970317594707012
sample_19,11374,7192,69047.5,8382972.5,0.010325958952307701,0.003090598853304982
sample_19,11374,7193,69057.5,8382972.5,0.0043240077793598175,0.004257920663803816
sample_19,11374,7194,69067.5,8382972.5,0.0031992197036743164,0.003106005024164915
sample_19,11375,7175,68877.5,8382962.5,0.008325532078742981,0.003977020271122456
sample_19,11375,7176,68887.5,8382962.5,0.004169825464487076,0.002068503759801388
sample_19,11375,7177,68897.5,8382962.5,0.012700571678578854,0.0009008487104438245
sample_19,11375,7178,68907.5,8382962.5,0.004775356035679579,0.006972455885261297
sample_19,11375,7179,68917.5,8382962.5,0.009307244792580605,0.0051208315417170525
sample_19,11375,7180,68927.5,8382962.5,0.016115261241793633,0.006749290972948074
sample_19,11375,7181,68937.5,8382962.5,0.010626621544361115,0.0014611993683502078
sample_19,11375,7182,68947.5,8382962.5,0.006393200717866421,0.005512075964361429
sample_19,11375,7183,68957.5,8382962.5,0.010172626934945583,0.005414659157395363
sample_19,11375,7184,68967.5,8382962.5,0.02298826351761818,0.004442598205059767
sample_19,11375,7185,68977.5,8382962.5,0.030114784836769104,0.0020602636504918337
sample_19,11375,7186,68987.5,8382962.5,0.008710866793990135,0.006832201033830643
sample_19,11375,7187,68997.5,8382962.5,0.012777773663401604,0.007811637595295906
sample_19,11375,7188,69007.5,8382962.5,0.016958562657237053,0.0041870190761983395
sample_19,11375,7189,69017.5,8382962.5,0.009229080751538277,0.0032796934247016907
sample_19,11375,7190,69027.5,8382962.5,0.018957937136292458,0.0059727891348302364
sample_19,11375,7191,69037.5,8382962.5,0.004404856823384762,0.0021228936966508627
sample_19,11375,7192,69047.5,8382962.5,0.017066579312086105,0.011952254921197891
sample_19,11375,7193,69057.5,8382962.5,0.012459585443139076,0.004755794070661068
sample_19,11375,7194,69067.5,8382962.5,0.013019565492868423,0.005119303707033396
sample_19,11376,7175,68877.5,8382952.5,0.01082666963338852,0.002711945679038763
sample_19,11376,7176,68887.5,8382952.5,0.014707604423165321,0.005530834197998047
sample_19,11376,7177,68897.5,8382952.5,0.008944375440478325,0.0027993996627628803
sample_19,11376,7178,68907.5,8382952.5,0.006384748965501785,0.002434571972116828
sample_19,11376,7179,68917.5,8382952.5,0.016234828159213066,0.007038847077637911
sample_19,11376,7180,68927.5,8382952.5,0.014094973914325237,0.002183340722694993
sample_19,11376,7181,68937.5,8382952.5,0.008508596569299698,0.005867668427526951
sample_19,11376,7182,68947.5,8382952.5,0.009828159585595131,0.008623345755040646
sample_19,11376,7183,68957.5,8382952.5,0.011726787313818932,0.006733013316988945
sample_19,11376,7184,68967.5,8382952.5,0.010210363194346428,0.01250514667481184
sample_19,11376,7185,68977.5,8382952.5,0.008467392064630985,0.010395403020083904
sample_19,11376,7186,68987.5,8382952.5,0.007070048246532679,0.005899546667933464
sample_19,11376,7187,68997.5,8382952.5,0.025693247094750404,0.0014840441290289164
sample_19,11376,7188,69007.5,8382952.5,0.015416231006383896,0.003196903271600604
sample_19,11376,7189,69017.5,8382952.5,0.016774818301200867,0.004456173162907362
sample_19,11376,7190,69027.5,8382952.5,0.004382241517305374,0.006722788792103529
sample_19,11376,7191,69037.5,8382952.5,0.004373342264443636,0.007283072452992201
sample_19,11376,7192,69047.5,8382952.5,0.010600654408335686,0.0045354291796684265
sample_19,11376,7193,69057.5,8382952.5,0.0049155475571751595,0.015344450250267982
sample_19,11376,7194,69067.5,8382952.5,0.0066890474408864975,0.004625323694199324
sample_19,11377,7175,68877.5,8382942.5,0.008970649912953377,0.0022473365534096956
sample_19,11377,7176,68887.5,8382942.5,0.00949119497090578,0.006169544532895088
sample_19,11377,7177,68897.5,8382942.5,0.009485115297138691,0.0046250163577497005
sample_19,11377,7178,68907.5,8382942.5,0.012064097449183464,0.0017096863593906164
sample_19,11377,7179,68917.5,8382942.5,0.01398216187953949,0.005200445186346769
sample_19,11377,7180,68927.5,8382942.5,0.023739570751786232,0.005086754448711872
sample_19,11377,7181,68937.5,8382942.5,0.006207406986504793,0.004388971254229546
sample_19,11377,7182,68947.5,8382942.5,0.0072748735547065735,0.00863838940858841
sample_19,11377,7183,68957.5,8382942.5,0.009801235049962997,0.005735395941883326
sample_19,11377,7184,68967.5,8382942.5,0.012756641954183578,0.004590184427797794
sample_19,11377,7185,68977.5,8382942.5,0.013322172686457634,0.011059615761041641
sample_19,11377,7186,68987.5,8382942.5,0.005325068719685078,0.009334519505500793
sample_19,11377,7187,68997.5,8382942.5,0.0064003909938037395,0.007057956885546446
sample_19,11377,7188,69007.5,8382942.5,0.011528357863426208,0.006076844874769449
sample_19,11377,7189,69017.5,8382942.5,0.010651791468262672,0.0035883954260498285
sample_19,11377,7190,69027.5,8382942.5,0.010002519935369492,0.005281017627567053
sample_19,11377,7191,69037.5,8382942.5,0.010166541673243046,0.00497602391988039
sample_19,11377,7192,69047.5,8382942.5,0.016641981899738312,0.0016026577213779092
sample_19,11377,7193,69057.5,8382942.5,0.008455009199678898,0.0040095532312989235
sample_19,11377,7194,69067.5,8382942.5,0.0075723412446677685,0.003591099986806512
sample_19,11378,7176,68887.5,8382932.5,0.0033127903006970882,0.0014982534339651465
sample_19,11378,7177,68897.5,8382932.5,0.008731883019208908,0.0030937851406633854
sample_19,11378,7178,68907.5,8382932.5,0.008285184390842915,0.014309341087937355
sample_19,11378,7179,68917.5,8382932.5,0.009687506593763828,0.0047874366864562035
sample_19,11378,7180,68927.5,8382932.5,0.013255947269499302,0.004465299658477306
sample_19,11378,7181,68937.5,8382932.5,0.012620163150131702,0.003925762604922056
sample_19,11378,7182,68947.5,8382932.5,0.0025901044718921185,0.003026230726391077
sample_19,11378,7183,68957.5,8382932.5,0.002837618114426732,0.006371494382619858
sample_19,11378,7184,68967.5,8382932.5,0.005407717078924179,0.0011718921596184373
sample_19,11378,7185,68977.5,8382932.5,0.01052842941135168,0.012276028282940388
sample_19,11378,7186,68987.5,8382932.5,0.00442031305283308,0.009233568795025349
sample_19,11378,7187,68997.5,8382932.5,0.007060254458338022,0.003073706291615963
sample_19,11378,7188,69007.5,8382932.5,0.008551659062504768,0.003940858878195286
sample_19,11378,7189,69017.5,8382932.5,0.009039705619215965,0.00417729327455163
sample_19,11378,7190,69027.5,8382932.5,0.008186573162674904,0.0029478520154953003
sample_19,11378,7191,69037.5,8382932.5,0.020118439570069313,0.005908450111746788
sample_19,11378,7192,69047.5,8382932.5,0.016904763877391815,0.004951245151460171
sample_19,11378,7193,69057.5,8382932.5,0.01628112606704235,0.003815160598605871
sample_19,11378,7194,69067.5,8382932.5,0.004744003992527723,0.005308578722178936
sample_19,11379,7176,68887.5,8382922.5,0.01577943190932274,0.005064655561000109
sample_19,11379,7177,68897.5,8382922.5,0.008888556621968746,0.0046169045381248
sample_19,11379,7178,68907.5,8382922.5,0.008512822911143303,0.007907908409833908
sample_19,11379,7179,68917.5,8382922.5,0.008750522509217262,0.007573707960546017
sample_19,11379,7180,68927.5,8382922.5,0.0051020486280322075,0.00338747794739902
sample_19,11379,7181,68937.5,8382922.5,0.008828926831483841,0.014094550162553787
sample_19,11379,7182,68947.5,8382922.5,0.009709053672850132,0.002491299295797944
sample_19,11379,7183,68957.5,8382922.5,0.017014354467391968,0.008305294439196587
sample_19,11379,7184,68967.5,8382922.5,0.014253150671720505,0.0026062973774969578
sample_19,11379,7185,68977.5,8382922.5,0.005640535615384579,0.0055491263046860695
sample_19,11379,7186,68987.5,8382922.5,0.021683717146515846,0.010721557773649693
sample_19,11379,7187,68997.5,8382922.5,0.006398408208042383,0.006269249599426985
sample_19,11379,7188,69007.5,8382922.5,0.003919903188943863,0.0054612732492387295
sample_19,11379,7189,69017.5,8382922.5,0.005868760868906975,0.004119022749364376
sample_19,11379,7190,69027.5,8382922.5,0.006156184710562229,0.002136958995833993
sample_19,11379,7191,69037.5,8382922.5,0.012927521020174026,0.0034277287777513266
sample_19,11379,7192,69047.5,8382922.5,0.014240287244319916,0.0034016985446214676
sample_19,11379,7193,69057.5,8382922.5,0.012116199359297752,0.003513205796480179
sample_19,11379,7194,69067.5,8382922.5,0.01589621789753437,0.009008270688354969
sample_19,11380,7176,68887.5,8382912.5,0.005747027695178986,0.004432115703821182
sample_19,11380,7177,68897.5,8382912.5,0.0057441252283751965,0.005219949409365654
sample_19,11380,7178,68907.5,8382912.5,0.018125219270586967,0.005603110883384943
sample_19,11380,7179,68917.5,8382912.5,0.006520198658108711,0.005916800815612078
sample_19,11380,7180,68927.5,8382912.5,0.003926894161850214,0.005888376384973526
sample_19,11380,7181,68937.5,8382912.5,0.009478459134697914,0.00472573796287179
sample_19,11380,7182,68947.5,8382912.5,0.005632955580949783,0.007644536904990673
sample_19,11380,7183,68957.5,8382912.5,0.02957123890519142,0.0077236369252204895
sample_19,11380,7184,68967.5,8382912.5,0.014428852126002312,0.002960214391350746
sample_19,11380,7185,68977.5,8382912.5,0.003927457146346569,0.005568496882915497
sample_19,11380,7186,68987.5,8382912.5,0.00919918529689312,0.002739565446972847
sample_19,11380,7187,68997.5,8382912.5,0.013051195070147514,0.005026951897889376
sample_19,11380,7188,69007.5,8382912.5,0.013975189998745918,0.007432260550558567
sample_19,11380,7189,69017.5,8382912.5,0.01424391008913517,0.007486624177545309
sample_19,11380,7190,69027.5,8382912.5,0.016216229647397995,0.00333017623052001
sample_19,11380,7191,69037.5,8382912.5,0.004048776812851429,0.0038976185023784637
sample_19,11380,7192,69047.5,8382912.5,0.013863744214177132,0.016629159450531006
sample_19,11380,7193,69057.5,8382912.5,0.004008980933576822,0.0025643021799623966
sample_19,11380,7194,69067.5,8382912.5,0.007696332409977913,0.0055636027827858925
sample_19,11381,7176,68887.5,8382902.5,0.00890677236020565,0.005755068734288216
sample_19,11381,7177,68897.5,8382902.5,0.01002737507224083,0.005845699459314346
sample_19,11381,7178,68907.5,8382902.5,0.004631966818124056,0.0042944722808897495
sample_19,11381,7179,68917.5,8382902.5,0.007398862391710281,0.011696108616888523
sample_19,11381,7180,68927.5,8382902.5,0.007161200977861881,0.007506635971367359
sample_19,11381,7181,68937.5,8382902.5,0.02240610122680664,0.005300319753587246
sample_19,11381,7182,68947.5,8382902.5,0.010521925054490566,0.001992406789213419
sample_19,11381,7183,68957.5,8382902.5,0.0027855210937559605,0.010339761152863503
sample_19,11381,7184,68967.5,8382902.5,0.013375871814787388,0.0012291062157601118
sample_19,11381,7185,68977.5,8382902.5,0.02120000496506691,0.011499919928610325
sample_19,11381,7186,68987.5,8382902.5,0.00929302629083395,0.0033944551832973957
sample_19,11381,7187,68997.5,8382902.5,0.011480910703539848,0.0026635928079485893
sample_19,11381,7188,69007.5,8382902.5,0.006094503682106733,0.0036993902176618576
sample_19,11381,7189,69017.5,8382902.5,0.002002136083319783,0.00369104347191751
sample_19,11381,7190,69027.5,8382902.5,0.006484035402536392,0.004424732644110918
sample_19,11381,7191,69037.5,8382902.5,0.008716465905308723,0.00339361559599638
sample_19,11381,7192,69047.5,8382902.5,0.014531607739627361,0.005421506240963936
sample_19,11381,7193,69057.5,8382902.5,0.011955536901950836,0.006033857818692923
sample_19,11381,7194,69067.5,8382902.5,0.013849672861397266,0.006045580841600895
sample_19,11382,7176,68887.5,8382892.5,0.007615793030709028,0.004147411324083805
sample_19,11382,7177,68897.5,8382892.5,0.002748584607616067,0.006163099780678749
sample_19,11382,7178,68907.5,8382892.5,0.008531689643859863,0.005240533966571093
sample_19,11382,7179,68917.5,8382892.5,0.004905044101178646,0.014204192906618118
sample_19,11382,7180,68927.5,8382892.5,0.006275796331465244,0.001797399832867086
sample_19,11382,7181,68937.5,8382892.5,0.011710680089890957,0.006576175335794687
sample_19,11382,7182,68947.5,8382892.5,0.004523560870438814,0.005737005732953548
sample_20,9374,7396,71087.5,8402972.5,0.020493581891059875,0.005646785255521536
sample_20,9374,7397,71097.5,8402972.5,0.008242735639214516,0.005536298267543316
sample_20,9374,7398,71107.5,8402972.5,0.015718264505267143,0.01505841501057148
sample_20,9374,7399,71117.5,8402972.5,0.01691308431327343,0.005952345672994852
sample_20,9374,7400,71127.5,8402972.5,0.009513790719211102,0.004328761249780655
sample_20,9374,7401,71137.5,8402972.5,0.010468929074704647,0.005100130569189787
sample_20,9374,7402,71147.5,8402972.5,0.00541316345334053,0.0034071875270456076
sample_20,9374,7403,71157.5,8402972.5,0.006723057944327593,0.005498629994690418
sample_20,9374,7404,71167.5,8402972.5,0.014670132659375668,0.006257531698793173
sample_20,9374,7405,71177.5,8402972.5,0.007538077887147665,0.014718310907483101
sample_20,9374,7406,71187.5,8402972.5,0.010925723239779472,0.003515436314046383
sample_20,9374,7407,71197.5,8402972.5,0.016135381534695625,0.005568971857428551
sample_20,9374,7408,71207.5,8402972.5,0.016056617721915245,0.0027136567514389753
sample_20,9374,7409,71217.5,8402972.5,0.015569884330034256,0.0019178992370143533
sample_20,9374,7410,71227.5,8402972.5,0.006661944091320038,0.00711164902895689
sample_20,9374,7411,71237.5,8402972.5,0.0024867572356015444,0.007181587629020214
sample_20,9374,7412,71247.5,8402972.5,0.013582678511738777,0.008808748796582222
sample_20,9374,7413,71257.5,8402972.5,0.013845815323293209,0.0036151378881186247
sample_20,9375,7394,71067.5,8402962.5,0.009614752605557442,0.006117451936006546
sample_20,9375,7395,71077.5,8402962.5,0.01813882403075695,0.004668212961405516
sample_20,9375,7396,71087.5,8402962.5,0.021125875413417816,0.005755183752626181
sample_20,9375,7397,71097.5,8402962.5,0.012252194806933403,0.0015587755478918552
sample_20,9375,7398,71107.5,8402962.5,0.01878529228270054,0.004301079083234072
sample_20,9375,7399,71117.5,8402962.5,0.01595725119113922,0.0029971497133374214
sample_20,9375,7400,71127.5,8402962.5,0.0035989817697554827,0.004335327539592981
sample_20,9375,7401,71137.5,8402962.5,0.010731464251875877,0.0036756019107997417
sample_20,9375,7402,71147.5,8402962.5,0.0178992822766304,0.0033585024066269398
sample_20,9375,7403,71157.5,8402962.5,0.004816679283976555,0.011869380250573158
sample_20,9375,7404,71167.5,8402962.5,0.006899199448525906,0.013516003265976906
sample_20,9375,7405,71177.5,8402962.5,0.01813715323805809,0.007374069653451443
sample_20,9375,7406,71187.5,8402962.5,0.011888223700225353,0.0031439457088708878
sample_20,9375,7407,71197.5,8402962.5,0.012358478270471096,0.004430786706507206
sample_20,9375,7408,71207.5,8402962.5,0.02096116542816162,0.01001623086631298
sample_20,9375,7409,71217.5,8402962.5,0.019337056204676628,0.006382330786436796
sample_20,9375,7410,71227.5,8402962.5,0.01545996218919754,0.0044416035525500774
sample_20,9375,7411,71237.5,8402962.5,0.01557015348225832,0.003123042406514287
sample_20,9375,7412,71247.5,8402962.5,0.037714798003435135,0.003191459458321333
sample_20,9375,7413,71257.5,8402962.5,0.01075008511543274,0.003865259699523449
sample_20,9376,7394,71067.5,8402952.5,0.010577946901321411,0.005815093871206045
sample_20,9376,7395,71077.5,8402952.5,0.029292020946741104,0.002324584173038602
sample_20,9376,7396,71087.5,8402952.5,0.02090279757976532,0.008365881629288197
sample_20,9376,7397,71097.5,8402952.5,0.01648527756333351,0.005826110020279884
sample_20,9376,7398,71107.5,8402952.5,0.02299654856324196,0.007456040009856224
sample_20,9376,7399,71117.5,8402952.5,0.006094080861657858,0.0040617212653160095
sample_20,9376,7400,71127.5,8402952.5,0.016647713258862495,0.004813987761735916
sample_20,9376,7401,71137.5,8402952.5,0.022935323417186737,0.007626855745911598
sample_20,9376,7402,71147.5,8402952.5,0.019057203084230423,0.009579777717590332
sample_20,9376,7403,71157.5,8402952.5,0.03783442825078964,0.0032733818516135216
sample_20,9376,7404,71167.5,8402952.5,0.01808745414018631,0.0074821170419454575
sample_20,9376,7405,71177.5,8402952.5,0.01971745863556862,0.004177730530500412
sample_20,9376,7406,71187.5,8402952.5,0.009093834087252617,0.009102280251681805
sample_20,9376,7407,71197.5,8402952.5,0.014509073458611965,0.0038167652674019337
sample_20,9376,7408,71207.5,8402952.5,0.010907448828220367,0.005430347751826048
sample_20,9376,7409,71217.5,8402952.5,0.006624985486268997,0.0024036180693656206
sample_20,9376,7410,71227.5,8402952.5,0.0044968267902731895,0.007590479217469692
sample_20,9376,7411,71237.5,8402952.5,0.0033405497670173645,0.0057232556864619255
sample_20,9376,7412,71247.5,8402952.5,0.026520557701587677,0.002155573572963476
sample_20,9376,7413,71257.5,8402952.5,0.008369090035557747,0.012238260358572006
sample_20,9377,7395,71077.5,8402942.5,0.012765537016093731,0.010041355155408382
sample_20,9377,7396,71087.5,8402942.5,0.014195654541254044,0.002532196929678321
sample_20,9377,7397,71097.5,8402942.5,0.00987369753420353,0.004449266940355301
sample_20,9377,7398,71107.5,8402942.5,0.009220398031175137,0.005088779143989086
sample_20,9377,7399,71117.5,8402942.5,0.01533579546958208,0.0037056878209114075
sample_20,9377,7400,71127.5,8402942.5,0.003713261801749468,0.00941528845578432
sample_20,9377,7401,71137.5,8402942.5,0.01519443653523922,0.011178198270499706
sample_20,9377,7402,71147.5,8402942.5,0.026114044710993767,0.010334770195186138
sample_20,9377,7403,71157.5,8402942.5,0.010335646569728851,0.0037905408535152674
sample_20,9377,7404,71167.5,8402942.5,0.011282555758953094,0.003559761680662632
sample_20,9377,7405,71177.5,8402942.5,0.009233202785253525,0.007502338849008083
sample_20,9377,7406,71187.5,8402942.5,0.011060211807489395,0.0014568022452294827
sample_20,9377,7407,71197.5,8402942.5,0.003514503827318549,0.006070826668292284
sample_20,9377,7408,71207.5,8402942.5,0.010079210624098778,0.0019028815440833569
sample_20,9377,7409,71217.5,8402942.5,0.01646958664059639,0.003114529885351658
sample_20,9377,7410,71227.5,8402942.5,0.023277444764971733,0.00468788668513298
sample_20,9377,7411,71237.5,8402942.5,0.01739591918885708,0.003391353879123926
sample_20,9377,7412,71247.5,8402942.5,0.014013844542205334,0.0037476138677448034
sample_20,9377,7413,71257.5,8402942.5,0.013634974136948586,0.005840466357767582
sample_20,9378,7395,71077.5,8402932.5,0.029969479888677597,0.005697404034435749
sample_20,9378,7396,71087.5,8402932.5,0.010499849915504456,0.0020988094620406628
sample_20,9378,7397,71097.5,8402932.5,0.01778857223689556,0.003184674773365259
sample_20,9378,7398,71107.5,8402932.5,0.0010635055368766189,0.009792415425181389
sample_20,9378,7399,71117.5,8402932.5,0.010004800744354725,0.002727208426222205
sample_20,9378,7400,71127.5,8402932.5,0.01604311726987362,0.007560082245618105
sample_20,9378,7401,71137.5,8402932.5,0.0036416444927453995,0.004779301583766937
sample_20,9378,7402,71147.5,8402932.5,0.0070669762790203094,0.006609414238482714
sample_20,9378,7403,71157.5,8402932.5,0.00767437182366848,0.006569260265678167
sample_20,9378,7404,71167.5,8402932.5,0.01070060022175312,0.002580740489065647
sample_20,9378,7405,71177.5,8402932.5,0.022452061995863914,0.003328017657622695
sample_20,9378,7406,71187.5,8402932.5,0.005906547419726849,0.0018356124637648463
sample_20,9378,7407,71197.5,8402932.5,0.016645999625325203,0.009519893676042557
sample_20,9378,7408,71207.5,8402932.5,0.0027919593267142773,0.006705297157168388
sample_20,9378,7409,71217.5,8402932.5,0.027796342968940735,0.0042807115241885185
sample_20,9378,7410,71227.5,8402932.5,0.015237106941640377,0.009735162369906902
sample_20,9378,7411,71237.5,8402932.5,0.02233661338686943,0.005747439339756966
sample_20,9378,7412,71247.5,8402932.5,0.006572149693965912,0.006483547389507294
sample_20,9378,7413,71257.5,8402932.5,0.01948428340256214,0.007422361522912979
sample_20,9379,7395,71077.5,8402922.5,0.026743287220597267,0.00960436463356018
sample_20,9379,7396,71087.5,8402922.5,0.0040124752558767796,0.008285540156066418
sample_20,9379,7397,71097.5,8402922.5,0.0075646499171853065,0.0024291439913213253
sample_20,9379,7398,71107.5,8402922.5,0.011465093120932579,0.004048476926982403
sample_20,9379,7399,71117.5,8402922.5,0.01000500749796629,0.002336834091693163
sample_20,9379,7400,71127.5,8402922.5,0.015388312749564648,0.0020351512357592583
sample_20,9379,7401,71137.5,8402922.5,0.0226772241294384,0.0076428973115980625
sample_20,9379,7402,71147.5,8402922.5,0.011911533772945404,0.0011759530752897263
sample_20,9379,7403,71157.5,8402922.5,0.021922960877418518,0.001997253391891718
sample_20,9379,7404,71167.5,8402922.5,0.010812118649482727,0.006131896749138832
sample_20,9379,7405,71177.5,8402922.5,0.023609627038240433,0.005380886606872082
sample_20,9379,7406,71187.5,8402922.5,0.007947292178869247,0.003695459570735693
sample_20,9379,7407,71197.5,8402922.5,0.011589566245675087,0.0026090284809470177
sample_20,9379,7408,71207.5,8402922.5,0.010966861620545387,0.008020492270588875
sample_20,9379,7409,71217.5,8402922.5,0.03322724997997284,0.007807495072484016
sample_20,9379,7410,71227.5,8402922.5,0.0121054258197546,0.0014736691955477
sample_20,9379,7411,71237.5,8402922.5,0.010332649573683739,0.0026255191769450903
sample_20,9379,7412,71247.5,8402922.5,0.014283156022429466,0.0007394544081762433
sample_20,9379,7413,71257.5,8402922.5,0.012901118025183678,0.007643473334610462
sample_20,9380,7395,71077.5,8402912.5,0.041621558368206024,0.006249739322811365
sample_20,9380,7396,71087.5,8402912.5,0.004188619554042816,0.002301201457157731
sample_20,9380,7397,71097.5,8402912.5,0.013557937927544117,0.010601380839943886
sample_20,9380,7398,71107.5,8402912.5,0.0360536053776741,0.006712562870234251
sample_20,9380,7399,71117.5,8402912.5,0.015059726312756538,0.006028738338500261
sample_20,9380,7400,71127.5,8402912.5,0.03822296857833862,0.0037351222708821297
sample_20,9380,7401,71137.5,8402912.5,0.022671187296509743,0.007487828377634287
sample_20,9380,7402,71147.5,8402912.5,0.027926107868552208,0.004041880369186401
sample_20,9380,7403,71157.5,8402912.5,0.004215069115161896,0.01065235584974289
sample_20,9380,7404,71167.5,8402912.5,0.020021196454763412,0.004171235952526331
sample_20,9380,7405,71177.5,8402912.5,0.003302914323285222,0.001287104212678969
sample_20,9380,7406,71187.5,8402912.5,0.009146580472588539,0.004289207048714161
sample_20,9380,7407,71197.5,8402912.5,0.014123298227787018,0.0038862735964357853
sample_20,9380,7408,71207.5,8402912.5,0.011330576613545418,0.009068668819963932
sample_20,9380,7409,71217.5,8402912.5,0.012762167491018772,0.0032495716586709023
sample_20,9380,7410,71227.5,8402912.5,0.01436205767095089,0.008915480226278305
sample_20,9380,7411,71237.5,8402912.5,0.005704297684133053,0.007417663931846619
sample_20,9380,7412,71247.5,8402912.5,0.024416960775852203,0.004740066826343536
sample_20,9380,7413,71257.5,8402912.5,0.011038357391953468,0.002374943345785141
sample_20,9381,7395,71077.5,8402902.5,0.008162925019860268,0.008033253252506256
sample_20,9381,7396,71087.5,8402902.5,0.016488276422023773,0.0038909344002604485
sample_20,9381,7397,71097.5,8402902.5,0.014214455150067806,0.0082328449934721
sample_20,9381,7398,71107.5,8402902.5,0.00978018157184124,0.003338534152135253
sample_20,9381,7399,71117.5,8402902.5,0.012626728974282742,0.0028818969149142504
sample_20,9381,7400,71127.5,8402902.5,0.011967225931584835,0.006286728661507368
sample_20,9381,7401,71137.5,8402902.5,0.028267692774534225,0.010496649891138077
sample_20,9381,7402,71147.5,8402902.5,0.019442133605480194,0.009087628684937954
sample_20,9381,7403,71157.5,8402902.5,0.010261838324368,0.007337251212447882
sample_20,9381,7404,71167.5,8402902.5,0.0089540034532547,0.007461694069206715
sample_20,9381,7405,71177.5,8402902.5,0.015076659619808197,0.00733789661899209
sample_20,9381,7406,71187.5,8402902.5,0.007754125166684389,0.003940386697649956
sample_20,9381,7407,71197.5,8402902.5,0.017142605036497116,0.008106974884867668
sample_20,9381,7408,71207.5,8402902.5,0.024829145520925522,0.007314044050872326
sample_20,9381,7409,71217.5,8402902.5,0.0458889938890934,0.00505081657320261
sample_20,9381,7410,71227.5,8402902.5,0.029132166877388954,0.007184950634837151
sample_20,9381,7411,71237.5,8402902.5,0.00648993905633688,0.0016355994157493114
sample_20,9381,7412,71247.5,8402902.5,0.005706015042960644,0.010525235906243324
sample_20,9381,7413,71257.5,8402902.5,0.010565259493887424,0.0066117215901613235
sample_20,9382,7395,71077.5,8402892.5,0.02532918192446232,0.0032609393820166588
sample_20,9382,7396,71087.5,8402892.5,0.018086476251482964,0.003315263893455267
sample_20,9382,7397,71097.5,8402892.5,0.017265023663640022,0.005831301212310791
sample_20,9382,7398,71107.5,8402892.5,0.021883990615606308,0.005671412218362093
sample_20,9382,7399,71117.5,8402892.5,0.006566427182406187,0.00807788036763668
sample_20,9382,7400,71127.5,8402892.5,0.013311214745044708,0.004068819340318441
sample_20,9382,7401,71137.5,8402892.5,0.008940568193793297,0.003039351897314191
sample_20,9382,7402,71147.5,8402892.5,0.017085041850805283,0.0023280212190002203
sample_20,9382,7403,71157.5,8402892.5,0.016488583758473396,0.003915354609489441
sample_20,9382,7404,71167.5,8402892.5,0.0199416633695364,0.0039042618591338396
sample_20,9382,7405,71177.5,8402892.5,0.009863120503723621,0.004632089752703905
sample_20,9382,7406,71187.5,8402892.5,0.003917448688298464,0.007404714357107878
sample_20,9382,7407,71197.5,8402892.5,0.015506032854318619,0.004386729560792446
sample_20,9382,7408,71207.5,8402892.5,0.019657351076602936,0.0076430137269198895
sample_20,9382,7409,71217.5,8402892.5,0.03635904937982559,0.012111433781683445
sample_20,9382,7410,71227.5,8402892.5,0.012311512604355812,0.0025113066658377647
sample_20,9382,7411,71237.5,8402892.5,0.004590559750795364,0.002508781384676695
sample_20,9382,7412,71247.5,8402892.5,0.012800370343029499,0.011792976409196854
sample_20,9382,7413,71257.5,8402892.5,0.021146196871995926,0.005388155579566956
sample_20,9383,7395,71077.5,8402882.5,0.0094511853531003,0.00495245773345232
sample_20,9383,7396,71087.5,8402882.5,0.029798973351716995,0.00404957914724946
sample_20,9383,7397,71097.5,8402882.5,0.03904815763235092,0.006625221576541662
sample_20,9383,7398,71107.5,8402882.5,0.006869168486446142,0.002065428765490651
sample_20,9383,7399,71117.5,8402882.5,0.006539573892951012,0.003489492693915963
sample_20,9383,7400,71127.5,8402882.5,0.00928187184035778,0.002919638529419899
sample_20,9383,7401,71137.5,8402882.5,0.009865703992545605,0.003583877347409725
sample_20,9383,7402,71147.5,8402882.5,0.022042173892259598,0.002939227968454361
sample_20,9383,7403,71157.5,8402882.5,0.00640623876824975,0.0031009053345769644
sample_20,9383,7404,71167.5,8402882.5,0.0232591163367033,0.0035637749824672937
sample_20,9383,7405,71177.5,8402882.5,0.006676213815808296,0.012447254732251167
sample_20,9383,7406,71187.5,8402882.5,0.015399454161524773,0.012524162419140339
sample_20,9383,7407,71197.5,8402882.5,0.025342227891087532,0.003710550256073475
sample_20,9383,7408,71207.5,8402882.5,0.020907264202833176,0.004664309322834015
sample_20,9383,7409,71217.5,8402882.5,0.02211422473192215,0.006408537272363901
sample_20,9383,7410,71227.5,8402882.5,0.014075877144932747,0.005385241005569696
sample_20,9383,7411,71237.5,8402882.5,0.014996455982327461,0.0020615230314433575
sample_20,9383,7412,71247.5,8402882.5,0.0072992052882909775,0.006789831444621086
sample_20,9383,7413,71257.5,8402882.5,0.007453573402017355,0.010079193860292435
sample_20,9384,7395,71077.5,8402872.5,0.005025508813560009,0.0016821473836898804
sample_20,9384,7396,71087.5,8402872.5,0.013425519689917564,0.005348818842321634
sample_20,9384,7397,71097.5,8402872.5,0.015844713896512985,0.0020090281032025814
sample_20,9384,7398,71107.5,8402872.5,0.0020189047791063786,0.008651758544147015
sample_20,9384,7399,71117.5,8402872.5,0.01248547900468111,0.011922302655875683
sample_20,9384,7400,71127.5,8402872.5,0.013868282549083233,0.008638997562229633
sample_20,9384,7401,71137.5,8402872.5,0.012671762146055698,0.009921588003635406
sample_20,9384,7402,71147.5,8402872.5,0.01769278571009636,0.009820940904319286
sample_20,9384,7403,71157.5,8402872.5,0.01956135407090187,0.004692029673606157
sample_20,9384,7404,71167.5,8402872.5,0.01525304839015007,0.006550283171236515
sample_20,9384,7405,71177.5,8402872.5,0.012299802154302597,0.0056609599851071835
sample_20,9384,7406,71187.5,8402872.5,0.01604408398270607,0.010299467481672764
sample_20,9384,7407,71197.5,8402872.5,0.00736578181385994,0.005813341122120619
sample_20,9384,7408,71207.5,8402872.5,0.010929154232144356,0.009840810671448708
sample_20,9384,7409,71217.5,8402872.5,0.014735454693436623,0.003945571836084127
sample_20,9384,7410,71227.5,8402872.5,0.010443792678415775,0.0062010749243199825
sample_20,9384,7411,71237.5,8402872.5,0.01986294612288475,0.005505269858986139
sample_20,9384,7412,71247.5,8402872.5,0.009655619040131569,0.007762155495584011
sample_20,9384,7413,71257.5,8402872.5,0.030347885563969612,0.007223623804748058
sample_20,9385,7395,71077.5,8402862.5,0.01442653313279152,0.004597061779350042
sample_20,9385,7396,71087.5,8402862.5,0.010080838575959206,0.0024441247805953026
sample_20,9385,7397,71097.5,8402862.5,0.019754445180296898,0.003520036581903696
sample_20,9385,7398,71107.5,8402862.5,0.013048579916357994,0.0018402826972305775
sample_20,9385,7399,71117.5,8402862.5,0.0160820409655571,0.009914090856909752
sample_20,9385,7400,71127.5,8402862.5,0.0011578642297536135,0.009410628117620945
sample_20,9385,7401,71137.5,8402862.5,0.0021457781549543142,0.006092238239943981
sample_20,9385,7402,71147.5,8402862.5,0.005269709043204784,0.009998735971748829
sample_20,9385,7403,71157.5,8402862.5,0.007058642338961363,0.006975826807320118
sample_20,9385,7404,71167.5,8402862.5,0.012851775623857975,0.008761844597756863
sample_20,9385,7405,71177.5,8402862.5,0.008520727045834064,0.008864723145961761
sample_20,9385,7406,71187.5,8402862.5,0.013206250965595245,0.004903437569737434
sample_20,9385,7407,71197.5,8402862.5,0.014711415395140648,0.005222728941589594
sample_20,9385,7408,71207.5,8402862.5,0.005970615427941084,0.010210624895989895
sample_20,9385,7409,71217.5,8402862.5,0.010312854312360287,0.020758457481861115
sample_20,9385,7410,71227.5,8402862.5,0.01087036170065403,0.013661608099937439
sample_20,9385,7411,71237.5,8402862.5,0.025308925658464432,0.007463996764272451
sample_20,9385,7412,71247.5,8402862.5,0.012330202385783195,0.0023049437440931797
sample_20,9385,7413,71257.5,8402862.5,0.03085288405418396,0.004585838411003351
sample_20,9386,7395,71077.5,8402852.5,0.014540886506438255,0.004666990600526333
sample_20,9386,7396,71087.5,8402852.5,0.00984053872525692,0.003435596590861678
sample_20,9386,7397,71097.5,8402852.5,0.00944465585052967,0.00531741650775075
sample_20,9386,7398,71107.5,8402852.5,0.004157077521085739,0.007653406821191311
sample_20,9386,7399,71117.5,8402852.5,0.016263753175735474,0.0028126640245318413
sample_20,9386,7400,71127.5,8402852.5,0.0176754891872406,0.007689417339861393
sample_20,9386,7401,71137.5,8402852.5,0.00887087732553482,0.005935984198004007
sample_20,9386,7402,71147.5,8402852.5,0.016836855560541153,0.010475493036210537
sample_20,9386,7403,71157.5,8402852.5,0.012729582376778126,0.0028356965631246567
sample_20,9386,7404,71167.5,8402852.5,0.008391227573156357,0.00705495523288846
sample_20,9386,7405,71177.5,8402852.5,0.006032698322087526,0.0030428615864366293
sample_20,9386,7406,71187.5,8402852.5,0.03673529252409935,0.005385326687246561
sample_20,9386,7407,71197.5,8402852.5,0.026363154873251915,0.004592142067849636
sample_20,9386,7408,71207.5,8402852.5,0.010139308869838715,0.007601275108754635
sample_20,9386,7409,71217.5,8402852.5,0.03382090851664543,0.006520179100334644
sample_20,9386,7410,71227.5,8402852.5,0.013091707602143288,0.00670792069286108
sample_20,9386,7411,71237.5,8402852.5,0.02082889713346958,0.007012988906353712
sample_20,9386,7412,71247.5,8402852.5,0.019071273505687714,0.001709349686279893
sample_20,9386,7413,71257.5,8402852.5,0.019482534378767014,0.006340951193124056
sample_20,9387,7395,71077.5,8402842.5,0.02090546488761902,0.004887441638857126
sample_20,9387,7396,71087.5,8402842.5,0.014719797298312187,0.00624475535005331
sample_20,9387,7397,71097.5,8402842.5,0.0281137116253376,0.006370842456817627
sample_20,9387,7398,71107.5,8402842.5,0.013446981087327003,0.00437509547919035
sample_20,9387,7399,71117.5,8402842.5,0.012107575312256813,0.007413910701870918
sample_20,9387,7400,71127.5,8402842.5,0.00999851431697607,0.007497712504118681
sample_20,9387,7401,71137.5,8402842.5,0.04852960258722305,0.005772287026047707
sample_20,9387,7402,71147.5,8402842.5,0.0054708546958863735,0.002103211358189583
sample_20,9387,7403,71157.5,8402842.5,0.004885243251919746,0.00558538269251585
sample_20,9387,7404,71167.5,8402842.5,0.007495124824345112,0.0024186791852116585
sample_20,9387,7405,71177.5,8402842.5,0.015941493213176727,0.0028380327858030796
sample_20,9387,7406,71187.5,8402842.5,0.017867494374513626,0.002647197339683771
sample_20,9387,7407,71197.5,8402842.5,0.02329418435692787,0.006468932144343853
sample_20,9387,7408,71207.5,8402842.5,0.026488762348890305,0.0074633327312767506
sample_20,9387,7409,71217.5,8402842.5,0.015960287302732468,0.002691212110221386
sample_20,9387,7410,71227.5,8402842.5,0.014151563867926598,0.003418553154915571
sample_20,9387,7411,71237.5,8402842.5,0.014344800263643265,0.008851949125528336
sample_20,9387,7412,71247.5,8402842.5,0.01780116558074951,0.004491512198001146
sample_20,9387,7413,71257.5,8402842.5,0.01842576079070568,0.0026253433898091316
sample_20,9388,7395,71077.5,8402832.5,0.007333078421652317,0.00195867451839149
sample_20,9388,7396,71087.5,8402832.5,0.03663211315870285,0.002100942423567176
sample_20,9388,7397,71097.5,8402832.5,0.01771043799817562,0.0057566724717617035
sample_20,9388,7398,71107.5,8402832.5,0.008561642840504646,0.006658065598458052
sample_20,9388,7399,71117.5,8402832.5,0.01596793159842491,0.004716969095170498
sample_20,9388,7400,71127.5,8402832.5,0.01062407810240984,0.0037028640508651733
sample_20,9388,7401,71137.5,8402832.5,0.02053128369152546,0.005931250751018524
sample_20,9388,7402,71147.5,8402832.5,0.007763856090605259,0.006865205243229866
sample_20,9388,7403,71157.5,8402832.5,0.0047034602612257,0.0038332990370690823
sample_20,9388,7404,71167.5,8402832.5,0.017620187252759933,0.009341748431324959
sample_20,9388,7405,71177.5,8402832.5,0.015986621379852295,0.009634441696107388
sample_20,9388,7406,71187.5,8402832.5,0.009175140410661697,0.004016502760350704
sample_20,9388,7407,71197.5,8402832.5,0.023775562644004822,0.004061015322804451
sample_20,9388,7408,71207.5,8402832.5,0.022713854908943176,0.009420199319720268
sample_20,9388,7409,71217.5,8402832.5,0.016951512545347214,0.0034266437869518995
sample_20,9388,7410,71227.5,8402832.5,0.01757434569299221,0.006082366686314344
sample_20,9388,7411,71237.5,8402832.5,0.00931586418300867,0.004420575685799122
sample_20,9388,7412,71247.5,8402832.5,0.02091754972934723,0.010881513357162476
sample_20,9388,7413,71257.5,8402832.5,0.013009338639676571,0.009531479328870773
sample_20,9389,7395,71077.5,8402822.5,0.007524590473622084,0.004483748227357864
sample_20,9389,7396,71087.5,8402822.5,0.018687132745981216,0.004183551296591759
sample_20,9389,7397,71097.5,8402822.5,0.003271103836596012,0.0019126776605844498
sample_20,9389,7398,71107.5,8402822.5,0.01403848547488451,0.002760482719168067
sample_20,9389,7399,71117.5,8402822.5,0.014243625104427338,0.006958759389817715
sample_20,9389,7400,71127.5,8402822.5,0.025676945224404335,0.0023056096397340298
sample_20,9389,7401,71137.5,8402822.5,0.01197806280106306,0.005298299249261618
sample_20,9389,7402,71147.5,8402822.5,0.019066262990236282,0.0017627336783334613
sample_20,9389,7403,71157.5,8402822.5,0.005733713507652283,0.0039058467373251915
sample_20,9389,7404,71167.5,8402822.5,0.009313358925282955,0.002610044786706567
sample_20,9389,7405,71177.5,8402822.5,0.005993033293634653,0.004585320595651865
sample_20,9389,7406,71187.5,8402822.5,0.008627712726593018,0.0045137712731957436
sample_20,9389,7407,71197.5,8402822.5,0.008444846607744694,0.010530673898756504
sample_20,9389,7408,71207.5,8402822.5,0.01396852545440197,0.00592418247833848
sample_20,9389,7409,71217.5,8402822.5,0.014606988057494164,0.008938698098063469
sample_20,9389,7410,71227.5,8402822.5,0.0038057828787714243,0.008118199184536934
sample_21,5769,16040,157527.5,8439022.5,0.012929901480674744,0.004529241938143969
sample_21,5769,16041,157537.5,8439022.5,0.008408971130847931,0.0070230551064014435
sample_21,5769,16042,157547.5,8439022.5,0.014847531914710999,0.005795810837298632
sample_21,5769,16043,157557.5,8439022.5,0.02329721301794052,0.0027919490821659565
sample_21,5769,16044,157567.5,8439022.5,0.009640495292842388,0.007611144334077835
sample_21,5769,16045,157577.5,8439022.5,0.008030056022107601,0.0036530829966068268
sample_21,5769,16046,157587.5,8439022.5,0.013789290562272072,0.00218792911618948
sample_21,5769,16047,157597.5,8439022.5,0.017928041517734528,0.003091491060331464
sample_21,5769,16048,157607.5,8439022.5,0.019711006432771683,0.0060789939016103745
sample_21,5769,16049,157617.5,8439022.5,0.011104311794042587,0.0017686712089926004
sample_21,5769,16050,157627.5,8439022.5,0.005350491963326931,0.009562086313962936
sample_21,5769,16051,157637.5,8439022.5,0.007098514586687088,0.004188064020127058
sample_21,5769,16052,157647.5,8439022.5,0.013749238103628159,0.004690021276473999
sample_21,5769,16053,157657.5,8439022.5,0.019755786284804344,0.004299868829548359
sample_21,5769,16054,157667.5,8439022.5,0.011232567951083183,0.002433528658002615
sample_21,5769,16055,157677.5,8439022.5,0.01801438070833683,0.003424861002713442
sample_21,5769,16056,157687.5,8439022.5,0.025220267474651337,0.002992816735059023
sample_21,5769,16057,157697.5,8439022.5,0.026907900348305702,0.0012131258845329285
sample_21,5770,16038,157507.5,8439012.5,0.00925544835627079,0.0025919009931385517
sample_21,5770,16039,157517.5,8439012.5,0.02293994277715683,0.0034508693497627974
sample_21,5770,16040,157527.5,8439012.5,0.009856454096734524,0.0034484926145523787
sample_21,5770,16041,157537.5,8439012.5,0.00913296826183796,0.006303953472524881
sample_21,5770,16042,157547.5,8439012.5,0.009091459214687347,0.006035702768713236
sample_21,5770,16043,157557.5,8439012.5,0.016209673136472702,0.0030861662235111
sample_21,5770,16044,157567.5,8439012.5,0.019374273717403412,0.0069776978343725204
sample_21,5770,16045,157577.5,8439012.5,0.008624120615422726,0.0043753692880272865
sample_21,5770,16046,157587.5,8439012.5,0.0073851896449923515,0.008927596732974052
sample_21,5770,16047,157597.5,8439012.5,0.008063504472374916,0.0030914039816707373
sample_21,5770,16048,157607.5,8439012.5,0.008621477521955967,0.0069317445158958435
sample_21,5770,16049,157617.5,8439012.5,0.0038135689683258533,0.0031796395778656006
sample_21,5770,16050,157627.5,8439012.5,0.009299667552113533,0.0016899179900065064
sample_21,5770,16051,157637.5,8439012.5,0.02169521525502205,0.0027537294663488865
sample_21,5770,16052,157647.5,8439012.5,0.019903361797332764,0.004896465688943863
sample_21,5770,16053,157657.5,8439012.5,0.007052965462207794,0.0051136501133441925
sample_21,5770,16054,157667.5,8439012.5,0.010631663724780083,0.014595629647374153
sample_21,5770,16055,157677.5,8439012.5,0.0069494652561843395,0.007927371188998222
sample_21,5770,16056,157687.5,8439012.5,0.018895292654633522,0.006062236148864031
sample_21,5770,16057,157697.5,8439012.5,0.00387125788256526,0.003285839920863509
sample_21,5771,16038,157507.5,8439002.5,0.015659669414162636,0.0048599401488900185
sample_21,5771,16039,157517.5,8439002.5,0.008442094549536705,0.0046501969918608665
sample_21,5771,16040,157527.5,8439002.5,0.007787145674228668,0.011164410039782524
sample_21,5771,16041,157537.5,8439002.5,0.008114338852465153,0.0030198886524885893
sample_21,5771,16042,157547.5,8439002.5,0.00835924968123436,0.0030426313169300556
sample_21,5771,16043,157557.5,8439002.5,0.008454442024230957,0.00984725821763277
sample_21,5771,16044,157567.5,8439002.5,0.005280985496938229,0.004296449478715658
sample_21,5771,16045,157577.5,8439002.5,0.006322607863694429,0.01304304413497448
sample_21,5771,16046,157587.5,8439002.5,0.00990496575832367,0.005987698212265968
sample_21,5771,16047,157597.5,8439002.5,0.021640660241246223,0.002098295371979475
sample_21,5771,16048,157607.5,8439002.5,0.008609226904809475,0.0021704791579395533
sample_21,5771,16049,157617.5,8439002.5,0.0057227532379329205,0.011756728403270245
sample_21,5771,16050,157627.5,8439002.5,0.015419095754623413,0.01551487110555172
sample_21,5771,16051,157637.5,8439002.5,0.005396062508225441,0.007357881870120764
sample_21,5771,16052,157647.5,8439002.5,0.014895645901560783,0.003944715950638056
sample_21,5771,16053,157657.5,8439002.5,0.023135244846343994,0.0024008448235690594
sample_21,5771,16054,157667.5,8439002.5,0.014774027280509472,0.00600235303863883
sample_21,5771,16055,157677.5,8439002.5,0.01421536598354578,0.01139029860496521
sample_21,5771,16056,157687.5,8439002.5,0.018343620002269745,0.0049624815583229065
sample_21,5771,16057,157697.5,8439002.5,0.008683202788233757,0.007256317418068647
sample_21,5772,16038,157507.5,8438992.5,0.005691806320101023,0.0021840492263436317
sample_21,5772,16039,157517.5,8438992.5,0.006062103435397148,0.0123033681884408
sample_21,5772,16040,157527.5,8438992.5,0.015229325741529465,0.00595666840672493
sample_21,5772,16041,157537.5,8438992.5,0.007006846368312836,0.0060582407750189304
sample_21,5772,16042,157547.5,8438992.5,0.007581127807497978,0.003915063571184874
sample_21,5772,16043,157557.5,8438992.5,0.006340322084724903,0.004929752554744482
sample_21,5772,16044,157567.5,8438992.5,0.008568307384848595,0.007269497960805893
sample_21,5772,16045,157577.5,8438992.5,0.0027012506034225225,0.005204524379223585
sample_21,5772,16046,157587.5,8438992.5,0.005865859799087048,0.007091908250004053
sample_21,5772,16047,157597.5,8438992.5,0.02378651686012745,0.0020326585508883
sample_21,5772,16048,157607.5,8438992.5,0.005386424716562033,0.010621284134685993
sample_21,5772,16049,157617.5,8438992.5,0.01372560579329729,0.008209031075239182
sample_21,5772,16050,157627.5,8438992.5,0.008319550193846226,0.005821817554533482
sample_21,5772,16051,157637.5,8438992.5,0.014251620508730412,0.0016910078702494502
sample_21,5772,16052,157647.5,8438992.5,0.018190491944551468,0.008022679947316647
sample_21,5772,16053,157657.5,8438992.5,0.026361489668488503,0.005384513176977634
sample_21,5772,16054,157667.5,8438992.5,0.008894998580217361,0.005732559598982334
sample_21,5772,16055,157677.5,8438992.5,0.00488259457051754,0.003215968841686845
sample_21,5772,16056,157687.5,8438992.5,0.01723095029592514,0.00972240511327982
sample_21,5772,16057,157697.5,8438992.5,0.01740371063351631,0.0035900291986763477
sample_21,5773,16038,157507.5,8438982.5,0.009260722436010838,0.0033637431915849447
sample_21,5773,16039,157517.5,8438982.5,0.010782811790704727,0.0016893277643248439
sample_21,5773,16040,157527.5,8438982.5,0.013723560608923435,0.005914543755352497
sample_21,5773,16041,157537.5,8438982.5,0.011897160671651363,0.0076025002636015415
sample_21,5773,16042,157547.5,8438982.5,0.013865895569324493,0.0032957936637103558
sample_21,5773,16043,157557.5,8438982.5,0.009910034947097301,0.007476030848920345
sample_21,5773,16044,157567.5,8438982.5,0.011027403175830841,0.005208183079957962
sample_21,5773,16045,157577.5,8438982.5,0.012321031652390957,0.011216218583285809
sample_21,5773,16046,157587.5,8438982.5,0.01949557662010193,0.010437753982841969
sample_21,5773,16047,157597.5,8438982.5,0.013581397943198681,0.004972641821950674
sample_21,5773,16048,157607.5,8438982.5,0.0065309274941682816,0.0039756884798407555
sample_21,5773,16049,157617.5,8438982.5,0.008336040191352367,0.005262052174657583
sample_21,5773,16050,157627.5,8438982.5,0.011937344446778297,0.006797574460506439
sample_21,5773,16051,157637.5,8438982.5,0.031959958374500275,0.003146653063595295
sample_21,5773,16052,157647.5,8438982.5,0.016111090779304504,0.0077254269272089005
sample_21,5773,16053,157657.5,8438982.5,0.019103003665804863,0.003913405351340771
sample_21,5773,16054,157667.5,8438982.5,0.033352080732584,0.002113016787916422
sample_21,5773,16055,157677.5,8438982.5,0.0216770488768816,0.006395312026143074
sample_21,5773,16056,157687.5,8438982.5,0.008557368069887161,0.005596654023975134
sample_21,5773,16057,157697.5,8438982.5,0.007009172346442938,0.003453227924183011
sample_21,5774,16038,157507.5,8438972.5,0.004114987328648567,0.005025745369493961
sample_21,5774,16039,157517.5,8438972.5,0.01578436605632305,0.005116482265293598
sample_21,5774,16040,157527.5,8438972.5,0.021943354979157448,0.014243717305362225
sample_21,5774,16041,157537.5,8438972.5,0.012191079556941986,0.005276989657431841
sample_21,5774,16042,157547.5,8438972.5,0.011815039440989494,0.0054422118701040745
sample_21,5774,16043,157557.5,8438972.5,0.027325337752699852,0.00498646404594183
sample_21,5774,16044,157567.5,8438972.5,0.02195853367447853,0.00293546449393034
sample_21,5774,16045,157577.5,8438972.5,0.022957412526011467,0.005742342211306095
sample_21,5774,16046,157587.5,8438972.5,0.0124148428440094,0.0070334430783987045
sample_21,5774,16047,157597.5,8438972.5,0.014656622894108295,0.005150773096829653
sample_21,5774,16048,157607.5,8438972.5,0.001367370132356882,0.0038400543853640556
sample_21,5774,16049,157617.5,8438972.5,0.019429225474596024,0.0018154872814193368
sample_21,5774,16050,157627.5,8438972.5,0.007666084449738264,0.007146311923861504
sample_21,5774,16051,157637.5,8438972.5,0.005694159306585789,0.0099862702190876
sample_21,5774,16052,157647.5,8438972.5,0.004539623856544495,0.004341346677392721
sample_21,5774,16053,157657.5,8438972.5,0.01125003769993782,0.007912399247288704
sample_21,5774,16054,157667.5,8438972.5,0.007946323603391647,0.011459453031420708
sample_21,5774,16055,157677.5,8438972.5,0.01980062946677208,0.009154507890343666
sample_21,5774,16056,157687.5,8438972.5,0.02598709985613823,0.00420334842056036
sample_21,5774,16057,157697.5,8438972.5,0.014737097546458244,0.003975762985646725
sample_21,5775,16038,157507.5,8438962.5,0.014654023572802544,0.0023713852278888226
sample_21,5775,16039,157517.5,8438962.5,0.017743177711963654,0.002201708033680916
sample_21,5775,16040,157527.5,8438962.5,0.029058318585157394,0.004131410736590624
sample_21,5775,16041,157537.5,8438962.5,0.005560842342674732,0.00492717744782567
sample_21,5775,16042,157547.5,8438962.5,0.011791963130235672,0.0034919686149805784
sample_21,5775,16043,157557.5,8438962.5,0.014727265574038029,0.0018888814374804497
sample_21,5775,16044,157567.5,8438962.5,0.014652347192168236,0.0054885633289813995
sample_21,5775,16045,157577.5,8438962.5,0.005745617672801018,0.004917532205581665
sample_21,5775,16046,157587.5,8438962.5,0.016185134649276733,0.006437612231820822
sample_21,5775,16047,157597.5,8438962.5,0.0037760119885206223,0.007931082509458065
sample_21,5775,16048,157607.5,8438962.5,0.02450716868042946,0.0037580004427582026
sample_21,5775,16049,157617.5,8438962.5,0.03208699822425842,0.0012972787953913212
sample_21,5775,16050,157627.5,8438962.5,0.007016302086412907,0.0031902638729661703
sample_21,5775,16051,157637.5,8438962.5,0.012042253278195858,0.004382188897579908
sample_21,5775,16052,157647.5,8438962.5,0.009791792370378971,0.01676887273788452
sample_21,5775,16053,157657.5,8438962.5,0.007734063547104597,0.005077577196061611
sample_21,5775,16054,157667.5,8438962.5,0.009736265055835247,0.0025704202707856894
sample_21,5775,16055,157677.5,8438962.5,0.008902286179363728,0.002294179517775774
sample_21,5775,16056,157687.5,8438962.5,0.007099636364728212,0.0026528937742114067
sample_21,5775,16057,157697.5,8438962.5,0.019880913197994232,0.003240508958697319
sample_21,5776,16038,157507.5,8438952.5,0.006325887516140938,0.005851682275533676
sample_21,5776,16039,157517.5,8438952.5,0.011233679950237274,0.003706836374476552
sample_21,5776,16040,157527.5,8438952.5,0.013532234355807304,0.009569387882947922
sample_21,5776,16041,157537.5,8438952.5,0.02561093680560589,0.0033995790872722864
sample_21,5776,16042,157547.5,8438952.5,0.02098577842116356,0.004876637831330299
sample_21,5776,16043,157557.5,8438952.5,0.015900755301117897,0.009528035297989845
sample_21,5776,16044,157567.5,8438952.5,0.0036078481934964657,0.0054520065896213055
sample_21,5776,16045,157577.5,8438952.5,0.011140016838908195,0.002873751800507307
sample_21,5776,16046,157587.5,8438952.5,0.006413818337023258,0.003529965179041028
sample_21,5776,16047,157597.5,8438952.5,0.021425606682896614,0.004231090657413006
sample_21,5776,16048,157607.5,8438952.5,0.01306588388979435,0.002885132562369108
sample_21,5776,16049,157617.5,8438952.5,0.009946289472281933,0.004858152009546757
sample_21,5776,16050,157627.5,8438952.5,0.01579318195581436,0.004973798990249634
sample_21,5776,16051,157637.5,8438952.5,0.013556819409132004,0.001776689663529396
sample_21,5776,16052,157647.5,8438952.5,0.016867371276021004,0.004396457225084305
sample_21,5776,16053,157657.5,8438952.5,0.014542479068040848,0.006259346380829811
sample_21,5776,16054,157667.5,8438952.5,0.021578580141067505,0.0063683027401566505
sample_21,5776,16055,157677.5,8438952.5,0.009982017800211906,0.009484682232141495
sample_21,5776,16056,157687.5,8438952.5,0.025529159232974052,0.0025164401158690453
sample_21,5776,16057,157697.5,8438952.5,0.01740054413676262,0.004542732145637274
sample_21,5777,16038,157507.5,8438942.5,0.005702000577002764,0.005693567916750908
sample_21,5777,16039,157517.5,8438942.5,0.007210023235529661,0.002304244786500931
sample_21,5777,16040,157527.5,8438942.5,0.00579203013330698,0.0029716189019382
sample_21,5777,16041,157537.5,8438942.5,0.008212404325604439,0.006264032796025276
sample_21,5777,16042,157547.5,8438942.5,0.00797935388982296,0.0019339805003255606
sample_21,5777,16043,157557.5,8438942.5,0.016796890646219254,0.0026582074351608753
sample_21,5777,16044,157567.5,8438942.5,0.012376789003610611,0.003924621734768152
sample_21,5777,16045,157577.5,8438942.5,0.020968183875083923,0.0025511691346764565
sample_21,5777,16046,157587.5,8438942.5,0.007601844612509012,0.00432046502828598
sample_21,5777,16047,157597.5,8438942.5,0.01779302954673767,0.012077223509550095
sample_21,5777,16048,157607.5,8438942.5,0.013966641388833523,0.003665090072900057
sample_21,5777,16049,157617.5,8438942.5,0.008775439113378525,0.007849907502532005
sample_21,5777,16050,157627.5,8438942.5,0.018810072913765907,0.005851535126566887
sample_21,5777,16051,157637.5,8438942.5,0.021899420768022537,0.005673940293490887
sample_21,5777,16052,157647.5,8438942.5,0.01753752864897251,0.0020701810717582703
sample_21,5777,16053,157657.5,8438942.5,0.019405191764235497,0.0019646368455141783
sample_21,5777,16054,157667.5,8438942.5,0.010872970335185528,0.008630633354187012
sample_21,5777,16055,157677.5,8438942.5,0.014140990562736988,0.00633616279810667
sample_21,5777,16056,157687.5,8438942.5,0.027674600481987,0.00537797762081027
sample_21,5777,16057,157697.5,8438942.5,0.013226448558270931,0.0013433679705485702
sample_21,5778,16038,157507.5,8438932.5,0.011657415889203548,0.004635724239051342
sample_21,5778,16039,157517.5,8438932.5,0.013317576609551907,0.0044311946257948875
sample_21,5778,16040,157527.5,8438932.5,0.008847950957715511,0.004916372708976269
sample_21,5778,16041,157537.5,8438932.5,0.011376437731087208,0.007108342368155718
sample_21,5778,16042,157547.5,8438932.5,0.00875580869615078,0.005007569678127766
sample_21,5778,16043,157557.5,8438932.5,0.012548580765724182,0.0018973849946632981
sample_21,5778,16044,157567.5,8438932.5,0.014359559863805771,0.004905020818114281
sample_21,5778,16045,157577.5,8438932.5,0.010059775784611702,0.005104330368340015
sample_21,5778,16046,157587.5,8438932.5,0.0034853476099669933,0.004394911229610443
sample_21,5778,16047,157597.5,8438932.5,0.009482337161898613,0.0022320824209600687
sample_21,5778,16048,157607.5,8438932.5,0.006709802430123091,0.005646992940455675
sample_21,5778,16049,157617.5,8438932.5,0.01178164966404438,0.0019211375620216131
sample_21,5778,16050,157627.5,8438932.5,0.012081390246748924,0.0035120430402457714
sample_21,5778,16051,157637.5,8438932.5,0.011733501218259335,0.006181684322655201
sample_21,5778,16052,157647.5,8438932.5,0.008809165097773075,0.003538944059982896
sample_21,5778,16053,157657.5,8438932.5,0.003912047483026981,0.005101877264678478
sample_21,5778,16054,157667.5,8438932.5,0.02221583016216755,0.010860245674848557
sample_21,5778,16055,157677.5,8438932.5,0.011561280116438866,0.011804820969700813
sample_21,5778,16056,157687.5,8438932.5,0.005585444159805775,0.0042869034223258495
sample_21,5778,16057,157697.5,8438932.5,0.007535872515290976,0.005964264273643494
sample_21,5779,16038,157507.5,8438922.5,0.00597214512526989,0.006100765895098448
sample_21,5779,16039,157517.5,8438922.5,0.017323782667517662,0.00417694728821516
sample_21,5779,16040,157527.5,8438922.5,0.007471413351595402,0.0019097726326435804
sample_21,5779,16041,157537.5,8438922.5,0.013117117807269096,0.0032470119185745716
sample_21,5779,16042,157547.5,8438922.5,0.003921052441000938,0.007521127816289663
sample_21,5779,16043,157557.5,8438922.5,0.01111328974366188,0.005277431104332209
sample_21,5779,16044,157567.5,8438922.5,0.004317508079111576,0.003572969464585185
sample_21,5779,16045,157577.5,8438922.5,0.005563158541917801,0.003139871172606945
sample_21,5779,16046,157587.5,8438922.5,0.00945187732577324,0.00172106409445405
sample_21,5779,16047,157597.5,8438922.5,0.014646981842815876,0.0025518801994621754
sample_21,5779,16048,157607.5,8438922.5,0.005448546260595322,0.00877678394317627
sample_21,5779,16049,157617.5,8438922.5,0.01865421049296856,0.004562246613204479
sample_21,5779,16050,157627.5,8438922.5,0.006815808825194836,0.006416267715394497
sample_21,5779,16051,157637.5,8438922.5,0.009951336309313774,0.006174624897539616
sample_21,5779,16052,157647.5,8438922.5,0.01973535493016243,0.005066295154392719
sample_21,5779,16053,157657.5,8438922.5,0.017084555700421333,0.00873241201043129
sample_21,5779,16054,157667.5,8438922.5,0.018986517563462257,0.006496861577033997
sample_21,5779,16055,157677.5,8438922.5,0.013394658453762531,0.006452862173318863
sample_21,5779,16056,157687.5,8438922.5,0.014796288684010506,0.011168165132403374
sample_21,5779,16057,157697.5,8438922.5,0.008745897561311722,0.0034016910940408707
sample_21,5780,16038,157507.5,8438912.5,0.011607209220528603,0.003845923114567995
sample_21,5780,16039,157517.5,8438912.5,0.012880362570285797,0.003358615329489112
sample_21,5780,16040,157527.5,8438912.5,0.010884648188948631,0.003596213413402438
sample_21,5780,16041,157537.5,8438912.5,0.009392036125063896,0.009446288459002972
sample_21,5780,16042,157547.5,8438912.5,0.006874313578009605,0.002348200650885701
sample_21,5780,16043,157557.5,8438912.5,0.0207245871424675,0.003297016490250826
sample_21,5780,16044,157567.5,8438912.5,0.014371367171406746,0.005642687901854515
sample_21,5780,16045,157577.5,8438912.5,0.01791391894221306,0.0038384764920920134
sample_21,5780,16046,157587.5,8438912.5,0.014873718842864037,0.0027539983857423067
sample_21,5780,16047,157597.5,8438912.5,0.018456606194376945,0.0032099010422825813
sample_21,5780,16048,157607.5,8438912.5,0.0057611046358942986,0.00862950086593628
sample_21,5780,16049,157617.5,8438912.5,0.00900166667997837,0.00323334033600986
sample_21,5780,16050,157627.5,8438912.5,0.0165275689214468,0.007228088565170765
sample_21,5780,16051,157637.5,8438912.5,0.015472888015210629,0.006316706072539091
sample_21,5780,16052,157647.5,8438912.5,0.009642587043344975,0.01064640749245882
sample_21,5780,16053,157657.5,8438912.5,0.013870475813746452,0.00606804434210062
sample_21,5780,16054,157667.5,8438912.5,0.004899134859442711,0.006749964784830809
sample_21,5780,16055,157677.5,8438912.5,0.0097988061606884,0.00453221146017313
sample_21,5780,16056,157687.5,8438912.5,0.02122395671904087,0.0058245062828063965
sample_21,5780,16057,157697.5,8438912.5,0.018593650311231613,0.0050279260613024235
sample_21,5781,16038,157507.5,8438902.5,0.003213222837075591,0.0013077912153676152
sample_21,5781,16039,157517.5,8438902.5,0.007630426902323961,0.004469399806112051
sample_21,5781,16040,157527.5,8438902.5,0.007387666963040829,0.0028439227025955915
sample_21,5781,16041,157537.5,8438902.5,0.010865479707717896,0.004324891604483128
sample_21,5781,16042,157547.5,8438902.5,0.01096904743462801,0.004349956288933754
sample_21,5781,16043,157557.5,8438902.5,0.008993256837129593,0.00438873702660203
sample_21,5781,16044,157567.5,8438902.5,0.011343712918460369,0.005060880444943905
sample_21,5781,16045,157577.5,8438902.5,0.014961937442421913,0.001235559699125588
sample_21,5781,16046,157587.5,8438902.5,0.01474514976143837,0.0014941623667255044
sample_21,5781,16047,157597.5,8438902.5,0.013655399903655052,0.006411798298358917
sample_21,5781,16048,157607.5,8438902.5,0.010284148156642914,0.0030703656375408173
sample_21,5781,16049,157617.5,8438902.5,0.012685897760093212,0.011659078299999237
sample_21,5781,16050,157627.5,8438902.5,0.029037414118647575,0.00985013972967863
sample_21,5781,16051,157637.5,8438902.5,0.027883101254701614,0.012712690979242325
sample_21,5781,16052,157647.5,8438902.5,0.007079716771841049,0.005948635749518871
sample_21,5781,16053,157657.5,8438902.5,0.012245767749845982,0.0023724697530269623
sample_21,5781,16054,157667.5,8438902.5,0.013038372620940208,0.003304227953776717
sample_21,5781,16055,157677.5,8438902.5,0.007819649763405323,0.0031061964109539986
sample_21,5781,16056,157687.5,8438902.5,0.016865650191903114,0.005654927808791399
sample_21,5781,16057,157697.5,8438902.5,0.015372760593891144,0.006703009828925133
sample_21,5782,16038,157507.5,8438892.5,0.0104091577231884,0.004297979176044464
sample_21,5782,16039,157517.5,8438892.5,0.006917762104421854,0.007141836918890476
sample_21,5782,16040,157527.5,8438892.5,0.01092548854649067,0.004091452807188034
sample_21,5782,16041,157537.5,8438892.5,0.01473300252109766,0.007323892321437597
sample_21,5782,16042,157547.5,8438892.5,0.010501611977815628,0.004294268786907196
sample_21,5782,16043,157557.5,8438892.5,0.004104553256183863,0.0018294103210791945
sample_21,5782,16044,157567.5,8438892.5,0.006960333324968815,0.009862417355179787
sample_21,5782,16045,157577.5,8438892.5,0.010762910358607769,0.005230102688074112
sample_21,5782,16046,157587.5,8438892.5,0.019189532846212387,0.002864603651687503
sample_21,5782,16047,157597.5,8438892.5,0.011303012259304523,0.0036339215002954006
sample_21,5782,16048,157607.5,8438892.5,0.009511865675449371,0.005586016457527876
sample_21,5782,16049,157617.5,8438892.5,0.023375852033495903,0.004861962050199509
sample_21,5782,16050,157627.5,8438892.5,0.008045372553169727,0.0058396439999341965
sample_21,5782,16051,157637.5,8438892.5,0.012224212288856506,0.004099479876458645
sample_21,5782,16052,157647.5,8438892.5,0.015964124351739883,0.004961642436683178
sample_21,5782,16053,157657.5,8438892.5,0.014564404264092445,0.005824624095112085
sample_21,5782,16054,157667.5,8438892.5,0.026030978187918663,0.003318510251119733
sample_21,5782,16055,157677.5,8438892.5,0.02926327846944332,0.0039133355021476746
sample_21,5782,16056,157687.5,8438892.5,0.01364230178296566,0.007336899638175964
sample_21,5782,16057,157697.5,8438892.5,0.009533637203276157,0.01168065331876278
sample_21,5783,16038,157507.5,8438882.5,0.024831082671880722,0.0038007311522960663
sample_21,5783,16039,157517.5,8438882.5,0.011887408792972565,0.00308016175404191
sample_21,5783,16040,157527.5,8438882.5,0.015911001712083817,0.010752251371741295
sample_21,5783,16041,157537.5,8438882.5,0.013272185809910297,0.003876741509884596
sample_21,5783,16042,157547.5,8438882.5,0.017225854098796844,0.0058733196929097176
sample_21,5783,16043,157557.5,8438882.5,0.01602599024772644,0.004359847400337458
sample_21,5783,16044,157567.5,8438882.5,0.008325510658323765,0.005285917315632105
sample_21,5783,16045,157577.5,8438882.5,0.00851017888635397,0.002687422325834632
sample_21,5783,16046,157587.5,8438882.5,0.004639820195734501,0.01465538702905178
sample_21,5783,16047,157597.5,8438882.5,0.009624464437365532,0.001642814720980823
sample_21,5783,16048,157607.5,8438882.5,0.009570194408297539,0.0060152290388941765
sample_21,5783,16049,157617.5,8438882.5,0.0055213263258337975,0.0015481940936297178
sample_21,5783,16050,157627.5,8438882.5,0.016025466844439507,0.0029352190904319286
sample_21,5783,16051,157637.5,8438882.5,0.012919558212161064,0.0031017991714179516
sample_21,5783,16052,157647.5,8438882.5,0.02151036262512207,0.008671882562339306
sample_21,5783,16053,157657.5,8438882.5,0.011048493906855583,0.0034924931824207306
sample_21,5783,16054,157667.5,8438882.5,0.0124143585562706,0.004856280982494354
sample_21,5783,16055,157677.5,8438882.5,0.028253452852368355,0.005709437187761068
sample_21,5783,16056,157687.5,8438882.5,0.0062445844523608685,0.0027191138360649347
sample_21,5783,16057,157697.5,8438882.5,0.026105858385562897,0.004241141024976969
sample_21,5784,16039,157517.5,8438872.5,0.009534832090139389,0.004403231665492058
sample_21,5784,16040,157527.5,8438872.5,0.026219099760055542,0.00643633957952261
sample_21,5784,16041,157537.5,8438872.5,0.013146713376045227,0.0014351991703733802
sample_21,5784,16042,157547.5,8438872.5,0.004766647703945637,0.0028040390461683273
sample_21,5784,16043,157557.5,8438872.5,0.006834069732576609,0.0049211434088647366
sample_21,5784,16044,157567.5,8438872.5,0.014828091487288475,0.005712611600756645
sample_21,5784,16045,157577.5,8438872.5,0.002038520062342286,0.0020781324710696936
sample_21,5784,16046,157587.5,8438872.5,0.008860018104314804,0.010443879291415215
sample_21,5784,16047,157597.5,8438872.5,0.00687884446233511,0.006096520461142063
sample_21,5784,16048,157607.5,8438872.5,0.011507297866046429,0.009306581690907478
sample_21,5784,16049,157617.5,8438872.5,0.0075454371981322765,0.0032349289394915104
sample_21,5784,16050,157627.5,8438872.5,0.02782728150486946,0.003740206826478243
sample_21,5784,16051,157637.5,8438872.5,0.013378909789025784,0.002958601340651512
sample_21,5784,16052,157647.5,8438872.5,0.02793918177485466,0.0013756458647549152
sample_21,5784,16053,157657.5,8438872.5,0.010415813885629177,0.0031050685793161392
sample_21,5784,16054,157667.5,8438872.5,0.01477106288075447,0.00705244205892086
sample_21,5784,16055,157677.5,8438872.5,0.007366437464952469,0.011921485885977745
sample_21,5784,16056,157687.5,8438872.5,0.004161935765296221,0.004033312667161226
sample_22,5341,15958,156707.5,8443302.5,0.01444681640714407,0.0050113084726035595
sample_22,5341,15959,156717.5,8443302.5,0.011527849361300468,0.003586025442928076
sample_22,5341,15960,156727.5,8443302.5,0.020449094474315643,0.0037776604294776917
sample_22,5341,15961,156737.5,8443302.5,0.030665654689073563,0.004717851988971233
sample_22,5341,15962,156747.5,8443302.5,0.0052767349407076836,0.006666466593742371
sample_22,5341,15963,156757.5,8443302.5,0.02570873498916626,0.005338345654308796
sample_22,5341,15964,156767.5,8443302.5,0.0208630058914423,0.0032757758162915707
sample_22,5341,15965,156777.5,8443302.5,0.006270633079111576,0.004951878916472197
sample_22,5341,15966,156787.5,8443302.5,0.008073846809566021,0.0037257554940879345
sample_22,5341,15967,156797.5,8443302.5,0.02583322674036026,0.01022258773446083
sample_22,5341,15968,156807.5,8443302.5,0.0308627188205719,0.003218257799744606
sample_22,5341,15969,156817.5,8443302.5,0.020252594724297523,0.005146337673068047
sample_22,5341,15970,156827.5,8443302.5,0.01490073837339878,0.0044302623718976974
sample_22,5341,15971,156837.5,8443302.5,0.016427794471383095,0.0022417628206312656
sample_22,5341,15972,156847.5,8443302.5,0.023305758833885193,0.0033544700127094984
sample_22,5341,15973,156857.5,8443302.5,0.01777021586894989,0.0072693293914198875
sample_22,5341,15974,156867.5,8443302.5,0.017603809013962746,0.011196762323379517
sample_22,5341,15975,156877.5,8443302.5,0.022434856742620468,0.0028550794813781977
sample_22,5341,15976,156887.5,8443302.5,0.032544948160648346,0.0068626971915364265
sample_22,5341,15977,156897.5,8443302.5,0.022876089438796043,0.004721393343061209
sample_22,5342,15958,156707.5,8443292.5,0.01292636152356863,0.00923132710158825
sample_22,5342,15959,156717.5,8443292.5,0.01633947528898716,0.006779871881008148
sample_22,5342,15960,156727.5,8443292.5,0.01216733269393444,0.00343660032376647
sample_22,5342,15961,156737.5,8443292.5,0.01569060981273651,0.003818296128883958
sample_22,5342,15962,156747.5,8443292.5,0.0054350621066987514,0.0067860838025808334
sample_22,5342,15963,156757.5,8443292.5,0.009366726502776146,0.0036931319627910852
sample_22,5342,15964,156767.5,8443292.5,0.016731714829802513,0.0008724920335225761
sample_22,5342,15965,156777.5,8443292.5,0.0205063596367836,0.0037151705473661423
sample_22,5342,15966,156787.5,8443292.5,0.01025141216814518,0.0034035793505609035
sample_22,5342,15967,156797.5,8443292.5,0.009716883301734924,0.00646554259583354
sample_22,5342,15968,156807.5,8443292.5,0.012033363804221153,0.007349049672484398
sample_22,5342,15969,156817.5,8443292.5,0.02992190606892109,0.006749230436980724
sample_22,5342,15970,156827.5,8443292.5,0.03537335246801376,0.0014948006719350815
sample_22,5342,15971,156837.5,8443292.5,0.030759219080209732,0.00353059871122241
sample_22,5342,15972,156847.5,8443292.5,0.008653624914586544,0.004731789231300354
sample_22,5342,15973,156857.5,8443292.5,0.021288882941007614,0.01002446562051773
sample_22,5342,15974,156867.5,8443292.5,0.02348455600440502,0.009919419884681702
sample_22,5342,15975,156877.5,8443292.5,0.012699964456260204,0.0028741760179400444
sample_22,5342,15976,156887.5,8443292.5,0.015138624235987663,0.005805474705994129
sample_22,5342,15977,156897.5,8443292.5,0.014515875838696957,0.004055290017277002
sample_22,5343,15958,156707.5,8443282.5,0.00574095593765378,0.002186868339776993
sample_22,5343,15959,156717.5,8443282.5,0.018184468150138855,0.006438040174543858
sample_22,5343,15960,156727.5,8443282.5,0.0294770710170269,0.011643457226455212
sample_22,5343,15961,156737.5,8443282.5,0.020390285179018974,0.00324532319791615
sample_22,5343,15962,156747.5,8443282.5,0.013559241779148579,0.006137168034911156
sample_22,5343,15963,156757.5,8443282.5,0.00376923312433064,0.002063439227640629
sample_22,5343,15964,156767.5,8443282.5,0.026612499728798866,0.0068052951246500015
sample_22,5343,15965,156777.5,8443282.5,0.0250826608389616,0.00498606264591217
sample_22,5343,15966,156787.5,8443282.5,0.005505912937223911,0.001022742479108274
sample_22,5343,15967,156797.5,8443282.5,0.022633498534560204,0.0051235416904091835
sample_22,5343,15968,156807.5,8443282.5,0.01340886764228344,0.006117837503552437
sample_22,5343,15969,156817.5,8443282.5,0.013353022746741772,0.006818573921918869
sample_22,5343,15970,156827.5,8443282.5,0.03692207112908363,0.005077620968222618
sample_22,5343,15971,156837.5,8443282.5,0.023138325661420822,0.0071207270957529545
sample_22,5343,15972,156847.5,8443282.5,0.029642201960086823,0.002416954841464758
sample_22,5343,15973,156857.5,8443282.5,0.018994811922311783,0.0038078962825238705
sample_22,5343,15974,156867.5,8443282.5,0.029279440641403198,0.008773723617196083
sample_22,5343,15975,156877.5,8443282.5,0.026073308661580086,0.008481785655021667
sample_22,5343,15976,156887.5,8443282.5,0.014378323219716549,0.006361291278153658
sample_22,5343,15977,156897.5,8443282.5,0.016242431476712227,0.004416869953274727
sample_22,5344,15958,156707.5,8443272.5,0.007334599271416664,0.007318664807826281
sample_22,5344,15959,156717.5,8443272.5,0.018299594521522522,0.0015819084364920855
sample_22,5344,15960,156727.5,8443272.5,0.004889757838100195,0.00967335794121027
sample_22,5344,15961,156737.5,8443272.5,0.016865089535713196,0.010295514948666096
sample_22,5344,15962,156747.5,8443272.5,0.01049609761685133,0.003717551240697503
sample_22,5344,15963,156757.5,8443272.5,0.0031738535035401583,0.004818226210772991
sample_22,5344,15964,156767.5,8443272.5,0.004131130874156952,0.001724091125652194
sample_22,5344,15965,156777.5,8443272.5,0.019199836999177933,0.00686283502727747
sample_22,5344,15966,156787.5,8443272.5,0.0061396085657179356,0.00514825526624918
sample_22,5344,15967,156797.5,8443272.5,0.026736237108707428,0.002106697531417012
sample_22,5344,15968,156807.5,8443272.5,0.008975588716566563,0.0017596276011317968
sample_22,5344,15969,156817.5,8443272.5,0.004811597056686878,0.004842665977776051
sample_22,5344,15970,156827.5,8443272.5,0.015281244181096554,0.010596299543976784
sample_22,5344,15971,156837.5,8443272.5,0.00825937744230032,0.0021743839606642723
sample_22,5344,15972,156847.5,8443272.5,0.027266772463917732,0.001866781385615468
sample_22,5344,15973,156857.5,8443272.5,0.02320641651749611,0.011929175816476345
sample_22,5344,15974,156867.5,8443272.5,0.011510535143315792,0.004929044749587774
sample_22,5344,15975,156877.5,8443272.5,0.003169689793139696,0.0030458527617156506
sample_22,5344,15976,156887.5,8443272.5,0.022534457966685295,0.005545030813664198
sample_22,5344,15977,156897.5,8443272.5,0.029437599703669548,0.00803408958017826
sample_22,5345,15958,156707.5,8443262.5,0.01141277700662613,0.005408651661127806
sample_22,5345,15959,156717.5,8443262.5,0.010769747197628021,0.0024199895560741425
sample_22,5345,15960,156727.5,8443262.5,0.020493140444159508,0.006251210812479258
sample_22,5345,15961,156737.5,8443262.5,0.017506882548332214,0.009677734225988388
sample_22,5345,15962,156747.5,8443262.5,0.02814643457531929,0.0035677249543368816
sample_22,5345,15963,156757.5,8443262.5,0.028396256268024445,0.002474105218425393
sample_22,5345,15964,156767.5,8443262.5,0.010631512850522995,0.00776049867272377
sample_22,5345,15965,156777.5,8443262.5,0.019879285246133804,0.007839439436793327
sample_22,5345,15966,156787.5,8443262.5,0.011655247770249844,0.011584856547415257
sample_22,5345,15967,156797.5,8443262.5,0.0194263719022274,0.007849340327084064
sample_22,5345,15968,156807.5,8443262.5,0.01773006096482277,0.0024476635735481977
sample_22,5345,15969,156817.5,8443262.5,0.009796765632927418,0.011453568935394287
sample_22,5345,15970,156827.5,8443262.5,0.00746161537244916,0.0038033081218600273
sample_22,5345,15971,156837.5,8443262.5,0.03647000342607498,0.0038967349100857973
sample_22,5345,15972,156847.5,8443262.5,0.021494146436452866,0.0051970649510622025
sample_22,5345,15973,156857.5,8443262.5,0.009455632418394089,0.0037987902760505676
sample_22,5345,15974,156867.5,8443262.5,0.06015782058238983,0.0039691561833024025
sample_22,5345,15975,156877.5,8443262.5,0.012891426682472229,0.004436470102518797
sample_22,5345,15976,156887.5,8443262.5,0.02206527814269066,0.004381916485726833
sample_22,5345,15977,156897.5,8443262.5,0.01462138257920742,0.004409675020724535
sample_22,5346,15958,156707.5,8443252.5,0.008037974126636982,0.002181769348680973
sample_22,5346,15959,156717.5,8443252.5,0.007968932390213013,0.0034900379832834005
sample_22,5346,15960,156727.5,8443252.5,0.017229026183485985,0.0035760910250246525
sample_22,5346,15961,156737.5,8443252.5,0.00788539182394743,0.0037146920803934336
sample_22,5346,15962,156747.5,8443252.5,0.02887037768959999,0.004923933185636997
sample_22,5346,15963,156757.5,8443252.5,0.008246483281254768,0.0027127037756145
sample_22,5346,15964,156767.5,8443252.5,0.008136821910738945,0.005581819452345371
sample_22,5346,15965,156777.5,8443252.5,0.01568056270480156,0.007561621256172657
sample_22,5346,15966,156787.5,8443252.5,0.013130484148859978,0.006149515975266695
sample_22,5346,15967,156797.5,8443252.5,0.022341113537549973,0.0038217264227569103
sample_22,5346,15968,156807.5,8443252.5,0.006117933429777622,0.0029253519605845213
sample_22,5346,15969,156817.5,8443252.5,0.012135297060012817,0.006398218683898449
sample_22,5346,15970,156827.5,8443252.5,0.010323818773031235,0.007482430431991816
sample_22,5346,15971,156837.5,8443252.5,0.02052805945277214,0.0048918528482317924
sample_22,5346,15972,156847.5,8443252.5,0.018554598093032837,0.003768839407712221
sample_22,5346,15973,156857.5,8443252.5,0.009487941861152649,0.0046935477294027805
sample_22,5346,15974,156867.5,8443252.5,0.015002461150288582,0.003492363728582859
sample_22,5346,15975,156877.5,8443252.5,0.02140805497765541,0.002955593401566148
sample_22,5346,15976,156887.5,8443252.5,0.014279489405453205,0.007847188971936703
sample_22,5346,15977,156897.5,8443252.5,0.007835508324205875,0.006400895304977894
sample_22,5347,15958,156707.5,8443242.5,0.016616251319646835,0.007662927731871605
sample_22,5347,15959,156717.5,8443242.5,0.012330632656812668,0.011083218269050121
sample_22,5347,15960,156727.5,8443242.5,0.01612197607755661,0.007849653251469135
sample_22,5347,15961,156737.5,8443242.5,0.013155396096408367,0.004442577250301838
sample_22,5347,15962,156747.5,8443242.5,0.033201202750205994,0.0015605579828843474
sample_22,5347,15963,156757.5,8443242.5,0.013210557401180267,0.007951105013489723
sample_22,5347,15964,156767.5,8443242.5,0.0031529886182397604,0.003843335434794426
sample_22,5347,15965,156777.5,8443242.5,0.012304899282753468,0.006910004653036594
sample_22,5347,15966,156787.5,8443242.5,0.011297611519694328,0.002184844808652997
sample_22,5347,15967,156797.5,8443242.5,0.016986630856990814,0.0022900798358023167
sample_22,5347,15968,156807.5,8443242.5,0.012249661609530449,0.0033152399118989706
sample_22,5347,15969,156817.5,8443242.5,0.009614361450076103,0.006915307138115168
sample_22,5347,15970,156827.5,8443242.5,0.016162842512130737,0.0058782072737813
sample_22,5347,15971,156837.5,8443242.5,0.006593478377908468,0.007303452119231224
sample_22,5347,15972,156847.5,8443242.5,0.03205429017543793,0.002630270319059491
sample_22,5347,15973,156857.5,8443242.5,0.005221924744546413,0.0027284184470772743
sample_22,5347,15974,156867.5,8443242.5,0.005962287075817585,0.0029460410587489605
sample_22,5347,15975,156877.5,8443242.5,0.01770515739917755,0.0013886778615415096
sample_22,5347,15976,156887.5,8443242.5,0.00964122824370861,0.0014939153334125876
sample_22,5347,15977,156897.5,8443242.5,0.0297939945012331,0.004355074372142553
sample_22,5348,15959,156717.5,8443232.5,0.018543066456913948,0.0006690369918942451
sample_22,5348,15960,156727.5,8443232.5,0.0043582916259765625,0.0018159814644604921
sample_22,5348,15961,156737.5,8443232.5,0.005793300922960043,0.006268705707043409
sample_22,5348,15962,156747.5,8443232.5,0.005358055699616671,0.0014057615771889687
sample_22,5348,15963,156757.5,8443232.5,0.004259664565324783,0.0011752399150282145
sample_22,5348,15964,156767.5,8443232.5,0.01144829299300909,0.0030574873089790344
sample_22,5348,15965,156777.5,8443232.5,0.03035401739180088,0.0015561130130663514
sample_22,5348,15966,156787.5,8443232.5,0.017567448318004608,0.00028188369469717145
sample_22,5348,15967,156797.5,8443232.5,0.024971893057227135,0.003688422031700611
sample_22,5348,15968,156807.5,8443232.5,0.026620905846357346,0.011132664047181606
sample_22,5348,15969,156817.5,8443232.5,0.0018533715046942234,0.005441724322736263
sample_22,5348,15970,156827.5,8443232.5,0.01770583540201187,0.0024495702236890793
sample_22,5348,15971,156837.5,8443232.5,0.037391211837530136,0.0037933290004730225
sample_22,5348,15972,156847.5,8443232.5,0.012728416360914707,0.0034800516441464424
sample_22,5348,15973,156857.5,8443232.5,0.012830981984734535,0.006883085239678621
sample_22,5348,15974,156867.5,8443232.5,0.018879402428865433,0.0010058137122541666
sample_22,5348,15975,156877.5,8443232.5,0.015466625802218914,0.0010618381202220917
sample_22,5348,15976,156887.5,8443232.5,0.02957480028271675,0.003900972893461585
sample_22,5348,15977,156897.5,8443232.5,0.0254659503698349,0.0016893979627639055
sample_22,5349,15959,156717.5,8443222.5,0.024871522560715675,0.008530288003385067
sample_22,5349,15960,156727.5,8443222.5,0.006666133180260658,0.004190236330032349
sample_22,5349,15961,156737.5,8443222.5,0.0344310961663723,0.0021167639642953873
sample_22,5349,15962,156747.5,8443222.5,0.03716011345386505,0.002938972320407629
sample_22,5349,15963,156757.5,8443222.5,0.03357217460870743,0.004800470545887947
sample_22,5349,15964,156767.5,8443222.5,0.02543950267136097,0.0034241750836372375
sample_22,5349,15965,156777.5,8443222.5,0.011573770083487034,0.0030243443325161934
sample_22,5349,15966,156787.5,8443222.5,0.014347599819302559,0.005750886630266905
sample_22,5349,15967,156797.5,8443222.5,0.04433068260550499,0.003469467395916581
sample_22,5349,15968,156807.5,8443222.5,0.03514688089489937,0.003089770209044218
sample_22,5349,15969,156817.5,8443222.5,0.007813124917447567,0.002877984195947647
sample_22,5349,15970,156827.5,8443222.5,0.02411518432199955,0.0036327452398836613
sample_22,5349,15971,156837.5,8443222.5,0.005057442933320999,0.0024312869645655155
sample_22,5349,15972,156847.5,8443222.5,0.011090136133134365,0.004892824217677116
sample_22,5349,15973,156857.5,8443222.5,0.02231309935450554,0.007462869863957167
sample_22,5349,15974,156867.5,8443222.5,0.011473951861262321,0.008550913073122501
sample_22,5349,15975,156877.5,8443222.5,0.01764708012342453,0.007184979040175676
sample_22,5349,15976,156887.5,8443222.5,0.02099844440817833,0.005663377232849598
sample_22,5349,15977,156897.5,8443222.5,0.012860007584095001,0.009461777284741402
sample_22,5350,15959,156717.5,8443212.5,0.009571498259902,0.008324725553393364
sample_22,5350,15960,156727.5,8443212.5,0.027333788573741913,0.009649861603975296
sample_22,5350,15961,156737.5,8443212.5,0.015204044058918953,0.011105398647487164
sample_22,5350,15962,156747.5,8443212.5,0.0063110226765275,0.0038325507193803787
sample_22,5350,15963,156757.5,8443212.5,0.016056636348366737,0.007215321063995361
sample_22,5350,15964,156767.5,8443212.5,0.01674172282218933,0.0016396844293922186
sample_22,5350,15965,156777.5,8443212.5,0.012012213468551636,0.0029454748146235943
sample_22,5350,15966,156787.5,8443212.5,0.013431171886622906,0.011158906854689121
sample_22,5350,15967,156797.5,8443212.5,0.02367405965924263,0.007717634551227093
sample_22,5350,15968,156807.5,8443212.5,0.034783948212862015,0.002073722891509533
sample_22,5350,15969,156817.5,8443212.5,0.004575359169393778,0.009684903547167778
sample_22,5350,15970,156827.5,8443212.5,0.018620284274220467,0.005875117145478725
sample_22,5350,15971,156837.5,8443212.5,0.0064265844412148,0.0075403847731649876
sample_22,5350,15972,156847.5,8443212.5,0.015346424654126167,0.0029497789219021797
sample_22,5350,15973,156857.5,8443212.5,0.01160321943461895,0.011980944313108921
sample_22,5350,15974,156867.5,8443212.5,0.04038691520690918,0.0038162271957844496
sample_22,5350,15975,156877.5,8443212.5,0.021689629182219505,0.006385223474353552
sample_22,5350,15976,156887.5,8443212.5,0.01980031281709671,0.0021210103295743465
sample_22,5350,15977,156897.5,8443212.5,0.023113632574677467,0.00419192761182785
sample_22,5351,15959,156717.5,8443202.5,0.00945141352713108,0.005920216906815767
sample_22,5351,15960,156727.5,8443202.5,0.01212010532617569,0.007554411888122559
sample_22,5351,15961,156737.5,8443202.5,0.020413925871253014,0.0025794170796871185
sample_22,5351,15962,156747.5,8443202.5,0.024833189323544502,0.0035670411307364702
sample_22,5351,15963,156757.5,8443202.5,0.024121420457959175,0.004265195690095425
sample_22,5351,15964,156767.5,8443202.5,0.013231627643108368,0.0022840520832687616
sample_22,5351,15965,156777.5,8443202.5,0.019274096935987473,0.0024622066412121058
sample_22,5351,15966,156787.5,8443202.5,0.016000621020793915,0.0016904964577406645
sample_22,5351,15967,156797.5,8443202.5,0.02056727185845375,0.0037913592532277107
sample_22,5351,15968,156807.5,8443202.5,0.002214820357039571,0.001857210649177432
sample_22,5351,15969,156817.5,8443202.5,0.016261696815490723,0.008866464719176292
sample_22,5351,15970,156827.5,8443202.5,0.005675295367836952,0.006178159266710281
sample_22,5351,15971,156837.5,8443202.5,0.006849570665508509,0.009753506630659103
sample_22,5351,15972,156847.5,8443202.5,0.015471714548766613,0.004453214351087809
sample_22,5351,15973,156857.5,8443202.5,0.02274133637547493,0.003769520903006196
sample_22,5351,15974,156867.5,8443202.5,0.018934985622763634,0.0033155379351228476
sample_22,5351,15975,156877.5,8443202.5,0.018581639975309372,0.012369110248982906
sample_22,5351,15976,156887.5,8443202.5,0.013624781742691994,0.004615746904164553
sample_22,5351,15977,156897.5,8443202.5,0.022367386147379875,0.005973300896584988
sample_22,5352,15959,156717.5,8443192.5,0.007910706102848053,0.00596215296536684
sample_22,5352,15960,156727.5,8443192.5,0.006362993270158768,0.0018276916816830635
sample_22,5352,15961,156737.5,8443192.5,0.01681140437722206,0.0025072440039366484
sample_22,5352,15962,156747.5,8443192.5,0.015451692044734955,0.005343934521079063
sample_22,5352,15963,156757.5,8443192.5,0.01814708113670349,0.00362146133556962
sample_22,5352,15964,156767.5,8443192.5,0.010061095468699932,0.004665063694119453
sample_22,5352,15965,156777.5,8443192.5,0.004617665894329548,0.004099351353943348
sample_22,5352,15966,156787.5,8443192.5,0.01567552611231804,0.0021140382159501314
sample_22,5352,15967,156797.5,8443192.5,0.019125424325466156,0.00612892210483551
sample_22,5352,15968,156807.5,8443192.5,0.03166143223643303,0.0066125039011240005
sample_22,5352,15969,156817.5,8443192.5,0.018690548837184906,0.011004501953721046
sample_22,5352,15970,156827.5,8443192.5,0.0305369533598423,0.0024485373869538307
sample_22,5352,15971,156837.5,8443192.5,0.015358321368694305,0.01051156036555767
sample_22,5352,15972,156847.5,8443192.5,0.023898234590888023,0.00451819458976388
sample_22,5352,15973,156857.5,8443192.5,0.015275413170456886,0.0036247086245566607
sample_22,5352,15974,156867.5,8443192.5,0.0032356618903577328,0.0024749438744038343
sample_22,5352,15975,156877.5,8443192.5,0.008907768875360489,0.008206695318222046
sample_22,5352,15976,156887.5,8443192.5,0.022071998566389084,0.008227850310504436
sample_22,5352,15977,156897.5,8443192.5,0.01902764104306698,0.013672752305865288
sample_22,5353,15959,156717.5,8443182.5,0.021649254485964775,0.006324869114905596
sample_22,5353,15960,156727.5,8443182.5,0.010182471945881844,0.004563121125102043
sample_22,5353,15961,156737.5,8443182.5,0.014584904536604881,0.0052840616554021835
sample_22,5353,15962,156747.5,8443182.5,0.01127677969634533,0.003165367990732193
sample_22,5353,15963,156757.5,8443182.5,0.003546454245224595,0.003718203864991665
sample_22,5353,15964,156767.5,8443182.5,0.017534539103507996,0.011245986446738243
sample_22,5353,15965,156777.5,8443182.5,0.00661819102242589,0.004259074572473764
sample_22,5353,15966,156787.5,8443182.5,0.013435013592243195,0.003395665902644396
sample_22,5353,15967,156797.5,8443182.5,0.016350295394659042,0.003042844356968999
sample_22,5353,15968,156807.5,8443182.5,0.011032197624444962,0.0045388247817754745
sample_22,5353,15969,156817.5,8443182.5,0.03405487909913063,0.001656019943766296
sample_22,5353,15970,156827.5,8443182.5,0.010140716098248959,0.0023538609966635704
sample_22,5353,15971,156837.5,8443182.5,0.015192068181931973,0.004011338111013174
sample_22,5353,15972,156847.5,8443182.5,0.022044910117983818,0.0038531608879566193
sample_22,5353,15973,156857.5,8443182.5,0.020791426301002502,0.007753029931336641
sample_22,5353,15974,156867.5,8443182.5,0.01188831590116024,0.0010818508453667164
sample_22,5353,15975,156877.5,8443182.5,0.016144035384058952,0.0027693789452314377
sample_22,5353,15976,156887.5,8443182.5,0.010680852457880974,0.014471178874373436
sample_22,5353,15977,156897.5,8443182.5,0.01790199801325798,0.0018444485031068325
sample_22,5354,15959,156717.5,8443172.5,0.04562300443649292,0.000705504440702498
sample_22,5354,15960,156727.5,8443172.5,0.01639198698103428,0.002114407252520323
sample_22,5354,15961,156737.5,8443172.5,0.010806160047650337,0.005439054686576128
sample_22,5354,15962,156747.5,8443172.5,0.004906165413558483,0.009597060270607471
sample_22,5354,15963,156757.5,8443172.5,0.03353742137551308,0.009332794696092606
sample_22,5354,15964,156767.5,8443172.5,0.011004401370882988,0.006359129212796688
sample_22,5354,15965,156777.5,8443172.5,0.0027144767809659243,0.0035501671954989433
sample_22,5354,15966,156787.5,8443172.5,0.010324462316930294,0.0016925808740779757
sample_22,5354,15967,156797.5,8443172.5,0.01586468517780304,0.003541691694408655
sample_22,5354,15968,156807.5,8443172.5,0.009866733103990555,0.0031757664401084185
sample_22,5354,15969,156817.5,8443172.5,0.022243676707148552,0.007153189275413752
sample_22,5354,15970,156827.5,8443172.5,0.009327671490609646,0.010008380748331547
sample_22,5354,15971,156837.5,8443172.5,0.004299283027648926,0.0013272188371047378
sample_22,5354,15972,156847.5,8443172.5,0.007942494936287403,0.01000249944627285
sample_22,5354,15973,156857.5,8443172.5,0.012314901687204838,0.003111583413556218
sample_22,5354,15974,156867.5,8443172.5,0.009474573656916618,0.0026919711381196976
sample_22,5354,15975,156877.5,8443172.5,0.007306099869310856,0.0028307531028985977
sample_22,5354,15976,156887.5,8443172.5,0.0033913948573172092,0.0009486117633059621
sample_22,5354,15977,156897.5,8443172.5,0.022427793592214584,0.0038992096669971943
sample_22,5355,15959,156717.5,8443162.5,0.003622109768912196,0.0057860249653458595
sample_22,5355,15960,156727.5,8443162.5,0.01941777393221855,0.001141972839832306
sample_22,5355,15961,156737.5,8443162.5,0.013609251007437706,0.007055726367980242
sample_22,5355,15962,156747.5,8443162.5,0.014298012480139732,0.013920728117227554
sample_22,5355,15963,156757.5,8443162.5,0.017916403710842133,0.014297567307949066
sample_22,5355,15964,156767.5,8443162.5,0.009409662336111069,0.017158273607492447
sample_22,5355,15965,156777.5,8443162.5,0.01769065111875534,0.00535693159326911
sample_22,5355,15966,156787.5,8443162.5,0.004917266312986612,0.0062322067096829414
sample_22,5355,15967,156797.5,8443162.5,0.017581883817911148,0.0029236183036118746
sample_22,5355,15968,156807.5,8443162.5,0.010118823498487473,0.003693432779982686
sample_22,5355,15969,156817.5,8443162.5,0.014398989267647266,0.0023720115423202515
sample_22,5355,15970,156827.5,8443162.5,0.008515218272805214,0.0014109681360423565
sample_22,5355,15971,156837.5,8443162.5,0.015256153419613838,0.007314421236515045
sample_22,5355,15972,156847.5,8443162.5,0.0074113705195486546,0.003343649674206972
sample_22,5355,15973,156857.5,8443162.5,0.013653775677084923,0.0029930404853075743
sample_22,5355,15974,156867.5,8443162.5,0.03092465177178383,0.006232847459614277
sample_22,5355,15975,156877.5,8443162.5,0.02554379031062126,0.007110536098480225
sample_22,5355,15976,156887.5,8443162.5,0.011051258072257042,0.008673997595906258
sample_22,5355,15977,156897.5,8443162.5,0.017446283251047134,0.0027543101459741592
sample_22,5356,15959,156717.5,8443152.5,0.0042376769706606865,0.011227716691792011
sample_22,5356,15960,156727.5,8443152.5,0.04632839560508728,0.004945925436913967
sample_22,5356,15961,156737.5,8443152.5,0.03352097421884537,0.002988374326378107
sample_22,5356,15962,156747.5,8443152.5,0.024251200258731842,0.008481020107865334
sample_22,5356,15963,156757.5,8443152.5,0.016907069832086563,0.0016135363839566708
sample_22,5356,15964,156767.5,8443152.5,0.016546430066227913,0.002659915015101433
sample_22,5356,15965,156777.5,8443152.5,0.027385491877794266,0.005420835223048925
sample_23,6216,16421,161337.5,8434552.5,0.021586328744888306,0.005864283535629511
sample_23,6216,16422,161347.5,8434552.5,0.02301427721977234,0.006923736538738012
sample_23,6216,16423,161357.5,8434552.5,0.04437194764614105,0.006994893774390221
sample_23,6216,16424,161367.5,8434552.5,0.030464548617601395,0.0032629298511892557
sample_23,6216,16425,161377.5,8434552.5,0.02455541118979454,0.0064302594400942326
sample_23,6216,16426,161387.5,8434552.5,0.027717435732483864,0.003259529359638691
sample_23,6216,16427,161397.5,8434552.5,0.011235013604164124,0.007013602182269096
sample_23,6216,16428,161407.5,8434552.5,0.026982784271240234,0.001836907584220171
sample_23,6216,16429,161417.5,8434552.5,0.010513500310480595,0.0063550714403390884
sample_23,6216,16430,161427.5,8434552.5,0.019168846309185028,0.005050254985690117
sample_23,6216,16431,161437.5,8434552.5,0.02912197820842266,0.0071212477050721645
sample_23,6216,16432,161447.5,8434552.5,0.017161328345537186,0.005306845530867577
sample_23,6217,16413,161257.5,8434542.5,0.03206394612789154,0.007227031979709864
sample_23,6217,16414,161267.5,8434542.5,0.020169667899608612,0.005444333888590336
sample_23,6217,16415,161277.5,8434542.5,0.015781765803694725,0.003603030927479267
sample_23,6217,16416,161287.5,8434542.5,0.023342447355389595,0.006117459386587143
sample_23,6217,16417,161297.5,8434542.5,0.0221109576523304,0.00518841901794076
sample_23,6217,16418,161307.5,8434542.5,0.031978484243154526,0.00433505279943347
sample_23,6217,16419,161317.5,8434542.5,0.025095714256167412,0.00454847514629364
sample_23,6217,16420,161327.5,8434542.5,0.035887472331523895,0.002111266367137432
sample_23,6217,16421,161337.5,8434542.5,0.017239343374967575,0.007456795312464237
sample_23,6217,16422,161347.5,8434542.5,0.02232370898127556,0.00407759053632617
sample_23,6217,16423,161357.5,8434542.5,0.016488170251250267,0.0037540607154369354
sample_23,6217,16424,161367.5,8434542.5,0.0026357444003224373,0.0025034372229129076
sample_23,6217,16425,161377.5,8434542.5,0.007587484084069729,0.006908107548952103
sample_23,6217,16426,161387.5,8434542.5,0.013889575377106667,0.005817130208015442
sample_23,6217,16427,161397.5,8434542.5,0.024701811373233795,0.007921615615487099
sample_23,6217,16428,161407.5,8434542.5,0.01055199932307005,0.0020787969697266817
sample_23,6217,16429,161417.5,8434542.5,0.017811410129070282,0.0024394860956817865
sample_23,6217,16430,161427.5,8434542.5,0.009482035413384438,0.005622570868581533
sample_23,6217,16431,161437.5,8434542.5,0.004373727831989527,0.004880127497017384
sample_23,6217,16432,161447.5,8434542.5,0.0068413205444812775,0.004938068334013224
sample_23,6218,16413,161257.5,8434532.5,0.03274299204349518,0.004894978832453489
sample_23,6218,16414,161267.5,8434532.5,0.027337269857525826,0.008892904967069626
sample_23,6218,16415,161277.5,8434532.5,0.011680536903440952,0.0023368955589830875
sample_23,6218,16416,161287.5,8434532.5,0.012836350128054619,0.002899520331993699
sample_23,6218,16417,161297.5,8434532.5,0.012209456413984299,0.004217649810016155
sample_23,6218,16418,161307.5,8434532.5,0.029039956629276276,0.009177368134260178
sample_23,6218,16419,161317.5,8434532.5,0.022238008677959442,0.005240521859377623
sample_23,6218,16420,161327.5,8434532.5,0.009803279303014278,0.002504092175513506
sample_23,6218,16421,161337.5,8434532.5,0.009173508733510971,0.004728430882096291
sample_23,6218,16422,161347.5,8434532.5,0.012439865618944168,0.007302665617316961
sample_23,6218,16423,161357.5,8434532.5,0.01909220777451992,0.0074014607816934586
sample_23,6218,16424,161367.5,8434532.5,0.01639947108924389,0.0025948570109903812
sample_23,6218,16425,161377.5,8434532.5,0.008909878320991993,0.0027419570833444595
sample_23,6218,16426,161387.5,8434532.5,0.0320294015109539,0.003212984651327133
sample_23,6218,16427,161397.5,8434532.5,0.012059150263667107,0.005624799989163876
sample_23,6218,16428,161407.5,8434532.5,0.005232967436313629,0.0035065130796283484
sample_23,6218,16429,161417.5,8434532.5,0.01619768887758255,0.0035990308970212936
sample_23,6218,16430,161427.5,8434532.5,0.004438567440956831,0.007046462036669254
sample_23,6218,16431,161437.5,8434532.5,0.028023093938827515,0.004523084033280611
sample_23,6218,16432,161447.5,8434532.5,0.03039497509598732,0.005893415305763483
sample_23,6219,16413,161257.5,8434522.5,0.007587442174553871,0.007487315684556961
sample_23,6219,16414,161267.5,8434522.5,0.030852213501930237,0.0061166295781731606
sample_23,6219,16415,161277.5,8434522.5,0.017837204039096832,0.0026466918643563986
sample_23,6219,16416,161287.5,8434522.5,0.03196931630373001,0.019204750657081604
sample_23,6219,16417,161297.5,8434522.5,0.012735195457935333,0.002523371484130621
sample_23,6219,16418,161307.5,8434522.5,0.00522114522755146,0.0021448738407343626
sample_23,6219,16419,161317.5,8434522.5,0.006848619319498539,0.004910514689981937
sample_23,6219,16420,161327.5,8434522.5,0.009304814971983433,0.007953500375151634
sample_23,6219,16421,161337.5,8434522.5,0.026125134900212288,0.004286705516278744
sample_23,6219,16422,161347.5,8434522.5,0.018139520660042763,0.005153091624379158
sample_23,6219,16423,161357.5,8434522.5,0.038780830800533295,0.004081376828253269
sample_23,6219,16424,161367.5,8434522.5,0.03529512137174606,0.0038720539305359125
sample_23,6219,16425,161377.5,8434522.5,0.007071459200233221,0.003127589588984847
sample_23,6219,16426,161387.5,8434522.5,0.031516652554273605,0.002915170043706894
sample_23,6219,16427,161397.5,8434522.5,0.022139549255371094,0.003964638337492943
sample_23,6219,16428,161407.5,8434522.5,0.019299013540148735,0.002694598399102688
sample_23,6219,16429,161417.5,8434522.5,0.021982131525874138,0.006366513669490814
sample_23,6219,16430,161427.5,8434522.5,0.016754819080233574,0.003194131189957261
sample_23,6219,16431,161437.5,8434522.5,0.03546465188264847,0.008549072779715061
sample_23,6219,16432,161447.5,8434522.5,0.02377079613506794,0.006437070667743683
sample_23,6220,16413,161257.5,8434512.5,0.007391737774014473,0.00427386537194252
sample_23,6220,16414,161267.5,8434512.5,0.016092736274003983,0.007460791151970625
sample_23,6220,16415,161277.5,8434512.5,0.013783104717731476,0.007223078515380621
sample_23,6220,16416,161287.5,8434512.5,0.01831211894750595,0.010246645659208298
sample_23,6220,16417,161297.5,8434512.5,0.02026883140206337,0.003956418484449387
sample_23,6220,16418,161307.5,8434512.5,0.011427766643464565,0.007789078634232283
sample_23,6220,16419,161317.5,8434512.5,0.014151936396956444,0.0035369712859392166
sample_23,6220,16420,161327.5,8434512.5,0.02900463528931141,0.005545605905354023
sample_23,6220,16421,161337.5,8434512.5,0.0072797914035618305,0.0025814699474722147
sample_23,6220,16422,161347.5,8434512.5,0.016350967809557915,0.005154313053935766
sample_23,6220,16423,161357.5,8434512.5,0.02607320249080658,0.008101900108158588
sample_23,6220,16424,161367.5,8434512.5,0.019138697534799576,0.0037542153149843216
sample_23,6220,16425,161377.5,8434512.5,0.031207740306854248,0.0056843226775527
sample_23,6220,16426,161387.5,8434512.5,0.049258485436439514,0.006855530198663473
sample_23,6220,16427,161397.5,8434512.5,0.04427230730652809,0.0053936089389026165
sample_23,6220,16428,161407.5,8434512.5,0.016286149621009827,0.009147632867097855
sample_23,6220,16429,161417.5,8434512.5,0.008571814745664597,0.012386463582515717
sample_23,6220,16430,161427.5,8434512.5,0.023717649281024933,0.00352349947206676
sample_23,6220,16431,161437.5,8434512.5,0.02496696636080742,0.007836959324777126
sample_23,6220,16432,161447.5,8434512.5,0.015107778832316399,0.007000426761806011
sample_23,6221,16413,161257.5,8434502.5,0.018284142017364502,0.0008609371725469828
sample_23,6221,16414,161267.5,8434502.5,0.018111836165189743,0.004246130585670471
sample_23,6221,16415,161277.5,8434502.5,0.02909991331398487,0.0021652772556990385
sample_23,6221,16416,161287.5,8434502.5,0.020664088428020477,0.0023213648237288
sample_23,6221,16417,161297.5,8434502.5,0.01143798977136612,0.007882088422775269
sample_23,6221,16418,161307.5,8434502.5,0.014957431703805923,0.004492451436817646
sample_23,6221,16419,161317.5,8434502.5,0.02408372238278389,0.0039033633656799793
sample_23,6221,16420,161327.5,8434502.5,0.018777694553136826,0.00438596261665225
sample_23,6221,16421,161337.5,8434502.5,0.01069789007306099,0.005377975292503834
sample_23,6221,16422,161347.5,8434502.5,0.029444944113492966,0.007475210353732109
sample_23,6221,16423,161357.5,8434502.5,0.02286086231470108,0.007487612776458263
sample_23,6221,16424,161367.5,8434502.5,0.04143155366182327,0.004909653682261705
sample_23,6221,16425,161377.5,8434502.5,0.014514639042317867,0.006375424563884735
sample_23,6221,16426,161387.5,8434502.5,0.011568371206521988,0.004389671608805656
sample_23,6221,16427,161397.5,8434502.5,0.00896494835615158,0.0030274922028183937
sample_23,6221,16428,161407.5,8434502.5,0.04792884737253189,0.005127678159624338
sample_23,6221,16429,161417.5,8434502.5,0.014128101989626884,0.004155975766479969
sample_23,6221,16430,161427.5,8434502.5,0.016003597527742386,0.002127996413037181
sample_23,6221,16431,161437.5,8434502.5,0.014664907939732075,0.0017061576945707202
sample_23,6221,16432,161447.5,8434502.5,0.012782465666532516,0.0065038446336984634
sample_23,6222,16413,161257.5,8434492.5,0.01692746952176094,0.008056899532675743
sample_23,6222,16414,161267.5,8434492.5,0.013948718085885048,0.004202761687338352
sample_23,6222,16415,161277.5,8434492.5,0.01005343347787857,0.0025115464814007282
sample_23,6222,16416,161287.5,8434492.5,0.021506158635020256,0.003068961901590228
sample_23,6222,16417,161297.5,8434492.5,0.0217539481818676,0.002979723969474435
sample_23,6222,16418,161307.5,8434492.5,0.01122088823467493,0.004755822475999594
sample_23,6222,16419,161317.5,8434492.5,0.015462317503988743,0.009973357431590557
sample_23,6222,16420,161327.5,8434492.5,0.02151351235806942,0.005678973160684109
sample_23,6222,16421,161337.5,8434492.5,0.007500334642827511,0.006447691470384598
sample_23,6222,16422,161347.5,8434492.5,0.03920343518257141,0.005807957146316767
sample_23,6222,16423,161357.5,8434492.5,0.02255256660282612,0.007097827270627022
sample_23,6222,16424,161367.5,8434492.5,0.005577625706791878,0.011125440709292889
sample_23,6222,16425,161377.5,8434492.5,0.013158252462744713,0.006199968047440052
sample_23,6222,16426,161387.5,8434492.5,0.01858646422624588,0.00210404465906322
sample_23,6222,16427,161397.5,8434492.5,0.02251608856022358,0.003289222251623869
sample_23,6222,16428,161407.5,8434492.5,0.02079930528998375,0.007609971798956394
sample_23,6222,16429,161417.5,8434492.5,0.018902933225035667,0.001485729473643005
sample_23,6222,16430,161427.5,8434492.5,0.013308129273355007,0.005470491014420986
sample_23,6222,16431,161437.5,8434492.5,0.04191529005765915,0.002111337846145034
sample_23,6222,16432,161447.5,8434492.5,0.008045384660363197,0.005753727164119482
sample_23,6223,16413,161257.5,8434482.5,0.02352483570575714,0.002244513016194105
sample_23,6223,16414,161267.5,8434482.5,0.012064984068274498,0.006432294845581055
sample_23,6223,16415,161277.5,8434482.5,0.026898926123976707,0.006982848979532719
sample_23,6223,16416,161287.5,8434482.5,0.023189637809991837,0.0033905995078384876
sample_23,6223,16417,161297.5,8434482.5,0.015393445268273354,0.003334791399538517
sample_23,6223,16418,161307.5,8434482.5,0.031245023012161255,0.004689397290349007
sample_23,6223,16419,161317.5,8434482.5,0.019065506756305695,0.007723539602011442
sample_23,6223,16420,161327.5,8434482.5,0.015853241086006165,0.008618926629424095
sample_23,6223,16421,161337.5,8434482.5,0.012560934759676456,0.007889113388955593
sample_23,6223,16422,161347.5,8434482.5,0.009886706247925758,0.0036401571705937386
sample_23,6223,16423,161357.5,8434482.5,0.007450815290212631,0.005010375287383795
sample_23,6223,16424,161367.5,8434482.5,0.06218304857611656,0.003346003359183669
sample_23,6223,16425,161377.5,8434482.5,0.009385664016008377,0.009289545938372612
sample_23,6223,16426,161387.5,8434482.5,0.012084472924470901,0.007046667858958244
sample_23,6223,16427,161397.5,8434482.5,0.011240046471357346,0.0018642513314262033
sample_23,6223,16428,161407.5,8434482.5,0.03707253187894821,0.009403415024280548
sample_23,6223,16429,161417.5,8434482.5,0.021562332287430763,0.003990489523857832
sample_23,6223,16430,161427.5,8434482.5,0.005529259331524372,0.00854724831879139
sample_23,6223,16431,161437.5,8434482.5,0.01229462306946516,0.005089480895549059
sample_23,6223,16432,161447.5,8434482.5,0.024715710431337357,0.0051688156090676785
sample_23,6224,16413,161257.5,8434472.5,0.016419006511569023,0.011100086383521557
sample_23,6224,16414,161267.5,8434472.5,0.00728899659588933,0.004960800986737013
sample_23,6224,16415,161277.5,8434472.5,0.01534876599907875,0.00354291801340878
sample_23,6224,16416,161287.5,8434472.5,0.004879849962890148,0.0007225402514450252
sample_23,6224,16417,161297.5,8434472.5,0.0399339385330677,0.006456922274082899
sample_23,6224,16418,161307.5,8434472.5,0.03232679143548012,0.009521556086838245
sample_23,6224,16419,161317.5,8434472.5,0.031488433480262756,0.002958249533548951
sample_23,6224,16420,161327.5,8434472.5,0.0218858253210783,0.004226909019052982
sample_23,6224,16421,161337.5,8434472.5,0.02736717090010643,0.002207549288868904
sample_23,6224,16422,161347.5,8434472.5,0.011350599117577076,0.0034351975191384554
sample_23,6224,16423,161357.5,8434472.5,0.02101599983870983,0.007104129064828157
sample_23,6224,16424,161367.5,8434472.5,0.03394920006394386,0.00426783412694931
sample_23,6224,16425,161377.5,8434472.5,0.020515024662017822,0.008769157342612743
sample_23,6224,16426,161387.5,8434472.5,0.01822555623948574,0.007845237851142883
sample_23,6224,16427,161397.5,8434472.5,0.01898353546857834,0.005787567235529423
sample_23,6224,16428,161407.5,8434472.5,0.02587471529841423,0.0031078520696610212
sample_23,6224,16429,161417.5,8434472.5,0.004418691620230675,0.006497278343886137
sample_23,6224,16430,161427.5,8434472.5,0.005693251267075539,0.002730546286329627
sample_23,6224,16431,161437.5,8434472.5,0.018064774572849274,0.0060716355219483376
sample_23,6224,16432,161447.5,8434472.5,0.037470441311597824,0.009190339595079422
sample_23,6225,16413,161257.5,8434462.5,0.025343740358948708,0.0012504043988883495
sample_23,6225,16414,161267.5,8434462.5,0.028109919279813766,0.0014093564823269844
sample_23,6225,16415,161277.5,8434462.5,0.02871405892074108,0.0022383679170161486
sample_23,6225,16416,161287.5,8434462.5,0.032838813960552216,0.003970306366682053
sample_23,6225,16417,161297.5,8434462.5,0.02438408136367798,0.006409970112144947
sample_23,6225,16418,161307.5,8434462.5,0.021750176325440407,0.013470109552145004
sample_23,6225,16419,161317.5,8434462.5,0.015025002881884575,0.009950353763997555
sample_23,6225,16420,161327.5,8434462.5,0.007502769585698843,0.008545300923287868
sample_23,6225,16421,161337.5,8434462.5,0.019517265260219574,0.00690915621817112
sample_23,6225,16422,161347.5,8434462.5,0.024423114955425262,0.008102230727672577
sample_23,6225,16423,161357.5,8434462.5,0.01884293369948864,0.00520032923668623
sample_23,6225,16424,161367.5,8434462.5,0.01846538856625557,0.005404438823461533
sample_23,6225,16425,161377.5,8434462.5,0.03150248900055885,0.0071695540100336075
sample_23,6225,16426,161387.5,8434462.5,0.013734960928559303,0.00600803829729557
sample_23,6225,16427,161397.5,8434462.5,0.030163491144776344,0.003085620701313019
sample_23,6225,16428,161407.5,8434462.5,0.017340565100312233,0.004671548493206501
sample_23,6225,16429,161417.5,8434462.5,0.03819745033979416,0.002218252047896385
sample_23,6225,16430,161427.5,8434462.5,0.033594656735658646,0.005047827959060669
sample_23,6225,16431,161437.5,8434462.5,0.019619537517428398,0.0036644700448960066
sample_23,6225,16432,161447.5,8434462.5,0.015047763474285603,0.0056221685372292995
sample_23,6226,16413,161257.5,8434452.5,0.08304691314697266,0.00966134574264288
sample_23,6226,16414,161267.5,8434452.5,0.014409825205802917,0.0062972623854875565
sample_23,6226,16415,161277.5,8434452.5,0.013070457614958286,0.0058355554938316345
sample_23,6226,16416,161287.5,8434452.5,0.03298132121562958,0.0015115804271772504
sample_23,6226,16417,161297.5,8434452.5,0.012094351463019848,0.009828467853367329
sample_23,6226,16418,161307.5,8434452.5,0.03343280032277107,0.009579968638718128
sample_23,6226,16419,161317.5,8434452.5,0.01619775965809822,0.005692827049642801
sample_23,6226,16420,161327.5,8434452.5,0.017453838139772415,0.010818220674991608
sample_23,6226,16421,161337.5,8434452.5,0.026170972734689713,0.007131581194698811
sample_23,6226,16422,161347.5,8434452.5,0.0314415767788887,0.003697378793731332
sample_23,6226,16423,161357.5,8434452.5,0.022235868498682976,0.00884655024856329
sample_23,6226,16424,161367.5,8434452.5,0.025285817682743073,0.009169435128569603
sample_23,6226,16425,161377.5,8434452.5,0.0349496454000473,0.008937077596783638
sample_23,6226,16426,161387.5,8434452.5,0.03438505530357361,0.0038959402590990067
sample_23,6226,16427,161397.5,8434452.5,0.017797857522964478,0.004206424113363028
sample_23,6226,16428,161407.5,8434452.5,0.024135973304510117,0.0045980787836015224
sample_23,6226,16429,161417.5,8434452.5,0.022845249623060226,0.002616576384752989
sample_23,6226,16430,161427.5,8434452.5,0.01790822111070156,0.005271328147500753
sample_23,6226,16431,161437.5,8434452.5,0.021923426538705826,0.0017120344564318657
sample_23,6226,16432,161447.5,8434452.5,0.016233589500188828,0.008555048145353794
sample_23,6227,16413,161257.5,8434442.5,0.023382168263196945,0.0034503513015806675
sample_23,6227,16414,161267.5,8434442.5,0.03200121223926544,0.0031666229479014874
sample_23,6227,16415,161277.5,8434442.5,0.01088663749396801,0.0040230401791632175
sample_23,6227,16416,161287.5,8434442.5,0.02354304865002632,0.004844801500439644
sample_23,6227,16417,161297.5,8434442.5,0.021643051877617836,0.0029919089283794165
sample_23,6227,16418,161307.5,8434442.5,0.012194518931210041,0.0039002590347081423
sample_23,6227,16419,161317.5,8434442.5,0.025040527805685997,0.007290484383702278
sample_23,6227,16420,161327.5,8434442.5,0.0398457832634449,0.004943654872477055
sample_23,6227,16421,161337.5,8434442.5,0.01569613628089428,0.003994510509073734
sample_23,6227,16422,161347.5,8434442.5,0.027903838083148003,0.0053094252943992615
sample_23,6227,16423,161357.5,8434442.5,0.026113394647836685,0.0065267449244856834
sample_23,6227,16424,161367.5,8434442.5,0.02501722425222397,0.004252822138369083
sample_23,6227,16425,161377.5,8434442.5,0.011672449298202991,0.008695879019796848
sample_23,6227,16426,161387.5,8434442.5,0.007396003231406212,0.004373279865831137
sample_23,6227,16427,161397.5,8434442.5,0.016201268881559372,0.002102165948599577
sample_23,6227,16428,161407.5,8434442.5,0.023978769779205322,0.009286995977163315
sample_23,6227,16429,161417.5,8434442.5,0.0230000801384449,0.011226855218410492
sample_23,6227,16430,161427.5,8434442.5,0.015108887106180191,0.004077258985489607
sample_23,6227,16431,161437.5,8434442.5,0.011481545865535736,0.00383863877505064
sample_23,6227,16432,161447.5,8434442.5,0.02933492511510849,0.0036288434639573097
sample_23,6228,16413,161257.5,8434432.5,0.009332663379609585,0.0019347361521795392
sample_23,6228,16414,161267.5,8434432.5,0.0209271889179945,0.00363590638153255
sample_23,6228,16415,161277.5,8434432.5,0.023227721452713013,0.0036326427944004536
sample_23,6228,16416,161287.5,8434432.5,0.022290494292974472,0.004360688850283623
sample_23,6228,16417,161297.5,8434432.5,0.02542247623205185,0.0010094561148434877
sample_23,6228,16418,161307.5,8434432.5,0.020224831998348236,0.006843456532806158
sample_23,6228,16419,161317.5,8434432.5,0.03256518393754959,0.003810456022620201
sample_23,6228,16420,161327.5,8434432.5,0.022707007825374603,0.0032355408184230328
sample_23,6228,16421,161337.5,8434432.5,0.013562671840190887,0.005042040720582008
sample_23,6228,16422,161347.5,8434432.5,0.008701525628566742,0.006694164127111435
sample_23,6228,16423,161357.5,8434432.5,0.01615779660642147,0.0023094534408301115
sample_23,6228,16424,161367.5,8434432.5,0.04026494547724724,0.00843706913292408
sample_23,6228,16425,161377.5,8434432.5,0.018622927367687225,0.0055432929657399654
sample_23,6228,16426,161387.5,8434432.5,0.017064791172742844,0.004003146663308144
sample_23,6228,16427,161397.5,8434432.5,0.010530341416597366,0.004547060001641512
sample_23,6228,16428,161407.5,8434432.5,0.03271878510713577,0.004655799828469753
sample_23,6228,16429,161417.5,8434432.5,0.009547016583383083,0.0029317873995751143
sample_23,6228,16430,161427.5,8434432.5,0.03448551148176193,0.0026640677824616432
sample_23,6228,16431,161437.5,8434432.5,0.055843912065029144,0.0036154023837298155
sample_23,6228,16432,161447.5,8434432.5,0.013947163708508015,0.008543260395526886
sample_23,6229,16414,161267.5,8434422.5,0.023542087525129318,0.0019725272431969643
sample_23,6229,16415,161277.5,8434422.5,0.004792915657162666,0.0036028451286256313
sample_23,6229,16416,161287.5,8434422.5,0.033420756459236145,0.003515033982694149
sample_23,6229,16417,161297.5,8434422.5,0.01622658222913742,0.00960902962833643
sample_23,6229,16418,161307.5,8434422.5,0.015790503472089767,0.0068224407732486725
sample_23,6229,16419,161317.5,8434422.5,0.03290790319442749,0.001889354782178998
sample_23,6229,16420,161327.5,8434422.5,0.005733038764446974,0.0019082922954112291
sample_23,6229,16421,161337.5,8434422.5,0.005921321455389261,0.004070499911904335
sample_23,6229,16422,161347.5,8434422.5,0.011865818873047829,0.0050242505967617035
sample_23,6229,16423,161357.5,8434422.5,0.013943850062787533,0.002207203069701791
sample_23,6229,16424,161367.5,8434422.5,0.004803682677447796,0.003161003114655614
sample_23,6229,16425,161377.5,8434422.5,0.01988326385617256,0.005794997327029705
sample_23,6229,16426,161387.5,8434422.5,0.019616521894931793,0.0034278701059520245
sample_23,6229,16427,161397.5,8434422.5,0.02687801420688629,0.005157866049557924
sample_23,6229,16428,161407.5,8434422.5,0.02259567566215992,0.0038956699427217245
sample_23,6229,16429,161417.5,8434422.5,0.005119448062032461,0.011150045320391655
sample_23,6229,16430,161427.5,8434422.5,0.019192032516002655,0.004713801667094231
sample_23,6229,16431,161437.5,8434422.5,0.013980635441839695,0.0048565794713795185
sample_23,6229,16432,161447.5,8434422.5,0.02994585409760475,0.008516752161085606
sample_23,6230,16414,161267.5,8434412.5,0.005685148760676384,0.003634283086284995
sample_23,6230,16415,161277.5,8434412.5,0.024503068998456,0.0025917349848896265
sample_23,6230,16416,161287.5,8434412.5,0.01117186900228262,0.002022507833316922
sample_23,6230,16417,161297.5,8434412.5,0.034350909292697906,0.0024014979135245085
sample_23,6230,16418,161307.5,8434412.5,0.029215723276138306,0.0032604411244392395
sample_23,6230,16419,161317.5,8434412.5,0.03646454960107803,0.009050078690052032
sample_23,6230,16420,161327.5,8434412.5,0.01628490723669529,0.005278690718114376
sample_23,6230,16421,161337.5,8434412.5,0.006868766155093908,0.006262703333050013
sample_23,6230,16422,161347.5,8434412.5,0.02453993819653988,0.0038901977241039276
sample_23,6230,16423,161357.5,8434412.5,0.029596496373414993,0.002791860606521368
sample_23,6230,16424,161367.5,8434412.5,0.05161337926983833,0.0018376761581748724
sample_23,6230,16425,161377.5,8434412.5,0.009193839505314827,0.0035746139474213123
sample_23,6230,16426,161387.5,8434412.5,0.022993240505456924,0.0036453912034630775
sample_23,6230,16427,161397.5,8434412.5,0.020261043682694435,0.004094480536878109
sample_23,6230,16428,161407.5,8434412.5,0.03484611213207245,0.002798211295157671
sample_23,6230,16429,161417.5,8434412.5,0.01622721366584301,0.0030600109603255987
sample_23,6230,16430,161427.5,8434412.5,0.01664542406797409,0.0057627251371741295
sample_23,6230,16431,161437.5,8434412.5,0.019512688741087914,0.0056929877027869225
sample_23,6230,16432,161447.5,8434412.5,0.020690198987722397,0.0034082955680787563
sample_23,6231,16414,161267.5,8434402.5,0.0058409362100064754,0.005778259597718716
sample_23,6231,16415,161277.5,8434402.5,0.006531556602567434,0.0052903867326676846
sample_23,6231,16416,161287.5,8434402.5,0.0062499018386006355,0.004486902616918087
sample_23,6231,16417,161297.5,8434402.5,0.014899283647537231,0.005574079696089029
sample_23,6231,16418,161307.5,8434402.5,0.03195922449231148,0.004657413810491562
sample_23,6231,16419,161317.5,8434402.5,0.007511517032980919,0.004966330714523792
sample_23,6231,16420,161327.5,8434402.5,0.03542601317167282,0.002623099833726883
sample_23,6231,16421,161337.5,8434402.5,0.021418936550617218,0.005061206873506308
sample_23,6231,16422,161347.5,8434402.5,0.008760221302509308,0.0029122703708708286
sample_23,6231,16423,161357.5,8434402.5,0.017432788386940956,0.003706719260662794
sample_23,6231,16424,161367.5,8434402.5,0.0117174182087183,0.00336076901294291
sample_23,6231,16425,161377.5,8434402.5,0.011128108948469162,0.0042132302187383175
sample_23,6231,16426,161387.5,8434402.5,0.014251281507313251,0.004695624578744173
sample_23,6231,16427,161397.5,8434402.5,0.014933867380023003,0.0021860820706933737
sample_23,6231,16428,161407.5,8434402.5,0.020307715982198715,0.003188725560903549
sample_23,6231,16429,161417.5,8434402.5,0.011191313154995441,0.01604735106229782
sample_23,6231,16430,161427.5,8434402.5,0.019513193517923355,0.0033950824290513992
sample_23,6231,16431,161437.5,8434402.5,0.01893889531493187,0.0018066233024001122
sample_23,6231,16432,161447.5,8434402.5,0.028145048767328262,0.004929490853101015
sample_24,23986,16157,158697.5,8256852.5,0.010205470956861973,0.0036969969514757395
sample_24,23986,16158,158707.5,8256852.5,0.0183422788977623,0.004742756485939026
sample_24,23986,16159,158717.5,8256852.5,0.03308628499507904,0.006299824453890324
sample_24,23986,16160,158727.5,8256852.5,0.016935057938098907,0.0017270444659516215
sample_24,23986,16161,158737.5,8256852.5,0.03696771338582039,0.010881581343710423
sample_24,23986,16162,158747.5,8256852.5,0.02994956262409687,0.002746810205280781
sample_24,23987,16144,158567.5,8256842.5,0.01618107222020626,0.002011244185268879
sample_24,23987,16145,158577.5,8256842.5,0.015442907810211182,0.004302565474063158
sample_24,23987,16146,158587.5,8256842.5,0.019221972674131393,0.003884708508849144
sample_24,23987,16147,158597.5,8256842.5,0.015536029823124409,0.00908847339451313
sample_24,23987,16148,158607.5,8256842.5,0.016504749655723572,0.003205555956810713
sample_24,23987,16149,158617.5,8256842.5,0.015162685886025429,0.004631290212273598
sample_24,23987,16150,158627.5,8256842.5,0.006720068398863077,0.0019398562144488096
sample_24,23987,16151,158637.5,8256842.5,0.008898054249584675,0.0028160971123725176
sample_24,23987,16152,158647.5,8256842.5,0.05583431199193001,0.003591992659494281
sample_24,23987,16153,158657.5,8256842.5,0.02896711230278015,0.002884462010115385
sample_24,23987,16154,158667.5,8256842.5,0.01772545650601387,0.006536936387419701
sample_24,23987,16155,158677.5,8256842.5,0.013697055168449879,0.007293811999261379
sample_24,23987,16156,158687.5,8256842.5,0.007162377703934908,0.007133702747523785
sample_24,23987,16157,158697.5,8256842.5,0.01605989597737789,0.0022867959924042225
sample_24,23987,16158,158707.5,8256842.5,0.0390019528567791,0.003178294049575925
sample_24,23987,16159,158717.5,8256842.5,0.011215034872293472,0.005280381068587303
sample_24,23987,16160,158727.5,8256842.5,0.00808702316135168,0.006229007616639137
sample_24,23987,16161,158737.5,8256842.5,0.00644069816917181,0.011807700619101524
sample_24,23987,16162,158747.5,8256842.5,0.022567760199308395,0.005566062871366739
sample_24,23988,16144,158567.5,8256832.5,0.011626897379755974,0.004274964332580566
sample_24,23988,16145,158577.5,8256832.5,0.004900762811303139,0.0020179077982902527
sample_24,23988,16146,158587.5,8256832.5,0.005409675650298595,0.009413070045411587
sample_24,23988,16147,158597.5,8256832.5,0.006989104673266411,0.009029759094119072
sample_24,23988,16148,158607.5,8256832.5,0.018299521878361702,0.008802592754364014
sample_24,23988,16149,158617.5,8256832.5,0.02097008377313614,0.006403032690286636
sample_24,23988,16150,158627.5,8256832.5,0.0172383151948452,0.0057026538997888565
sample_24,23988,16151,158637.5,8256832.5,0.01841661147773266,0.010176630690693855
sample_24,23988,16152,158647.5,8256832.5,0.04498609900474548,0.003671035636216402
sample_24,23988,16153,158657.5,8256832.5,0.030866509303450584,0.010128838941454887
sample_24,23988,16154,158667.5,8256832.5,0.025148671120405197,0.007978353649377823
sample_24,23988,16155,158677.5,8256832.5,0.02809186466038227,0.00734903197735548
sample_24,23988,16156,158687.5,8256832.5,0.013279500417411327,0.007727611809968948
sample_24,23988,16157,158697.5,8256832.5,0.019909510388970375,0.0031460102181881666
sample_24,23988,16158,158707.5,8256832.5,0.022103670984506607,0.005773382261395454
sample_24,23988,16159,158717.5,8256832.5,0.021651610732078552,0.0027500828728079796
sample_24,23988,16160,158727.5,8256832.5,0.025678839534521103,0.005217049270868301
sample_24,23988,16161,158737.5,8256832.5,0.01709919050335884,0.0017822617664933205
sample_24,23988,16162,158747.5,8256832.5,0.01736943982541561,0.003159083891659975
sample_24,23989,16144,158567.5,8256822.5,0.016528790816664696,0.004137331619858742
sample_24,23989,16145,158577.5,8256822.5,0.011338847689330578,0.0072653028182685375
sample_24,23989,16146,158587.5,8256822.5,0.021359622478485107,0.00444384478032589
sample_24,23989,16147,158597.5,8256822.5,0.019701886922121048,0.005378744564950466
sample_24,23989,16148,158607.5,8256822.5,0.025657949969172478,0.0023547650780528784
sample_24,23989,16149,158617.5,8256822.5,0.012805171310901642,0.012850514613091946
sample_24,23989,16150,158627.5,8256822.5,0.013431413099169731,0.004452273715287447
sample_24,23989,16151,158637.5,8256822.5,0.011614740826189518,0.005105749703943729
sample_24,23989,16152,158647.5,8256822.5,0.026369035243988037,0.004227576311677694
sample_24,23989,16153,158657.5,8256822.5,0.019278300926089287,0.004388346336781979
sample_24,23989,16154,158667.5,8256822.5,0.032075390219688416,0.002505033975467086
sample_24,23989,16155,158677.5,8256822.5,0.012517692521214485,0.001406717812642455
sample_24,23989,16156,158687.5,8256822.5,0.03352484479546547,0.0032543542329221964
sample_24,23989,16157,158697.5,8256822.5,0.01156603079289198,0.0015824167057871819
sample_24,23989,16158,158707.5,8256822.5,0.04123483970761299,0.009308517910540104
sample_24,23989,16159,158717.5,8256822.5,0.022087205201387405,0.004063298925757408
sample_24,23989,16160,158727.5,8256822.5,0.0183093324303627,0.0022007394582033157
sample_24,23989,16161,158737.5,8256822.5,0.0693245679140091,0.0016653438797220588
sample_24,23989,16162,158747.5,8256822.5,0.0149031151086092,0.002055905992165208
sample_24,23989,16163,158757.5,8256822.5,0.028013112023472786,0.008238526992499828
sample_24,23990,16144,158567.5,8256812.5,0.03504161164164543,0.0030000091064721346
sample_24,23990,16145,158577.5,8256812.5,0.012300089932978153,0.004496293142437935
sample_24,23990,16146,158587.5,8256812.5,0.01507549174129963,0.0018692056182771921
sample_24,23990,16147,158597.5,8256812.5,0.0333079993724823,0.008790850639343262
sample_24,23990,16148,158607.5,8256812.5,0.05062923952937126,0.007760622538626194
sample_24,23990,16149,158617.5,8256812.5,0.02992854081094265,0.006381248123943806
sample_24,23990,16150,158627.5,8256812.5,0.0401034839451313,0.005360263865441084
sample_24,23990,16151,158637.5,8256812.5,0.018997972831130028,0.0031518186442553997
sample_24,23990,16152,158647.5,8256812.5,0.01436037290841341,0.008401913568377495
sample_24,23990,16153,158657.5,8256812.5,0.0137129882350564,0.006796600297093391
sample_24,23990,16154,158667.5,8256812.5,0.022666454315185547,0.0036872667260468006
sample_24,23990,16155,158677.5,8256812.5,0.02110130712389946,0.011401746422052383
sample_24,23990,16156,158687.5,8256812.5,0.01961521804332733,0.01761181652545929
sample_24,23990,16157,158697.5,8256812.5,0.015184331685304642,0.0038090760353952646
sample_24,23990,16158,158707.5,8256812.5,0.036625564098358154,0.0042909178882837296
sample_24,23990,16159,158717.5,8256812.5,0.019843710586428642,0.012508142739534378
sample_24,23990,16160,158727.5,8256812.5,0.04053497686982155,0.006228943355381489
sample_24,23990,16161,158737.5,8256812.5,0.02536485157907009,0.006112115457653999
sample_24,23990,16162,158747.5,8256812.5,0.025169070810079575,0.005759325809776783
sample_24,23990,16163,158757.5,8256812.5,0.005386948585510254,0.008142879232764244
sample_24,23991,16144,158567.5,8256802.5,0.01557850744575262,0.0034018652513623238
sample_24,23991,16145,158577.5,8256802.5,0.014687648043036461,0.004248837940394878
sample_24,23991,16146,158587.5,8256802.5,0.05291251093149185,0.006870889570564032
sample_24,23991,16147,158597.5,8256802.5,0.02557135745882988,0.007448897697031498
sample_24,23991,16148,158607.5,8256802.5,0.01658095233142376,0.00371364108286798
sample_24,23991,16149,158617.5,8256802.5,0.014403985813260078,0.005188451148569584
sample_24,23991,16150,158627.5,8256802.5,0.01722366362810135,0.00781372468918562
sample_24,23991,16151,158637.5,8256802.5,0.025059739127755165,0.010255025699734688
sample_24,23991,16152,158647.5,8256802.5,0.05378815159201622,0.008464114740490913
sample_24,23991,16153,158657.5,8256802.5,0.0210831630975008,0.007021393161267042
sample_24,23991,16154,158667.5,8256802.5,0.016553658992052078,0.00822831317782402
sample_24,23991,16155,158677.5,8256802.5,0.02345455437898636,0.005589153151959181
sample_24,23991,16156,158687.5,8256802.5,0.036364756524562836,0.007597820367664099
sample_24,23991,16157,158697.5,8256802.5,0.030587023124098778,0.010744702070951462
sample_24,23991,16158,158707.5,8256802.5,0.010217641480267048,0.00458123255521059
sample_24,23991,16159,158717.5,8256802.5,0.024579912424087524,0.004641277249902487
sample_24,23991,16160,158727.5,8256802.5,0.022060811519622803,0.005886470898985863
sample_24,23991,16161,158737.5,8256802.5,0.03608304262161255,0.00239958381280303
sample_24,23991,16162,158747.5,8256802.5,0.042133018374443054,0.0045638117007911205
sample_24,23991,16163,158757.5,8256802.5,0.03070794604718685,0.005165203474462032
sample_24,23992,16144,158567.5,8256792.5,0.03135431930422783,0.0072883968241512775
sample_24,23992,16145,158577.5,8256792.5,0.016098391264677048,0.0032788070384413004
sample_24,23992,16146,158587.5,8256792.5,0.012983479537069798,0.007100368849933147
sample_24,23992,16147,158597.5,8256792.5,0.028477109968662262,0.005882870405912399
sample_24,23992,16148,158607.5,8256792.5,0.006535443011671305,0.0011928050080314279
sample_24,23992,16149,158617.5,8256792.5,0.0061412351205945015,0.003582554403692484
sample_24,23992,16150,158627.5,8256792.5,0.027221903204917908,0.008484155870974064
sample_24,23992,16151,158637.5,8256792.5,0.036445505917072296,0.006799398921430111
sample_24,23992,16152,158647.5,8256792.5,0.012191138230264187,0.005519622005522251
sample_24,23992,16153,158657.5,8256792.5,0.009190485812723637,0.009221531450748444
sample_24,23992,16154,158667.5,8256792.5,0.023871539160609245,0.0025362595915794373
sample_24,23992,16155,158677.5,8256792.5,0.018301451578736305,0.007214333396404982
sample_24,23992,16156,158687.5,8256792.5,0.030440283939242363,0.00839842390269041
sample_24,23992,16157,158697.5,8256792.5,0.01252769399434328,0.004849541466683149
sample_24,23992,16158,158707.5,8256792.5,0.019221503287553787,0.004887366201728582
sample_24,23992,16159,158717.5,8256792.5,0.02311214618384838,0.004901884589344263
sample_24,23992,16160,158727.5,8256792.5,0.029043380171060562,0.003532478818669915
sample_24,23992,16161,158737.5,8256792.5,0.028463022783398628,0.004724458325654268
sample_24,23992,16162,158747.5,8256792.5,0.020154297351837158,0.007136325351893902
sample_24,23992,16163,158757.5,8256792.5,0.016933906823396683,0.005892434157431126
sample_24,23993,16144,158567.5,8256782.5,0.006366105284541845,0.004317391198128462
sample_24,23993,16145,158577.5,8256782.5,0.0260685533285141,0.008646129630506039
sample_24,23993,16146,158587.5,8256782.5,0.027917491272091866,0.005170769989490509
sample_24,23993,16147,158597.5,8256782.5,0.011596214026212692,0.008814094588160515
sample_24,23993,16148,158607.5,8256782.5,0.015004314482212067,0.0065985689871013165
sample_24,23993,16149,158617.5,8256782.5,0.032915808260440826,0.004255588166415691
sample_24,23993,16150,158627.5,8256782.5,0.007398644927889109,0.006235891953110695
sample_24,23993,16151,158637.5,8256782.5,0.03589008376002312,0.006907089613378048
sample_24,23993,16152,158647.5,8256782.5,0.014489605091512203,0.005904549267143011
sample_24,23993,16153,158657.5,8256782.5,0.014349316246807575,0.00588382501155138
sample_24,23993,16154,158667.5,8256782.5,0.07837437093257904,0.006406727246940136
sample_24,23993,16155,158677.5,8256782.5,0.014368334785103798,0.0053386506624519825
sample_24,23993,16156,158687.5,8256782.5,0.003906327299773693,0.006029890384525061
sample_24,23993,16157,158697.5,8256782.5,0.03881353512406349,0.0039387112483382225
sample_24,23993,16158,158707.5,8256782.5,0.012202238664031029,0.009679755195975304
sample_24,23993,16159,158717.5,8256782.5,0.01676938124001026,0.009115202352404594
sample_24,23993,16160,158727.5,8256782.5,0.025967363268136978,0.005031800363212824
sample_24,23993,16161,158737.5,8256782.5,0.029102066531777382,0.005923765245825052
sample_24,23993,16162,158747.5,8256782.5,0.045504700392484665,0.014047607779502869
sample_24,23993,16163,158757.5,8256782.5,0.0077166627161204815,0.00684654014185071
sample_24,23994,16144,158567.5,8256772.5,0.007864033803343773,0.007023968733847141
sample_24,23994,16145,158577.5,8256772.5,0.021462922915816307,0.014208466745913029
sample_24,23994,16146,158587.5,8256772.5,0.012632730416953564,0.004106849431991577
sample_24,23994,16147,158597.5,8256772.5,0.006226431578397751,0.003674998413771391
sample_24,23994,16148,158607.5,8256772.5,0.023782674223184586,0.004465945065021515
sample_24,23994,16149,158617.5,8256772.5,0.015596287325024605,0.010054646991193295
sample_24,23994,16150,158627.5,8256772.5,0.012521340511739254,0.004765992984175682
sample_24,23994,16151,158637.5,8256772.5,0.022366369143128395,0.002869409043341875
sample_24,23994,16152,158647.5,8256772.5,0.02434515208005905,0.0022823582403361797
sample_24,23994,16153,158657.5,8256772.5,0.008504755795001984,0.0037996433675289154
sample_24,23994,16154,158667.5,8256772.5,0.008306441828608513,0.0011892959009855986
sample_24,23994,16155,158677.5,8256772.5,0.0228575412184,0.003642748575657606
sample_24,23994,16156,158687.5,8256772.5,0.03969991207122803,0.00978187657892704
sample_24,23994,16157,158697.5,8256772.5,0.03293352574110031,0.010516662150621414
sample_24,23994,16158,158707.5,8256772.5,0.0044678980484604836,0.006704632192850113
sample_24,23994,16159,158717.5,8256772.5,0.018766459077596664,0.003366254037246108
sample_24,23994,16160,158727.5,8256772.5,0.012282533571124077,0.007685533724725246
sample_24,23994,16161,158737.5,8256772.5,0.016632579267024994,0.006888621021062136
sample_24,23994,16162,158747.5,8256772.5,0.030545156449079514,0.008065997622907162
sample_24,23994,16163,158757.5,8256772.5,0.00641208328306675,0.006673772819340229
sample_24,23995,16144,158567.5,8256762.5,0.04892021417617798,0.004893271718174219
sample_24,23995,16145,158577.5,8256762.5,0.006317315623164177,0.004410823341459036
sample_24,23995,16146,158587.5,8256762.5,0.036372967064380646,0.004972097463905811
sample_24,23995,16147,158597.5,8256762.5,0.021968431770801544,0.002851211465895176
sample_24,23995,16148,158607.5,8256762.5,0.024742912501096725,0.0038575760554522276
sample_24,23995,16149,158617.5,8256762.5,0.004537067376077175,0.002722293371334672
sample_24,23995,16150,158627.5,8256762.5,0.01894179731607437,0.005933497101068497
sample_24,23995,16151,158637.5,8256762.5,0.02246452495455742,0.006478802300989628
sample_24,23995,16152,158647.5,8256762.5,0.023516856133937836,0.004511947277933359
sample_24,23995,16153,158657.5,8256762.5,0.018242837861180305,0.0027119521982967854
sample_24,23995,16154,158667.5,8256762.5,0.013508285395801067,0.003489898284897208
sample_24,23995,16155,158677.5,8256762.5,0.02939571812748909,0.00504883099347353
sample_24,23995,16156,158687.5,8256762.5,0.012592535465955734,0.008822578936815262
sample_24,23995,16157,158697.5,8256762.5,0.031648553907871246,0.004992462694644928
sample_24,23995,16158,158707.5,8256762.5,0.0062040165066719055,0.007295181043446064
sample_24,23995,16159,158717.5,8256762.5,0.021633103489875793,0.004824374802410603
sample_24,23995,16160,158727.5,8256762.5,0.01026923581957817,0.004887698218226433
sample_24,23995,16161,158737.5,8256762.5,0.02042900212109089,0.006078733596950769
sample_24,23995,16162,158747.5,8256762.5,0.009677300229668617,0.006203182972967625
sample_24,23995,16163,158757.5,8256762.5,0.004422446247190237,0.005004533566534519
sample_24,23996,16144,158567.5,8256752.5,0.0358341746032238,0.0062708500772714615
sample_24,23996,16145,158577.5,8256752.5,0.028415292501449585,0.003926054574549198
sample_24,23996,16146,158587.5,8256752.5,0.03091886080801487,0.003886045888066292
sample_24,23996,16147,158597.5,8256752.5,0.04297957941889763,0.003219967009499669
sample_24,23996,16148,158607.5,8256752.5,0.011396318674087524,0.004608236253261566
sample_24,23996,16149,158617.5,8256752.5,0.01767333596944809,0.01726555824279785
sample_24,23996,16150,158627.5,8256752.5,0.0170084647834301,0.0031845185440033674
sample_24,23996,16151,158637.5,8256752.5,0.007151072844862938,0.001571491826325655
sample_24,23996,16152,158647.5,8256752.5,0.01774103194475174,0.007639019284397364
sample_24,23996,16153,158657.5,8256752.5,0.014175632037222385,0.004150806460529566
sample_24,23996,16154,158667.5,8256752.5,0.018184492364525795,0.009505745954811573
sample_24,23996,16155,158677.5,8256752.5,0.032318178564310074,0.003913444466888905
sample_24,23996,16156,158687.5,8256752.5,0.020004644989967346,0.005786095280200243
sample_24,23996,16157,158697.5,8256752.5,0.02183360420167446,0.0026902412064373493
sample_24,23996,16158,158707.5,8256752.5,0.017851268872618675,0.005731404758989811
sample_24,23996,16159,158717.5,8256752.5,0.01972106844186783,0.006276883650571108
sample_24,23996,16160,158727.5,8256752.5,0.0195281021296978,0.000737435300834477
sample_24,23996,16161,158737.5,8256752.5,0.02035965956747532,0.006430295296013355
sample_24,23996,16162,158747.5,8256752.5,0.009862501174211502,0.006279695779085159
sample_24,23996,16163,158757.5,8256752.5,0.0351705402135849,0.008144264109432697
sample_24,23997,16144,158567.5,8256742.5,0.014777468517422676,0.003428619122132659
sample_24,23997,16145,158577.5,8256742.5,0.00916258618235588,0.004284159280359745
sample_24,23997,16146,158587.5,8256742.5,0.018567360937595367,0.01008160226047039
sample_24,23997,16147,158597.5,8256742.5,0.03410957753658295,0.00917805265635252
sample_24,23997,16148,158607.5,8256742.5,0.053443290293216705,0.007525102701038122
sample_24,23997,16149,158617.5,8256742.5,0.0220055989921093,0.001261207740753889
sample_24,23997,16150,158627.5,8256742.5,0.027622809633612633,0.0036341333761811256
sample_24,23997,16151,158637.5,8256742.5,0.02702534943819046,0.0016183145344257355
sample_24,23997,16152,158647.5,8256742.5,0.009619399905204773,0.010043788701295853
sample_24,23997,16153,158657.5,8256742.5,0.027354175224900246,0.0021856268867850304
sample_24,23997,16154,158667.5,8256742.5,0.01300652977079153,0.007851684466004372
sample_24,23997,16155,158677.5,8256742.5,0.057559795677661896,0.0040503148920834064
sample_24,23997,16156,158687.5,8256742.5,0.020032819360494614,0.004417976830154657
sample_24,23997,16157,158697.5,8256742.5,0.01212307158857584,0.00106346036773175
sample_24,23997,16158,158707.5,8256742.5,0.015038774348795414,0.0028406577184796333
sample_24,23997,16159,158717.5,8256742.5,0.023098871111869812,0.006842862814664841
sample_24,23997,16160,158727.5,8256742.5,0.011953329667448997,0.0057024238631129265
sample_24,23997,16161,158737.5,8256742.5,0.01092799287289381,0.004100009799003601
sample_24,23997,16162,158747.5,8256742.5,0.022773489356040955,0.002619766630232334
sample_24,23997,16163,158757.5,8256742.5,0.016638455912470818,0.005691543221473694
sample_24,23998,16144,158567.5,8256732.5,0.015055570751428604,0.012735200114548206
sample_24,23998,16145,158577.5,8256732.5,0.02014961838722229,0.007904558442533016
sample_24,23998,16146,158587.5,8256732.5,0.014836217276751995,0.003394222119823098
sample_24,23998,16147,158597.5,8256732.5,0.006867642980068922,0.006248157937079668
sample_24,23998,16148,158607.5,8256732.5,0.003886833321303129,0.017375724390149117
sample_24,23998,16149,158617.5,8256732.5,0.01784343831241131,0.0032125816214829683
sample_24,23998,16150,158627.5,8256732.5,0.02449050359427929,0.003930776845663786
sample_24,23998,16151,158637.5,8256732.5,0.034639373421669006,0.005193755961954594
sample_24,23998,16152,158647.5,8256732.5,0.0225127711892128,0.004718106705695391
sample_24,23998,16153,158657.5,8256732.5,0.041796498000621796,0.005975990556180477
sample_24,23998,16154,158667.5,8256732.5,0.027958909049630165,0.005014805123209953
sample_24,23998,16155,158677.5,8256732.5,0.01837926171720028,0.007682282477617264
sample_24,23998,16156,158687.5,8256732.5,0.026123031973838806,0.0023864712566137314
sample_24,23998,16157,158697.5,8256732.5,0.010074184276163578,0.0021548387594521046
sample_24,23998,16158,158707.5,8256732.5,0.014969911426305771,0.012655694037675858
sample_24,23998,16159,158717.5,8256732.5,0.017793331295251846,0.00618827436119318
sample_24,23998,16160,158727.5,8256732.5,0.013540077023208141,0.005205378867685795
sample_24,23998,16161,158737.5,8256732.5,0.03049159236252308,0.0027636676095426083
sample_24,23998,16162,158747.5,8256732.5,0.014596770517528057,0.005691389087587595
sample_24,23998,16163,158757.5,8256732.5,0.015859998762607574,0.006071212701499462
sample_24,23999,16144,158567.5,8256722.5,0.0144781693816185,0.010241762734949589
sample_24,23999,16145,158577.5,8256722.5,0.01640714891254902,0.0018100043525919318
sample_24,23999,16146,158587.5,8256722.5,0.0263509601354599,0.010761890560388565
sample_24,23999,16147,158597.5,8256722.5,0.007929657585918903,0.009226193651556969
sample_24,23999,16148,158607.5,8256722.5,0.01634351722896099,0.002242273185402155
sample_24,23999,16149,158617.5,8256722.5,0.017728453502058983,0.00679711764678359
sample_24,23999,16150,158627.5,8256722.5,0.036054760217666626,0.006302725523710251
sample_24,23999,16151,158637.5,8256722.5,0.02577022649347782,0.0145685700699687
sample_24,23999,16152,158647.5,8256722.5,0.028087012469768524,0.0023956820368766785
sample_24,23999,16153,158657.5,8256722.5,0.016857413575053215,0.002235742285847664
sample_24,23999,16154,158667.5,8256722.5,0.015490792691707611,0.0025497847236692905
sample_24,23999,16155,158677.5,8256722.5,0.043036557734012604,0.011549312621355057
sample_24,23999,16156,158687.5,8256722.5,0.012695778161287308,0.005507032386958599
sample_24,23999,16157,158697.5,8256722.5,0.016185322776436806,0.0014835780020803213
sample_24,23999,16158,158707.5,8256722.5,0.042100124061107635,0.004036695696413517
sample_24,23999,16159,158717.5,8256722.5,0.026568599045276642,0.006533263251185417
sample_24,23999,16160,158727.5,8256722.5,0.017015013843774796,0.003958412911742926
sample_24,23999,16161,158737.5,8256722.5,0.004824149422347546,0.0023146318271756172
sample_24,23999,16162,158747.5,8256722.5,0.012004039250314236,0.0035758197773247957
sample_24,23999,16163,158757.5,8256722.5,0.02772676944732666,0.009310082532465458
sample_24,24000,16144,158567.5,8256712.5,0.007428948767483234,0.004388034343719482
sample_24,24000,16145,158577.5,8256712.5,0.020145494490861893,0.008967498317360878
sample_24,24000,16146,158587.5,8256712.5,0.005648497026413679,0.0034108515828847885
sample_24,24000,16147,158597.5,8256712.5,0.019399451091885567,0.0029317084699869156
sample_24,24000,16148,158607.5,8256712.5,0.014857257716357708,0.0064416611567139626
sample_24,24000,16149,158617.5,8256712.5,0.021091125905513763,0.003605362493544817
sample_24,24000,16150,158627.5,8256712.5,0.0164220929145813,0.0034185866825282574
sample_24,24000,16151,158637.5,8256712.5,0.026055049151182175,0.008166784420609474
sample_24,24000,16152,158647.5,8256712.5,0.013258520513772964,0.004357399884611368
sample_24,24000,16153,158657.5,8256712.5,0.0198868066072464,0.004179127514362335
sample_24,24000,16154,158667.5,8256712.5,0.045495010912418365,0.009471139870584011
sample_24,24000,16155,158677.5,8256712.5,0.024638239294290543,0.003253772621974349
sample_24,24000,16156,158687.5,8256712.5,0.011115802451968193,0.0017429264262318611
sample_24,24000,16157,158697.5,8256712.5,0.018881965428590775,0.006251518614590168
sample_24,24000,16158,158707.5,8256712.5,0.028700700029730797,0.005991339683532715
sample_24,24000,16159,158717.5,8256712.5,0.017684482038021088,0.0038324110209941864
sample_24,24000,16160,158727.5,8256712.5,0.02435997873544693,0.01432460080832243
sample_24,24000,16161,158737.5,8256712.5,0.04597040265798569,0.010349645279347897
sample_24,24000,16162,158747.5,8256712.5,0.009656055830419064,0.002144418191164732
sample_24,24000,16163,158757.5,8256712.5,0.012546158395707607,0.0027519112918525934
sample_24,24001,16144,158567.5,8256702.5,0.028135571628808975,0.0036359478253871202
sample_24,24001,16145,158577.5,8256702.5,0.02258962020277977,0.004766139667481184
sample_24,24001,16146,158587.5,8256702.5,0.015140116214752197,0.0039466009475290775
sample_24,24001,16147,158597.5,8256702.5,0.016000010073184967,0.005908207502216101
sample_24,24001,16148,158607.5,8256702.5,0.0068312520161271095,0.003155781887471676
sample_24,24001,16149,158617.5,8256702.5,0.030004113912582397,0.006770950276404619
sample_24,24001,16150,158627.5,8256702.5,0.018278371542692184,0.012315558269619942
sample_24,24001,16151,158637.5,8256702.5,0.015876328572630882,0.003135823644697666
sample_24,24001,16152,158647.5,8256702.5,0.0405561625957489,0.009455697610974312
sample_24,24001,16153,158657.5,8256702.5,0.038100145757198334,0.0048623476177453995
sample_24,24001,16154,158667.5,8256702.5,0.03485006093978882,0.003675876185297966
sample_24,24001,16155,158677.5,8256702.5,0.028839968144893646,0.004063461907207966
sample_24,24001,16156,158687.5,8256702.5,0.01575334742665291,0.004395396914333105
sample_24,24001,16157,158697.5,8256702.5,0.025366418063640594,0.004545994568616152
sample_24,24001,16158,158707.5,8256702.5,0.017861822620034218,0.0058200121857225895
sample_24,24001,16159,158717.5,8256702.5,0.015806764364242554,0.00252768537029624
sample_24,24001,16160,158727.5,8256702.5,0.007884425111114979,0.004423307254910469
sample_24,24001,16161,158737.5,8256702.5,0.035715363919734955,0.0034483917988836765
sample_24,24001,16162,158747.5,8256702.5,0.04589181765913963,0.006333938799798489
sample_24,24001,16163,158757.5,8256702.5,0.015700936317443848,0.005939499009400606
sample_25,24897,19846,195587.5,8247742.5,0.02736550197005272,0.0051266965456306934
sample_25,24897,19847,195597.5,8247742.5,0.022274263203144073,0.011310565285384655
sample_25,24897,19848,195607.5,8247742.5,0.0023143610451370478,0.005526646040380001
sample_25,24897,19849,195617.5,8247742.5,0.01993970386683941,0.0017013696487993002
sample_25,24897,19850,195627.5,8247742.5,0.00835763942450285,0.003095013555139303
sample_25,24897,19851,195637.5,8247742.5,0.015483650378882885,0.002826371230185032
sample_25,24897,19852,195647.5,8247742.5,0.004336990416049957,0.004687066655606031
sample_25,24897,19853,195657.5,8247742.5,0.03180454298853874,0.006550079211592674
sample_25,24897,19854,195667.5,8247742.5,0.024284910410642624,0.006840690970420837
sample_25,24897,19855,195677.5,8247742.5,0.01630728505551815,0.005578522104769945
sample_25,24897,19856,195687.5,8247742.5,0.02290894091129303,0.007260486017912626
sample_25,24897,19857,195697.5,8247742.5,0.013227799907326698,0.007439695298671722
sample_25,24897,19858,195707.5,8247742.5,0.013069307431578636,0.004399009980261326
sample_25,24897,19859,195717.5,8247742.5,0.00957757793366909,0.007699400186538696
sample_25,24897,19860,195727.5,8247742.5,0.022687729448080063,0.009981867857277393
sample_25,24897,19861,195737.5,8247742.5,0.02718816138803959,0.005113656632602215
sample_25,24897,19862,195747.5,8247742.5,0.027703477069735527,0.0019485823577269912
sample_25,24897,19863,195757.5,8247742.5,0.03269394114613533,0.0035261574666947126
sample_25,24897,19864,195767.5,8247742.5,0.0062951515428721905,0.003962539602071047
sample_25,24898,19846,195587.5,8247732.5,0.020521733909845352,0.00628903741016984
sample_25,24898,19847,195597.5,8247732.5,0.015119193121790886,0.017374414950609207
sample_25,24898,19848,195607.5,8247732.5,0.0205190721899271,0.003419971326366067
sample_25,24898,19849,195617.5,8247732.5,0.008644330315291882,0.002758312737569213
sample_25,24898,19850,195627.5,8247732.5,0.025392739102244377,0.00627852464094758
sample_25,24898,19851,195637.5,8247732.5,0.015497189946472645,0.011269817128777504
sample_25,24898,19852,195647.5,8247732.5,0.02298872359097004,0.007367195561528206
sample_25,24898,19853,195657.5,8247732.5,0.010161370038986206,0.005399554967880249
sample_25,24898,19854,195667.5,8247732.5,0.01878669671714306,0.006133203394711018
sample_25,24898,19855,195677.5,8247732.5,0.020651232451200485,0.01567120850086212
sample_25,24898,19856,195687.5,8247732.5,0.008056734688580036,0.007778446655720472
sample_25,24898,19857,195697.5,8247732.5,0.006219866219907999,0.0027086001355201006
sample_25,24898,19858,195707.5,8247732.5,0.0036489975173026323,0.008537456393241882
sample_25,24898,19859,195717.5,8247732.5,0.011533758603036404,0.0038517084904015064
sample_25,24898,19860,195727.5,8247732.5,0.024115396663546562,0.004511294886469841
sample_25,24898,19861,195737.5,8247732.5,0.015615340322256088,0.011792831122875214
sample_25,24898,19862,195747.5,8247732.5,0.014723163098096848,0.0018980158492922783
sample_25,24898,19863,195757.5,8247732.5,0.02282964438199997,0.004930403083562851
sample_25,24898,19864,195767.5,8247732.5,0.024182908236980438,0.004356026649475098
sample_25,24899,19846,195587.5,8247722.5,0.015979692339897156,0.006780402734875679
sample_25,24899,19847,195597.5,8247722.5,0.02124863862991333,0.005160441622138023
sample_25,24899,19848,195607.5,8247722.5,0.01616739295423031,0.006579927168786526
sample_25,24899,19849,195617.5,8247722.5,0.029806572943925858,0.0021683452650904655
sample_25,24899,19850,195627.5,8247722.5,0.04708598554134369,0.004283730406314135
sample_25,24899,19851,195637.5,8247722.5,0.008187678642570972,0.012436244636774063
sample_25,24899,19852,195647.5,8247722.5,0.021740015596151352,0.01127613801509142
sample_25,24899,19853,195657.5,8247722.5,0.00984014943242073,0.0044977013021707535
sample_25,24899,19854,195667.5,8247722.5,0.010611962527036667,0.006935069803148508
sample_25,24899,19855,195677.5,8247722.5,0.034737005829811096,0.030085336416959763
sample_25,24899,19856,195687.5,8247722.5,0.015402251854538918,0.005748789291828871
sample_25,24899,19857,195697.5,8247722.5,0.02541346475481987,0.006588274613022804
sample_25,24899,19858,195707.5,8247722.5,0.01849733293056488,0.004649789538234472
sample_25,24899,19859,195717.5,8247722.5,0.011900374665856361,0.0021040288265794516
sample_25,24899,19860,195727.5,8247722.5,0.0016565555706620216,0.0036170780658721924
sample_25,24899,19861,195737.5,8247722.5,0.01522965170443058,0.007807432673871517
sample_25,24899,19862,195747.5,8247722.5,0.014715264551341534,0.002358043799176812
sample_25,24899,19863,195757.5,8247722.5,0.029227018356323242,0.004991819616407156
sample_25,24899,19864,195767.5,8247722.5,0.00913533940911293,0.001678997534327209
sample_25,24900,19846,195587.5,8247712.5,0.01245174091309309,0.003859833348542452
sample_25,24900,19847,195597.5,8247712.5,0.024457894265651703,0.0026410785503685474
sample_25,24900,19848,195607.5,8247712.5,0.025972098112106323,0.005771934520453215
sample_25,24900,19849,195617.5,8247712.5,0.008546575903892517,0.005452835001051426
sample_25,24900,19850,195627.5,8247712.5,0.010571040213108063,0.012985842302441597
sample_25,24900,19851,195637.5,8247712.5,0.013349071145057678,0.008654466830193996
sample_25,24900,19852,195647.5,8247712.5,0.06382455676794052,0.0027991316746920347
sample_25,24900,19853,195657.5,8247712.5,0.013633591122925282,0.002666570246219635
sample_25,24900,19854,195667.5,8247712.5,0.0141938216984272,0.00782213918864727
sample_25,24900,19855,195677.5,8247712.5,0.010054288432002068,0.0018647619290277362
sample_25,24900,19856,195687.5,8247712.5,0.027430858463048935,0.005298997275531292
sample_25,24900,19857,195697.5,8247712.5,0.02674095518887043,0.009105200879275799
sample_25,24900,19858,195707.5,8247712.5,0.0356498546898365,0.0019467419479042292
sample_25,24900,19859,195717.5,8247712.5,0.009822298772633076,0.0022242246195673943
sample_25,24900,19860,195727.5,8247712.5,0.0061658830381929874,0.006674123462289572
sample_25,24900,19861,195737.5,8247712.5,0.037290822714567184,0.004604204557836056
sample_25,24900,19862,195747.5,8247712.5,0.0200481079518795,0.0020142756402492523
sample_25,24900,19863,195757.5,8247712.5,0.009155595675110817,0.008606303483247757
sample_25,24900,19864,195767.5,8247712.5,0.03583143278956413,0.005072296597063541
sample_25,24901,19846,195587.5,8247702.5,0.02785985916852951,0.0032852296717464924
sample_25,24901,19847,195597.5,8247702.5,0.03677628934383392,0.0059579480439424515
sample_25,24901,19848,195607.5,8247702.5,0.01346244104206562,0.0017467547440901399
sample_25,24901,19849,195617.5,8247702.5,0.017470570281147957,0.004080590792000294
sample_25,24901,19850,195627.5,8247702.5,0.007060544565320015,0.004006531555205584
sample_25,24901,19851,195637.5,8247702.5,0.015267972834408283,0.002486464334651828
sample_25,24901,19852,195647.5,8247702.5,0.011390241794288158,0.0030051185749471188
sample_25,24901,19853,195657.5,8247702.5,0.023022465407848358,0.0051400624215602875
sample_25,24901,19854,195667.5,8247702.5,0.0133853480219841,0.011011877097189426
sample_25,24901,19855,195677.5,8247702.5,0.03279222920536995,0.004089283756911755
sample_25,24901,19856,195687.5,8247702.5,0.01916358433663845,0.0067433444783091545
sample_25,24901,19857,195697.5,8247702.5,0.05127720907330513,0.0030688890255987644
sample_25,24901,19858,195707.5,8247702.5,0.019831180572509766,0.003978156019002199
sample_25,24901,19859,195717.5,8247702.5,0.007624311838299036,0.006741251330822706
sample_25,24901,19860,195727.5,8247702.5,0.021492591127753258,0.007751024793833494
sample_25,24901,19861,195737.5,8247702.5,0.009265107102692127,0.0037612472660839558
sample_25,24901,19862,195747.5,8247702.5,0.015526119619607925,0.005591594148427248
sample_25,24901,19863,195757.5,8247702.5,0.01784038171172142,0.013296317309141159
sample_25,24901,19864,195767.5,8247702.5,0.01501438207924366,0.01445003878325224
sample_25,24902,19846,195587.5,8247692.5,0.021647291257977486,0.004917976446449757
sample_25,24902,19847,195597.5,8247692.5,0.013859433121979237,0.004702017642557621
sample_25,24902,19848,195607.5,8247692.5,0.017271477729082108,0.003143345471471548
sample_25,24902,19849,195617.5,8247692.5,0.011338954791426659,0.005201404914259911
sample_25,24902,19850,195627.5,8247692.5,0.035050246864557266,0.005821825936436653
sample_25,24902,19851,195637.5,8247692.5,0.03334885463118553,0.01259830966591835
sample_25,24902,19852,195647.5,8247692.5,0.012891803868114948,0.006211547181010246
sample_25,24902,19853,195657.5,8247692.5,0.014167334884405136,0.0026855911128222942
sample_25,24902,19854,195667.5,8247692.5,0.02183198183774948,0.00799478217959404
sample_25,24902,19855,195677.5,8247692.5,0.01946897804737091,0.004792304243892431
sample_25,24902,19856,195687.5,8247692.5,0.014345746487379074,0.013896762393414974
sample_25,24902,19857,195697.5,8247692.5,0.020649919286370277,0.0072866808623075485
sample_25,24902,19858,195707.5,8247692.5,0.0173052828758955,0.007014979142695665
sample_25,24902,19859,195717.5,8247692.5,0.04090161994099617,0.006326007191091776
sample_25,24902,19860,195727.5,8247692.5,0.03712703287601471,0.0003392057551536709
sample_25,24902,19861,195737.5,8247692.5,0.02110861986875534,0.009719698689877987
sample_25,24902,19862,195747.5,8247692.5,0.005781726911664009,0.007956808432936668
sample_25,24902,19863,195757.5,8247692.5,0.004797690082341433,0.0034312105271965265
sample_25,24902,19864,195767.5,8247692.5,0.01583726517856121,0.0033111730590462685
sample_25,24903,19846,195587.5,8247682.5,0.02158396691083908,0.003646714612841606
sample_25,24903,19847,195597.5,8247682.5,0.0075886864215135574,0.008242459036409855
sample_25,24903,19848,195607.5,8247682.5,0.023419616743922234,0.00846081878989935
sample_25,24903,19849,195617.5,8247682.5,0.028560951352119446,0.006825337186455727
sample_25,24903,19850,195627.5,8247682.5,0.040162548422813416,0.003220965154469013
sample_25,24903,19851,195637.5,8247682.5,0.011011844500899315,0.0041473559103906155
sample_25,24903,19852,195647.5,8247682.5,0.029886610805988312,0.006608667783439159
sample_25,24903,19853,195657.5,8247682.5,0.009481539018452168,0.013581663370132446
sample_25,24903,19854,195667.5,8247682.5,0.010582427494227886,0.007037205621600151
sample_25,24903,19855,195677.5,8247682.5,0.02529679425060749,0.006235165987163782
sample_25,24903,19856,195687.5,8247682.5,0.023954316973686218,0.002187033649533987
sample_25,24903,19857,195697.5,8247682.5,0.014854294247925282,0.006729854270815849
sample_25,24903,19858,195707.5,8247682.5,0.024632666260004044,0.009538672864437103
sample_25,24903,19859,195717.5,8247682.5,0.02908569946885109,0.0035571837797760963
sample_25,24903,19860,195727.5,8247682.5,0.016866611316800117,0.0036575417034327984
sample_25,24903,19861,195737.5,8247682.5,0.029712006449699402,0.003992505371570587
sample_25,24903,19862,195747.5,8247682.5,0.025342220440506935,0.0025790424551814795
sample_25,24903,19863,195757.5,8247682.5,0.01107923872768879,0.003756782738491893
sample_25,24903,19864,195767.5,8247682.5,0.0054865567944943905,0.003628974314779043
sample_25,24904,19846,195587.5,8247672.5,0.044213905930519104,0.00546217430382967
sample_25,24904,19847,195597.5,8247672.5,0.006064123939722776,0.006211244501173496
sample_25,24904,19848,195607.5,8247672.5,0.02681802213191986,0.004861361347138882
sample_25,24904,19849,195617.5,8247672.5,0.013300584629178047,0.006273943930864334
sample_25,24904,19850,195627.5,8247672.5,0.02423924021422863,0.004156398121267557
sample_25,24904,19851,195637.5,8247672.5,0.02113550528883934,0.005500422790646553
sample_25,24904,19852,195647.5,8247672.5,0.027876045554876328,0.03232121467590332
sample_25,24904,19853,195657.5,8247672.5,0.057567574083805084,0.005557826720178127
sample_25,24904,19854,195667.5,8247672.5,0.0197474155575037,0.004615696147084236
sample_25,24904,19855,195677.5,8247672.5,0.004831571131944656,0.004569046199321747
sample_25,24904,19856,195687.5,8247672.5,0.01415463536977768,0.0056090750731527805
sample_25,24904,19857,195697.5,8247672.5,0.012089597061276436,0.004137455485761166
sample_25,24904,19858,195707.5,8247672.5,0.03489198163151741,0.004223916679620743
sample_25,24904,19859,195717.5,8247672.5,0.02471604384481907,0.005521594546735287
sample_25,24904,19860,195727.5,8247672.5,0.022179437801241875,0.00733309518545866
sample_25,24904,19861,195737.5,8247672.5,0.0684143453836441,0.00415155990049243
sample_25,24904,19862,195747.5,8247672.5,0.01994464173913002,0.005177266895771027
sample_25,24904,19863,195757.5,8247672.5,0.012851689010858536,0.0036281095817685127
sample_25,24904,19864,195767.5,8247672.5,0.005369520280510187,0.00564750237390399
sample_25,24905,19846,195587.5,8247662.5,0.026307757943868637,0.004481445532292128
sample_25,24905,19847,195597.5,8247662.5,0.057214442640542984,0.005030056461691856
sample_25,24905,19848,195607.5,8247662.5,0.030572932213544846,0.006403264589607716
sample_25,24905,19849,195617.5,8247662.5,0.03899156302213669,0.0042476775124669075
sample_25,24905,19850,195627.5,8247662.5,0.021211985498666763,0.012462833896279335
sample_25,24905,19851,195637.5,8247662.5,0.018938764929771423,0.005152469035238028
sample_25,24905,19852,195647.5,8247662.5,0.03423072770237923,0.0031628089491277933
sample_25,24905,19853,195657.5,8247662.5,0.018068930134177208,0.0025085860397666693
sample_25,24905,19854,195667.5,8247662.5,0.02212880179286003,0.0028787879273295403
sample_25,24905,19855,195677.5,8247662.5,0.013006837107241154,0.004977166187018156
sample_25,24905,19856,195687.5,8247662.5,0.018687035888433456,0.01131246518343687
sample_25,24905,19857,195697.5,8247662.5,0.012322016060352325,0.0074199410155415535
sample_25,24905,19858,195707.5,8247662.5,0.009846742264926434,0.006876613013446331
sample_25,24905,19859,195717.5,8247662.5,0.011369515210390091,0.0047887396067380905
sample_25,24905,19860,195727.5,8247662.5,0.016370313242077827,0.0037826960906386375
sample_25,24905,19861,195737.5,8247662.5,0.014835725538432598,0.008753729984164238
sample_25,24905,19862,195747.5,8247662.5,0.005426818039268255,0.006315441336482763
sample_25,24905,19863,195757.5,8247662.5,0.019774192944169044,0.005574536509811878
sample_25,24905,19864,195767.5,8247662.5,0.03944271802902222,0.0036602304317057133
sample_25,24906,19846,195587.5,8247652.5,0.01968320645391941,0.00685154041275382
sample_25,24906,19847,195597.5,8247652.5,0.022984441369771957,0.016391701996326447
sample_25,24906,19848,195607.5,8247652.5,0.021527960896492004,0.005951668135821819
sample_25,24906,19849,195617.5,8247652.5,0.032551929354667664,0.00918002612888813
sample_25,24906,19850,195627.5,8247652.5,0.022110702469944954,0.0071996948681771755
sample_25,24906,19851,195637.5,8247652.5,0.02528494969010353,0.0036061317659914494
sample_25,24906,19852,195647.5,8247652.5,0.02850078046321869,0.007816489785909653
sample_25,24906,19853,195657.5,8247652.5,0.03062979318201542,0.012919027358293533
sample_25,24906,19854,195667.5,8247652.5,0.009813454933464527,0.007727484684437513
sample_25,24906,19855,195677.5,8247652.5,0.022266393527388573,0.01031047385185957
sample_25,24906,19856,195687.5,8247652.5,0.02124902792274952,0.003246240084990859
sample_25,24906,19857,195697.5,8247652.5,0.026705751195549965,0.0037404776085168123
sample_25,24906,19858,195707.5,8247652.5,0.030428826808929443,0.004258275963366032
sample_25,24906,19859,195717.5,8247652.5,0.01841818168759346,0.003092043101787567
sample_25,24906,19860,195727.5,8247652.5,0.015096611343324184,0.010242968797683716
sample_25,24906,19861,195737.5,8247652.5,0.012693686410784721,0.01686813123524189
sample_25,24906,19862,195747.5,8247652.5,0.05326433479785919,0.004122043028473854
sample_25,24906,19863,195757.5,8247652.5,0.01763315685093403,0.005548207554966211
sample_25,24906,19864,195767.5,8247652.5,0.0250264722853899,0.0010646493174135685
sample_25,24907,19846,195587.5,8247642.5,0.021486233919858932,0.004200648050755262
sample_25,24907,19847,195597.5,8247642.5,0.05010005831718445,0.0018504171166568995
sample_25,24907,19848,195607.5,8247642.5,0.03634674847126007,0.008209969848394394
sample_25,24907,19849,195617.5,8247642.5,0.027368586510419846,0.004348435439169407
sample_25,24907,19850,195627.5,8247642.5,0.020399391651153564,0.00494269747287035
sample_25,24907,19851,195637.5,8247642.5,0.009628585539758205,0.007262333296239376
sample_25,24907,19852,195647.5,8247642.5,0.02593323029577732,0.0038480530492961407
sample_25,24907,19853,195657.5,8247642.5,0.01893005333840847,0.007852936163544655
sample_25,24907,19854,195667.5,8247642.5,0.029038866981863976,0.004560639150440693
sample_25,24907,19855,195677.5,8247642.5,0.012861835770308971,0.006119736935943365
sample_25,24907,19856,195687.5,8247642.5,0.04252134636044502,0.0047509800642728806
sample_25,24907,19857,195697.5,8247642.5,0.025225570425391197,0.005686013959348202
sample_25,24907,19858,195707.5,8247642.5,0.02379199117422104,0.0032440070062875748
sample_25,24907,19859,195717.5,8247642.5,0.01598210074007511,0.0045701200142502785
sample_25,24907,19860,195727.5,8247642.5,0.019201692193746567,0.007810894399881363
sample_25,24907,19861,195737.5,8247642.5,0.00940830260515213,0.0034028515219688416
sample_25,24907,19862,195747.5,8247642.5,0.0179776418954134,0.0076006269082427025
sample_25,24907,19863,195757.5,8247642.5,0.03016173467040062,0.002212371677160263
sample_25,24907,19864,195767.5,8247642.5,0.01278327964246273,0.005234625190496445
sample_25,24908,19846,195587.5,8247632.5,0.029417753219604492,0.004459106829017401
sample_25,24908,19847,195597.5,8247632.5,0.024018419906497,0.005390700418502092
sample_25,24908,19848,195607.5,8247632.5,0.03160414844751358,0.002422757912427187
sample_25,24908,19849,195617.5,8247632.5,0.023234276100993156,0.005739404819905758
sample_25,24908,19850,195627.5,8247632.5,0.02525857463479042,0.0030378312803804874
sample_25,24908,19851,195637.5,8247632.5,0.02635190822184086,0.013997127301990986
sample_25,24908,19852,195647.5,8247632.5,0.012237535789608955,0.00815076194703579
sample_25,24908,19853,195657.5,8247632.5,0.035709284245967865,0.006679248064756393
sample_25,24908,19854,195667.5,8247632.5,0.01719260774552822,0.0029166489839553833
sample_25,24908,19855,195677.5,8247632.5,0.010122373700141907,0.008771602995693684
sample_25,24908,19856,195687.5,8247632.5,0.009394977241754532,0.005214774049818516
sample_25,24908,19857,195697.5,8247632.5,0.0162661150097847,0.003989823162555695
sample_25,24908,19858,195707.5,8247632.5,0.031783927232027054,0.0055565377697348595
sample_25,24908,19859,195717.5,8247632.5,0.018354464322328568,0.008517184294760227
sample_25,24908,19860,195727.5,8247632.5,0.011295483447611332,0.005319020710885525
sample_25,24908,19861,195737.5,8247632.5,0.018710775300860405,0.010544606484472752
sample_25,24908,19862,195747.5,8247632.5,0.011674360372126102,0.006064430810511112
sample_25,24908,19863,195757.5,8247632.5,0.005728428717702627,0.006212746724486351
sample_25,24908,19864,195767.5,8247632.5,0.019896619021892548,0.0038327015936374664
sample_25,24908,19865,195777.5,8247632.5,0.009023193269968033,0.003948230296373367
sample_25,24909,19846,195587.5,8247622.5,0.02989734709262848,0.007407080382108688
sample_25,24909,19847,195597.5,8247622.5,0.048649366945028305,0.003841130994260311
sample_25,24909,19848,195607.5,8247622.5,0.021642785519361496,0.0019839259330183268
sample_25,24909,19849,195617.5,8247622.5,0.03240137919783592,0.012082756496965885
sample_25,24909,19850,195627.5,8247622.5,0.013842910528182983,0.007329229265451431
sample_25,24909,19851,195637.5,8247622.5,0.008160973899066448,0.017582854256033897
sample_25,24909,19852,195647.5,8247622.5,0.039180073887109756,0.0048064980655908585
sample_25,24909,19853,195657.5,8247622.5,0.01890210248529911,0.005882066674530506
sample_25,24909,19854,195667.5,8247622.5,0.011306161060929298,0.007024005986750126
sample_25,24909,19855,195677.5,8247622.5,0.01907355710864067,0.010420616716146469
sample_25,24909,19856,195687.5,8247622.5,0.017256956547498703,0.006300302222371101
sample_25,24909,19857,195697.5,8247622.5,0.03152031451463699,0.009509839117527008
sample_25,24909,19858,195707.5,8247622.5,0.01082694437354803,0.008035575971007347
sample_25,24909,19859,195717.5,8247622.5,0.027854135259985924,0.007309026084840298
sample_25,24909,19860,195727.5,8247622.5,0.021102476865053177,0.006398399826139212
sample_25,24909,19861,195737.5,8247622.5,0.027457159012556076,0.0038902696687728167
sample_25,24909,19862,195747.5,8247622.5,0.04523627832531929,0.0034845948684960604
sample_25,24909,19863,195757.5,8247622.5,0.016265137121081352,0.004807623568922281
sample_25,24909,19864,195767.5,8247622.5,0.005247137509286404,0.0020077091176062822
sample_25,24909,19865,195777.5,8247622.5,0.010285784490406513,0.004313762299716473
sample_25,24910,19846,195587.5,8247612.5,0.014866212382912636,0.003169821575284004
sample_25,24910,19847,195597.5,8247612.5,0.021132931113243103,0.005113443359732628
sample_25,24910,19848,195607.5,8247612.5,0.006463293917477131,0.005304815247654915
sample_25,24910,19849,195617.5,8247612.5,0.02743169479072094,0.0035185269080102444
sample_25,24910,19850,195627.5,8247612.5,0.015457862988114357,0.0038367565721273422
sample_25,24910,19851,195637.5,8247612.5,0.017432942986488342,0.0017896635690703988
sample_25,24910,19852,195647.5,8247612.5,0.027448348701000214,0.00382844265550375
sample_25,24910,19853,195657.5,8247612.5,0.032301850616931915,0.003177633974701166
sample_25,24910,19854,195667.5,8247612.5,0.03530101105570793,0.005983239505439997
sample_25,24910,19855,195677.5,8247612.5,0.01756160333752632,0.002813988598063588
sample_25,24910,19856,195687.5,8247612.5,0.02134489081799984,0.011003718711435795
sample_25,24910,19857,195697.5,8247612.5,0.0068299248814582825,0.010926431976258755
sample_25,24910,19858,195707.5,8247612.5,0.020040221512317657,0.007077634800225496
sample_25,24910,19859,195717.5,8247612.5,0.01996973156929016,0.0144194969907403
sample_25,24910,19860,195727.5,8247612.5,0.036016929894685745,0.005603119730949402
sample_25,24910,19861,195737.5,8247612.5,0.02233048528432846,0.00599481537938118
sample_25,24910,19862,195747.5,8247612.5,0.01489091943949461,0.006047991570085287
sample_25,24910,19863,195757.5,8247612.5,0.01906457170844078,0.006383788771927357
sample_25,24910,19864,195767.5,8247612.5,0.006279291585087776,0.007986937649548054
sample_25,24910,19865,195777.5,8247612.5,0.008397496305406094,0.005603148136287928
sample_25,24911,19846,195587.5,8247602.5,0.014245105907320976,0.005859624594449997
sample_25,24911,19847,195597.5,8247602.5,0.03128335624933243,0.004520711954683065
sample_25,24911,19848,195607.5,8247602.5,0.0376548171043396,0.012722274288535118
sample_25,24911,19849,195617.5,8247602.5,0.02029230073094368,0.007149337790906429
sample_25,24911,19850,195627.5,8247602.5,0.024606872349977493,0.007164223585277796
sample_25,24911,19851,195637.5,8247602.5,0.029624875634908676,0.007244575303047895
sample_25,24911,19852,195647.5,8247602.5,0.03772138059139252,0.004591471515595913
sample_25,24911,19853,195657.5,8247602.5,0.0016771232476457953,0.01343606412410736
sample_25,24911,19854,195667.5,8247602.5,0.016769852489233017,0.004308792762458324
sample_25,24911,19855,195677.5,8247602.5,0.004581968765705824,0.006274289917200804
sample_25,24911,19856,195687.5,8247602.5,0.03236580640077591,0.006240693386644125
sample_25,24911,19857,195697.5,8247602.5,0.027114281430840492,0.005812233779579401
sample_25,24911,19858,195707.5,8247602.5,0.05660032108426094,0.0033059909474104643
sample_25,24911,19859,195717.5,8247602.5,0.019148975610733032,0.005137902684509754
sample_25,24911,19860,195727.5,8247602.5,0.03743083029985428,0.0034962266217917204
sample_25,24911,19861,195737.5,8247602.5,0.017716743052005768,0.004079344682395458
sample_25,24911,19862,195747.5,8247602.5,0.023735124617815018,0.007937432266771793
sample_25,24911,19863,195757.5,8247602.5,0.02957392856478691,0.012561327777802944
sample_25,24911,19864,195767.5,8247602.5,0.009606138803064823,0.004064920358359814
sample_25,24911,19865,195777.5,8247602.5,0.028728321194648743,0.005724755581468344
sample_25,24912,19846,195587.5,8247592.5,0.014292373321950436,0.008440015837550163
sample_25,24912,19847,195597.5,8247592.5,0.007526742294430733,0.004245422780513763
sample_25,24912,19848,195607.5,8247592.5,0.010468767024576664,0.01020638458430767
sample_25,24912,19849,195617.5,8247592.5,0.015365532599389553,0.005885516293346882
sample_25,24912,19850,195627.5,8247592.5,0.04402626305818558,0.00635666074231267
sample_25,24912,19851,195637.5,8247592.5,0.026927940547466278,0.004723738878965378
sample_25,24912,19852,195647.5,8247592.5,0.027021173387765884,0.009433139115571976
sample_25,24912,19853,195657.5,8247592.5,0.028629276901483536,0.0024600711185485125
sample_26,23126,18518,182307.5,8265452.5,0.012482551857829094,0.007078898139297962
sample_26,23126,18519,182317.5,8265452.5,0.007726963143795729,0.002326161600649357
sample_26,23126,18520,182327.5,8265452.5,0.01199490949511528,0.005968776531517506
sample_26,23126,18521,182337.5,8265452.5,0.01285482943058014,0.011922468431293964
sample_26,23126,18522,182347.5,8265452.5,0.006599450018256903,0.007396563421934843
sample_26,23126,18523,182357.5,8265452.5,0.015676410868763924,0.0085495226085186
sample_26,23126,18524,182367.5,8265452.5,0.008409364148974419,0.004915982950478792
sample_26,23126,18525,182377.5,8265452.5,0.007812240161001682,0.010743342339992523
sample_26,23126,18526,182387.5,8265452.5,0.033992234617471695,0.006554476451128721
sample_26,23126,18527,182397.5,8265452.5,0.021614452823996544,0.006397612858563662
sample_26,23126,18528,182407.5,8265452.5,0.042032476514577866,0.011407194659113884
sample_26,23126,18529,182417.5,8265452.5,0.02829807996749878,0.009980848990380764
sample_26,23126,18530,182427.5,8265452.5,0.00737585686147213,0.0036783090326935053
sample_26,23126,18531,182437.5,8265452.5,0.009488354437053204,0.008633042685687542
sample_26,23126,18532,182447.5,8265452.5,0.022199073806405067,0.007414907217025757
sample_26,23126,18533,182457.5,8265452.5,0.02477242983877659,0.0029132631607353687
sample_26,23126,18534,182467.5,8265452.5,0.044504377990961075,0.0036910888738930225
sample_26,23126,18535,182477.5,8265452.5,0.043989673256874084,0.0046861376613378525
sample_26,23126,18536,182487.5,8265452.5,0.02364484965801239,0.002322195563465357
sample_26,23126,18537,182497.5,8265452.5,0.016590146347880363,0.007126536685973406
sample_26,23127,18518,182307.5,8265442.5,0.008621549233794212,0.014154241420328617
sample_26,23127,18519,182317.5,8265442.5,0.007445226423442364,0.011616377159953117
sample_26,23127,18520,182327.5,8265442.5,0.02372300997376442,0.0016220771940425038
sample_26,23127,18521,182337.5,8265442.5,0.017391696572303772,0.009052103385329247
sample_26,23127,18522,182347.5,8265442.5,0.018839331343770027,0.005255918484181166
sample_26,23127,18523,182357.5,8265442.5,0.03340164199471474,0.003427153453230858
sample_26,23127,18524,182367.5,8265442.5,0.034738242626190186,0.006196708418428898
sample_26,23127,18525,182377.5,8265442.5,0.017642658203840256,0.002381442580372095
sample_26,23127,18526,182387.5,8265442.5,0.015114440582692623,0.00954477023333311
sample_26,23127,18527,182397.5,8265442.5,0.016057780012488365,0.00370512786321342
sample_26,23127,18528,182407.5,8265442.5,0.014494081027805805,0.009496210142970085
sample_26,23127,18529,182417.5,8265442.5,0.03487309440970421,0.0034363330341875553
sample_26,23127,18530,182427.5,8265442.5,0.01271320041269064,0.00727905984967947
sample_26,23127,18531,182437.5,8265442.5,0.014784215949475765,0.004805791657418013
sample_26,23127,18532,182447.5,8265442.5,0.04437125474214554,0.005979161709547043
sample_26,23127,18533,182457.5,8265442.5,0.03367830812931061,0.0025943522341549397
sample_26,23127,18534,182467.5,8265442.5,0.013325387611985207,0.0043662358075380325
sample_26,23127,18535,182477.5,8265442.5,0.026749981567263603,0.0029833167791366577
sample_26,23127,18536,182487.5,8265442.5,0.06364642083644867,0.002691195346415043
sample_26,23127,18537,182497.5,8265442.5,0.014211172237992287,0.012083763256669044
sample_26,23128,18518,182307.5,8265432.5,0.014458202756941319,0.006758422590792179
sample_26,23128,18519,182317.5,8265432.5,0.016028735786676407,0.008185834623873234
sample_26,23128,18520,182327.5,8265432.5,0.01692986860871315,0.003900779876857996
sample_26,23128,18521,182337.5,8265432.5,0.02354261465370655,0.01054113358259201
sample_26,23128,18522,182347.5,8265432.5,0.005925836972892284,0.0024441974237561226
sample_26,23128,18523,182357.5,8265432.5,0.012159579433500767,0.004707930143922567
sample_26,23128,18524,182367.5,8265432.5,0.01710263267159462,0.0062967389822006226
sample_26,23128,18525,182377.5,8265432.5,0.01193176954984665,0.007833275012671947
sample_26,23128,18526,182387.5,8265432.5,0.010909836739301682,0.004134687129408121
sample_26,23128,18527,182397.5,8265432.5,0.01383952796459198,0.004236982204020023
sample_26,23128,18528,182407.5,8265432.5,0.02355724573135376,0.0037567324470728636
sample_26,23128,18529,182417.5,8265432.5,0.01407700963318348,0.0049985614605247974
sample_26,23128,18530,182427.5,8265432.5,0.027365000918507576,0.008523748256266117
sample_26,23128,18531,182437.5,8265432.5,0.025010254234075546,0.004227108787745237
sample_26,23128,18532,182447.5,8265432.5,0.031232552602887154,0.007291712798178196
sample_26,23128,18533,182457.5,8265432.5,0.023528054356575012,0.008969922550022602
sample_26,23128,18534,182467.5,8265432.5,0.017963992431759834,0.004553310107439756
sample_26,23128,18535,182477.5,8265432.5,0.02671217732131481,0.0031152430456131697
sample_26,23128,18536,182487.5,8265432.5,0.01701989211142063,0.0033206292428076267
sample_26,23128,18537,182497.5,8265432.5,0.014423979446291924,0.008014441467821598
sample_26,23129,18518,182307.5,8265422.5,0.02689353935420513,0.007984021678566933
sample_26,23129,18519,182317.5,8265422.5,0.024215031415224075,0.006432532332837582
sample_26,23129,18520,182327.5,8265422.5,0.009538141079246998,0.005876869894564152
sample_26,23129,18521,182337.5,8265422.5,0.01126435212790966,0.00267021800391376
sample_26,23129,18522,182347.5,8265422.5,0.042454302310943604,0.00241107982583344
sample_26,23129,18523,182357.5,8265422.5,0.009189555421471596,0.007810728158801794
sample_26,23129,18524,182367.5,8265422.5,0.026388157159090042,0.007555284537374973
sample_26,23129,18525,182377.5,8265422.5,0.019047336652874947,0.013204332441091537
sample_26,23129,18526,182387.5,8265422.5,0.03263898938894272,0.0042961700819432735
sample_26,23129,18527,182397.5,8265422.5,0.01565408520400524,0.0044378116726875305
sample_26,23129,18528,182407.5,8265422.5,0.026752974838018417,0.0064347414299845695
sample_26,23129,18529,182417.5,8265422.5,0.024844009429216385,0.0009861970320343971
sample_26,23129,18530,182427.5,8265422.5,0.024500302970409393,0.004315877333283424
sample_26,23129,18531,182437.5,8265422.5,0.04222411662340164,0.008421756327152252
sample_26,23129,18532,182447.5,8265422.5,0.02236487716436386,0.007036516908556223
sample_26,23129,18533,182457.5,8265422.5,0.015662627294659615,0.005089940968900919
sample_26,23129,18534,182467.5,8265422.5,0.015085945837199688,0.0038560200482606888
sample_26,23129,18535,182477.5,8265422.5,0.015911487862467766,0.008105306886136532
sample_26,23129,18536,182487.5,8265422.5,0.03631497919559479,0.006736601237207651
sample_26,23129,18537,182497.5,8265422.5,0.04080987721681595,0.011156473308801651
sample_26,23130,18519,182317.5,8265412.5,0.011240822263062,0.00894949957728386
sample_26,23130,18520,182327.5,8265412.5,0.024927735328674316,0.003964980132877827
sample_26,23130,18521,182337.5,8265412.5,0.020224563777446747,0.003751634620130062
sample_26,23130,18522,182347.5,8265412.5,0.02425519935786724,0.006630877964198589
sample_26,23130,18523,182357.5,8265412.5,0.010975412093102932,0.006015857681632042
sample_26,23130,18524,182367.5,8265412.5,0.01924382522702217,0.004819600842893124
sample_26,23130,18525,182377.5,8265412.5,0.018712280318140984,0.005351348780095577
sample_26,23130,18526,182387.5,8265412.5,0.029927346855401993,0.00862861331552267
sample_26,23130,18527,182397.5,8265412.5,0.013267513364553452,0.002061250153928995
sample_26,23130,18528,182407.5,8265412.5,0.043427444994449615,0.00747997872531414
sample_26,23130,18529,182417.5,8265412.5,0.024155981838703156,0.014919244684278965
sample_26,23130,18530,182427.5,8265412.5,0.035723112523555756,0.006577806547284126
sample_26,23130,18531,182437.5,8265412.5,0.015248757787048817,0.006339978892356157
sample_26,23130,18532,182447.5,8265412.5,0.013929895125329494,0.002085378859192133
sample_26,23130,18533,182457.5,8265412.5,0.0201598908752203,0.003480725223198533
sample_26,23130,18534,182467.5,8265412.5,0.014467496424913406,0.00165114039555192
sample_26,23130,18535,182477.5,8265412.5,0.02412235178053379,0.005613005720078945
sample_26,23130,18536,182487.5,8265412.5,0.02615882083773613,0.014595513232052326
sample_26,23130,18537,182497.5,8265412.5,0.03541845828294754,0.010182272642850876
sample_26,23131,18519,182317.5,8265402.5,0.006097814068198204,0.008933337405323982
sample_26,23131,18520,182327.5,8265402.5,0.03180942311882973,0.005351880565285683
sample_26,23131,18521,182337.5,8265402.5,0.004563323222100735,0.002619219943881035
sample_26,23131,18522,182347.5,8265402.5,0.02711232751607895,0.005938389338552952
sample_26,23131,18523,182357.5,8265402.5,0.03545479476451874,0.01324501633644104
sample_26,23131,18524,182367.5,8265402.5,0.03513452783226967,0.004678624216467142
sample_26,23131,18525,182377.5,8265402.5,0.012721775099635124,0.005271839443594217
sample_26,23131,18526,182387.5,8265402.5,0.0199449323117733,0.0065024192444980145
sample_26,23131,18527,182397.5,8265402.5,0.032311294227838516,0.007708325982093811
sample_26,23131,18528,182407.5,8265402.5,0.021303707733750343,0.0025515547022223473
sample_26,23131,18529,182417.5,8265402.5,0.025716647505760193,0.0045082904398441315
sample_26,23131,18530,182427.5,8265402.5,0.030573710799217224,0.001391944708302617
sample_26,23131,18531,182437.5,8265402.5,0.021803054958581924,0.00878946203738451
sample_26,23131,18532,182447.5,8265402.5,0.011304161511361599,0.0076489197090268135
sample_26,23131,18533,182457.5,8265402.5,0.0542013943195343,0.008865732699632645
sample_26,23131,18534,182467.5,8265402.5,0.02513626217842102,0.01324865035712719
sample_26,23131,18535,182477.5,8265402.5,0.019601846113801003,0.005696700420230627
sample_26,23131,18536,182487.5,8265402.5,0.026825319975614548,0.0035330415703356266
sample_26,23131,18537,182497.5,8265402.5,0.022475752979516983,0.008564420975744724
sample_26,23132,18519,182317.5,8265392.5,0.040031202137470245,0.00603556027635932
sample_26,23132,18520,182327.5,8265392.5,0.025877883657813072,0.019575543701648712
sample_26,23132,18521,182337.5,8265392.5,0.012877238914370537,0.0045611318200826645
sample_26,23132,18522,182347.5,8265392.5,0.03274611383676529,0.0038990206085145473
sample_26,23132,18523,182357.5,8265392.5,0.01482233963906765,0.008748406544327736
sample_26,23132,18524,182367.5,8265392.5,0.018371867015957832,0.011177722364664078
sample_26,23132,18525,182377.5,8265392.5,0.05466483533382416,0.006546403281390667
sample_26,23132,18526,182387.5,8265392.5,0.012501269578933716,0.007879860699176788
sample_26,23132,18527,182397.5,8265392.5,0.03777971863746643,0.004320841282606125
sample_26,23132,18528,182407.5,8265392.5,0.02032008022069931,0.005389057099819183
sample_26,23132,18529,182417.5,8265392.5,0.03747321665287018,0.006897502113133669
sample_26,23132,18530,182427.5,8265392.5,0.017154913395643234,0.00857818778604269
sample_26,23132,18531,182437.5,8265392.5,0.018553391098976135,0.004801130387932062
sample_26,23132,18532,182447.5,8265392.5,0.02022799849510193,0.00882197730243206
sample_26,23132,18533,182457.5,8265392.5,0.011153851635754108,0.009977778419852257
sample_26,23132,18534,182467.5,8265392.5,0.005737305618822575,0.0045189945958554745
sample_26,23132,18535,182477.5,8265392.5,0.014225349761545658,0.005474132020026445
sample_26,23132,18536,182487.5,8265392.5,0.012112388387322426,0.006940800696611404
sample_26,23132,18537,182497.5,8265392.5,0.014766591601073742,0.0039602057076990604
sample_26,23133,18519,182317.5,8265382.5,0.026356833055615425,0.007767875213176012
sample_26,23133,18520,182327.5,8265382.5,0.029842043295502663,0.013642494566738605
sample_26,23133,18521,182337.5,8265382.5,0.05703003704547882,0.0037600896321237087
sample_26,23133,18522,182347.5,8265382.5,0.05202901363372803,0.005188428796827793
sample_26,23133,18523,182357.5,8265382.5,0.020951341837644577,0.005707699339836836
sample_26,23133,18524,182367.5,8265382.5,0.01735599897801876,0.007083737291395664
sample_26,23133,18525,182377.5,8265382.5,0.01979479007422924,0.005774131044745445
sample_26,23133,18526,182387.5,8265382.5,0.0064687225967645645,0.0041994270868599415
sample_26,23133,18527,182397.5,8265382.5,0.019853029400110245,0.005261583719402552
sample_26,23133,18528,182407.5,8265382.5,0.01638735458254814,0.00846178736537695
sample_26,23133,18529,182417.5,8265382.5,0.027315987274050713,0.013295509852468967
sample_26,23133,18530,182427.5,8265382.5,0.0035265868064016104,0.011180739849805832
sample_26,23133,18531,182437.5,8265382.5,0.030219994485378265,0.009484538808465004
sample_26,23133,18532,182447.5,8265382.5,0.02642596699297428,0.004573930986225605
sample_26,23133,18533,182457.5,8265382.5,0.030411748215556145,0.004732066299766302
sample_26,23133,18534,182467.5,8265382.5,0.01925651915371418,0.007744819391518831
sample_26,23133,18535,182477.5,8265382.5,0.018158283084630966,0.009620636701583862
sample_26,23133,18536,182487.5,8265382.5,0.01381054800003767,0.014865849167108536
sample_26,23133,18537,182497.5,8265382.5,0.014604669995605946,0.004589864984154701
sample_26,23134,18519,182317.5,8265372.5,0.0017445407574996352,0.0036975499242544174
sample_26,23134,18520,182327.5,8265372.5,0.006242359988391399,0.008294755592942238
sample_26,23134,18521,182337.5,8265372.5,0.015432975254952908,0.005360372830182314
sample_26,23134,18522,182347.5,8265372.5,0.022884424775838852,0.005070218816399574
sample_26,23134,18523,182357.5,8265372.5,0.03152557089924812,0.003151944372802973
sample_26,23134,18524,182367.5,8265372.5,0.03138965368270874,0.007784282322973013
sample_26,23134,18525,182377.5,8265372.5,0.0144081125035882,0.007072335574775934
sample_26,23134,18526,182387.5,8265372.5,0.029626958072185516,0.0045845648273825645
sample_26,23134,18527,182397.5,8265372.5,0.009613387286663055,0.004470977000892162
sample_26,23134,18528,182407.5,8265372.5,0.04690735414624214,0.004459526389837265
sample_26,23134,18529,182417.5,8265372.5,0.014620148576796055,0.00713691022247076
sample_26,23134,18530,182427.5,8265372.5,0.034024592489004135,0.002179685514420271
sample_26,23134,18531,182437.5,8265372.5,0.014389792457222939,0.0014588877093046904
sample_26,23134,18532,182447.5,8265372.5,0.010642118752002716,0.005679652094841003
sample_26,23134,18533,182457.5,8265372.5,0.02504369430243969,0.005796987563371658
sample_26,23134,18534,182467.5,8265372.5,0.00518658896908164,0.020638026297092438
sample_26,23134,18535,182477.5,8265372.5,0.02907140925526619,0.005846103653311729
sample_26,23134,18536,182487.5,8265372.5,0.02134707197546959,0.008995897136628628
sample_26,23134,18537,182497.5,8265372.5,0.015383579768240452,0.008189001120626926
sample_26,23135,18519,182317.5,8265362.5,0.01611371338367462,0.01244957186281681
sample_26,23135,18520,182327.5,8265362.5,0.02845938317477703,0.009707028046250343
sample_26,23135,18521,182337.5,8265362.5,0.02705777809023857,0.010355347767472267
sample_26,23135,18522,182347.5,8265362.5,0.01295232493430376,0.00949530303478241
sample_26,23135,18523,182357.5,8265362.5,0.010685019195079803,0.005066109821200371
sample_26,23135,18524,182367.5,8265362.5,0.0080485874786973,0.008986745029687881
sample_26,23135,18525,182377.5,8265362.5,0.007895078510046005,0.005287987645715475
sample_26,23135,18526,182387.5,8265362.5,0.026922263205051422,0.00486058508977294
sample_26,23135,18527,182397.5,8265362.5,0.008886565454304218,0.012974085286259651
sample_26,23135,18528,182407.5,8265362.5,0.0445525236427784,0.00946899689733982
sample_26,23135,18529,182417.5,8265362.5,0.02164435386657715,0.005945003591477871
sample_26,23135,18530,182427.5,8265362.5,0.01847703382372856,0.004995840135961771
sample_26,23135,18531,182437.5,8265362.5,0.014599597081542015,0.0065442416816949844
sample_26,23135,18532,182447.5,8265362.5,0.022675886750221252,0.003187353489920497
sample_26,23135,18533,182457.5,8265362.5,0.013254260644316673,0.012995993718504906
sample_26,23135,18534,182467.5,8265362.5,0.01258906815201044,0.005580918397754431
sample_26,23135,18535,182477.5,8265362.5,0.010343272238969803,0.006886327173560858
sample_26,23135,18536,182487.5,8265362.5,0.013928268104791641,0.011477014981210232
sample_26,23135,18537,182497.5,8265362.5,0.010125495493412018,0.005458376836031675
sample_26,23136,18519,182317.5,8265352.5,0.015347924083471298,0.006745018530637026
sample_26,23136,18520,182327.5,8265352.5,0.02368392050266266,0.006748363375663757
sample_26,23136,18521,182337.5,8265352.5,0.01683211699128151,0.004411912057548761
sample_26,23136,18522,182347.5,8265352.5,0.013469275087118149,0.0031458691228181124
sample_26,23136,18523,182357.5,8265352.5,0.010090967640280724,0.0027823401615023613
sample_26,23136,18524,182367.5,8265352.5,0.02090391144156456,0.0069686127826571465
sample_26,23136,18525,182377.5,8265352.5,0.01566527970135212,0.006053201854228973
sample_26,23136,18526,182387.5,8265352.5,0.010350843891501427,0.006598435342311859
sample_26,23136,18527,182397.5,8265352.5,0.029531458392739296,0.006492861546576023
sample_26,23136,18528,182407.5,8265352.5,0.0064348517917096615,0.002915689256042242
sample_26,23136,18529,182417.5,8265352.5,0.0232600849121809,0.007933095097541809
sample_26,23136,18530,182427.5,8265352.5,0.005759041756391525,0.004978885408490896
sample_26,23136,18531,182437.5,8265352.5,0.025991106405854225,0.00589437410235405
sample_26,23136,18532,182447.5,8265352.5,0.012421537190675735,0.004261005204170942
sample_26,23136,18533,182457.5,8265352.5,0.009730253368616104,0.006177577655762434
sample_26,23136,18534,182467.5,8265352.5,0.009316883981227875,0.00557895889505744
sample_26,23136,18535,182477.5,8265352.5,0.021226078271865845,0.007056941278278828
sample_26,23136,18536,182487.5,8265352.5,0.015693623572587967,0.006862368434667587
sample_26,23136,18537,182497.5,8265352.5,0.026484552770853043,0.006624314002692699
sample_26,23137,18519,182317.5,8265342.5,0.0059773619286715984,0.0027423673309385777
sample_26,23137,18520,182327.5,8265342.5,0.007256121840327978,0.0029251764062792063
sample_26,23137,18521,182337.5,8265342.5,0.028409913182258606,0.004620821215212345
sample_26,23137,18522,182347.5,8265342.5,0.010243955999612808,0.005417573265731335
sample_26,23137,18523,182357.5,8265342.5,0.005991505458950996,0.0013264076551422477
sample_26,23137,18524,182367.5,8265342.5,0.01404448039829731,0.007632673718035221
sample_26,23137,18525,182377.5,8265342.5,0.01552002876996994,0.003994131926447153
sample_26,23137,18526,182387.5,8265342.5,0.026645079255104065,0.001953106140717864
sample_26,23137,18527,182397.5,8265342.5,0.02629540115594864,0.005910662934184074
sample_26,23137,18528,182407.5,8265342.5,0.010758721269667149,0.011503123678267002
sample_26,23137,18529,182417.5,8265342.5,0.027221884578466415,0.009659288451075554
sample_26,23137,18530,182427.5,8265342.5,0.028254009783267975,0.0056321024894714355
sample_26,23137,18531,182437.5,8265342.5,0.00948379561305046,0.007872232235968113
sample_26,23137,18532,182447.5,8265342.5,0.022252215072512627,0.003050758969038725
sample_26,23137,18533,182457.5,8265342.5,0.024870991706848145,0.0029729946982115507
sample_26,23137,18534,182467.5,8265342.5,0.0194991584867239,0.0060184430330991745
sample_26,23137,18535,182477.5,8265342.5,0.02837749943137169,0.004671638831496239
sample_26,23137,18536,182487.5,8265342.5,0.017741559073328972,0.01177903264760971
sample_26,23137,18537,182497.5,8265342.5,0.015534019097685814,0.007513980381190777
sample_26,23138,18519,182317.5,8265332.5,0.00867232121527195,0.009405214339494705
sample_26,23138,18520,182327.5,8265332.5,0.012417679652571678,0.0030949583742767572
sample_26,23138,18521,182337.5,8265332.5,0.013153120875358582,0.002543533453717828
sample_26,23138,18522,182347.5,8265332.5,0.007855964824557304,0.006112673319876194
sample_26,23138,18523,182357.5,8265332.5,0.01709921471774578,0.005369819235056639
sample_26,23138,18524,182367.5,8265332.5,0.02179076336324215,0.0017163751181215048
sample_26,23138,18525,182377.5,8265332.5,0.012834410183131695,0.001813370967283845
sample_26,23138,18526,182387.5,8265332.5,0.013689447194337845,0.005648068152368069
sample_26,23138,18527,182397.5,8265332.5,0.004270277917385101,0.0044368719682097435
sample_26,23138,18528,182407.5,8265332.5,0.01030636765062809,0.004981378559023142
sample_26,23138,18529,182417.5,8265332.5,0.024002593010663986,0.006754692178219557
sample_26,23138,18530,182427.5,8265332.5,0.019362501800060272,0.012677379883825779
sample_26,23138,18531,182437.5,8265332.5,0.025114642456173897,0.0020833115559071302
sample_26,23138,18532,182447.5,8265332.5,0.025912871584296227,0.0033308325801044703
sample_26,23138,18533,182457.5,8265332.5,0.01108172070235014,0.012135440483689308
sample_26,23138,18534,182467.5,8265332.5,0.02065662108361721,0.006618218962103128
sample_26,23138,18535,182477.5,8265332.5,0.004632202908396721,0.0030436452943831682
sample_26,23138,18536,182487.5,8265332.5,0.020768355578184128,0.011262884363532066
sample_26,23138,18537,182497.5,8265332.5,0.02233259007334709,0.006657307036221027
sample_26,23139,18519,182317.5,8265322.5,0.027806654572486877,0.012102551758289337
sample_26,23139,18520,182327.5,8265322.5,0.017706790938973427,0.008207186125218868
sample_26,23139,18521,182337.5,8265322.5,0.007943280972540379,0.0037681483663618565
sample_26,23139,18522,182347.5,8265322.5,0.03193477541208267,0.006734543014317751
sample_26,23139,18523,182357.5,8265322.5,0.024049364030361176,0.007068711332976818
sample_26,23139,18524,182367.5,8265322.5,0.04376579821109772,0.005288189742714167
sample_26,23139,18525,182377.5,8265322.5,0.018271874636411667,0.0034622875973582268
sample_26,23139,18526,182387.5,8265322.5,0.025009462609887123,0.00876516755670309
sample_26,23139,18527,182397.5,8265322.5,0.02324071153998375,0.004873055033385754
sample_26,23139,18528,182407.5,8265322.5,0.022482596337795258,0.010634257458150387
sample_26,23139,18529,182417.5,8265322.5,0.038813088089227676,0.006017338950186968
sample_26,23139,18530,182427.5,8265322.5,0.02098804898560047,0.003193617332726717
sample_26,23139,18531,182437.5,8265322.5,0.029614973813295364,0.003952603321522474
sample_26,23139,18532,182447.5,8265322.5,0.03178972378373146,0.0038474726025015116
sample_26,23139,18533,182457.5,8265322.5,0.004627536050975323,0.0058976165018975735
sample_26,23139,18534,182467.5,8265322.5,0.006294172257184982,0.006789702922105789
sample_26,23139,18535,182477.5,8265322.5,0.00609611626714468,0.00885909702628851
sample_26,23139,18536,182487.5,8265322.5,0.009377647191286087,0.0022249517496675253
sample_26,23139,18537,182497.5,8265322.5,0.03096616268157959,0.0028731878846883774
sample_26,23140,18519,182317.5,8265312.5,0.01464381255209446,0.008520210161805153
sample_26,23140,18520,182327.5,8265312.5,0.0392320342361927,0.006894647143781185
sample_26,23140,18521,182337.5,8265312.5,0.010732080787420273,0.005527088418602943
sample_26,23140,18522,182347.5,8265312.5,0.02021205425262451,0.01338610053062439
sample_26,23140,18523,182357.5,8265312.5,0.01868334226310253,0.01305297203361988
sample_26,23140,18524,182367.5,8265312.5,0.010854351334273815,0.008626814931631088
sample_26,23140,18525,182377.5,8265312.5,0.016796190291643143,0.0030087302438914776
sample_26,23140,18526,182387.5,8265312.5,0.007345692720264196,0.012715190649032593
sample_26,23140,18527,182397.5,8265312.5,0.009273850359022617,0.003206689143553376
sample_26,23140,18528,182407.5,8265312.5,0.01581638492643833,0.011589771136641502
sample_26,23140,18529,182417.5,8265312.5,0.012909923680126667,0.00814016256481409
sample_26,23140,18530,182427.5,8265312.5,0.02842893823981285,0.0036794892512261868
sample_26,23140,18531,182437.5,8265312.5,0.028821244835853577,0.003878032322973013
sample_26,23140,18532,182447.5,8265312.5,0.027298005297780037,0.00717554846778512
sample_26,23140,18533,182457.5,8265312.5,0.005162358283996582,0.00598424207419157
sample_26,23140,18534,182467.5,8265312.5,0.015968672931194305,0.0034895921126008034
sample_26,23140,18535,182477.5,8265312.5,0.01677126996219158,0.005485996603965759
sample_26,23140,18536,182487.5,8265312.5,0.020321078598499298,0.003602564102038741
sample_26,23140,18537,182497.5,8265312.5,0.010588978417217731,0.0011596264084801078
sample_26,23141,18519,182317.5,8265302.5,0.01274840347468853,0.0061424290761351585
sample_26,23141,18520,182327.5,8265302.5,0.04308606684207916,0.002538778819143772
sample_26,23141,18521,182337.5,8265302.5,0.013658275827765465,0.005114629864692688
sample_26,23141,18522,182347.5,8265302.5,0.0062034535221755505,0.013417432084679604
sample_26,23141,18523,182357.5,8265302.5,0.01002105325460434,0.006366323214024305
sample_26,23141,18524,182367.5,8265302.5,0.019456975162029266,0.0029038558714091778
sample_26,23141,18525,182377.5,8265302.5,0.011215577833354473,0.007885141298174858
sample_26,23141,18526,182387.5,8265302.5,0.01708381623029709,0.005988577380776405
sample_26,23141,18527,182397.5,8265302.5,0.016326110810041428,0.0063269068486988544
sample_26,23141,18528,182407.5,8265302.5,0.01744746044278145,0.004400081932544708
sample_26,23141,18529,182417.5,8265302.5,0.011387012898921967,0.010134967043995857
sample_26,23141,18530,182427.5,8265302.5,0.017388571053743362,0.004868845455348492
sample_27,19549,10721,104337.5,8301222.5,0.007235841825604439,0.002254315186291933
sample_27,19549,10722,104347.5,8301222.5,0.016967345029115677,0.01071726530790329
sample_27,19549,10723,104357.5,8301222.5,0.04123370349407196,0.009749493561685085
sample_27,19549,10724,104367.5,8301222.5,0.036785367876291275,0.01789894327521324
sample_27,19549,10725,104377.5,8301222.5,0.023305419832468033,0.0048043252900242805
sample_27,19549,10726,104387.5,8301222.5,0.01660780981183052,0.0057329339906573296
sample_27,19549,10727,104397.5,8301222.5,0.025180567055940628,0.006212926469743252
sample_27,19549,10728,104407.5,8301222.5,0.03501151502132416,0.003214119467884302
sample_27,19549,10729,104417.5,8301222.5,0.020394684746861458,0.004874975420534611
sample_27,19549,10730,104427.5,8301222.5,0.01702038012444973,0.007224740460515022
sample_27,19549,10731,104437.5,8301222.5,0.019999317824840546,0.006345064844936132
sample_27,19549,10732,104447.5,8301222.5,0.03662331402301788,0.0022671616170555353
sample_27,19549,10733,104457.5,8301222.5,0.03794490173459053,0.014304067939519882
sample_27,19549,10734,104467.5,8301222.5,0.036604803055524826,0.008193086832761765
sample_27,19549,10735,104477.5,8301222.5,0.020406190305948257,0.011252477765083313
sample_27,19550,10716,104287.5,8301212.5,0.011612091213464737,0.012809496372938156
sample_27,19550,10717,104297.5,8301212.5,0.013052184134721756,0.008354950696229935
sample_27,19550,10718,104307.5,8301212.5,0.0061021228320896626,0.005429553799331188
sample_27,19550,10719,104317.5,8301212.5,0.027609245851635933,0.005867948289960623
sample_27,19550,10720,104327.5,8301212.5,0.013914786279201508,0.00632249191403389
sample_27,19550,10721,104337.5,8301212.5,0.016456786543130875,0.0027856063097715378
sample_27,19550,10722,104347.5,8301212.5,0.0221087746322155,0.014793885871767998
sample_27,19550,10723,104357.5,8301212.5,0.016664734110236168,0.014734738506376743
sample_27,19550,10724,104367.5,8301212.5,0.008759502321481705,0.00971086323261261
sample_27,19550,10725,104377.5,8301212.5,0.019634488970041275,0.003997852094471455
sample_27,19550,10726,104387.5,8301212.5,0.021927881985902786,0.004841964691877365
sample_27,19550,10727,104397.5,8301212.5,0.009738259017467499,0.00423535006120801
sample_27,19550,10728,104407.5,8301212.5,0.02912348508834839,0.006527929566800594
sample_27,19550,10729,104417.5,8301212.5,0.033322807401418686,0.008649115450680256
sample_27,19550,10730,104427.5,8301212.5,0.01379380002617836,0.008372396230697632
sample_27,19550,10731,104437.5,8301212.5,0.004388975445181131,0.0035368134267628193
sample_27,19550,10732,104447.5,8301212.5,0.0048627364449203014,0.004788408521562815
sample_27,19550,10733,104457.5,8301212.5,0.009838615544140339,0.004246676806360483
sample_27,19550,10734,104467.5,8301212.5,0.011647442355751991,0.008866241201758385
sample_27,19550,10735,104477.5,8301212.5,0.040214214473962784,0.0040621147491037846
sample_27,19551,10716,104287.5,8301202.5,0.021991390734910965,0.0035657049156725407
sample_27,19551,10717,104297.5,8301202.5,0.03554787486791611,0.01048625260591507
sample_27,19551,10718,104307.5,8301202.5,0.02292579784989357,0.002721715485677123
sample_27,19551,10719,104317.5,8301202.5,0.016722334548830986,0.004171856679022312
sample_27,19551,10720,104327.5,8301202.5,0.010867919772863388,0.009791845455765724
sample_27,19551,10721,104337.5,8301202.5,0.023762162774801254,0.009302468039095402
sample_27,19551,10722,104347.5,8301202.5,0.021504180505871773,0.006859330460429192
sample_27,19551,10723,104357.5,8301202.5,0.019403383135795593,0.013934589922428131
sample_27,19551,10724,104367.5,8301202.5,0.011640050448477268,0.0019363772589713335
sample_27,19551,10725,104377.5,8301202.5,0.006977759767323732,0.003136737272143364
sample_27,19551,10726,104387.5,8301202.5,0.03773263841867447,0.012145843356847763
sample_27,19551,10727,104397.5,8301202.5,0.016326487064361572,0.008924308232963085
sample_27,19551,10728,104407.5,8301202.5,0.06922756135463715,0.004985721316188574
sample_27,19551,10729,104417.5,8301202.5,0.04064123332500458,0.003767389105632901
sample_27,19551,10730,104427.5,8301202.5,0.0034558852203190327,0.007736986503005028
sample_27,19551,10731,104437.5,8301202.5,0.015103849582374096,0.012668727897107601
sample_27,19551,10732,104447.5,8301202.5,0.010152360424399376,0.004841058515012264
sample_27,19551,10733,104457.5,8301202.5,0.043531470000743866,0.004273926839232445
sample_27,19551,10734,104467.5,8301202.5,0.02354072779417038,0.0138056306168437
sample_27,19551,10735,104477.5,8301202.5,0.02127939835190773,0.0029372181743383408
sample_27,19552,10716,104287.5,8301192.5,0.016998572275042534,0.0034286673180758953
sample_27,19552,10717,104297.5,8301192.5,0.0058343177661299706,0.008456825278699398
sample_27,19552,10718,104307.5,8301192.5,0.027066899463534355,0.00440383842214942
sample_27,19552,10719,104317.5,8301192.5,0.015913337469100952,0.009676098823547363
sample_27,19552,10720,104327.5,8301192.5,0.009433770552277565,0.008118866942822933
sample_27,19552,10721,104337.5,8301192.5,0.022344674915075302,0.0033624516800045967
sample_27,19552,10722,104347.5,8301192.5,0.014823202043771744,0.00996403768658638
sample_27,19552,10723,104357.5,8301192.5,0.016862571239471436,0.007394930347800255
sample_27,19552,10724,104367.5,8301192.5,0.011021670885384083,0.010234780609607697
sample_27,19552,10725,104377.5,8301192.5,0.007685759104788303,0.004918583668768406
sample_27,19552,10726,104387.5,8301192.5,0.012150563299655914,0.003919511567801237
sample_27,19552,10727,104397.5,8301192.5,0.01320939976722002,0.003523680381476879
sample_27,19552,10728,104407.5,8301192.5,0.0164200272411108,0.01056113000959158
sample_27,19552,10729,104417.5,8301192.5,0.0037742187269032,0.0034321227576583624
sample_27,19552,10730,104427.5,8301192.5,0.009216181002557278,0.004258693661540747
sample_27,19552,10731,104437.5,8301192.5,0.02194763347506523,0.004985187668353319
sample_27,19552,10732,104447.5,8301192.5,0.02158091962337494,0.007899642921984196
sample_27,19552,10733,104457.5,8301192.5,0.05250881612300873,0.012221300974488258
sample_27,19552,10734,104467.5,8301192.5,0.03079371713101864,0.008469938300549984
sample_27,19552,10735,104477.5,8301192.5,0.009277524426579475,0.002655368996784091
sample_27,19553,10716,104287.5,8301182.5,0.041896890848875046,0.0026403157971799374
sample_27,19553,10717,104297.5,8301182.5,0.04198119044303894,0.0053305779583752155
sample_27,19553,10718,104307.5,8301182.5,0.02199869602918625,0.005423745606094599
sample_27,19553,10719,104317.5,8301182.5,0.03133304417133331,0.005663586314767599
sample_27,19553,10720,104327.5,8301182.5,0.012637562118470669,0.011684020981192589
sample_27,19553,10721,104337.5,8301182.5,0.021939802914857864,0.008177168667316437
sample_27,19553,10722,104347.5,8301182.5,0.0038542787078768015,0.008113494142889977
sample_27,19553,10723,104357.5,8301182.5,0.046739235520362854,0.015198685228824615
sample_27,19553,10724,104367.5,8301182.5,0.009500550106167793,0.004913751967251301
sample_27,19553,10725,104377.5,8301182.5,0.011240549385547638,0.01446075364947319
sample_27,19553,10726,104387.5,8301182.5,0.023293785750865936,0.01356311421841383
sample_27,19553,10727,104397.5,8301182.5,0.011685023084282875,0.009153518825769424
sample_27,19553,10728,104407.5,8301182.5,0.02709341049194336,0.0017364288214594126
sample_27,19553,10729,104417.5,8301182.5,0.00793206412345171,0.009086493402719498
sample_27,19553,10730,104427.5,8301182.5,0.03763788938522339,0.005359345581382513
sample_27,19553,10731,104437.5,8301182.5,0.009406309574842453,0.005284501705318689
sample_27,19553,10732,104447.5,8301182.5,0.03813152387738228,0.012985221110284328
sample_27,19553,10733,104457.5,8301182.5,0.03812505304813385,0.004244748502969742
sample_27,19553,10734,104467.5,8301182.5,0.022729596123099327,0.004668460227549076
sample_27,19553,10735,104477.5,8301182.5,0.020063577219843864,0.003132954705506563
sample_27,19554,10716,104287.5,8301172.5,0.04269406944513321,0.00862894020974636
sample_27,19554,10717,104297.5,8301172.5,0.025331910699605942,0.0031605910044163465
sample_27,19554,10718,104307.5,8301172.5,0.017633872106671333,0.002753347624093294
sample_27,19554,10719,104317.5,8301172.5,0.03071538358926773,0.004385163076221943
sample_27,19554,10720,104327.5,8301172.5,0.009538702666759491,0.004789270460605621
sample_27,19554,10721,104337.5,8301172.5,0.023008715361356735,0.0025884003844112158
sample_27,19554,10722,104347.5,8301172.5,0.036554768681526184,0.006268194876611233
sample_27,19554,10723,104357.5,8301172.5,0.04181453585624695,0.00936291553080082
sample_27,19554,10724,104367.5,8301172.5,0.0077934712171554565,0.0022659075912088156
sample_27,19554,10725,104377.5,8301172.5,0.008619334548711777,0.01377472747117281
sample_27,19554,10726,104387.5,8301172.5,0.023401182144880295,0.00257309153676033
sample_27,19554,10727,104397.5,8301172.5,0.025666862726211548,0.015234729275107384
sample_27,19554,10728,104407.5,8301172.5,0.009714980609714985,0.007422724273055792
sample_27,19554,10729,104417.5,8301172.5,0.022079486399888992,0.005012899171561003
sample_27,19554,10730,104427.5,8301172.5,0.011337867937982082,0.005398493725806475
sample_27,19554,10731,104437.5,8301172.5,0.022386761382222176,0.0028335335664451122
sample_27,19554,10732,104447.5,8301172.5,0.06652273237705231,0.006538902409374714
sample_27,19554,10733,104457.5,8301172.5,0.01136818714439869,0.007869666442275047
sample_27,19554,10734,104467.5,8301172.5,0.029495880007743835,0.002830904209986329
sample_27,19554,10735,104477.5,8301172.5,0.029334604740142822,0.003909029066562653
sample_27,19555,10716,104287.5,8301162.5,0.06626734137535095,0.006182363722473383
sample_27,19555,10717,104297.5,8301162.5,0.034471530467271805,0.005813297349959612
sample_27,19555,10718,104307.5,8301162.5,0.02136482298374176,0.006482461001724005
sample_27,19555,10719,104317.5,8301162.5,0.012667238712310791,0.0035886128898710012
sample_27,19555,10720,104327.5,8301162.5,0.01845393516123295,0.004163858015090227
sample_27,19555,10721,104337.5,8301162.5,0.007091802079230547,0.005709315650165081
sample_27,19555,10722,104347.5,8301162.5,0.015642855316400528,0.00466197170317173
sample_27,19555,10723,104357.5,8301162.5,0.017503613606095314,0.004422333557158709
sample_27,19555,10724,104367.5,8301162.5,0.01571490429341793,0.0035127950832247734
sample_27,19555,10725,104377.5,8301162.5,0.014349992386996746,0.008429904468357563
sample_27,19555,10726,104387.5,8301162.5,0.015624674037098885,0.005607597064226866
sample_27,19555,10727,104397.5,8301162.5,0.031819961965084076,0.010470563545823097
sample_27,19555,10728,104407.5,8301162.5,0.0090418616309762,0.013261308893561363
sample_27,19555,10729,104417.5,8301162.5,0.0044800653122365475,0.0069553605280816555
sample_27,19555,10730,104427.5,8301162.5,0.02139938250184059,0.0030440485570579767
sample_27,19555,10731,104437.5,8301162.5,0.007637829519808292,0.002402009442448616
sample_27,19555,10732,104447.5,8301162.5,0.03430614620447159,0.005385506898164749
sample_27,19555,10733,104457.5,8301162.5,0.01884792372584343,0.005500118713825941
sample_27,19555,10734,104467.5,8301162.5,0.021008674055337906,0.014088728465139866
sample_27,19555,10735,104477.5,8301162.5,0.09879440069198608,0.004517436493188143
sample_27,19556,10716,104287.5,8301152.5,0.06228717043995857,0.008095485158264637
sample_27,19556,10717,104297.5,8301152.5,0.019981330260634422,0.008383730426430702
sample_27,19556,10718,104307.5,8301152.5,0.01045597530901432,0.0031645665876567364
sample_27,19556,10719,104317.5,8301152.5,0.011718099936842918,0.010974900797009468
sample_27,19556,10720,104327.5,8301152.5,0.009182160720229149,0.011190038174390793
sample_27,19556,10721,104337.5,8301152.5,0.012168874964118004,0.008657671511173248
sample_27,19556,10722,104347.5,8301152.5,0.018608123064041138,0.0061034588143229485
sample_27,19556,10723,104357.5,8301152.5,0.010792846791446209,0.009862834587693214
sample_27,19556,10724,104367.5,8301152.5,0.0058820475824177265,0.0073409657925367355
sample_27,19556,10725,104377.5,8301152.5,0.02173898182809353,0.0055642807856202126
sample_27,19556,10726,104387.5,8301152.5,0.005081591196358204,0.005992804188281298
sample_27,19556,10727,104397.5,8301152.5,0.016614003106951714,0.0048458026722073555
sample_27,19556,10728,104407.5,8301152.5,0.03288867324590683,0.009728468023240566
sample_27,19556,10729,104417.5,8301152.5,0.008227413520216942,0.005681146867573261
sample_27,19556,10730,104427.5,8301152.5,0.03132912144064903,0.006844996940344572
sample_27,19556,10731,104437.5,8301152.5,0.023040924221277237,0.005561519414186478
sample_27,19556,10732,104447.5,8301152.5,0.01207011379301548,0.003100679023191333
sample_27,19556,10733,104457.5,8301152.5,0.008110405877232552,0.008440785109996796
sample_27,19556,10734,104467.5,8301152.5,0.02281852252781391,0.0017357447650283575
sample_27,19556,10735,104477.5,8301152.5,0.007774051744490862,0.011343378573656082
sample_27,19557,10716,104287.5,8301142.5,0.04241511970758438,0.004545435309410095
sample_27,19557,10717,104297.5,8301142.5,0.01787412539124489,0.004412827081978321
sample_27,19557,10718,104307.5,8301142.5,0.011762485839426517,0.0067458017729222775
sample_27,19557,10719,104317.5,8301142.5,0.025024617090821266,0.007139882538467646
sample_27,19557,10720,104327.5,8301142.5,0.04177498444914818,0.008816360495984554
sample_27,19557,10721,104337.5,8301142.5,0.04081689566373825,0.01592022366821766
sample_27,19557,10722,104347.5,8301142.5,0.018153095617890358,0.003817667718976736
sample_27,19557,10723,104357.5,8301142.5,0.029477527365088463,0.007731408346444368
sample_27,19557,10724,104367.5,8301142.5,0.018690718337893486,0.005172902252525091
sample_27,19557,10725,104377.5,8301142.5,0.014832459390163422,0.004139421507716179
sample_27,19557,10726,104387.5,8301142.5,0.004428161308169365,0.00798747781664133
sample_27,19557,10727,104397.5,8301142.5,0.023729853332042694,0.013975552283227444
sample_27,19557,10728,104407.5,8301142.5,0.010477691888809204,0.004141328856348991
sample_27,19557,10729,104417.5,8301142.5,0.007590227294713259,0.0040179346688091755
sample_27,19557,10730,104427.5,8301142.5,0.020004350692033768,0.0025528185069561005
sample_27,19557,10731,104437.5,8301142.5,0.009848048910498619,0.0052315727807581425
sample_27,19557,10732,104447.5,8301142.5,0.013454127125442028,0.009757308289408684
sample_27,19557,10733,104457.5,8301142.5,0.024104155600070953,0.009328844957053661
sample_27,19557,10734,104467.5,8301142.5,0.006864212453365326,0.010350196622312069
sample_27,19557,10735,104477.5,8301142.5,0.019031841307878494,0.00184251565951854
sample_27,19558,10717,104297.5,8301132.5,0.01481325551867485,0.005940689239650965
sample_27,19558,10718,104307.5,8301132.5,0.01583177037537098,0.010324416682124138
sample_27,19558,10719,104317.5,8301132.5,0.021246980875730515,0.004909826442599297
sample_27,19558,10720,104327.5,8301132.5,0.008332001976668835,0.01366083137691021
sample_27,19558,10721,104337.5,8301132.5,0.016039300709962845,0.0038463128730654716
sample_27,19558,10722,104347.5,8301132.5,0.029344730079174042,0.0044909375719726086
sample_27,19558,10723,104357.5,8301132.5,0.011671960353851318,0.0023227380588650703
sample_27,19558,10724,104367.5,8301132.5,0.006188439205288887,0.018244266510009766
sample_27,19558,10725,104377.5,8301132.5,0.009302826598286629,0.010930770076811314
sample_27,19558,10726,104387.5,8301132.5,0.037956081330776215,0.008944297209382057
sample_27,19558,10727,104397.5,8301132.5,0.01944318227469921,0.015209580771625042
sample_27,19558,10728,104407.5,8301132.5,0.016667023301124573,0.0054785581305623055
sample_27,19558,10729,104417.5,8301132.5,0.04392823949456215,0.006222317460924387
sample_27,19558,10730,104427.5,8301132.5,0.028844797983765602,0.0097429184243083
sample_27,19558,10731,104437.5,8301132.5,0.03754963353276253,0.0081211868673563
sample_27,19558,10732,104447.5,8301132.5,0.011709134094417095,0.0041365064680576324
sample_27,19558,10733,104457.5,8301132.5,0.004803059156984091,0.006642369087785482
sample_27,19558,10734,104467.5,8301132.5,0.029078302904963493,0.0051242876797914505
sample_27,19558,10735,104477.5,8301132.5,0.015476753935217857,0.007515981327742338
sample_27,19559,10717,104297.5,8301122.5,0.018505612388253212,0.004251999314874411
sample_27,19559,10718,104307.5,8301122.5,0.021843042224645615,0.0063738031312823296
sample_27,19559,10719,104317.5,8301122.5,0.05479952692985535,0.010165685787796974
sample_27,19559,10720,104327.5,8301122.5,0.026448003947734833,0.0037847161293029785
sample_27,19559,10721,104337.5,8301122.5,0.021872950717806816,0.004459863994270563
sample_27,19559,10722,104347.5,8301122.5,0.055542249232530594,0.002366091823205352
sample_27,19559,10723,104357.5,8301122.5,0.048289380967617035,0.00746605871245265
sample_27,19559,10724,104367.5,8301122.5,0.0062766605988144875,0.0060858288779854774
sample_27,19559,10725,104377.5,8301122.5,0.04881105199456215,0.005955724976956844
sample_27,19559,10726,104387.5,8301122.5,0.03441008925437927,0.011249551549553871
sample_27,19559,10727,104397.5,8301122.5,0.006567797157913446,0.008349306881427765
sample_27,19559,10728,104407.5,8301122.5,0.01834246702492237,0.01608308032155037
sample_27,19559,10729,104417.5,8301122.5,0.02406204491853714,0.013286580331623554
sample_27,19559,10730,104427.5,8301122.5,0.02259129099547863,0.005132080055773258
sample_27,19559,10731,104437.5,8301122.5,0.009982352145016193,0.0017310958355665207
sample_27,19559,10732,104447.5,8301122.5,0.005529953166842461,0.0026683704927563667
sample_27,19559,10733,104457.5,8301122.5,0.002624314045533538,0.0036125946789979935
sample_27,19559,10734,104467.5,8301122.5,0.008736062794923782,0.004532836377620697
sample_27,19559,10735,104477.5,8301122.5,0.011386997997760773,0.0052677784115076065
sample_27,19560,10717,104297.5,8301112.5,0.017851591110229492,0.002402422484010458
sample_27,19560,10718,104307.5,8301112.5,0.008561397902667522,0.007784651126712561
sample_27,19560,10719,104317.5,8301112.5,0.012285496108233929,0.011445253156125546
sample_27,19560,10720,104327.5,8301112.5,0.005551794543862343,0.007468865718692541
sample_27,19560,10721,104337.5,8301112.5,0.007353818975389004,0.005922081880271435
sample_27,19560,10722,104347.5,8301112.5,0.01728174090385437,0.009215609170496464
sample_27,19560,10723,104357.5,8301112.5,0.02118230238556862,0.007626989856362343
sample_27,19560,10724,104367.5,8301112.5,0.010688094422221184,0.011555955745279789
sample_27,19560,10725,104377.5,8301112.5,0.010196366347372532,0.0030851848423480988
sample_27,19560,10726,104387.5,8301112.5,0.023584770038723946,0.0032341505866497755
sample_27,19560,10727,104397.5,8301112.5,0.015542672015726566,0.0059507377445697784
sample_27,19560,10728,104407.5,8301112.5,0.018107112497091293,0.011706404387950897
sample_27,19560,10729,104417.5,8301112.5,0.008808009326457977,0.018294157460331917
sample_27,19560,10730,104427.5,8301112.5,0.02601705864071846,0.008561396971344948
sample_27,19560,10731,104437.5,8301112.5,0.02168685384094715,0.006508306600153446
sample_27,19560,10732,104447.5,8301112.5,0.03174799680709839,0.003666011616587639
sample_27,19560,10733,104457.5,8301112.5,0.02160853147506714,0.0029504732228815556
sample_27,19560,10734,104467.5,8301112.5,0.024983832612633705,0.010334399528801441
sample_27,19560,10735,104477.5,8301112.5,0.015017030760645866,0.005058949813246727
sample_27,19561,10717,104297.5,8301102.5,0.017798053100705147,0.002831963822245598
sample_27,19561,10718,104307.5,8301102.5,0.059720445424318314,0.0061335437931120396
sample_27,19561,10719,104317.5,8301102.5,0.024449888616800308,0.004200180061161518
sample_27,19561,10720,104327.5,8301102.5,0.04143611714243889,0.010674097575247288
sample_27,19561,10721,104337.5,8301102.5,0.01865348406136036,0.0049515669234097
sample_27,19561,10722,104347.5,8301102.5,0.008410320617258549,0.005054892040789127
sample_27,19561,10723,104357.5,8301102.5,0.012119902297854424,0.009596315212547779
sample_27,19561,10724,104367.5,8301102.5,0.022190066054463387,0.010365322232246399
sample_27,19561,10725,104377.5,8301102.5,0.03054969757795334,0.006945329252630472
sample_27,19561,10726,104387.5,8301102.5,0.03778144717216492,0.002475652378052473
sample_27,19561,10727,104397.5,8301102.5,0.018312284722924232,0.0011464309645816684
sample_27,19561,10728,104407.5,8301102.5,0.007377877365797758,0.001323792734183371
sample_27,19561,10729,104417.5,8301102.5,0.009641916491091251,0.0008182312012650073
sample_27,19561,10730,104427.5,8301102.5,0.013490711338818073,0.00560093205422163
sample_27,19561,10731,104437.5,8301102.5,0.013734395615756512,0.010211734101176262
sample_27,19561,10732,104447.5,8301102.5,0.03183586895465851,0.00924474187195301
sample_27,19561,10733,104457.5,8301102.5,0.014984195120632648,0.003488210029900074
sample_27,19561,10734,104467.5,8301102.5,0.013221616856753826,0.007600182201713324
sample_27,19561,10735,104477.5,8301102.5,0.02031317912042141,0.008514359593391418
sample_27,19562,10717,104297.5,8301092.5,0.029058022424578667,0.0034415621776133776
sample_27,19562,10718,104307.5,8301092.5,0.03584498167037964,0.004144186154007912
sample_27,19562,10719,104317.5,8301092.5,0.00608270475640893,0.002492979634553194
sample_27,19562,10720,104327.5,8301092.5,0.03792610391974449,0.005964861251413822
sample_27,19562,10721,104337.5,8301092.5,0.010958807542920113,0.01556416880339384
sample_27,19562,10722,104347.5,8301092.5,0.018207747489213943,0.0029808394610881805
sample_27,19562,10723,104357.5,8301092.5,0.015182719565927982,0.005577429197728634
sample_27,19562,10724,104367.5,8301092.5,0.006238132249563932,0.015117720700800419
sample_27,19562,10725,104377.5,8301092.5,0.011668676510453224,0.01202830858528614
sample_27,19562,10726,104387.5,8301092.5,0.04052399843931198,0.00618709996342659
sample_27,19562,10727,104397.5,8301092.5,0.016724517568945885,0.003545929677784443
sample_27,19562,10728,104407.5,8301092.5,0.009004544466733932,0.005019959062337875
sample_27,19562,10729,104417.5,8301092.5,0.028273651376366615,0.003375619649887085
sample_27,19562,10730,104427.5,8301092.5,0.016622446477413177,0.005742275156080723
sample_27,19562,10731,104437.5,8301092.5,0.026678062975406647,0.005449746269732714
sample_27,19562,10732,104447.5,8301092.5,0.014054602943360806,0.006680394057184458
sample_27,19562,10733,104457.5,8301092.5,0.0093472795560956,0.009204041212797165
sample_27,19562,10734,104467.5,8301092.5,0.025671426206827164,0.007807392161339521
sample_27,19562,10735,104477.5,8301092.5,0.0310988612473011,0.009537555277347565
sample_27,19563,10717,104297.5,8301082.5,0.04516048729419708,0.005594543181359768
sample_27,19563,10718,104307.5,8301082.5,0.017065688967704773,0.0054274373687803745
sample_27,19563,10719,104317.5,8301082.5,0.015257599763572216,0.0045026023872196674
sample_27,19563,10720,104327.5,8301082.5,0.011626397259533405,0.004755063913762569
sample_27,19563,10721,104337.5,8301082.5,0.021546073257923126,0.005885940510779619
sample_27,19563,10722,104347.5,8301082.5,0.0027028173208236694,0.009862902574241161
sample_27,19563,10723,104357.5,8301082.5,0.007839876227080822,0.00790958758443594
sample_27,19563,10724,104367.5,8301082.5,0.002476151566952467,0.008635718375444412
sample_27,19563,10725,104377.5,8301082.5,0.007909475825726986,0.006890185177326202
sample_27,19563,10726,104387.5,8301082.5,0.02137090265750885,0.003942232113331556
sample_27,19563,10727,104397.5,8301082.5,0.028024226427078247,0.008203244768083096
sample_27,19563,10728,104407.5,8301082.5,0.02527804672718048,0.004643886815756559
sample_27,19563,10729,104417.5,8301082.5,0.046846792101860046,0.004140149801969528
sample_27,19563,10730,104427.5,8301082.5,0.051061034202575684,0.01097392849624157
sample_27,19563,10731,104437.5,8301082.5,0.007638589479029179,0.008801865391433239
sample_27,19563,10732,104447.5,8301082.5,0.01035782415419817,0.004738387186080217
sample_27,19563,10733,104457.5,8301082.5,0.028919046744704247,0.017702504992485046
sample_27,19563,10734,104467.5,8301082.5,0.028069406747817993,0.004001133609563112
sample_27,19563,10735,104477.5,8301082.5,0.018886534497141838,0.0009310418972745538
sample_27,19564,10717,104297.5,8301072.5,0.022574899718165398,0.004082243423908949
sample_27,19564,10718,104307.5,8301072.5,0.0724610984325409,0.006203918717801571
sample_27,19564,10719,104317.5,8301072.5,0.03930196538567543,0.013244198635220528
sample_27,19564,10720,104327.5,8301072.5,0.016119400039315224,0.009494499303400517
sample_27,19564,10721,104337.5,8301072.5,0.02044912427663803,0.0043363384902477264
sample_27,19564,10722,104347.5,8301072.5,0.0225696861743927,0.008933314122259617
sample_27,19564,10723,104357.5,8301072.5,0.025031866505742073,0.0034492332488298416
sample_27,19564,10724,104367.5,8301072.5,0.012964660301804543,0.0075414059683680534
sample_27,19564,10725,104377.5,8301072.5,0.006035636179149151,0.0019668652676045895
sample_27,19564,10726,104387.5,8301072.5,0.015478331595659256,0.004292139783501625
sample_27,19564,10727,104397.5,8301072.5,0.009770863689482212,0.008467205800116062
sample_27,19564,10728,104407.5,8301072.5,0.011896434240043163,0.011958287097513676
sample_27,19564,10729,104417.5,8301072.5,0.025064591318368912,0.0074474564753472805
sample_27,19564,10730,104427.5,8301072.5,0.007998415268957615,0.0049437182024121284
sample_27,19564,10731,104437.5,8301072.5,0.0320521779358387,0.005077914334833622
sample_27,19564,10732,104447.5,8301072.5,0.013703517615795135,0.01081883069127798
sample_27,19564,10733,104457.5,8301072.5,0.016735125333070755,0.012374081648886204
sample_27,19564,10734,104467.5,8301072.5,0.013906270265579224,0.02009272575378418
sample_27,19564,10735,104477.5,8301072.5,0.011170434765517712,0.00553144421428442
sample_28,10344,8360,80727.5,8393272.5,0.015986278653144836,0.008592793717980385
sample_28,10345,8341,80537.5,8393262.5,0.00782082974910736,0.006405663210898638
sample_28,10345,8342,80547.5,8393262.5,0.020406711846590042,0.006722288206219673
sample_28,10345,8343,80557.5,8393262.5,0.032648779451847076,0.00998977106064558
sample_28,10345,8344,80567.5,8393262.5,0.004697789903730154,0.007352403365075588
sample_28,10345,8345,80577.5,8393262.5,0.01640133187174797,0.0027217513415962458
sample_28,10345,8346,80587.5,8393262.5,0.013167114928364754,0.005701850634068251
sample_28,10345,8347,80597.5,8393262.5,0.023909084498882294,0.004821117036044598
sample_28,10345,8348,80607.5,8393262.5,0.029758498072624207,0.0037146247923374176
sample_28,10345,8349,80617.5,8393262.5,0.008869088254868984,0.005515942350029945
sample_28,10345,8350,80627.5,8393262.5,0.013191863894462585,0.008758263662457466
sample_28,10345,8351,80637.5,8393262.5,0.018369562923908234,0.004663730040192604
sample_28,10345,8352,80647.5,8393262.5,0.008152764290571213,0.00901604164391756
sample_28,10345,8353,80657.5,8393262.5,0.02711445279419422,0.009259163402020931
sample_28,10345,8354,80667.5,8393262.5,0.011340038850903511,0.0060668820515275
sample_28,10345,8355,80677.5,8393262.5,0.015704035758972168,0.004865570459514856
sample_28,10345,8356,80687.5,8393262.5,0.012935826554894447,0.008158186450600624
sample_28,10345,8357,80697.5,8393262.5,0.022268326953053474,0.002717181807383895
sample_28,10345,8358,80707.5,8393262.5,0.022338032722473145,0.005127355456352234
sample_28,10345,8359,80717.5,8393262.5,0.01651935651898384,0.008753350004553795
sample_28,10345,8360,80727.5,8393262.5,0.0366557240486145,0.0081448033452034
sample_28,10346,8341,80537.5,8393252.5,0.009654358960688114,0.0032107792794704437
sample_28,10346,8342,80547.5,8393252.5,0.00721293780952692,0.006350960116833448
sample_28,10346,8343,80557.5,8393252.5,0.025701401755213737,0.001797778531908989
sample_28,10346,8344,80567.5,8393252.5,0.0063498541712760925,0.01533784531056881
sample_28,10346,8345,80577.5,8393252.5,0.0203909482806921,0.0037191929295659065
sample_28,10346,8346,80587.5,8393252.5,0.017127659171819687,0.0059450892731547356
sample_28,10346,8347,80597.5,8393252.5,0.030362727120518684,0.004151580389589071
sample_28,10346,8348,80607.5,8393252.5,0.01191105879843235,0.004770433064550161
sample_28,10346,8349,80617.5,8393252.5,0.012946533039212227,0.009013320319354534
sample_28,10346,8350,80627.5,8393252.5,0.00585532933473587,0.004971029236912727
sample_28,10346,8351,80637.5,8393252.5,0.01032898761332035,0.005180576350539923
sample_28,10346,8352,80647.5,8393252.5,0.007917264476418495,0.008629905059933662
sample_28,10346,8353,80657.5,8393252.5,0.04071209952235222,0.00540524534881115
sample_28,10346,8354,80667.5,8393252.5,0.021575424820184708,0.007226187270134687
sample_28,10346,8355,80677.5,8393252.5,0.020239518955349922,0.0033126547932624817
sample_28,10346,8356,80687.5,8393252.5,0.017317194491624832,0.004475452937185764
sample_28,10346,8357,80697.5,8393252.5,0.08046306669712067,0.0103457011282444
sample_28,10346,8358,80707.5,8393252.5,0.02138485014438629,0.00339406612329185
sample_28,10346,8359,80717.5,8393252.5,0.018169637769460678,0.00489687779918313
sample_28,10346,8360,80727.5,8393252.5,0.006525266915559769,0.004417222458869219
sample_28,10347,8341,80537.5,8393242.5,0.013314025476574898,0.0031968187540769577
sample_28,10347,8342,80547.5,8393242.5,0.0063639311119914055,0.007598878350108862
sample_28,10347,8343,80557.5,8393242.5,0.010362768545746803,0.0034217280335724354
sample_28,10347,8344,80567.5,8393242.5,0.015787728130817413,0.006399249192327261
sample_28,10347,8345,80577.5,8393242.5,0.012282634153962135,0.004335151053965092
sample_28,10347,8346,80587.5,8393242.5,0.003466700203716755,0.0027948615606874228
sample_28,10347,8347,80597.5,8393242.5,0.02632450871169567,0.005719509441405535
sample_28,10347,8348,80607.5,8393242.5,0.01861492544412613,0.0037868241779506207
sample_28,10347,8349,80617.5,8393242.5,0.009446701034903526,0.004964220337569714
sample_28,10347,8350,80627.5,8393242.5,0.009894772432744503,0.004265470430254936
sample_28,10347,8351,80637.5,8393242.5,0.02219555899500847,0.0052454303950071335
sample_28,10347,8352,80647.5,8393242.5,0.0128197455778718,0.008795902132987976
sample_28,10347,8353,80657.5,8393242.5,0.017267657443881035,0.007374074310064316
sample_28,10347,8354,80667.5,8393242.5,0.01523689553141594,0.003898931434378028
sample_28,10347,8355,80677.5,8393242.5,0.024322140961885452,0.0038687658961862326
sample_28,10347,8356,80687.5,8393242.5,0.012282327748835087,0.006388864479959011
sample_28,10347,8357,80697.5,8393242.5,0.017314324155449867,0.004945768509060144
sample_28,10347,8358,80707.5,8393242.5,0.004696165211498737,0.003974840044975281
sample_28,10347,8359,80717.5,8393242.5,0.014202384278178215,0.008860798552632332
sample_28,10347,8360,80727.5,8393242.5,0.014148267917335033,0.008524224162101746
sample_28,10348,8341,80537.5,8393232.5,0.012465840205550194,0.00608596857637167
sample_28,10348,8342,80547.5,8393232.5,0.008158496581017971,0.003697784151881933
sample_28,10348,8343,80557.5,8393232.5,0.010629180818796158,0.015137732028961182
sample_28,10348,8344,80567.5,8393232.5,0.009464474394917488,0.004828131757676601
sample_28,10348,8345,80577.5,8393232.5,0.026140542700886726,0.01016584224998951
sample_28,10348,8346,80587.5,8393232.5,0.011317533440887928,0.002590607386082411
sample_28,10348,8347,80597.5,8393232.5,0.004447195213288069,0.006117325741797686
sample_28,10348,8348,80607.5,8393232.5,0.015152473002672195,0.0057124122977256775
sample_28,10348,8349,80617.5,8393232.5,0.007885836996138096,0.00898195430636406
sample_28,10348,8350,80627.5,8393232.5,0.016978764906525612,0.0036362132523208857
sample_28,10348,8351,80637.5,8393232.5,0.013793222606182098,0.008896712213754654
sample_28,10348,8352,80647.5,8393232.5,0.03367085009813309,0.003980451263487339
sample_28,10348,8353,80657.5,8393232.5,0.010789071209728718,0.0039834389463067055
sample_28,10348,8354,80667.5,8393232.5,0.037252865731716156,0.013750907965004444
sample_28,10348,8355,80677.5,8393232.5,0.004393983166664839,0.0066662197932600975
sample_28,10348,8356,80687.5,8393232.5,0.008129367604851723,0.0070892926305532455
sample_28,10348,8357,80697.5,8393232.5,0.01624034345149994,0.004148455336689949
sample_28,10348,8358,80707.5,8393232.5,0.016293911263346672,0.0021095385309308767
sample_28,10348,8359,80717.5,8393232.5,0.012431549839675426,0.004017481114715338
sample_28,10348,8360,80727.5,8393232.5,0.005426937248557806,0.011732051149010658
sample_28,10349,8341,80537.5,8393222.5,0.01720433309674263,0.008924252353608608
sample_28,10349,8342,80547.5,8393222.5,0.01030698511749506,0.0032842899672687054
sample_28,10349,8343,80557.5,8393222.5,0.010774937458336353,0.004481702111661434
sample_28,10349,8344,80567.5,8393222.5,0.012977235019207,0.0051026795990765095
sample_28,10349,8345,80577.5,8393222.5,0.016159266233444214,0.008106506429612637
sample_28,10349,8346,80587.5,8393222.5,0.01449755672365427,0.005662187002599239
sample_28,10349,8347,80597.5,8393222.5,0.006607544142752886,0.005334925372153521
sample_28,10349,8348,80607.5,8393222.5,0.006075787357985973,0.007513014134019613
sample_28,10349,8349,80617.5,8393222.5,0.018036335706710815,0.003552291775122285
sample_28,10349,8350,80627.5,8393222.5,0.012909273616969585,0.008211787790060043
sample_28,10349,8351,80637.5,8393222.5,0.015912029892206192,0.011951478198170662
sample_28,10349,8352,80647.5,8393222.5,0.006365345790982246,0.005888249725103378
sample_28,10349,8353,80657.5,8393222.5,0.02265745773911476,0.0029757737647742033
sample_28,10349,8354,80667.5,8393222.5,0.011293863877654076,0.004601046908646822
sample_28,10349,8355,80677.5,8393222.5,0.01491626352071762,0.0012130021350458264
sample_28,10349,8356,80687.5,8393222.5,0.01634601317346096,0.0015936412382870913
sample_28,10349,8357,80697.5,8393222.5,0.014094472862780094,0.006090062670409679
sample_28,10349,8358,80707.5,8393222.5,0.03063534013926983,0.008653568103909492
sample_28,10349,8359,80717.5,8393222.5,0.02808389998972416,0.00930747576057911
sample_28,10349,8360,80727.5,8393222.5,0.0058594513684511185,0.0025842126924544573
sample_28,10350,8341,80537.5,8393212.5,0.013227628543972969,0.008529718033969402
sample_28,10350,8342,80547.5,8393212.5,0.01341930776834488,0.0026971339248120785
sample_28,10350,8343,80557.5,8393212.5,0.018615882843732834,0.006637691054493189
sample_28,10350,8344,80567.5,8393212.5,0.027122994884848595,0.004519711248576641
sample_28,10350,8345,80577.5,8393212.5,0.009211488999426365,0.005873575806617737
sample_28,10350,8346,80587.5,8393212.5,0.0076964301988482475,0.00955534540116787
sample_28,10350,8347,80597.5,8393212.5,0.01268280204385519,0.011378128081560135
sample_28,10350,8348,80607.5,8393212.5,0.003332040971145034,0.00918297003954649
sample_28,10350,8349,80617.5,8393212.5,0.004424439277499914,0.009609954431653023
sample_28,10350,8350,80627.5,8393212.5,0.010953499935567379,0.0012268410064280033
sample_28,10350,8351,80637.5,8393212.5,0.03636084496974945,0.002313662087544799
sample_28,10350,8352,80647.5,8393212.5,0.01432591862976551,0.007021978963166475
sample_28,10350,8353,80657.5,8393212.5,0.02811216004192829,0.004660175181925297
sample_28,10350,8354,80667.5,8393212.5,0.007723077200353146,0.006227434612810612
sample_28,10350,8355,80677.5,8393212.5,0.005255401600152254,0.008955813944339752
sample_28,10350,8356,80687.5,8393212.5,0.016683140769600868,0.008563678711652756
sample_28,10350,8357,80697.5,8393212.5,0.015347860753536224,0.0017540431581437588
sample_28,10350,8358,80707.5,8393212.5,0.022151503711938858,0.001799820689484477
sample_28,10350,8359,80717.5,8393212.5,0.014714422635734081,0.005033098626881838
sample_28,10350,8360,80727.5,8393212.5,0.022482462227344513,0.006493644323199987
sample_28,10351,8341,80537.5,8393202.5,0.014174850657582283,0.003738346742466092
sample_28,10351,8342,80547.5,8393202.5,0.008301292546093464,0.0044000111520290375
sample_28,10351,8343,80557.5,8393202.5,0.02222619578242302,0.006010080687701702
sample_28,10351,8344,80567.5,8393202.5,0.034320395439863205,0.003192153526470065
sample_28,10351,8345,80577.5,8393202.5,0.007407070137560368,0.0042808083817362785
sample_28,10351,8346,80587.5,8393202.5,0.01773432083427906,0.008312899619340897
sample_28,10351,8347,80597.5,8393202.5,0.007102915085852146,0.0038257339037954807
sample_28,10351,8348,80607.5,8393202.5,0.009352322667837143,0.009133759886026382
sample_28,10351,8349,80617.5,8393202.5,0.012409906834363937,0.0058943722397089005
sample_28,10351,8350,80627.5,8393202.5,0.011220550164580345,0.0050735799595713615
sample_28,10351,8351,80637.5,8393202.5,0.019055508077144623,0.009890859015285969
sample_28,10351,8352,80647.5,8393202.5,0.019341178238391876,0.0035585188306868076
sample_28,10351,8353,80657.5,8393202.5,0.012821903452277184,0.004831278696656227
sample_28,10351,8354,80667.5,8393202.5,0.00848427414894104,0.0024025856982916594
sample_28,10351,8355,80677.5,8393202.5,0.006448817905038595,0.006136587355285883
sample_28,10351,8356,80687.5,8393202.5,0.01592947542667389,0.00829298049211502
sample_28,10351,8357,80697.5,8393202.5,0.016421690583229065,0.0016380173619836569
sample_28,10351,8358,80707.5,8393202.5,0.007977917790412903,0.0050487220287323
sample_28,10351,8359,80717.5,8393202.5,0.016888445243239403,0.001518114353530109
sample_28,10351,8360,80727.5,8393202.5,0.020063402131199837,0.006174648646265268
sample_28,10352,8341,80537.5,8393192.5,0.016910871490836143,0.001893920241855085
sample_28,10352,8342,80547.5,8393192.5,0.016161883249878883,0.005068865604698658
sample_28,10352,8343,80557.5,8393192.5,0.007510332390666008,0.004904343280941248
sample_28,10352,8344,80567.5,8393192.5,0.013320408761501312,0.009551947936415672
sample_28,10352,8345,80577.5,8393192.5,0.00902827363461256,0.006954265292733908
sample_28,10352,8346,80587.5,8393192.5,0.02249166928231716,0.005557280965149403
sample_28,10352,8347,80597.5,8393192.5,0.00880947895348072,0.004558804910629988
sample_28,10352,8348,80607.5,8393192.5,0.015005838125944138,0.004272963386029005
sample_28,10352,8349,80617.5,8393192.5,0.015002414584159851,0.008233633823692799
sample_28,10352,8350,80627.5,8393192.5,0.017464973032474518,0.006113418843597174
sample_28,10352,8351,80637.5,8393192.5,0.0034745954908430576,0.004013304598629475
sample_28,10352,8352,80647.5,8393192.5,0.00837351568043232,0.00566154345870018
sample_28,10352,8353,80657.5,8393192.5,0.007867394015192986,0.007036908529698849
sample_28,10352,8354,80667.5,8393192.5,0.01323995552957058,0.003346187062561512
sample_28,10352,8355,80677.5,8393192.5,0.006247676908969879,0.007913962006568909
sample_28,10352,8356,80687.5,8393192.5,0.010000023990869522,0.004246915690600872
sample_28,10352,8357,80697.5,8393192.5,0.013576298020780087,0.003324056277051568
sample_28,10352,8358,80707.5,8393192.5,0.0063895960338413715,0.00795730296522379
sample_28,10352,8359,80717.5,8393192.5,0.01558937318623066,0.002037327503785491
sample_28,10352,8360,80727.5,8393192.5,0.01478932611644268,0.0027601514011621475
sample_28,10353,8341,80537.5,8393182.5,0.022993402555584908,0.003171999007463455
sample_28,10353,8342,80547.5,8393182.5,0.012572640553116798,0.009693418629467487
sample_28,10353,8343,80557.5,8393182.5,0.009598561562597752,0.0043476964347064495
sample_28,10353,8344,80567.5,8393182.5,0.021282747387886047,0.01253780722618103
sample_28,10353,8345,80577.5,8393182.5,0.006724831648170948,0.00536360451951623
sample_28,10353,8346,80587.5,8393182.5,0.015351757407188416,0.0021983752958476543
sample_28,10353,8347,80597.5,8393182.5,0.007369863335043192,0.009481271728873253
sample_28,10353,8348,80607.5,8393182.5,0.008725631982088089,0.0032043650280684233
sample_28,10353,8349,80617.5,8393182.5,0.010424500331282616,0.006503127980977297
sample_28,10353,8350,80627.5,8393182.5,0.011545857414603233,0.009613887406885624
sample_28,10353,8351,80637.5,8393182.5,0.012340118177235126,0.0019634421914815903
sample_28,10353,8352,80647.5,8393182.5,0.008292281068861485,0.008143694140017033
sample_28,10353,8353,80657.5,8393182.5,0.02383304387331009,0.0060244351625442505
sample_28,10353,8354,80667.5,8393182.5,0.017036447301506996,0.0035315584391355515
sample_28,10353,8355,80677.5,8393182.5,0.0065042003989219666,0.003587559564039111
sample_28,10353,8356,80687.5,8393182.5,0.004310102201998234,0.0029058167710900307
sample_28,10353,8357,80697.5,8393182.5,0.00924388226121664,0.0031439007725566626
sample_28,10353,8358,80707.5,8393182.5,0.007442499976605177,0.001488202135078609
sample_28,10353,8359,80717.5,8393182.5,0.008918424136936665,0.006630709394812584
sample_28,10353,8360,80727.5,8393182.5,0.019267089664936066,0.005102773662656546
sample_28,10354,8341,80537.5,8393172.5,0.011883856728672981,0.0030947206541895866
sample_28,10354,8342,80547.5,8393172.5,0.014728263020515442,0.0030032850336283445
sample_28,10354,8343,80557.5,8393172.5,0.01108300406485796,0.003927626181393862
sample_28,10354,8344,80567.5,8393172.5,0.014624657109379768,0.00824708305299282
sample_28,10354,8345,80577.5,8393172.5,0.018396981060504913,0.0055954852141439915
sample_28,10354,8346,80587.5,8393172.5,0.009300137870013714,0.00482580903917551
sample_28,10354,8347,80597.5,8393172.5,0.02626839652657509,0.013832568190991879
sample_28,10354,8348,80607.5,8393172.5,0.014210382476449013,0.0028960974887013435
sample_28,10354,8349,80617.5,8393172.5,0.01359777431935072,0.0012999107129871845
sample_28,10354,8350,80627.5,8393172.5,0.007198379375040531,0.0023336291778832674
sample_28,10354,8351,80637.5,8393172.5,0.009255608543753624,0.004302237182855606
sample_28,10354,8352,80647.5,8393172.5,0.0060067507438361645,0.005130454897880554
sample_28,10354,8353,80657.5,8393172.5,0.01271830778568983,0.003027226310223341
sample_28,10354,8354,80667.5,8393172.5,0.013125313445925713,0.004858801141381264
sample_28,10354,8355,80677.5,8393172.5,0.008236408233642578,0.006862408481538296
sample_28,10354,8356,80687.5,8393172.5,0.016370009630918503,0.007045936770737171
sample_28,10354,8357,80697.5,8393172.5,0.01200847327709198,0.00784735195338726
sample_28,10354,8358,80707.5,8393172.5,0.006180921103805304,0.004044719971716404
sample_28,10354,8359,80717.5,8393172.5,0.0061992136761546135,0.008878749795258045
sample_28,10354,8360,80727.5,8393172.5,0.011499716900289059,0.008404508233070374
sample_28,10355,8341,80537.5,8393162.5,0.011045734398066998,0.006560178939253092
sample_28,10355,8342,80547.5,8393162.5,0.020538097247481346,0.005271135363727808
sample_28,10355,8343,80557.5,8393162.5,0.008210963569581509,0.003912840038537979
sample_28,10355,8344,80567.5,8393162.5,0.0030123796314001083,0.00721216294914484
sample_28,10355,8345,80577.5,8393162.5,0.004679969046264887,0.0029342747293412685
sample_28,10355,8346,80587.5,8393162.5,0.021674104034900665,0.01182371936738491
sample_28,10355,8347,80597.5,8393162.5,0.01873934641480446,0.003227300476282835
sample_28,10355,8348,80607.5,8393162.5,0.011175545863807201,0.005473967641592026
sample_28,10355,8349,80617.5,8393162.5,0.019651969894766808,0.005289518274366856
sample_28,10355,8350,80627.5,8393162.5,0.014695919118821621,0.0060539040714502335
sample_28,10355,8351,80637.5,8393162.5,0.03415998816490173,0.008453781716525555
sample_28,10355,8352,80647.5,8393162.5,0.005859916098415852,0.007888014428317547
sample_28,10355,8353,80657.5,8393162.5,0.028122369199991226,0.0071114846505224705
sample_28,10355,8354,80667.5,8393162.5,0.006982761900871992,0.0023864093236625195
sample_28,10355,8355,80677.5,8393162.5,0.009120583534240723,0.0029360514599829912
sample_28,10355,8356,80687.5,8393162.5,0.015841713175177574,0.009697016328573227
sample_28,10355,8357,80697.5,8393162.5,0.009310784749686718,0.002947408938780427
sample_28,10355,8358,80707.5,8393162.5,0.009073510766029358,0.0043769339099526405
sample_28,10355,8359,80717.5,8393162.5,0.007869834080338478,0.00785738043487072
sample_28,10355,8360,80727.5,8393162.5,0.012742280960083008,0.008585561998188496
sample_28,10356,8341,80537.5,8393152.5,0.02857627160847187,0.008843507617712021
sample_28,10356,8342,80547.5,8393152.5,0.017146186903119087,0.013094141148030758
sample_28,10356,8343,80557.5,8393152.5,0.02597961761057377,0.006651807110756636
sample_28,10356,8344,80567.5,8393152.5,0.021643001586198807,0.006815537344664335
sample_28,10356,8345,80577.5,8393152.5,0.010817978531122208,0.01312013529241085
sample_28,10356,8346,80587.5,8393152.5,0.014866231009364128,0.002677787560969591
sample_28,10356,8347,80597.5,8393152.5,0.013907426036894321,0.006319725885987282
sample_28,10356,8348,80607.5,8393152.5,0.012570398859679699,0.006256099324673414
sample_28,10356,8349,80617.5,8393152.5,0.02149699255824089,0.004903734195977449
sample_28,10356,8350,80627.5,8393152.5,0.02037305384874344,0.003182840533554554
sample_28,10356,8351,80637.5,8393152.5,0.010188860818743706,0.007606584578752518
sample_28,10356,8352,80647.5,8393152.5,0.0038260736037045717,0.007411797996610403
sample_28,10356,8353,80657.5,8393152.5,0.007686023134738207,0.005920911207795143
sample_28,10356,8354,80667.5,8393152.5,0.0038906768895685673,0.0066098119132220745
sample_28,10356,8355,80677.5,8393152.5,0.008486684411764145,0.0014505543513223529
sample_28,10356,8356,80687.5,8393152.5,0.005972132086753845,0.007661689072847366
sample_28,10356,8357,80697.5,8393152.5,0.010086354799568653,0.0063438983634114265
sample_28,10356,8358,80707.5,8393152.5,0.015833301469683647,0.0037215249612927437
sample_28,10356,8359,80717.5,8393152.5,0.009131807833909988,0.005817273166030645
sample_28,10356,8360,80727.5,8393152.5,0.02162497490644455,0.010285683907568455
sample_28,10357,8341,80537.5,8393142.5,0.009540379047393799,0.004819807596504688
sample_28,10357,8342,80547.5,8393142.5,0.0037649055011570454,0.013085977174341679
sample_28,10357,8343,80557.5,8393142.5,0.018420783802866936,0.008006024174392223
sample_28,10357,8344,80567.5,8393142.5,0.02320077084004879,0.005513335578143597
sample_28,10357,8345,80577.5,8393142.5,0.0066536543890833855,0.008709347806870937
sample_28,10357,8346,80587.5,8393142.5,0.008784357458353043,0.0022057155147194862
sample_28,10357,8347,80597.5,8393142.5,0.009293603710830212,0.006478939205408096
sample_28,10357,8348,80607.5,8393142.5,0.0053527201525866985,0.011537294834852219
sample_28,10357,8349,80617.5,8393142.5,0.010640938766300678,0.008223764598369598
sample_28,10357,8350,80627.5,8393142.5,0.007409548386931419,0.006393470801413059
sample_28,10357,8351,80637.5,8393142.5,0.011293343268334866,0.004091084934771061
sample_28,10357,8352,80647.5,8393142.5,0.00666360929608345,0.0005309960688464344
sample_28,10357,8353,80657.5,8393142.5,0.008744031190872192,0.008005650714039803
sample_28,10357,8354,80667.5,8393142.5,0.015683697536587715,0.0024681261274963617
sample_28,10357,8355,80677.5,8393142.5,0.00918605923652649,0.007024146616458893
sample_28,10357,8356,80687.5,8393142.5,0.009934117086231709,0.004809260368347168
sample_28,10357,8357,80697.5,8393142.5,0.007018244359642267,0.011847760528326035
sample_28,10357,8358,80707.5,8393142.5,0.02113139070570469,0.005268996115773916
sample_28,10357,8359,80717.5,8393142.5,0.01940460130572319,0.007167857140302658
sample_28,10357,8360,80727.5,8393142.5,0.016264067962765694,0.010124997235834599
sample_28,10358,8341,80537.5,8393132.5,0.0053774514235556126,0.006307652220129967
sample_28,10358,8342,80547.5,8393132.5,0.014804273843765259,0.004951333161443472
sample_28,10358,8343,80557.5,8393132.5,0.017269132658839226,0.005944779142737389
sample_28,10358,8344,80567.5,8393132.5,0.01015237532556057,0.006102253217250109
sample_28,10358,8345,80577.5,8393132.5,0.007489146664738655,0.00541079044342041
sample_28,10358,8346,80587.5,8393132.5,0.014012740924954414,0.00640572514384985
sample_28,10358,8347,80597.5,8393132.5,0.00921911746263504,0.007757133804261684
sample_28,10358,8348,80607.5,8393132.5,0.01350175216794014,0.00603652186691761
sample_28,10358,8349,80617.5,8393132.5,0.014645855873823166,0.00380447949282825
sample_28,10358,8350,80627.5,8393132.5,0.028712820261716843,0.0010226217564195395
sample_28,10358,8351,80637.5,8393132.5,0.02926339954137802,0.007420314010232687
sample_28,10358,8352,80647.5,8393132.5,0.026629606261849403,0.006522872019559145
sample_28,10358,8353,80657.5,8393132.5,0.010495809838175774,0.002509470796212554
sample_28,10358,8354,80667.5,8393132.5,0.007569513283669949,0.006299878470599651
sample_28,10358,8355,80677.5,8393132.5,0.011395161971449852,0.003781496314331889
sample_28,10358,8356,80687.5,8393132.5,0.013555598445236683,0.00393317174166441
sample_28,10358,8357,80697.5,8393132.5,0.04341260343790054,0.0035300147719681263
sample_28,10358,8358,80707.5,8393132.5,0.007303206715732813,0.003778505604714155
sample_28,10358,8359,80717.5,8393132.5,0.0074663590639829636,0.006130235735327005
sample_28,10358,8360,80727.5,8393132.5,0.052439697086811066,0.005982120521366596
sample_28,10359,8342,80547.5,8393122.5,0.015705248340964317,0.002022598637267947
sample_28,10359,8343,80557.5,8393122.5,0.010100244544446468,0.006784244440495968
sample_28,10359,8344,80567.5,8393122.5,0.02742902562022209,0.00294675724580884
sample_28,10359,8345,80577.5,8393122.5,0.00977016519755125,0.002639989135786891
sample_28,10359,8346,80587.5,8393122.5,0.017465868964791298,0.007928911596536636
sample_28,10359,8347,80597.5,8393122.5,0.004923585336655378,0.0067273336462676525
sample_28,10359,8348,80607.5,8393122.5,0.017891574651002884,0.00933834072202444
sample_28,10359,8349,80617.5,8393122.5,0.004946194123476744,0.004700800869613886
sample_28,10359,8350,80627.5,8393122.5,0.005247465334832668,0.00950042437762022
sample_28,10359,8351,80637.5,8393122.5,0.015358670614659786,0.0101024704053998
sample_28,10359,8352,80647.5,8393122.5,0.01694422960281372,0.0030806963331997395
sample_28,10359,8353,80657.5,8393122.5,0.011380906216800213,0.004426319617778063
sample_28,10359,8354,80667.5,8393122.5,0.01272274274379015,0.007165480870753527
sample_28,10359,8355,80677.5,8393122.5,0.0051065050065517426,0.010884782299399376
sample_28,10359,8356,80687.5,8393122.5,0.013648848049342632,0.011439240537583828
sample_28,10359,8357,80697.5,8393122.5,0.019237298518419266,0.006321242544800043
sample_28,10359,8358,80707.5,8393122.5,0.030861351639032364,0.011282709427177906
sample_28,10359,8359,80717.5,8393122.5,0.02021143212914467,0.004511026665568352
sample_28,10359,8360,80727.5,8393122.5,0.01784634031355381,0.003456353209912777
sample_28,10360,8342,80547.5,8393112.5,0.00799647532403469,0.003055545734241605
sample_29,9200,8694,84067.5,8404712.5,0.01387946680188179,0.005589991807937622
sample_29,9200,8695,84077.5,8404712.5,0.010904623195528984,0.0014592381194233894
sample_29,9200,8696,84087.5,8404712.5,0.032717227935791016,0.005083870142698288
sample_29,9200,8697,84097.5,8404712.5,0.018232911825180054,0.0019390020752325654
sample_29,9200,8698,84107.5,8404712.5,0.007898169569671154,0.00449719512835145
sample_29,9200,8699,84117.5,8404712.5,0.007311492692679167,0.003924871329218149
sample_29,9200,8700,84127.5,8404712.5,0.010239355266094208,0.001618838170543313
sample_29,9200,8701,84137.5,8404712.5,0.010120674036443233,0.004176671616733074
sample_29,9200,8702,84147.5,8404712.5,0.012390535324811935,0.0025634774938225746
sample_29,9200,8703,84157.5,8404712.5,0.008468866348266602,0.003969453740864992
sample_29,9200,8704,84167.5,8404712.5,0.010715203359723091,0.0037428748328238726
sample_29,9200,8705,84177.5,8404712.5,0.006833999417722225,0.007333618588745594
sample_29,9200,8706,84187.5,8404712.5,0.023896392434835434,0.002526449505239725
sample_29,9200,8707,84197.5,8404712.5,0.004364085383713245,0.008763978257775307
sample_29,9200,8708,84207.5,8404712.5,0.003899461356922984,0.014880146831274033
sample_29,9200,8709,84217.5,8404712.5,0.008194293826818466,0.008007689379155636
sample_29,9200,8710,84227.5,8404712.5,0.006754554808139801,0.007941309362649918
sample_29,9200,8711,84237.5,8404712.5,0.02148374170064926,0.0069337086752057076
sample_29,9200,8712,84247.5,8404712.5,0.014313633553683758,0.006501197814941406
sample_29,9201,8694,84067.5,8404702.5,0.014320834539830685,0.0050917090848088264
sample_29,9201,8695,84077.5,8404702.5,0.005286410450935364,0.0072931163012981415
sample_29,9201,8696,84087.5,8404702.5,0.017874721437692642,0.0003651088918559253
sample_29,9201,8697,84097.5,8404702.5,0.014350825920701027,0.008401578292250633
sample_29,9201,8698,84107.5,8404702.5,0.0061704665422439575,0.005604973528534174
sample_29,9201,8699,84117.5,8404702.5,0.008325123228132725,0.0024808894377201796
sample_29,9201,8700,84127.5,8404702.5,0.007757862564176321,0.0051838187500834465
sample_29,9201,8701,84137.5,8404702.5,0.008704296313226223,0.0030724878888577223
sample_29,9201,8702,84147.5,8404702.5,0.007655330467969179,0.003528810804709792
sample_29,9201,8703,84157.5,8404702.5,0.018622582778334618,0.0036936290562152863
sample_29,9201,8704,84167.5,8404702.5,0.026247866451740265,0.011062193661928177
sample_29,9201,8705,84177.5,8404702.5,0.03052898868918419,0.006518728099763393
sample_29,9201,8706,84187.5,8404702.5,0.04128027707338333,0.004689013585448265
sample_29,9201,8707,84197.5,8404702.5,0.023579027503728867,0.004845102317631245
sample_29,9201,8708,84207.5,8404702.5,0.014995637349784374,0.009433434344828129
sample_29,9201,8709,84217.5,8404702.5,0.020354244858026505,0.0072494205087423325
sample_29,9201,8710,84227.5,8404702.5,0.014756124466657639,0.009181407280266285
sample_29,9201,8711,84237.5,8404702.5,0.01970023289322853,0.0027270284481346607
sample_29,9201,8712,84247.5,8404702.5,0.03261510655283928,0.00486280582845211
sample_29,9202,8694,84067.5,8404692.5,0.014689396135509014,0.004900421481579542
sample_29,9202,8695,84077.5,8404692.5,0.009494264610111713,0.0023870738223195076
sample_29,9202,8696,84087.5,8404692.5,0.00626158993691206,0.005121138412505388
sample_29,9202,8697,84097.5,8404692.5,0.0045866272412240505,0.007990313693881035
sample_29,9202,8698,84107.5,8404692.5,0.015656420961022377,0.004354940727353096
sample_29,9202,8699,84117.5,8404692.5,0.005379481241106987,0.00463847303763032
sample_29,9202,8700,84127.5,8404692.5,0.013081841170787811,0.00950730498880148
sample_29,9202,8701,84137.5,8404692.5,0.0154307521879673,0.006788337603211403
sample_29,9202,8702,84147.5,8404692.5,0.00728816632181406,0.0036214287392795086
sample_29,9202,8703,84157.5,8404692.5,0.0064101810567080975,0.003454281948506832
sample_29,9202,8704,84167.5,8404692.5,0.0032022367231547832,0.005708115175366402
sample_29,9202,8705,84177.5,8404692.5,0.007715643849223852,0.005635119043290615
sample_29,9202,8706,84187.5,8404692.5,0.0139422956854105,0.003267385996878147
sample_29,9202,8707,84197.5,8404692.5,0.013232753612101078,0.005849285051226616
sample_29,9202,8708,84207.5,8404692.5,0.009174097329378128,0.010279457084834576
sample_29,9202,8709,84217.5,8404692.5,0.026814669370651245,0.002915844786912203
sample_29,9202,8710,84227.5,8404692.5,0.026036608964204788,0.0046648746356368065
sample_29,9202,8711,84237.5,8404692.5,0.02018623799085617,0.007918916642665863
sample_29,9202,8712,84247.5,8404692.5,0.014432777650654316,0.0027715659234672785
sample_29,9203,8694,84067.5,8404682.5,0.00622991006821394,0.004190210253000259
sample_29,9203,8695,84077.5,8404682.5,0.010334792546927929,0.003292151726782322
sample_29,9203,8696,84087.5,8404682.5,0.020075464621186256,0.003966392949223518
sample_29,9203,8697,84097.5,8404682.5,0.0071173664182424545,0.00524175213649869
sample_29,9203,8698,84107.5,8404682.5,0.012027467601001263,0.0089224549010396
sample_29,9203,8699,84117.5,8404682.5,0.015113351866602898,0.004795712418854237
sample_29,9203,8700,84127.5,8404682.5,0.020544782280921936,0.014839444309473038
sample_29,9203,8701,84137.5,8404682.5,0.013757848180830479,0.004837392829358578
sample_29,9203,8702,84147.5,8404682.5,0.0065148454159498215,0.008014083839952946
sample_29,9203,8703,84157.5,8404682.5,0.0259072445333004,0.008843234740197659
sample_29,9203,8704,84167.5,8404682.5,0.009116771630942822,0.008482849225401878
sample_29,9203,8705,84177.5,8404682.5,0.018142664805054665,0.010453513823449612
sample_29,9203,8706,84187.5,8404682.5,0.007429028861224651,0.0069740088656544685
sample_29,9203,8707,84197.5,8404682.5,0.012198137119412422,0.004692594986408949
sample_29,9203,8708,84207.5,8404682.5,0.025362785905599594,0.010285913944244385
sample_29,9203,8709,84217.5,8404682.5,0.015488303266465664,0.002809627680107951
sample_29,9203,8710,84227.5,8404682.5,0.007275219541043043,0.014997867867350578
sample_29,9203,8711,84237.5,8404682.5,0.024251287803053856,0.004083177074790001
sample_29,9203,8712,84247.5,8404682.5,0.008020561188459396,0.008714028634130955
sample_29,9204,8694,84067.5,8404672.5,0.01703914999961853,0.008671833202242851
sample_29,9204,8695,84077.5,8404672.5,0.03213927149772644,0.0031547422986477613
sample_29,9204,8696,84087.5,8404672.5,0.005795373115688562,0.0060036517679691315
sample_29,9204,8697,84097.5,8404672.5,0.010235168039798737,0.009573237039148808
sample_29,9204,8698,84107.5,8404672.5,0.00538824824616313,0.003817494958639145
sample_29,9204,8699,84117.5,8404672.5,0.011608533561229706,0.007361571304500103
sample_29,9204,8700,84127.5,8404672.5,0.016472285613417625,0.018831897526979446
sample_29,9204,8701,84137.5,8404672.5,0.012610198929905891,0.007935588248074055
sample_29,9204,8702,84147.5,8404672.5,0.01484420895576477,0.0066156769171357155
sample_29,9204,8703,84157.5,8404672.5,0.03652486950159073,0.007071121595799923
sample_29,9204,8704,84167.5,8404672.5,0.004004945047199726,0.002263711066916585
sample_29,9204,8705,84177.5,8404672.5,0.011637596413493156,0.0022133542224764824
sample_29,9204,8706,84187.5,8404672.5,0.00852707214653492,0.006700191646814346
sample_29,9204,8707,84197.5,8404672.5,0.024899255484342575,0.006535434164106846
sample_29,9204,8708,84207.5,8404672.5,0.019828321412205696,0.0029266925994306803
sample_29,9204,8709,84217.5,8404672.5,0.029240526258945465,0.007689793594181538
sample_29,9204,8710,84227.5,8404672.5,0.007078175432980061,0.009297792799770832
sample_29,9204,8711,84237.5,8404672.5,0.009158384054899216,0.0037536725867539644
sample_29,9204,8712,84247.5,8404672.5,0.007916176691651344,0.0018895033281296492
sample_29,9205,8694,84067.5,8404662.5,0.00502714654430747,0.008354985155165195
sample_29,9205,8695,84077.5,8404662.5,0.011228473857045174,0.0042138295248150826
sample_29,9205,8696,84087.5,8404662.5,0.01846795342862606,0.0034389332868158817
sample_29,9205,8697,84097.5,8404662.5,0.011434495449066162,0.0032292786054313183
sample_29,9205,8698,84107.5,8404662.5,0.007742892485111952,0.006049320567399263
sample_29,9205,8699,84117.5,8404662.5,0.015854498371481895,0.005417926702648401
sample_29,9205,8700,84127.5,8404662.5,0.013804523274302483,0.003812168026342988
sample_29,9205,8701,84137.5,8404662.5,0.012561247684061527,0.0039373040199279785
sample_29,9205,8702,84147.5,8404662.5,0.0130410585552454,0.007517021615058184
sample_29,9205,8703,84157.5,8404662.5,0.0069902632385492325,0.004564682953059673
sample_29,9205,8704,84167.5,8404662.5,0.01568026654422283,0.002439569216221571
sample_29,9205,8705,84177.5,8404662.5,0.00585413072258234,0.00977527815848589
sample_29,9205,8706,84187.5,8404662.5,0.020448606461286545,0.007580261677503586
sample_29,9205,8707,84197.5,8404662.5,0.027412250638008118,0.009932201355695724
sample_29,9205,8708,84207.5,8404662.5,0.010235533118247986,0.01643190160393715
sample_29,9205,8709,84217.5,8404662.5,0.010236234404146671,0.0057362462393939495
sample_29,9205,8710,84227.5,8404662.5,0.016990575939416885,0.012447583489120007
sample_29,9205,8711,84237.5,8404662.5,0.015918144956231117,0.007440597750246525
sample_29,9205,8712,84247.5,8404662.5,0.0148253683000803,0.010944467037916183
sample_29,9206,8694,84067.5,8404652.5,0.006557963322848082,0.0041105980053544044
sample_29,9206,8695,84077.5,8404652.5,0.009436393156647682,0.006482427008450031
sample_29,9206,8696,84087.5,8404652.5,0.015144024975597858,0.002467924961820245
sample_29,9206,8697,84097.5,8404652.5,0.03160812705755234,0.011617324315011501
sample_29,9206,8698,84107.5,8404652.5,0.023049112409353256,0.010415501892566681
sample_29,9206,8699,84117.5,8404652.5,0.037153974175453186,0.011059663258492947
sample_29,9206,8700,84127.5,8404652.5,0.01854952611029148,0.006404004991054535
sample_29,9206,8701,84137.5,8404652.5,0.007904081605374813,0.010626574046909809
sample_29,9206,8702,84147.5,8404652.5,0.007917225360870361,0.0034498507156968117
sample_29,9206,8703,84157.5,8404652.5,0.003548284526914358,0.0060909525491297245
sample_29,9206,8704,84167.5,8404652.5,0.014281198382377625,0.0067731780000030994
sample_29,9206,8705,84177.5,8404652.5,0.011949261650443077,0.007426710799336433
sample_29,9206,8706,84187.5,8404652.5,0.01850220002233982,0.006858755834400654
sample_29,9206,8707,84197.5,8404652.5,0.00951126404106617,0.006353688891977072
sample_29,9206,8708,84207.5,8404652.5,0.014459384605288506,0.0035798964090645313
sample_29,9206,8709,84217.5,8404652.5,0.002960863756015897,0.007013307884335518
sample_29,9206,8710,84227.5,8404652.5,0.05706804245710373,0.004572893027216196
sample_29,9206,8711,84237.5,8404652.5,0.01572084054350853,0.004935469012707472
sample_29,9206,8712,84247.5,8404652.5,0.017530495300889015,0.012134434655308723
sample_29,9207,8694,84067.5,8404642.5,0.012230237945914268,0.005644914694130421
sample_29,9207,8695,84077.5,8404642.5,0.008141225203871727,0.011416248977184296
sample_29,9207,8696,84087.5,8404642.5,0.011534110642969608,0.004034358076751232
sample_29,9207,8697,84097.5,8404642.5,0.006695504765957594,0.012693377211689949
sample_29,9207,8698,84107.5,8404642.5,0.011191301979124546,0.009438440203666687
sample_29,9207,8699,84117.5,8404642.5,0.01987268775701523,0.0035741161555051804
sample_29,9207,8700,84127.5,8404642.5,0.022771693766117096,0.005316445603966713
sample_29,9207,8701,84137.5,8404642.5,0.01972903124988079,0.0166634414345026
sample_29,9207,8702,84147.5,8404642.5,0.011668045073747635,0.008480746299028397
sample_29,9207,8703,84157.5,8404642.5,0.015108571387827396,0.0037162085063755512
sample_29,9207,8704,84167.5,8404642.5,0.015453283675014973,0.009324230253696442
sample_29,9207,8705,84177.5,8404642.5,0.02413128688931465,0.010198937729001045
sample_29,9207,8706,84187.5,8404642.5,0.009147020988166332,0.0053125834092497826
sample_29,9207,8707,84197.5,8404642.5,0.021821260452270508,0.00926482118666172
sample_29,9207,8708,84207.5,8404642.5,0.014214521273970604,0.0034110592678189278
sample_29,9207,8709,84217.5,8404642.5,0.026129793375730515,0.004062177147716284
sample_29,9207,8710,84227.5,8404642.5,0.008819627575576305,0.0024374404456466436
sample_29,9207,8711,84237.5,8404642.5,0.008079847320914268,0.004824032075703144
sample_29,9207,8712,84247.5,8404642.5,0.013866068795323372,0.011275830678641796
sample_29,9208,8694,84067.5,8404632.5,0.014680231921374798,0.0036581058520823717
sample_29,9208,8695,84077.5,8404632.5,0.03702796995639801,0.006811417639255524
sample_29,9208,8696,84087.5,8404632.5,0.020495688542723656,0.006715539377182722
sample_29,9208,8697,84097.5,8404632.5,0.00823656190186739,0.01261107437312603
sample_29,9208,8698,84107.5,8404632.5,0.006454025860875845,0.0035793031565845013
sample_29,9208,8699,84117.5,8404632.5,0.008488321676850319,0.010601060464978218
sample_29,9208,8700,84127.5,8404632.5,0.01050748024135828,0.0028977219481021166
sample_29,9208,8701,84137.5,8404632.5,0.027479643002152443,0.0019284994341433048
sample_29,9208,8702,84147.5,8404632.5,0.01596575602889061,0.0034869483206421137
sample_29,9208,8703,84157.5,8404632.5,0.01496959663927555,0.004256045445799828
sample_29,9208,8704,84167.5,8404632.5,0.02666957676410675,0.003560079960152507
sample_29,9208,8705,84177.5,8404632.5,0.01664072833955288,0.005240623839199543
sample_29,9208,8706,84187.5,8404632.5,0.0112368855625391,0.00435396283864975
sample_29,9208,8707,84197.5,8404632.5,0.01082194410264492,0.004500144626945257
sample_29,9208,8708,84207.5,8404632.5,0.018543802201747894,0.008091607131063938
sample_29,9208,8709,84217.5,8404632.5,0.00836234726011753,0.002682578284293413
sample_29,9208,8710,84227.5,8404632.5,0.020410344004631042,0.005123960319906473
sample_29,9208,8711,84237.5,8404632.5,0.007467006333172321,0.0066462173126637936
sample_29,9208,8712,84247.5,8404632.5,0.006439049728214741,0.01528342068195343
sample_29,9209,8694,84067.5,8404622.5,0.04229273274540901,0.006416452117264271
sample_29,9209,8695,84077.5,8404622.5,0.016678236424922943,0.009682257659733295
sample_29,9209,8696,84087.5,8404622.5,0.012239215895533562,0.01367239560931921
sample_29,9209,8697,84097.5,8404622.5,0.02183186449110508,0.0231362022459507
sample_29,9209,8698,84107.5,8404622.5,0.002447651932016015,0.007603381294757128
sample_29,9209,8699,84117.5,8404622.5,0.025984542444348335,0.007770603522658348
sample_29,9209,8700,84127.5,8404622.5,0.02412622608244419,0.008693060837686062
sample_29,9209,8701,84137.5,8404622.5,0.026591815054416656,0.012991048395633698
sample_29,9209,8702,84147.5,8404622.5,0.014958356507122517,0.010308698751032352
sample_29,9209,8703,84157.5,8404622.5,0.007669169455766678,0.0015783263370394707
sample_29,9209,8704,84167.5,8404622.5,0.0185229629278183,0.013225074857473373
sample_29,9209,8705,84177.5,8404622.5,0.022454727441072464,0.006307105999439955
sample_29,9209,8706,84187.5,8404622.5,0.023190924897789955,0.007481459062546492
sample_29,9209,8707,84197.5,8404622.5,0.021887317299842834,0.0037369183264672756
sample_29,9209,8708,84207.5,8404622.5,0.007947300560772419,0.005455899052321911
sample_29,9209,8709,84217.5,8404622.5,0.013307373970746994,0.008643073961138725
sample_29,9209,8710,84227.5,8404622.5,0.006421317346394062,0.005300180986523628
sample_29,9209,8711,84237.5,8404622.5,0.022885479032993317,0.002487377729266882
sample_29,9209,8712,84247.5,8404622.5,0.028166912496089935,0.015522399917244911
sample_29,9210,8694,84067.5,8404612.5,0.006115285214036703,0.010392560623586178
sample_29,9210,8695,84077.5,8404612.5,0.01148982159793377,0.001869239378720522
sample_29,9210,8696,84087.5,8404612.5,0.02541622892022133,0.005935876164585352
sample_29,9210,8697,84097.5,8404612.5,0.0065836915746331215,0.00897025316953659
sample_29,9210,8698,84107.5,8404612.5,0.01029700692743063,0.004924984183162451
sample_29,9210,8699,84117.5,8404612.5,0.014558626338839531,0.0015195178566500545
sample_29,9210,8700,84127.5,8404612.5,0.005830206908285618,0.0029109304305166006
sample_29,9210,8701,84137.5,8404612.5,0.010984278284013271,0.00820324569940567
sample_29,9210,8702,84147.5,8404612.5,0.008947419933974743,0.0037821149453520775
sample_29,9210,8703,84157.5,8404612.5,0.005089833401143551,0.007218366954475641
sample_29,9210,8704,84167.5,8404612.5,0.01622598245739937,0.004677668679505587
sample_29,9210,8705,84177.5,8404612.5,0.02289138175547123,0.012161007151007652
sample_29,9210,8706,84187.5,8404612.5,0.017767641693353653,0.009093538857996464
sample_29,9210,8707,84197.5,8404612.5,0.023116987198591232,0.005324643105268478
sample_29,9210,8708,84207.5,8404612.5,0.010481998324394226,0.0027568605728447437
sample_29,9210,8709,84217.5,8404612.5,0.03621148690581322,0.007848937064409256
sample_29,9210,8710,84227.5,8404612.5,0.008469310589134693,0.011397328227758408
sample_29,9210,8711,84237.5,8404612.5,0.01748921163380146,0.00990394689142704
sample_29,9210,8712,84247.5,8404612.5,0.014466076157987118,0.008536802604794502
sample_29,9211,8694,84067.5,8404602.5,0.005782036110758781,0.006933970842510462
sample_29,9211,8695,84077.5,8404602.5,0.018815556541085243,0.008506979793310165
sample_29,9211,8696,84087.5,8404602.5,0.019788039848208427,0.006251433864235878
sample_29,9211,8697,84097.5,8404602.5,0.02152027189731598,0.00412418507039547
sample_29,9211,8698,84107.5,8404602.5,0.01408578921109438,0.0048585319891572
sample_29,9211,8699,84117.5,8404602.5,0.016386577859520912,0.0070280395448207855
sample_29,9211,8700,84127.5,8404602.5,0.02372957579791546,0.004017525352537632
sample_29,9211,8701,84137.5,8404602.5,0.015593514777719975,0.0030522760935127735
sample_29,9211,8702,84147.5,8404602.5,0.027680378407239914,0.005941805429756641
sample_29,9211,8703,84157.5,8404602.5,0.0181003138422966,0.005154836922883987
sample_29,9211,8704,84167.5,8404602.5,0.023734476417303085,0.006619188003242016
sample_29,9211,8705,84177.5,8404602.5,0.005778237245976925,0.004283618181943893
sample_29,9211,8706,84187.5,8404602.5,0.01385420374572277,0.0027678320184350014
sample_29,9211,8707,84197.5,8404602.5,0.02608652226626873,0.0017560876440256834
sample_29,9211,8708,84207.5,8404602.5,0.030965439975261688,0.004921694751828909
sample_29,9211,8709,84217.5,8404602.5,0.010535703040659428,0.009385135024785995
sample_29,9211,8710,84227.5,8404602.5,0.016433514654636383,0.004224937409162521
sample_29,9211,8711,84237.5,8404602.5,0.0321146622300148,0.001792042632587254
sample_29,9211,8712,84247.5,8404602.5,0.01646832749247551,0.004932761192321777
sample_29,9212,8694,84067.5,8404592.5,0.029032519087195396,0.0023481317330151796
sample_29,9212,8695,84077.5,8404592.5,0.008281446062028408,0.001791997579857707
sample_29,9212,8696,84087.5,8404592.5,0.029057208448648453,0.004297270905226469
sample_29,9212,8697,84097.5,8404592.5,0.018894117325544357,0.006839509587734938
sample_29,9212,8698,84107.5,8404592.5,0.012054333463311195,0.012766057625412941
sample_29,9212,8699,84117.5,8404592.5,0.010981766507029533,0.009543625637888908
sample_29,9212,8700,84127.5,8404592.5,0.0059227244928479195,0.005124619696289301
sample_29,9212,8701,84137.5,8404592.5,0.019866734743118286,0.008137732744216919
sample_29,9212,8702,84147.5,8404592.5,0.0057902224361896515,0.010858675464987755
sample_29,9212,8703,84157.5,8404592.5,0.01577354036271572,0.00505084078758955
sample_29,9212,8704,84167.5,8404592.5,0.012760371901094913,0.003675985150039196
sample_29,9212,8705,84177.5,8404592.5,0.008834969252347946,0.005860626697540283
sample_29,9212,8706,84187.5,8404592.5,0.009763111360371113,0.006155265495181084
sample_29,9212,8707,84197.5,8404592.5,0.019699223339557648,0.006309612188488245
sample_29,9212,8708,84207.5,8404592.5,0.009100082330405712,0.010940414853394032
sample_29,9212,8709,84217.5,8404592.5,0.008566717617213726,0.005848771892488003
sample_29,9212,8710,84227.5,8404592.5,0.02798713929951191,0.002731556538492441
sample_29,9212,8711,84237.5,8404592.5,0.00879341084510088,0.0028671803884208202
sample_29,9212,8712,84247.5,8404592.5,0.01895182393491268,0.002611174015328288
sample_29,9212,8713,84257.5,8404592.5,0.007700193673372269,0.011345285922288895
sample_29,9213,8694,84067.5,8404582.5,0.009621767327189445,0.003651145612820983
sample_29,9213,8695,84077.5,8404582.5,0.005128585267812014,0.003188685979694128
sample_29,9213,8696,84087.5,8404582.5,0.03768946975469589,0.0037979159969836473
sample_29,9213,8697,84097.5,8404582.5,0.03200019523501396,0.0016543178353458643
sample_29,9213,8698,84107.5,8404582.5,0.01924343965947628,0.017443014308810234
sample_29,9213,8699,84117.5,8404582.5,0.008703339844942093,0.0031189594883471727
sample_29,9213,8700,84127.5,8404582.5,0.02240917831659317,0.0049493638798594475
sample_29,9213,8701,84137.5,8404582.5,0.007186803035438061,0.005107373930513859
sample_29,9213,8702,84147.5,8404582.5,0.01630818285048008,0.006038764491677284
sample_29,9213,8703,84157.5,8404582.5,0.00863836333155632,0.009408904239535332
sample_29,9213,8704,84167.5,8404582.5,0.025985756888985634,0.006887929048389196
sample_29,9213,8705,84177.5,8404582.5,0.00637407973408699,0.00462368642911315
sample_29,9213,8706,84187.5,8404582.5,0.0067022512666881084,0.013367007486522198
sample_29,9213,8707,84197.5,8404582.5,0.01421978510916233,0.013384967111051083
sample_29,9213,8708,84207.5,8404582.5,0.00664908392354846,0.01175283920019865
sample_29,9213,8709,84217.5,8404582.5,0.019684670493006706,0.015887387096881866
sample_29,9213,8710,84227.5,8404582.5,0.01711585372686386,0.005753174424171448
sample_29,9213,8711,84237.5,8404582.5,0.016152458265423775,0.006414191797375679
sample_29,9213,8712,84247.5,8404582.5,0.013378097675740719,0.014206765219569206
sample_29,9213,8713,84257.5,8404582.5,0.009973159059882164,0.0022587981075048447
sample_29,9214,8694,84067.5,8404572.5,0.003494070377200842,0.0020377044565975666
sample_29,9214,8695,84077.5,8404572.5,0.010091564618051052,0.004157894756644964
sample_29,9214,8696,84087.5,8404572.5,0.010402834042906761,0.007863563485443592
sample_29,9214,8697,84097.5,8404572.5,0.01170008722692728,0.01232463214546442
sample_29,9214,8698,84107.5,8404572.5,0.022461459040641785,0.00791654922068119
sample_29,9214,8699,84117.5,8404572.5,0.006504382938146591,0.0047388807870447636
sample_29,9214,8700,84127.5,8404572.5,0.01594739593565464,0.008026845753192902
sample_29,9214,8701,84137.5,8404572.5,0.010994836688041687,0.0038867825642228127
sample_29,9214,8702,84147.5,8404572.5,0.012702291831374168,0.0029544499702751637
sample_29,9214,8703,84157.5,8404572.5,0.010553425177931786,0.004110198467969894
sample_29,9214,8704,84167.5,8404572.5,0.013655949383974075,0.006018675398081541
sample_29,9214,8705,84177.5,8404572.5,0.012720020487904549,0.006128750275820494
sample_29,9214,8706,84187.5,8404572.5,0.010304193943738937,0.007863893173635006
sample_29,9214,8707,84197.5,8404572.5,0.015154232271015644,0.006415233016014099
sample_29,9214,8708,84207.5,8404572.5,0.028468869626522064,0.007668272126466036
sample_29,9214,8709,84217.5,8404572.5,0.009704562835395336,0.0031284161377698183
sample_29,9214,8710,84227.5,8404572.5,0.009942222386598587,0.003340416355058551
sample_29,9214,8711,84237.5,8404572.5,0.014548302628099918,0.004022687207907438
sample_29,9214,8712,84247.5,8404572.5,0.018007634207606316,0.007343323901295662
sample_29,9214,8713,84257.5,8404572.5,0.045354802161455154,0.004356067162007093
sample_29,9215,8694,84067.5,8404562.5,0.00912138819694519,0.009313158690929413
sample_29,9215,8695,84077.5,8404562.5,0.016089411452412605,0.004445432219654322
sample_29,9215,8696,84087.5,8404562.5,0.011064570397138596,0.009393694810569286
sample_29,9215,8697,84097.5,8404562.5,0.008775591850280762,0.008784197270870209
sample_29,9215,8698,84107.5,8404562.5,0.009815875440835953,0.006889629643410444
sample_29,9215,8699,84117.5,8404562.5,0.004693157970905304,0.004156517330557108
sample_30,6000,12084,117967.5,8436712.5,0.02629656344652176,0.0031914319843053818
sample_30,6000,12085,117977.5,8436712.5,0.01380163710564375,0.0027303691022098064
sample_30,6000,12086,117987.5,8436712.5,0.020004253834486008,0.004890942946076393
sample_30,6000,12087,117997.5,8436712.5,0.003552156500518322,0.002448531799018383
sample_30,6000,12088,118007.5,8436712.5,0.014669664204120636,0.010076256468892097
sample_30,6000,12089,118017.5,8436712.5,0.00818962138146162,0.0042094457894563675
sample_30,6000,12090,118027.5,8436712.5,0.008859590627253056,0.006560674402862787
sample_30,6000,12091,118037.5,8436712.5,0.007204574998468161,0.005138780921697617
sample_30,6000,12092,118047.5,8436712.5,0.0071875955909490585,0.003909002523869276
sample_30,6000,12093,118057.5,8436712.5,0.017713259905576706,0.008086645975708961
sample_30,6000,12094,118067.5,8436712.5,0.015798108652234077,0.0023934203200042248
sample_30,6000,12095,118077.5,8436712.5,0.0179611649364233,0.001726982882246375
sample_30,6000,12096,118087.5,8436712.5,0.007661438547074795,0.006494808942079544
sample_30,6000,12097,118097.5,8436712.5,0.011188184842467308,0.004542940761893988
sample_30,6000,12098,118107.5,8436712.5,0.005019043106585741,0.003573233960196376
sample_30,6000,12099,118117.5,8436712.5,0.006120691075921059,0.0021856683306396008
sample_30,6000,12100,118127.5,8436712.5,0.00550296762958169,0.007910446263849735
sample_30,6000,12101,118137.5,8436712.5,0.007439509034156799,0.0027857369277626276
sample_30,6000,12102,118147.5,8436712.5,0.009440640918910503,0.005593357142060995
sample_30,6000,12103,118157.5,8436712.5,0.014256158843636513,0.00208480772562325
sample_30,6001,12084,117967.5,8436702.5,0.009507709182798862,0.006440863944590092
sample_30,6001,12085,117977.5,8436702.5,0.015425906516611576,0.00248337397351861
sample_30,6001,12086,117987.5,8436702.5,0.007178617641329765,0.0027705146931111813
sample_30,6001,12087,117997.5,8436702.5,0.0070892442017793655,0.003480694955214858
sample_30,6001,12088,118007.5,8436702.5,0.01514614000916481,0.005135366227477789
sample_30,6001,12089,118017.5,8436702.5,0.00786284264177084,0.006704781204462051
sample_30,6001,12090,118027.5,8436702.5,0.014924479648470879,0.006211753934621811
sample_30,6001,12091,118037.5,8436702.5,0.006475829519331455,0.0052705612033605576
sample_30,6001,12092,118047.5,8436702.5,0.00967174768447876,0.00826776772737503
sample_30,6001,12093,118057.5,8436702.5,0.007534164469689131,0.0033854192588478327
sample_30,6001,12094,118067.5,8436702.5,0.007433850318193436,0.008659830316901207
sample_30,6001,12095,118077.5,8436702.5,0.010072707198560238,0.007917547598481178
sample_30,6001,12096,118087.5,8436702.5,0.02329224906861782,0.005766195710748434
sample_30,6001,12097,118097.5,8436702.5,0.0083732008934021,0.003922579810023308
sample_30,6001,12098,118107.5,8436702.5,0.019404854625463486,0.010515699163079262
sample_30,6001,12099,118117.5,8436702.5,0.022620538249611855,0.0038158665411174297
sample_30,6001,12100,118127.5,8436702.5,0.00756105687469244,0.0049215517938137054
sample_30,6001,12101,118137.5,8436702.5,0.0054047503508627415,0.0033581391908228397
sample_30,6001,12102,118147.5,8436702.5,0.012567740865051746,0.003598378039896488
sample_30,6001,12103,118157.5,8436702.5,0.013536007143557072,0.0092441625893116
sample_30,6002,12084,117967.5,8436692.5,0.014458911493420601,0.0036298190243542194
sample_30,6002,12085,117977.5,8436692.5,0.009175032377243042,0.004922287538647652
sample_30,6002,12086,117987.5,8436692.5,0.025687018409371376,0.0010675014927983284
sample_30,6002,12087,117997.5,8436692.5,0.009381371550261974,0.003381068352609873
sample_30,6002,12088,118007.5,8436692.5,0.013028795830905437,0.005164503585547209
sample_30,6002,12089,118017.5,8436692.5,0.006853962317109108,0.00573887350037694
sample_30,6002,12090,118027.5,8436692.5,0.007460762746632099,0.00992868933826685
sample_30,6002,12091,118037.5,8436692.5,0.004649028182029724,0.003354300744831562
sample_30,6002,12092,118047.5,8436692.5,0.010980070568621159,0.004963817074894905
sample_30,6002,12093,118057.5,8436692.5,0.007470657117664814,0.0028964639641344547
sample_30,6002,12094,118067.5,8436692.5,0.007508396171033382,0.0051607294008135796
sample_30,6002,12095,118077.5,8436692.5,0.006526296027004719,0.0034302757121622562
sample_30,6002,12096,118087.5,8436692.5,0.010517628863453865,0.002845813985913992
sample_30,6002,12097,118097.5,8436692.5,0.008630124852061272,0.002290453528985381
sample_30,6002,12098,118107.5,8436692.5,0.009836317971348763,0.0043904222548007965
sample_30,6002,12099,118117.5,8436692.5,0.015184401534497738,0.0022100142668932676
sample_30,6002,12100,118127.5,8436692.5,0.0021273931488394737,0.0037994179874658585
sample_30,6002,12101,118137.5,8436692.5,0.010666469112038612,0.005258637946099043
sample_30,6002,12102,118147.5,8436692.5,0.02124900370836258,0.0016752313822507858
sample_30,6002,12103,118157.5,8436692.5,0.01597413420677185,0.0024645815137773752
sample_30,6003,12084,117967.5,8436682.5,0.011131561361253262,0.008099192753434181
sample_30,6003,12085,117977.5,8436682.5,0.005260530859231949,0.0039230892434716225
sample_30,6003,12086,117987.5,8436682.5,0.008080868981778622,0.004160307813435793
sample_30,6003,12087,117997.5,8436682.5,0.01714298129081726,0.0051444536074995995
sample_30,6003,12088,118007.5,8436682.5,0.013677694834768772,0.002344819251447916
sample_30,6003,12089,118017.5,8436682.5,0.005119676236063242,0.007896059192717075
sample_30,6003,12090,118027.5,8436682.5,0.01464984193444252,0.01241137832403183
sample_30,6003,12091,118037.5,8436682.5,0.006090308539569378,0.004318839870393276
sample_30,6003,12092,118047.5,8436682.5,0.008167635649442673,0.0026974715292453766
sample_30,6003,12093,118057.5,8436682.5,0.009819860570132732,0.005172346252948046
sample_30,6003,12094,118067.5,8436682.5,0.008593219332396984,0.004042213782668114
sample_30,6003,12095,118077.5,8436682.5,0.0034204130060970783,0.004796061664819717
sample_30,6003,12096,118087.5,8436682.5,0.00894087739288807,0.0060201650485396385
sample_30,6003,12097,118097.5,8436682.5,0.0027683591470122337,0.009300804696977139
sample_30,6003,12098,118107.5,8436682.5,0.0067995041608810425,0.003646423341706395
sample_30,6003,12099,118117.5,8436682.5,0.010862931609153748,0.004268322139978409
sample_30,6003,12100,118127.5,8436682.5,0.018081363290548325,0.002124403603374958
sample_30,6003,12101,118137.5,8436682.5,0.021288525313138962,0.0009640671778470278
sample_30,6003,12102,118147.5,8436682.5,0.008393564261496067,0.003067555371671915
sample_30,6003,12103,118157.5,8436682.5,0.01660851389169693,0.004715539049357176
sample_30,6004,12084,117967.5,8436672.5,0.005720448214560747,0.0016999655636027455
sample_30,6004,12085,117977.5,8436672.5,0.006368944887071848,0.005580409429967403
sample_30,6004,12086,117987.5,8436672.5,0.021975833922624588,0.0015902912709861994
sample_30,6004,12087,117997.5,8436672.5,0.008147777989506721,0.0038288822397589684
sample_30,6004,12088,118007.5,8436672.5,0.02254522405564785,0.001659334753639996
sample_30,6004,12089,118017.5,8436672.5,0.010958799161016941,0.0035446728579699993
sample_30,6004,12090,118027.5,8436672.5,0.021091211587190628,0.005069812294095755
sample_30,6004,12091,118037.5,8436672.5,0.0077088638208806515,0.005737766623497009
sample_30,6004,12092,118047.5,8436672.5,0.010989551432430744,0.004920476116240025
sample_30,6004,12093,118057.5,8436672.5,0.004721961449831724,0.003335803048685193
sample_30,6004,12094,118067.5,8436672.5,0.011781579814851284,0.0053747291676700115
sample_30,6004,12095,118077.5,8436672.5,0.004703868646174669,0.0018328945152461529
sample_30,6004,12096,118087.5,8436672.5,0.011671344749629498,0.0017735590226948261
sample_30,6004,12097,118097.5,8436672.5,0.011371126398444176,0.0036942088045179844
sample_30,6004,12098,118107.5,8436672.5,0.008489562198519707,0.009931282140314579
sample_30,6004,12099,118117.5,8436672.5,0.007897621020674706,0.0022523582447320223
sample_30,6004,12100,118127.5,8436672.5,0.0026026787236332893,0.005453256890177727
sample_30,6004,12101,118137.5,8436672.5,0.014900059439241886,0.004891849122941494
sample_30,6004,12102,118147.5,8436672.5,0.013436106964945793,0.0036621142644435167
sample_30,6004,12103,118157.5,8436672.5,0.007569074165076017,0.015140356495976448
sample_30,6005,12084,117967.5,8436662.5,0.011812003329396248,0.0022857985459268093
sample_30,6005,12085,117977.5,8436662.5,0.01359785720705986,0.004822382237762213
sample_30,6005,12086,117987.5,8436662.5,0.031094448640942574,0.008564867079257965
sample_30,6005,12087,117997.5,8436662.5,0.010925590060651302,0.00443315552547574
sample_30,6005,12088,118007.5,8436662.5,0.008349444717168808,0.002422212390229106
sample_30,6005,12089,118017.5,8436662.5,0.011018004268407822,0.0014841260854154825
sample_30,6005,12090,118027.5,8436662.5,0.010036153718829155,0.006473383866250515
sample_30,6005,12091,118037.5,8436662.5,0.013408787548542023,0.0017366711981594563
sample_30,6005,12092,118047.5,8436662.5,0.0038403086364269257,0.0031359856948256493
sample_30,6005,12093,118057.5,8436662.5,0.0096818208694458,0.0021023377776145935
sample_30,6005,12094,118067.5,8436662.5,0.015540964901447296,0.0038164141587913036
sample_30,6005,12095,118077.5,8436662.5,0.016704097390174866,0.003259429708123207
sample_30,6005,12096,118087.5,8436662.5,0.008390862494707108,0.006057588383555412
sample_30,6005,12097,118097.5,8436662.5,0.010041609406471252,0.0009029749198816717
sample_30,6005,12098,118107.5,8436662.5,0.009028282947838306,0.007625441998243332
sample_30,6005,12099,118117.5,8436662.5,0.011605690233409405,0.003067630808800459
sample_30,6005,12100,118127.5,8436662.5,0.00898725539445877,0.009029342792928219
sample_30,6005,12101,118137.5,8436662.5,0.009271426126360893,0.00428962055593729
sample_30,6005,12102,118147.5,8436662.5,0.030837208032608032,0.004739995114505291
sample_30,6005,12103,118157.5,8436662.5,0.003179076826199889,0.005226216744631529
sample_30,6006,12084,117967.5,8436652.5,0.006459210533648729,0.0032995939254760742
sample_30,6006,12085,117977.5,8436652.5,0.007566661108285189,0.00296697486191988
sample_30,6006,12086,117987.5,8436652.5,0.01304408349096775,0.005673049949109554
sample_30,6006,12087,117997.5,8436652.5,0.015725158154964447,0.006669597700238228
sample_30,6006,12088,118007.5,8436652.5,0.03578369319438934,0.002734860870987177
sample_30,6006,12089,118017.5,8436652.5,0.003939583897590637,0.005947301629930735
sample_30,6006,12090,118027.5,8436652.5,0.008964108303189278,0.001869081985205412
sample_30,6006,12091,118037.5,8436652.5,0.012100664898753166,0.009060045704245567
sample_30,6006,12092,118047.5,8436652.5,0.014413074590265751,0.0010736510157585144
sample_30,6006,12093,118057.5,8436652.5,0.012480105273425579,0.002285903785377741
sample_30,6006,12094,118067.5,8436652.5,0.008254646323621273,0.006121390499174595
sample_30,6006,12095,118077.5,8436652.5,0.004027353599667549,0.003826166968792677
sample_30,6006,12096,118087.5,8436652.5,0.035384636372327805,0.01056701596826315
sample_30,6006,12097,118097.5,8436652.5,0.006484650541096926,0.008613474667072296
sample_30,6006,12098,118107.5,8436652.5,0.013401105999946594,0.013109858147799969
sample_30,6006,12099,118117.5,8436652.5,0.005873887799680233,0.00672675296664238
sample_30,6006,12100,118127.5,8436652.5,0.005504200235009193,0.002052521100267768
sample_30,6006,12101,118137.5,8436652.5,0.005085979588329792,0.004484150093048811
sample_30,6006,12102,118147.5,8436652.5,0.006824075244367123,0.002358728088438511
sample_30,6006,12103,118157.5,8436652.5,0.01628756709396839,0.004344877786934376
sample_30,6007,12084,117967.5,8436642.5,0.01474246196448803,0.003752872347831726
sample_30,6007,12085,117977.5,8436642.5,0.007368663791567087,0.005194278433918953
sample_30,6007,12086,117987.5,8436642.5,0.023207267746329308,0.004643063526600599
sample_30,6007,12087,117997.5,8436642.5,0.011325500905513763,0.004262333735823631
sample_30,6007,12088,118007.5,8436642.5,0.018144693225622177,0.006727098021656275
sample_30,6007,12089,118017.5,8436642.5,0.005752922035753727,0.013188360258936882
sample_30,6007,12090,118027.5,8436642.5,0.00824657641351223,0.005303744692355394
sample_30,6007,12091,118037.5,8436642.5,0.00616928655654192,0.0035728183574974537
sample_30,6007,12092,118047.5,8436642.5,0.014449359849095345,0.0059699127450585365
sample_30,6007,12093,118057.5,8436642.5,0.01766609586775303,0.0024158935993909836
sample_30,6007,12094,118067.5,8436642.5,0.0019335332326591015,0.005178719758987427
sample_30,6007,12095,118077.5,8436642.5,0.003734803758561611,0.005943466443568468
sample_30,6007,12096,118087.5,8436642.5,0.015834908932447433,0.004968117922544479
sample_30,6007,12097,118097.5,8436642.5,0.0021759620867669582,0.010683705098927021
sample_30,6007,12098,118107.5,8436642.5,0.003841689322143793,0.006448040716350079
sample_30,6007,12099,118117.5,8436642.5,0.0067698536440730095,0.0017545887967571616
sample_30,6007,12100,118127.5,8436642.5,0.008521896786987782,0.004454265348613262
sample_30,6007,12101,118137.5,8436642.5,0.014230540953576565,0.004043797496706247
sample_30,6007,12102,118147.5,8436642.5,0.004876685794442892,0.004622411914169788
sample_30,6007,12103,118157.5,8436642.5,0.008594412356615067,0.0030634126160293818
sample_30,6008,12084,117967.5,8436632.5,0.005519463215023279,0.01118636503815651
sample_30,6008,12085,117977.5,8436632.5,0.01188514195382595,0.004071708768606186
sample_30,6008,12086,117987.5,8436632.5,0.011961322277784348,0.00451627466827631
sample_30,6008,12087,117997.5,8436632.5,0.019973136484622955,0.004574704449623823
sample_30,6008,12088,118007.5,8436632.5,0.00730240810662508,0.005458331201225519
sample_30,6008,12089,118017.5,8436632.5,0.011709301732480526,0.005330449435859919
sample_30,6008,12090,118027.5,8436632.5,0.004670988768339157,0.006340306717902422
sample_30,6008,12091,118037.5,8436632.5,0.007985134609043598,0.00397251732647419
sample_30,6008,12092,118047.5,8436632.5,0.007134101819247007,0.012722590938210487
sample_30,6008,12093,118057.5,8436632.5,0.01231276523321867,0.0016081799985840917
sample_30,6008,12094,118067.5,8436632.5,0.006790644023567438,0.004446834791451693
sample_30,6008,12095,118077.5,8436632.5,0.007498552557080984,0.007380972150713205
sample_30,6008,12096,118087.5,8436632.5,0.01761925220489502,0.004707034677267075
sample_30,6008,12097,118097.5,8436632.5,0.012105918489396572,0.0023602687288075686
sample_30,6008,12098,118107.5,8436632.5,0.006586682051420212,0.01151812169700861
sample_30,6008,12099,118117.5,8436632.5,0.010906694456934929,0.00382070429623127
sample_30,6008,12100,118127.5,8436632.5,0.022551333531737328,0.0024457378312945366
sample_30,6008,12101,118137.5,8436632.5,0.01133520808070898,0.0043675247579813
sample_30,6008,12102,118147.5,8436632.5,0.011737141758203506,0.006323075387626886
sample_30,6008,12103,118157.5,8436632.5,0.005378355272114277,0.004517233464866877
sample_30,6009,12084,117967.5,8436622.5,0.007904110476374626,0.005143073387444019
sample_30,6009,12085,117977.5,8436622.5,0.005911160260438919,0.002987296087667346
sample_30,6009,12086,117987.5,8436622.5,0.009521620348095894,0.0044817328453063965
sample_30,6009,12087,117997.5,8436622.5,0.01037477608770132,0.0016252495115622878
sample_30,6009,12088,118007.5,8436622.5,0.007863719016313553,0.010798372328281403
sample_30,6009,12089,118017.5,8436622.5,0.005895806476473808,0.004867869894951582
sample_30,6009,12090,118027.5,8436622.5,0.018003420904278755,0.0033621578477323055
sample_30,6009,12091,118037.5,8436622.5,0.01164657436311245,0.0051453327760100365
sample_30,6009,12092,118047.5,8436622.5,0.00961901992559433,0.00544259138405323
sample_30,6009,12093,118057.5,8436622.5,0.014401435852050781,0.005538076627999544
sample_30,6009,12094,118067.5,8436622.5,0.022026117891073227,0.001957905013114214
sample_30,6009,12095,118077.5,8436622.5,0.016094829887151718,0.0059378910809755325
sample_30,6009,12096,118087.5,8436622.5,0.004763602279126644,0.004249275662004948
sample_30,6009,12097,118097.5,8436622.5,0.009231050498783588,0.005693224258720875
sample_30,6009,12098,118107.5,8436622.5,0.00538001861423254,0.011274415999650955
sample_30,6009,12099,118117.5,8436622.5,0.013394665904343128,0.006250622682273388
sample_30,6009,12100,118127.5,8436622.5,0.01543801836669445,0.007180634420365095
sample_30,6009,12101,118137.5,8436622.5,0.010376689955592155,0.002199247246608138
sample_30,6009,12102,118147.5,8436622.5,0.014277605339884758,0.009895311668515205
sample_30,6009,12103,118157.5,8436622.5,0.013300854712724686,0.007310405373573303
sample_30,6010,12084,117967.5,8436612.5,0.021625041961669922,0.0041248551569879055
sample_30,6010,12085,117977.5,8436612.5,0.012553139589726925,0.005243899300694466
sample_30,6010,12086,117987.5,8436612.5,0.011519926600158215,0.009175488725304604
sample_30,6010,12087,117997.5,8436612.5,0.007828881964087486,0.004254782106727362
sample_30,6010,12088,118007.5,8436612.5,0.007748251780867577,0.003863512072712183
sample_30,6010,12089,118017.5,8436612.5,0.01967741549015045,0.009668566286563873
sample_30,6010,12090,118027.5,8436612.5,0.01348200999200344,0.006167266983538866
sample_30,6010,12091,118037.5,8436612.5,0.00247595040127635,0.0034770150668919086
sample_30,6010,12092,118047.5,8436612.5,0.01424252800643444,0.0003985448565799743
sample_30,6010,12093,118057.5,8436612.5,0.020071901381015778,0.0028759397100657225
sample_30,6010,12094,118067.5,8436612.5,0.009372333064675331,0.001995651051402092
sample_30,6010,12095,118077.5,8436612.5,0.004752179142087698,0.003246675245463848
sample_30,6010,12096,118087.5,8436612.5,0.02326451800763607,0.0020005616825073957
sample_30,6010,12097,118097.5,8436612.5,0.009442091919481754,0.00598276499658823
sample_30,6010,12098,118107.5,8436612.5,0.008102723397314548,0.008768080733716488
sample_30,6010,12099,118117.5,8436612.5,0.007755881641060114,0.002892422955483198
sample_30,6010,12100,118127.5,8436612.5,0.018025269731879234,0.0019864176865667105
sample_30,6010,12101,118137.5,8436612.5,0.017715543508529663,0.006319129839539528
sample_30,6010,12102,118147.5,8436612.5,0.010117337107658386,0.0025107786059379578
sample_30,6010,12103,118157.5,8436612.5,0.00439408840611577,0.0042338608764112
sample_30,6011,12085,117977.5,8436602.5,0.01053481176495552,0.004718192853033543
sample_30,6011,12086,117987.5,8436602.5,0.003628028556704521,0.0028295766096562147
sample_30,6011,12087,117997.5,8436602.5,0.018750060349702835,0.004898660350590944
sample_30,6011,12088,118007.5,8436602.5,0.006357669830322266,0.0036065210588276386
sample_30,6011,12089,118017.5,8436602.5,0.006308855954557657,0.003062598407268524
sample_30,6011,12090,118027.5,8436602.5,0.018811093643307686,0.0050179543904960155
sample_30,6011,12091,118037.5,8436602.5,0.007942089810967445,0.006888398434966803
sample_30,6011,12092,118047.5,8436602.5,0.014015552587807178,0.006076224148273468
sample_30,6011,12093,118057.5,8436602.5,0.004361528903245926,0.004354764707386494
sample_30,6011,12094,118067.5,8436602.5,0.023211678490042686,0.009327901527285576
sample_30,6011,12095,118077.5,8436602.5,0.02441244013607502,0.006918648723512888
sample_30,6011,12096,118087.5,8436602.5,0.02123558707535267,0.003878105664625764
sample_30,6011,12097,118097.5,8436602.5,0.01690133847296238,0.0047365231439471245
sample_30,6011,12098,118107.5,8436602.5,0.011149004101753235,0.005669772624969482
sample_30,6011,12099,118117.5,8436602.5,0.012485850602388382,0.0026099281385540962
sample_30,6011,12100,118127.5,8436602.5,0.004596594721078873,0.002082740655168891
sample_30,6011,12101,118137.5,8436602.5,0.008890104480087757,0.002769710496068001
sample_30,6011,12102,118147.5,8436602.5,0.00904239434748888,0.0054819658398628235
sample_30,6011,12103,118157.5,8436602.5,0.00808076374232769,0.004924273118376732
sample_30,6012,12085,117977.5,8436592.5,0.013857781887054443,0.009274156764149666
sample_30,6012,12086,117987.5,8436592.5,0.012164579704403877,0.0058723860420286655
sample_30,6012,12087,117997.5,8436592.5,0.014116527512669563,0.005413922481238842
sample_30,6012,12088,118007.5,8436592.5,0.008320816792547703,0.008910407312214375
sample_30,6012,12089,118017.5,8436592.5,0.015543192625045776,0.0017618386773392558
sample_30,6012,12090,118027.5,8436592.5,0.004964170046150684,0.009827285073697567
sample_30,6012,12091,118037.5,8436592.5,0.007389565464109182,0.0014428331051021814
sample_30,6012,12092,118047.5,8436592.5,0.004285742528736591,0.0027606189250946045
sample_30,6012,12093,118057.5,8436592.5,0.012369491159915924,0.0030856486409902573
sample_30,6012,12094,118067.5,8436592.5,0.008468969725072384,0.003647146513685584
sample_30,6012,12095,118077.5,8436592.5,0.007045269012451172,0.005068908911198378
sample_30,6012,12096,118087.5,8436592.5,0.0084553062915802,0.006554709747433662
sample_30,6012,12097,118097.5,8436592.5,0.008845723234117031,0.0023159256670624018
sample_30,6012,12098,118107.5,8436592.5,0.006586699280887842,0.010443417355418205
sample_30,6012,12099,118117.5,8436592.5,0.009328514337539673,0.002767715137451887
sample_30,6012,12100,118127.5,8436592.5,0.005842261016368866,0.0036156363785266876
sample_30,6012,12101,118137.5,8436592.5,0.01335659809410572,0.00440159160643816
sample_30,6012,12102,118147.5,8436592.5,0.005512685514986515,0.005198650062084198
sample_30,6012,12103,118157.5,8436592.5,0.024524342268705368,0.0010784363839775324
sample_30,6013,12085,117977.5,8436582.5,0.02896089106798172,0.00625789538025856
sample_30,6013,12086,117987.5,8436582.5,0.012820295989513397,0.004182854201644659
sample_30,6013,12087,117997.5,8436582.5,0.013503036461770535,0.010817070491611958
sample_30,6013,12088,118007.5,8436582.5,0.005150090903043747,0.010920790024101734
sample_30,6013,12089,118017.5,8436582.5,0.011820640414953232,0.0037614996545016766
sample_30,6013,12090,118027.5,8436582.5,0.01043638400733471,0.003729592775925994
sample_30,6013,12091,118037.5,8436582.5,0.00992156658321619,0.004137627314776182
sample_30,6013,12092,118047.5,8436582.5,0.008313426747918129,0.004539060406386852
sample_30,6013,12093,118057.5,8436582.5,0.006663006730377674,0.004297930747270584
sample_30,6013,12094,118067.5,8436582.5,0.011494249105453491,0.0055825356394052505
sample_30,6013,12095,118077.5,8436582.5,0.008825141005218029,0.0052561028860509396
sample_30,6013,12096,118087.5,8436582.5,0.004673427902162075,0.005176191218197346
sample_30,6013,12097,118097.5,8436582.5,0.010409537702798843,0.004923134110867977
sample_30,6013,12098,118107.5,8436582.5,0.00393548421561718,0.0036062884610146284
sample_30,6013,12099,118117.5,8436582.5,0.011758815497159958,0.0029324509669095278
sample_30,6013,12100,118127.5,8436582.5,0.00749652786180377,0.0038367570377886295
sample_30,6013,12101,118137.5,8436582.5,0.012364942580461502,0.0033429169561713934
sample_30,6013,12102,118147.5,8436582.5,0.013832811266183853,0.0033700233325362206
sample_30,6013,12103,118157.5,8436582.5,0.007662548683583736,0.0019845215138047934
sample_30,6014,12085,117977.5,8436572.5,0.02733398601412773,0.0033267117105424404
sample_30,6014,12086,117987.5,8436572.5,0.010147208347916603,0.0025049718096852303
sample_30,6014,12087,117997.5,8436572.5,0.011559462174773216,0.00454587209969759
sample_30,6014,12088,118007.5,8436572.5,0.004250063560903072,0.002595028840005398
sample_30,6014,12089,118017.5,8436572.5,0.019013287499547005,0.006934104487299919
sample_30,6014,12090,118027.5,8436572.5,0.016140466555953026,0.0032949764281511307
sample_30,6014,12091,118037.5,8436572.5,0.002798012923449278,0.008593820966780186
sample_30,6014,12092,118047.5,8436572.5,0.0034083726350218058,0.0036712458822876215
sample_30,6014,12093,118057.5,8436572.5,0.0072692097164690495,0.0018327177967876196
sample_30,6014,12094,118067.5,8436572.5,0.010413732379674911,0.0031613176688551903
sample_30,6014,12095,118077.5,8436572.5,0.015746548771858215,0.005036267451941967
sample_30,6014,12096,118087.5,8436572.5,0.005638912785798311,0.006059587467461824
sample_30,6014,12097,118097.5,8436572.5,0.02627568691968918,0.002792342798784375
sample_30,6014,12098,118107.5,8436572.5,0.0035101459361612797,0.006078686565160751
sample_30,6014,12099,118117.5,8436572.5,0.024177895858883858,0.0032363254576921463
sample_30,6014,12100,118127.5,8436572.5,0.017945893108844757,0.003823093604296446
sample_30,6014,12101,118137.5,8436572.5,0.02423633448779583,0.00896208081394434
sample_30,6014,12102,118147.5,8436572.5,0.006278540939092636,0.003122845198959112
sample_30,6014,12103,118157.5,8436572.5,0.004438869189471006,0.0034526255913078785
sample_30,6015,12085,117977.5,8436562.5,0.01806236058473587,0.01158541813492775
sample_30,6015,12086,117987.5,8436562.5,0.004571161232888699,0.005154598969966173
sample_30,6015,12087,117997.5,8436562.5,0.008673397824168205,0.0074823591858148575
sample_30,6015,12088,118007.5,8436562.5,0.01004138682037592,0.003198179416358471
sample_30,6015,12089,118017.5,8436562.5,0.017565365880727768,0.004449385218322277
sample_31,5203,12730,124427.5,8444682.5,0.012675770558416843,0.004208668600767851
sample_31,5203,12731,124437.5,8444682.5,0.0072514875791966915,0.004728108644485474
sample_31,5203,12732,124447.5,8444682.5,0.017524354159832,0.0036801560781896114
sample_31,5203,12733,124457.5,8444682.5,0.019776523113250732,0.0026727980002760887
sample_31,5203,12734,124467.5,8444682.5,0.013987251557409763,0.0034804372116923332
sample_31,5203,12735,124477.5,8444682.5,0.011654244735836983,0.0020320734474807978
sample_31,5203,12736,124487.5,8444682.5,0.01821735128760338,0.002996356226503849
sample_31,5203,12737,124497.5,8444682.5,0.018092786893248558,0.005413925275206566
sample_31,5203,12738,124507.5,8444682.5,0.020525207743048668,0.002203559735789895
sample_31,5203,12739,124517.5,8444682.5,0.016718175262212753,0.0019018527818843722
sample_31,5203,12740,124527.5,8444682.5,0.008953756652772427,0.001791583839803934
sample_31,5203,12741,124537.5,8444682.5,0.0070905741304159164,0.003355860710144043
sample_31,5203,12742,124547.5,8444682.5,0.016451936215162277,0.0068157510831952095
sample_31,5203,12743,124557.5,8444682.5,0.017845477908849716,0.007879003882408142
sample_31,5203,12744,124567.5,8444682.5,0.015260141342878342,0.004032028838992119
sample_31,5204,12725,124377.5,8444672.5,0.015966812148690224,0.0038855059538036585
sample_31,5204,12726,124387.5,8444672.5,0.02798420749604702,0.01088980957865715
sample_31,5204,12727,124397.5,8444672.5,0.015160536393523216,0.010095807723701
sample_31,5204,12728,124407.5,8444672.5,0.046960748732089996,0.0029136412777006626
sample_31,5204,12729,124417.5,8444672.5,0.010275784879922867,0.0031925851944833994
sample_31,5204,12730,124427.5,8444672.5,0.02130226045846939,0.0014040388632565737
sample_31,5204,12731,124437.5,8444672.5,0.0034811401274055243,0.0037500823382288218
sample_31,5204,12732,124447.5,8444672.5,0.0218268521130085,0.015385918319225311
sample_31,5204,12733,124457.5,8444672.5,0.02542934939265251,0.004039827734231949
sample_31,5204,12734,124467.5,8444672.5,0.005659221671521664,0.003882919903844595
sample_31,5204,12735,124477.5,8444672.5,0.0266643725335598,0.00381365604698658
sample_31,5204,12736,124487.5,8444672.5,0.020784927532076836,0.004183560609817505
sample_31,5204,12737,124497.5,8444672.5,0.023052627220749855,0.0035453890450298786
sample_31,5204,12738,124507.5,8444672.5,0.006833462975919247,0.0021094344556331635
sample_31,5204,12739,124517.5,8444672.5,0.009327078238129616,0.003672079648822546
sample_31,5204,12740,124527.5,8444672.5,0.0071166702546179295,0.003315503243356943
sample_31,5204,12741,124537.5,8444672.5,0.012423034757375717,0.0042149368673563
sample_31,5204,12742,124547.5,8444672.5,0.021849069744348526,0.0019508062396198511
sample_31,5204,12743,124557.5,8444672.5,0.006992287002503872,0.0131972786039114
sample_31,5204,12744,124567.5,8444672.5,0.015761548653244972,0.006816540844738483
sample_31,5205,12725,124377.5,8444662.5,0.02456701546907425,0.003047289326786995
sample_31,5205,12726,124387.5,8444662.5,0.01604829728603363,0.00241245049983263
sample_31,5205,12727,124397.5,8444662.5,0.016574349254369736,0.0032750440295785666
sample_31,5205,12728,124407.5,8444662.5,0.008652321994304657,0.010225971229374409
sample_31,5205,12729,124417.5,8444662.5,0.0354476235806942,0.004283662885427475
sample_31,5205,12730,124427.5,8444662.5,0.0047923605889081955,0.0037058801390230656
sample_31,5205,12731,124437.5,8444662.5,0.014442387036979198,0.0031520496122539043
sample_31,5205,12732,124447.5,8444662.5,0.00889589823782444,0.004245593212544918
sample_31,5205,12733,124457.5,8444662.5,0.009207864291965961,0.003898188704624772
sample_31,5205,12734,124467.5,8444662.5,0.02567039057612419,0.009883894585072994
sample_31,5205,12735,124477.5,8444662.5,0.018791545182466507,0.002571721561253071
sample_31,5205,12736,124487.5,8444662.5,0.010207156650722027,0.0010425765067338943
sample_31,5205,12737,124497.5,8444662.5,0.00435431394726038,0.002904199529439211
sample_31,5205,12738,124507.5,8444662.5,0.002350367372855544,0.0019657397642731667
sample_31,5205,12739,124517.5,8444662.5,0.007224744185805321,0.002212083199992776
sample_31,5205,12740,124527.5,8444662.5,0.011267341673374176,0.0033223284408450127
sample_31,5205,12741,124537.5,8444662.5,0.014033062383532524,0.0038002619985491037
sample_31,5205,12742,124547.5,8444662.5,0.024367744103074074,0.006242077331990004
sample_31,5205,12743,124557.5,8444662.5,0.014850320294499397,0.004511759616434574
sample_31,5205,12744,124567.5,8444662.5,0.015517974272370338,0.002270195633172989
sample_31,5206,12725,124377.5,8444652.5,0.008348871022462845,0.004206209909170866
sample_31,5206,12726,124387.5,8444652.5,0.015035644173622131,0.00567864254117012
sample_31,5206,12727,124397.5,8444652.5,0.006152537185698748,0.005138320382684469
sample_31,5206,12728,124407.5,8444652.5,0.014666651375591755,0.009397397749125957
sample_31,5206,12729,124417.5,8444652.5,0.020547889173030853,0.0038126353174448013
sample_31,5206,12730,124427.5,8444652.5,0.015356854535639286,0.0029425215907394886
sample_31,5206,12731,124437.5,8444652.5,0.025034019723534584,0.0066461022943258286
sample_31,5206,12732,124447.5,8444652.5,0.01806475594639778,0.00661527831107378
sample_31,5206,12733,124457.5,8444652.5,0.020665748044848442,0.004875208716839552
sample_31,5206,12734,124467.5,8444652.5,0.007529623806476593,0.004192889668047428
sample_31,5206,12735,124477.5,8444652.5,0.011985705234110355,0.006071071606129408
sample_31,5206,12736,124487.5,8444652.5,0.010794872418045998,0.008166836574673653
sample_31,5206,12737,124497.5,8444652.5,0.012965766713023186,0.005127727519720793
sample_31,5206,12738,124507.5,8444652.5,0.011484361253678799,0.003269448410719633
sample_31,5206,12739,124517.5,8444652.5,0.016219761222600937,0.0027852258644998074
sample_31,5206,12740,124527.5,8444652.5,0.02079431712627411,0.007662905380129814
sample_31,5206,12741,124537.5,8444652.5,0.01182776689529419,0.0028630769811570644
sample_31,5206,12742,124547.5,8444652.5,0.024211499840021133,0.0016048988327383995
sample_31,5206,12743,124557.5,8444652.5,0.01995886117219925,0.011514432728290558
sample_31,5206,12744,124567.5,8444652.5,0.02485630288720131,0.007298242300748825
sample_31,5207,12725,124377.5,8444642.5,0.020373927429318428,0.005375571548938751
sample_31,5207,12726,124387.5,8444642.5,0.008040688931941986,0.003777625970542431
sample_31,5207,12727,124397.5,8444642.5,0.004869880620390177,0.0019311322830617428
sample_31,5207,12728,124407.5,8444642.5,0.01549653708934784,0.002223389223217964
sample_31,5207,12729,124417.5,8444642.5,0.04628302901983261,0.007372468244284391
sample_31,5207,12730,124427.5,8444642.5,0.02207731455564499,0.008405915461480618
sample_31,5207,12731,124437.5,8444642.5,0.012549777515232563,0.006788266822695732
sample_31,5207,12732,124447.5,8444642.5,0.03068995103240013,0.004967587534338236
sample_31,5207,12733,124457.5,8444642.5,0.009218085557222366,0.004057879094034433
sample_31,5207,12734,124467.5,8444642.5,0.004943890031427145,0.0031954399310052395
sample_31,5207,12735,124477.5,8444642.5,0.016703521832823753,0.0055449046194553375
sample_31,5207,12736,124487.5,8444642.5,0.010739552788436413,0.0038899038918316364
sample_31,5207,12737,124497.5,8444642.5,0.021527104079723358,0.014216262847185135
sample_31,5207,12738,124507.5,8444642.5,0.012473550625145435,0.004388533998280764
sample_31,5207,12739,124517.5,8444642.5,0.009159628301858902,0.001610632985830307
sample_31,5207,12740,124527.5,8444642.5,0.019737062975764275,0.003149498952552676
sample_31,5207,12741,124537.5,8444642.5,0.011283701285719872,0.0040370929054915905
sample_31,5207,12742,124547.5,8444642.5,0.01956220343708992,0.006721281446516514
sample_31,5207,12743,124557.5,8444642.5,0.011440329253673553,0.0054689026437699795
sample_31,5207,12744,124567.5,8444642.5,0.01176298875361681,0.006189725361764431
sample_31,5208,12725,124377.5,8444632.5,0.012266980484127998,0.0017413196619600058
sample_31,5208,12726,124387.5,8444632.5,0.033898454159498215,0.00387775176204741
sample_31,5208,12727,124397.5,8444632.5,0.012500225566327572,0.0033150159288197756
sample_31,5208,12728,124407.5,8444632.5,0.026067692786455154,0.004436013288795948
sample_31,5208,12729,124417.5,8444632.5,0.011267799884080887,0.004612796474248171
sample_31,5208,12730,124427.5,8444632.5,0.013443522155284882,0.00861541461199522
sample_31,5208,12731,124437.5,8444632.5,0.008821837604045868,0.012405894696712494
sample_31,5208,12732,124447.5,8444632.5,0.016895130276679993,0.0038196216337382793
sample_31,5208,12733,124457.5,8444632.5,0.014678727835416794,0.0028401033487170935
sample_31,5208,12734,124467.5,8444632.5,0.02492268942296505,0.001998162129893899
sample_31,5208,12735,124477.5,8444632.5,0.015977615490555763,0.004513351712375879
sample_31,5208,12736,124487.5,8444632.5,0.009159721434116364,0.007100706920027733
sample_31,5208,12737,124497.5,8444632.5,0.016941532492637634,0.006406216416507959
sample_31,5208,12738,124507.5,8444632.5,0.012870797887444496,0.011364679783582687
sample_31,5208,12739,124517.5,8444632.5,0.011365101672708988,0.007607888430356979
sample_31,5208,12740,124527.5,8444632.5,0.02624572068452835,0.0051337978802621365
sample_31,5208,12741,124537.5,8444632.5,0.009865318424999714,0.005466531962156296
sample_31,5208,12742,124547.5,8444632.5,0.04531639814376831,0.001535424031317234
sample_31,5208,12743,124557.5,8444632.5,0.017720259726047516,0.0034269315656274557
sample_31,5208,12744,124567.5,8444632.5,0.011014910414814949,0.013943709433078766
sample_31,5209,12725,124377.5,8444622.5,0.018680399283766747,0.007326308637857437
sample_31,5209,12726,124387.5,8444622.5,0.011159836314618587,0.00539939571171999
sample_31,5209,12727,124397.5,8444622.5,0.01349853165447712,0.005827133543789387
sample_31,5209,12728,124407.5,8444622.5,0.015865694731473923,0.007793065160512924
sample_31,5209,12729,124417.5,8444622.5,0.006935198791325092,0.0016447689849883318
sample_31,5209,12730,124427.5,8444622.5,0.02174634300172329,0.008480310440063477
sample_31,5209,12731,124437.5,8444622.5,0.014141554944217205,0.006746063474565744
sample_31,5209,12732,124447.5,8444622.5,0.019416017457842827,0.005403549876064062
sample_31,5209,12733,124457.5,8444622.5,0.01594182662665844,0.006904995068907738
sample_31,5209,12734,124467.5,8444622.5,0.01127522811293602,0.004944720305502415
sample_31,5209,12735,124477.5,8444622.5,0.016172751784324646,0.011934053152799606
sample_31,5209,12736,124487.5,8444622.5,0.008059765212237835,0.011878173798322678
sample_31,5209,12737,124497.5,8444622.5,0.022538304328918457,0.0060693081468343735
sample_31,5209,12738,124507.5,8444622.5,0.032572291791439056,0.0024999608285725117
sample_31,5209,12739,124517.5,8444622.5,0.01710417866706848,0.003701726906001568
sample_31,5209,12740,124527.5,8444622.5,0.02976173162460327,0.0036335161421447992
sample_31,5209,12741,124537.5,8444622.5,0.011520515196025372,0.006413503549993038
sample_31,5209,12742,124547.5,8444622.5,0.030169641599059105,0.004881463944911957
sample_31,5209,12743,124557.5,8444622.5,0.028691140934824944,0.009480182081460953
sample_31,5209,12744,124567.5,8444622.5,0.007989911362528801,0.004025203175842762
sample_31,5210,12725,124377.5,8444612.5,0.022818971425294876,0.00553841283544898
sample_31,5210,12726,124387.5,8444612.5,0.013459439389407635,0.0039128465577960014
sample_31,5210,12727,124397.5,8444612.5,0.011035622097551823,0.0033117220737040043
sample_31,5210,12728,124407.5,8444612.5,0.009693225845694542,0.0032874555326998234
sample_31,5210,12729,124417.5,8444612.5,0.007632358931005001,0.012566933408379555
sample_31,5210,12730,124427.5,8444612.5,0.018899189308285713,0.0057093678042292595
sample_31,5210,12731,124437.5,8444612.5,0.02724851481616497,0.005163362715393305
sample_31,5210,12732,124447.5,8444612.5,0.006058249156922102,0.006793291307985783
sample_31,5210,12733,124457.5,8444612.5,0.012896887958049774,0.0007542454404756427
sample_31,5210,12734,124467.5,8444612.5,0.014146899804472923,0.004631053190678358
sample_31,5210,12735,124477.5,8444612.5,0.023685643449425697,0.0070166802033782005
sample_31,5210,12736,124487.5,8444612.5,0.007389874197542667,0.007493983954191208
sample_31,5210,12737,124497.5,8444612.5,0.015034613199532032,0.0037930896505713463
sample_31,5210,12738,124507.5,8444612.5,0.024596896022558212,0.016577737405896187
sample_31,5210,12739,124517.5,8444612.5,0.004408602137118578,0.004955484066158533
sample_31,5210,12740,124527.5,8444612.5,0.025471597909927368,0.002031603828072548
sample_31,5210,12741,124537.5,8444612.5,0.026728861033916473,0.004572762176394463
sample_31,5210,12742,124547.5,8444612.5,0.024953827261924744,0.004917698912322521
sample_31,5210,12743,124557.5,8444612.5,0.0328356958925724,0.014588743448257446
sample_31,5210,12744,124567.5,8444612.5,0.015057867392897606,0.008872222155332565
sample_31,5211,12725,124377.5,8444602.5,0.017506521195173264,0.007170385215431452
sample_31,5211,12726,124387.5,8444602.5,0.01783987134695053,0.006576962769031525
sample_31,5211,12727,124397.5,8444602.5,0.005833336152136326,0.007338926661759615
sample_31,5211,12728,124407.5,8444602.5,0.011993533931672573,0.0036225710064172745
sample_31,5211,12729,124417.5,8444602.5,0.019255904480814934,0.009494979865849018
sample_31,5211,12730,124427.5,8444602.5,0.02022911049425602,0.0037953334394842386
sample_31,5211,12731,124437.5,8444602.5,0.018961183726787567,0.006379592698067427
sample_31,5211,12732,124447.5,8444602.5,0.022449089214205742,0.003269779495894909
sample_31,5211,12733,124457.5,8444602.5,0.01250737626105547,0.003217679215595126
sample_31,5211,12734,124467.5,8444602.5,0.02689332701265812,0.0063356999307870865
sample_31,5211,12735,124477.5,8444602.5,0.009455358609557152,0.005592470057308674
sample_31,5211,12736,124487.5,8444602.5,0.006695763673633337,0.003488944610580802
sample_31,5211,12737,124497.5,8444602.5,0.005438843742012978,0.013858613558113575
sample_31,5211,12738,124507.5,8444602.5,0.02361459471285343,0.00959689449518919
sample_31,5211,12739,124517.5,8444602.5,0.007285024970769882,0.003229880705475807
sample_31,5211,12740,124527.5,8444602.5,0.009453505277633667,0.00696058664470911
sample_31,5211,12741,124537.5,8444602.5,0.013360884971916676,0.0034468977246433496
sample_31,5211,12742,124547.5,8444602.5,0.01881522312760353,0.002428485546261072
sample_31,5211,12743,124557.5,8444602.5,0.007414414547383785,0.0035896964836865664
sample_31,5211,12744,124567.5,8444602.5,0.020695123821496964,0.005374756176024675
sample_31,5212,12725,124377.5,8444592.5,0.009573840536177158,0.003795296186581254
sample_31,5212,12726,124387.5,8444592.5,0.013451647013425827,0.0036332188174128532
sample_31,5212,12727,124397.5,8444592.5,0.003970969468355179,0.002804211573675275
sample_31,5212,12728,124407.5,8444592.5,0.0036442612763494253,0.002252891194075346
sample_31,5212,12729,124417.5,8444592.5,0.00490863062441349,0.0014388557756319642
sample_31,5212,12730,124427.5,8444592.5,0.028176506981253624,0.0016166998539119959
sample_31,5212,12731,124437.5,8444592.5,0.015924377366900444,0.0051950556226074696
sample_31,5212,12732,124447.5,8444592.5,0.011006404645740986,0.004174788482487202
sample_31,5212,12733,124457.5,8444592.5,0.014373849146068096,0.0028775176033377647
sample_31,5212,12734,124467.5,8444592.5,0.014020850881934166,0.007812868803739548
sample_31,5212,12735,124477.5,8444592.5,0.0040679918602108955,0.0037967844400554895
sample_31,5212,12736,124487.5,8444592.5,0.01544765941798687,0.0033173616975545883
sample_31,5212,12737,124497.5,8444592.5,0.015668945387005806,0.014387140050530434
sample_31,5212,12738,124507.5,8444592.5,0.00893273577094078,0.004895379301160574
sample_31,5212,12739,124517.5,8444592.5,0.0044584451243281364,0.0035898308269679546
sample_31,5212,12740,124527.5,8444592.5,0.023978158831596375,0.005902101285755634
sample_31,5212,12741,124537.5,8444592.5,0.032089944928884506,0.005105684045702219
sample_31,5212,12742,124547.5,8444592.5,0.01005883514881134,0.016507815569639206
sample_31,5212,12743,124557.5,8444592.5,0.004630577750504017,0.005367297679185867
sample_31,5212,12744,124567.5,8444592.5,0.018387969583272934,0.0025005177594721317
sample_31,5213,12725,124377.5,8444582.5,0.016716061159968376,0.0015655807219445705
sample_31,5213,12726,124387.5,8444582.5,0.005190104246139526,0.0016777805285528302
sample_31,5213,12727,124397.5,8444582.5,0.015837296843528748,0.002070364775136113
sample_31,5213,12728,124407.5,8444582.5,0.006668243557214737,0.00831566657871008
sample_31,5213,12729,124417.5,8444582.5,0.0212099589407444,0.0015141339972615242
sample_31,5213,12730,124427.5,8444582.5,0.01676037162542343,0.0057738348841667175
sample_31,5213,12731,124437.5,8444582.5,0.010791974142193794,0.0030317907221615314
sample_31,5213,12732,124447.5,8444582.5,0.010131514631211758,0.005218140780925751
sample_31,5213,12733,124457.5,8444582.5,0.006481909658759832,0.012838535010814667
sample_31,5213,12734,124467.5,8444582.5,0.014319914393126965,0.001791353803128004
sample_31,5213,12735,124477.5,8444582.5,0.018695421516895294,0.0057165296748280525
sample_31,5213,12736,124487.5,8444582.5,0.0019189000595360994,0.0012470125220716
sample_31,5213,12737,124497.5,8444582.5,0.00970781221985817,0.003483179723843932
sample_31,5213,12738,124507.5,8444582.5,0.016824260354042053,0.004401919431984425
sample_31,5213,12739,124517.5,8444582.5,0.01870989240705967,0.00380508229136467
sample_31,5213,12740,124527.5,8444582.5,0.016993127763271332,0.010206489823758602
sample_31,5213,12741,124537.5,8444582.5,0.01820153370499611,0.0059847524389624596
sample_31,5213,12742,124547.5,8444582.5,0.02865412086248398,0.002977245021611452
sample_31,5213,12743,124557.5,8444582.5,0.019315510988235474,0.0038161776028573513
sample_31,5213,12744,124567.5,8444582.5,0.04049136862158775,0.0019060260383412242
sample_31,5214,12725,124377.5,8444572.5,0.023397771641612053,0.0025261552073061466
sample_31,5214,12726,124387.5,8444572.5,0.012505179271101952,0.00679296487942338
sample_31,5214,12727,124397.5,8444572.5,0.008926209062337875,0.0055319699458777905
sample_31,5214,12728,124407.5,8444572.5,0.015605036169290543,0.0034529201220721006
sample_31,5214,12729,124417.5,8444572.5,0.031201660633087158,0.00958044920116663
sample_31,5214,12730,124427.5,8444572.5,0.010684264823794365,0.00371374748647213
sample_31,5214,12731,124437.5,8444572.5,0.01620939001441002,0.0036471830680966377
sample_31,5214,12732,124447.5,8444572.5,0.008767624385654926,0.0055730766616761684
sample_31,5214,12733,124457.5,8444572.5,0.009449666365981102,0.0048841387033462524
sample_31,5214,12734,124467.5,8444572.5,0.014712706208229065,0.007170617580413818
sample_31,5214,12735,124477.5,8444572.5,0.03728588670492172,0.00681209284812212
sample_31,5214,12736,124487.5,8444572.5,0.026897398754954338,0.004844537936151028
sample_31,5214,12737,124497.5,8444572.5,0.0051046255975961685,0.005302754230797291
sample_31,5214,12738,124507.5,8444572.5,0.005782589316368103,0.004029178526252508
sample_31,5214,12739,124517.5,8444572.5,0.01762140542268753,0.004519206006079912
sample_31,5214,12740,124527.5,8444572.5,0.013216879218816757,0.01327444612979889
sample_31,5214,12741,124537.5,8444572.5,0.013151920400559902,0.006655596196651459
sample_31,5214,12742,124547.5,8444572.5,0.0112254424020648,0.006231025792658329
sample_31,5214,12743,124557.5,8444572.5,0.01106301136314869,0.0023598684929311275
sample_31,5214,12744,124567.5,8444572.5,0.010212786495685577,0.008237768895924091
sample_31,5215,12726,124387.5,8444562.5,0.007677034940570593,0.007066421210765839
sample_31,5215,12727,124397.5,8444562.5,0.012001730501651764,0.006608185358345509
sample_31,5215,12728,124407.5,8444562.5,0.0075470078736543655,0.008333949372172356
sample_31,5215,12729,124417.5,8444562.5,0.02756369113922119,0.008145522326231003
sample_31,5215,12730,124427.5,8444562.5,0.0307411290705204,0.008835788816213608
sample_31,5215,12731,124437.5,8444562.5,0.00833280198276043,0.002021277789026499
sample_31,5215,12732,124447.5,8444562.5,0.01964869350194931,0.006859465502202511
sample_31,5215,12733,124457.5,8444562.5,0.012150665745139122,0.004836235661059618
sample_31,5215,12734,124467.5,8444562.5,0.019903261214494705,0.005710597150027752
sample_31,5215,12735,124477.5,8444562.5,0.013578514568507671,0.005658611189574003
sample_31,5215,12736,124487.5,8444562.5,0.003918224014341831,0.005421742796897888
sample_31,5215,12737,124497.5,8444562.5,0.023428503423929214,0.0024452735669910908
sample_31,5215,12738,124507.5,8444562.5,0.0061715589836239815,0.005251834634691477
sample_31,5215,12739,124517.5,8444562.5,0.025378713384270668,0.0061734942719340324
sample_31,5215,12740,124527.5,8444562.5,0.022212162613868713,0.0026199431158602238
sample_31,5215,12741,124537.5,8444562.5,0.016746163368225098,0.007452363148331642
sample_31,5215,12742,124547.5,8444562.5,0.02754337526857853,0.0049041034653782845
sample_31,5215,12743,124557.5,8444562.5,0.013743010349571705,0.004558253567665815
sample_31,5215,12744,124567.5,8444562.5,0.025214167311787605,0.0014270080719143152
sample_31,5216,12726,124387.5,8444552.5,0.019393794238567352,0.0005635881680063903
sample_31,5216,12727,124397.5,8444552.5,0.01173766702413559,0.00961274839937687
sample_31,5216,12728,124407.5,8444552.5,0.008712026290595531,0.004215872846543789
sample_31,5216,12729,124417.5,8444552.5,0.014229587279260159,0.0020791268907487392
sample_31,5216,12730,124427.5,8444552.5,0.008013542741537094,0.0033296418841928244
sample_31,5216,12731,124437.5,8444552.5,0.012534168548882008,0.001918831025250256
sample_31,5216,12732,124447.5,8444552.5,0.011024297215044498,0.006281524896621704
sample_31,5216,12733,124457.5,8444552.5,0.010345064103603363,0.006064318120479584
sample_31,5216,12734,124467.5,8444552.5,0.01341249793767929,0.006360343657433987
sample_31,5216,12735,124477.5,8444552.5,0.004257554654031992,0.005918326321989298
sample_31,5216,12736,124487.5,8444552.5,0.03522186726331711,0.002816565800458193
sample_31,5216,12737,124497.5,8444552.5,0.010581410489976406,0.007826742716133595
sample_31,5216,12738,124507.5,8444552.5,0.03306719288229942,0.002311933087185025
sample_31,5216,12739,124517.5,8444552.5,0.013454759493470192,0.0048696440644562244
sample_31,5216,12740,124527.5,8444552.5,0.019780956208705902,0.00815161969512701
sample_31,5216,12741,124537.5,8444552.5,0.03479168564081192,0.008505960926413536
sample_31,5216,12742,124547.5,8444552.5,0.0164325051009655,0.0030327262356877327
sample_31,5216,12743,124557.5,8444552.5,0.006131056696176529,0.0023225087206810713
sample_31,5216,12744,124567.5,8444552.5,0.00637364387512207,0.005022618919610977
sample_31,5217,12726,124387.5,8444542.5,0.006438760086894035,0.006903826259076595
sample_31,5217,12727,124397.5,8444542.5,0.013501569628715515,0.002296420047059655
sample_31,5217,12728,124407.5,8444542.5,0.010910487733781338,0.004075641743838787
sample_31,5217,12729,124417.5,8444542.5,0.005825880914926529,0.0038720369338989258
sample_31,5217,12730,124427.5,8444542.5,0.022670716047286987,0.003080241149291396
sample_31,5217,12731,124437.5,8444542.5,0.012602963484823704,0.003005604026839137
sample_31,5217,12732,124447.5,8444542.5,0.015484420582652092,0.003684620838612318
sample_31,5217,12733,124457.5,8444542.5,0.00657221395522356,0.0022007173392921686
sample_31,5217,12734,124467.5,8444542.5,0.003183413064107299,0.0030806800350546837
sample_31,5217,12735,124477.5,8444542.5,0.008871723897755146,0.0012821312993764877
sample_31,5217,12736,124487.5,8444542.5,0.009113404899835587,0.008091618306934834
sample_31,5217,12737,124497.5,8444542.5,0.006033924873918295,0.010449239984154701
sample_31,5217,12738,124507.5,8444542.5,0.00860955286771059,0.005174716003239155
sample_31,5217,12739,124517.5,8444542.5,0.011075260117650032,0.0037395579274743795
sample_31,5217,12740,124527.5,8444542.5,0.02192034013569355,0.008454132825136185
sample_31,5217,12741,124537.5,8444542.5,0.018121570348739624,0.007147560361772776
sample_31,5217,12742,124547.5,8444542.5,0.008002732880413532,0.0070195626467466354
sample_31,5217,12743,124557.5,8444542.5,0.014830163680016994,0.0037310761399567127
sample_31,5217,12744,124567.5,8444542.5,0.005708600860089064,0.007172917947173119
sample_31,5218,12726,124387.5,8444532.5,0.005170371849089861,0.009129620157182217
sample_31,5218,12727,124397.5,8444532.5,0.011649206280708313,0.006880961824208498
sample_31,5218,12728,124407.5,8444532.5,0.010322708636522293,0.005015529692173004
sample_31,5218,12729,124417.5,8444532.5,0.01767982542514801,0.004228014964610338
sample_31,5218,12730,124427.5,8444532.5,0.01919526234269142,0.0034023465123027563
sample_31,5218,12731,124437.5,8444532.5,0.027865905314683914,0.005360546056181192
sample_31,5218,12732,124447.5,8444532.5,0.014933799393475056,0.005273249000310898
sample_31,5218,12733,124457.5,8444532.5,0.011302105151116848,0.004528370685875416
sample_31,5218,12734,124467.5,8444532.5,0.02518252469599247,0.006941193714737892
sample_31,5218,12735,124477.5,8444532.5,0.00738801434636116,0.0054361033253371716
sample_31,5218,12736,124487.5,8444532.5,0.005156729370355606,0.0036832508631050587
sample_31,5218,12737,124497.5,8444532.5,0.011174852028489113,0.006633562967181206
sample_31,5218,12738,124507.5,8444532.5,0.006394290365278721,0.004438596311956644
sample_31,5218,12739,124517.5,8444532.5,0.017355594784021378,0.005989174358546734
sample_31,5218,12740,124527.5,8444532.5,0.02433023229241371,0.005959286820143461
sample_31,5218,12741,124537.5,8444532.5,0.020886536687612534,0.002898713806644082
sample_31,5218,12742,124547.5,8444532.5,0.017601056024432182,0.004400336183607578
sample_31,5218,12743,124557.5,8444532.5,0.009924883022904396,0.002051807474344969
sample_31,5218,12744,124567.5,8444532.5,0.009679777547717094,0.0036517023108899593
sample_32,4906,15461,151737.5,8447652.5,0.004181599710136652,0.0034451030660420656
sample_32,4906,15462,151747.5,8447652.5,0.007039525546133518,0.005058647133409977
sample_32,4906,15463,151757.5,8447652.5,0.008428342640399933,0.0024939526338130236
sample_32,4906,15464,151767.5,8447652.5,0.007772556971758604,0.007358381524682045
sample_32,4906,15465,151777.5,8447652.5,0.009438375011086464,0.0021595575381070375
sample_32,4906,15466,151787.5,8447652.5,0.006743067409843206,0.0011023115366697311
sample_32,4906,15467,151797.5,8447652.5,0.004287101328372955,0.0027352538891136646
sample_32,4906,15468,151807.5,8447652.5,0.015805041417479515,0.009063290432095528
sample_32,4906,15469,151817.5,8447652.5,0.007495079189538956,0.004715156275779009
sample_32,4906,15470,151827.5,8447652.5,0.009382747113704681,0.00393436336889863
sample_32,4906,15471,151837.5,8447652.5,0.010733544826507568,0.008358834311366081
sample_32,4906,15472,151847.5,8447652.5,0.01449224166572094,0.0018288982100784779
sample_32,4906,15473,151857.5,8447652.5,0.014822475612163544,0.0030676149763166904
sample_32,4906,15474,151867.5,8447652.5,0.01147276908159256,0.0026669285725802183
sample_32,4906,15475,151877.5,8447652.5,0.011361905373632908,0.00732804648578167
sample_32,4907,15456,151687.5,8447642.5,0.007712599355727434,0.002351281698793173
sample_32,4907,15457,151697.5,8447642.5,0.008318045176565647,0.00390069093555212
sample_32,4907,15458,151707.5,8447642.5,0.006607569754123688,0.001383945462293923
sample_32,4907,15459,151717.5,8447642.5,0.007145392708480358,0.004177680239081383
sample_32,4907,15460,151727.5,8447642.5,0.014244976453483105,0.004076913930475712
sample_32,4907,15461,151737.5,8447642.5,0.007596016861498356,0.008816177025437355
sample_32,4907,15462,151747.5,8447642.5,0.005752459168434143,0.0034606752451509237
sample_32,4907,15463,151757.5,8447642.5,0.008973592892289162,0.003924759104847908
sample_32,4907,15464,151767.5,8447642.5,0.01431154366582632,0.0023157421965152025
sample_32,4907,15465,151777.5,8447642.5,0.0076813045889139175,0.006609044969081879
sample_32,4907,15466,151787.5,8447642.5,0.015088303945958614,0.006656805984675884
sample_32,4907,15467,151797.5,8447642.5,0.00882817804813385,0.0037526143714785576
sample_32,4907,15468,151807.5,8447642.5,0.008559043519198895,0.013417123816907406
sample_32,4907,15469,151817.5,8447642.5,0.011971021071076393,0.004485147539526224
sample_32,4907,15470,151827.5,8447642.5,0.010048634372651577,0.008141281083226204
sample_32,4907,15471,151837.5,8447642.5,0.0030973288230597973,0.0024189669638872147
sample_32,4907,15472,151847.5,8447642.5,0.013340375386178493,0.0026777228340506554
sample_32,4907,15473,151857.5,8447642.5,0.0039012935012578964,0.00495666591450572
sample_32,4907,15474,151867.5,8447642.5,0.0057939933612942696,0.0018640344496816397
sample_32,4907,15475,151877.5,8447642.5,0.005922521464526653,0.004491996020078659
sample_32,4908,15456,151687.5,8447632.5,0.022133806720376015,0.0036913114599883556
sample_32,4908,15457,151697.5,8447632.5,0.02719145640730858,0.00603823084384203
sample_32,4908,15458,151707.5,8447632.5,0.013325707986950874,0.002571183256804943
sample_32,4908,15459,151717.5,8447632.5,0.009064549580216408,0.002274869242683053
sample_32,4908,15460,151727.5,8447632.5,0.009366007521748543,0.0027267737314105034
sample_32,4908,15461,151737.5,8447632.5,0.013459743931889534,0.001578951720148325
sample_32,4908,15462,151747.5,8447632.5,0.020401213318109512,0.00729717593640089
sample_32,4908,15463,151757.5,8447632.5,0.010724424384534359,0.005965990945696831
sample_32,4908,15464,151767.5,8447632.5,0.012109332717955112,0.005684372968971729
sample_32,4908,15465,151777.5,8447632.5,0.015607557259500027,0.0021436763927340508
sample_32,4908,15466,151787.5,8447632.5,0.006496700458228588,0.005386541597545147
sample_32,4908,15467,151797.5,8447632.5,0.006608812138438225,0.008111623115837574
sample_32,4908,15468,151807.5,8447632.5,0.006268396973609924,0.002321333158761263
sample_32,4908,15469,151817.5,8447632.5,0.007893256843090057,0.0030088424682617188
sample_32,4908,15470,151827.5,8447632.5,0.005432146601378918,0.0035874920431524515
sample_32,4908,15471,151837.5,8447632.5,0.018505357205867767,0.006737799849361181
sample_32,4908,15472,151847.5,8447632.5,0.017880022525787354,0.004137421026825905
sample_32,4908,15473,151857.5,8447632.5,0.02200421132147312,0.009911388158798218
sample_32,4908,15474,151867.5,8447632.5,0.008658694103360176,0.007507589645683765
sample_32,4908,15475,151877.5,8447632.5,0.015033695846796036,0.008069774135947227
sample_32,4909,15456,151687.5,8447622.5,0.01262456551194191,0.00524876918643713
sample_32,4909,15457,151697.5,8447622.5,0.01797126792371273,0.004536821506917477
sample_32,4909,15458,151707.5,8447622.5,0.009639222174882889,0.004985294304788113
sample_32,4909,15459,151717.5,8447622.5,0.010457536205649376,0.004958991892635822
sample_32,4909,15460,151727.5,8447622.5,0.0036679848562926054,0.00487785879522562
sample_32,4909,15461,151737.5,8447622.5,0.011181308887898922,0.004168466664850712
sample_32,4909,15462,151747.5,8447622.5,0.011406677775084972,0.0034046624787151814
sample_32,4909,15463,151757.5,8447622.5,0.01390518806874752,0.005551095586270094
sample_32,4909,15464,151767.5,8447622.5,0.007435519713908434,0.005265495739877224
sample_32,4909,15465,151777.5,8447622.5,0.01441476121544838,0.007179772015661001
sample_32,4909,15466,151787.5,8447622.5,0.009636975824832916,0.006930582225322723
sample_32,4909,15467,151797.5,8447622.5,0.011509478092193604,0.008275489322841167
sample_32,4909,15468,151807.5,8447622.5,0.008940493687987328,0.004706130363047123
sample_32,4909,15469,151817.5,8447622.5,0.02084275893867016,0.00629573967307806
sample_32,4909,15470,151827.5,8447622.5,0.008206447586417198,0.006038719788193703
sample_32,4909,15471,151837.5,8447622.5,0.005601480603218079,0.0034918172750622034
sample_32,4909,15472,151847.5,8447622.5,0.005790691822767258,0.006775029003620148
sample_32,4909,15473,151857.5,8447622.5,0.01595507562160492,0.014768054708838463
sample_32,4909,15474,151867.5,8447622.5,0.0034170267172157764,0.0035716991405934095
sample_32,4909,15475,151877.5,8447622.5,0.010770362801849842,0.008637256920337677
sample_32,4910,15456,151687.5,8447612.5,0.014777562581002712,0.006865763105452061
sample_32,4910,15457,151697.5,8447612.5,0.008595474064350128,0.006097092293202877
sample_32,4910,15458,151707.5,8447612.5,0.02178284153342247,0.005867478903383017
sample_32,4910,15459,151717.5,8447612.5,0.017373966053128242,0.003870980581268668
sample_32,4910,15460,151727.5,8447612.5,0.011614282615482807,0.0100792171433568
sample_32,4910,15461,151737.5,8447612.5,0.0033725262619554996,0.004068722017109394
sample_32,4910,15462,151747.5,8447612.5,0.01519099436700344,0.01129266619682312
sample_32,4910,15463,151757.5,8447612.5,0.007432293146848679,0.012001042254269123
sample_32,4910,15464,151767.5,8447612.5,0.012674041092395782,0.006701920181512833
sample_32,4910,15465,151777.5,8447612.5,0.017254486680030823,0.004919866099953651
sample_32,4910,15466,151787.5,8447612.5,0.017853964120149612,0.008397219702601433
sample_32,4910,15467,151797.5,8447612.5,0.01647457852959633,0.0087945107370615
sample_32,4910,15468,151807.5,8447612.5,0.014342915266752243,0.013034186325967312
sample_32,4910,15469,151817.5,8447612.5,0.00643586739897728,0.00532122328877449
sample_32,4910,15470,151827.5,8447612.5,0.01678377576172352,0.004371567163616419
sample_32,4910,15471,151837.5,8447612.5,0.010423258878290653,0.0019506586249917746
sample_32,4910,15472,151847.5,8447612.5,0.005129500292241573,0.0017112863715738058
sample_32,4910,15473,151857.5,8447612.5,0.011275400407612324,0.005296517163515091
sample_32,4910,15474,151867.5,8447612.5,0.014163828454911709,0.008950057439506054
sample_32,4910,15475,151877.5,8447612.5,0.027597207576036453,0.00396110862493515
sample_32,4911,15456,151687.5,8447602.5,0.010835968889296055,0.0037961620837450027
sample_32,4911,15457,151697.5,8447602.5,0.0077774436213076115,0.004522579722106457
sample_32,4911,15458,151707.5,8447602.5,0.02115495875477791,0.0049268570728600025
sample_32,4911,15459,151717.5,8447602.5,0.013568693771958351,0.0038453107699751854
sample_32,4911,15460,151727.5,8447602.5,0.005908335093408823,0.009714240208268166
sample_32,4911,15461,151737.5,8447602.5,0.002799247857183218,0.0028156768530607224
sample_32,4911,15462,151747.5,8447602.5,0.016832392662763596,0.0012118201702833176
sample_32,4911,15463,151757.5,8447602.5,0.009798776358366013,0.007642831187695265
sample_32,4911,15464,151767.5,8447602.5,0.01610415242612362,0.004536877851933241
sample_32,4911,15465,151777.5,8447602.5,0.008805529214441776,0.004979809280484915
sample_32,4911,15466,151787.5,8447602.5,0.03477594628930092,0.003333001397550106
sample_32,4911,15467,151797.5,8447602.5,0.009788270108401775,0.002595121506601572
sample_32,4911,15468,151807.5,8447602.5,0.017926637083292007,0.004009908996522427
sample_32,4911,15469,151817.5,8447602.5,0.014540150761604309,0.0035629989579319954
sample_32,4911,15470,151827.5,8447602.5,0.024094358086586,0.008368158712983131
sample_32,4911,15471,151837.5,8447602.5,0.007450454868376255,0.00796590093523264
sample_32,4911,15472,151847.5,8447602.5,0.012604882940649986,0.002235954627394676
sample_32,4911,15473,151857.5,8447602.5,0.008421585895121098,0.007496694568544626
sample_32,4911,15474,151867.5,8447602.5,0.005544215440750122,0.01053525134921074
sample_32,4911,15475,151877.5,8447602.5,0.023841097950935364,0.0038262244779616594
sample_32,4912,15456,151687.5,8447592.5,0.012105068191885948,0.004932512063533068
sample_32,4912,15457,151697.5,8447592.5,0.016661491245031357,0.005377456080168486
sample_32,4912,15458,151707.5,8447592.5,0.004756346810609102,0.002990179695188999
sample_32,4912,15459,151717.5,8447592.5,0.004623705521225929,0.002119659213349223
sample_32,4912,15460,151727.5,8447592.5,0.020291531458497047,0.002491055754944682
sample_32,4912,15461,151737.5,8447592.5,0.013381359167397022,0.0029913822654634714
sample_32,4912,15462,151747.5,8447592.5,0.007750092074275017,0.0010436290176585317
sample_32,4912,15463,151757.5,8447592.5,0.01868155412375927,0.0049004098400473595
sample_32,4912,15464,151767.5,8447592.5,0.009812431409955025,0.004141955636441708
sample_32,4912,15465,151777.5,8447592.5,0.01405933778733015,0.0042464397847652435
sample_32,4912,15466,151787.5,8447592.5,0.012166434898972511,0.003902076045051217
sample_32,4912,15467,151797.5,8447592.5,0.01366362813860178,0.006901092827320099
sample_32,4912,15468,151807.5,8447592.5,0.007252282463014126,0.006710066460072994
sample_32,4912,15469,151817.5,8447592.5,0.0015173668507486582,0.019155941903591156
sample_32,4912,15470,151827.5,8447592.5,0.018200727179646492,0.006563303526490927
sample_32,4912,15471,151837.5,8447592.5,0.013610240072011948,0.005275195464491844
sample_32,4912,15472,151847.5,8447592.5,0.025342674925923347,0.007221709005534649
sample_32,4912,15473,151857.5,8447592.5,0.0077203549444675446,0.008212478831410408
sample_32,4912,15474,151867.5,8447592.5,0.005135119426995516,0.005792934447526932
sample_32,4912,15475,151877.5,8447592.5,0.00603228947147727,0.009344488382339478
sample_32,4913,15456,151687.5,8447582.5,0.004902618937194347,0.004105361178517342
sample_32,4913,15457,151697.5,8447582.5,0.01568061113357544,0.007454609498381615
sample_32,4913,15458,151707.5,8447582.5,0.011883983388543129,0.0061559597961604595
sample_32,4913,15459,151717.5,8447582.5,0.011755796149373055,0.004957546945661306
sample_32,4913,15460,151727.5,8447582.5,0.01016254536807537,0.0019379358272999525
sample_32,4913,15461,151737.5,8447582.5,0.01047501526772976,0.0028120114002376795
sample_32,4913,15462,151747.5,8447582.5,0.0038389794062823057,0.006008627358824015
sample_32,4913,15463,151757.5,8447582.5,0.007444776128977537,0.004893316421657801
sample_32,4913,15464,151767.5,8447582.5,0.012852565385401249,0.0019567152485251427
sample_32,4913,15465,151777.5,8447582.5,0.019295470789074898,0.002648231340572238
sample_32,4913,15466,151787.5,8447582.5,0.00657301489263773,0.003302916418761015
sample_32,4913,15467,151797.5,8447582.5,0.01366256270557642,0.006697224453091621
sample_32,4913,15468,151807.5,8447582.5,0.005022200755774975,0.0020115897059440613
sample_32,4913,15469,151817.5,8447582.5,0.016397319734096527,0.0038793638814240694
sample_32,4913,15470,151827.5,8447582.5,0.02831990271806717,0.009584132581949234
sample_32,4913,15471,151837.5,8447582.5,0.00942573044449091,0.013972952961921692
sample_32,4913,15472,151847.5,8447582.5,0.00467115081846714,0.0064324382692575455
sample_32,4913,15473,151857.5,8447582.5,0.007956824265420437,0.015193447470664978
sample_32,4913,15474,151867.5,8447582.5,0.022606343030929565,0.0034506639931350946
sample_32,4913,15475,151877.5,8447582.5,0.018814750015735626,0.007247389294207096
sample_32,4914,15456,151687.5,8447572.5,0.009402533061802387,0.0013239366235211492
sample_32,4914,15457,151697.5,8447572.5,0.009483388625085354,0.006571728270500898
sample_32,4914,15458,151707.5,8447572.5,0.012604838237166405,0.0023945507127791643
sample_32,4914,15459,151717.5,8447572.5,0.011308303102850914,0.006769985426217318
sample_32,4914,15460,151727.5,8447572.5,0.013388841412961483,0.007121868431568146
sample_32,4914,15461,151737.5,8447572.5,0.002190045081079006,0.004785459488630295
sample_32,4914,15462,151747.5,8447572.5,0.010447927750647068,0.01138914842158556
sample_32,4914,15463,151757.5,8447572.5,0.006579103879630566,0.006262331269681454
sample_32,4914,15464,151767.5,8447572.5,0.019862568005919456,0.002670035231858492
sample_32,4914,15465,151777.5,8447572.5,0.016057519242167473,0.005381389521062374
sample_32,4914,15466,151787.5,8447572.5,0.008369718678295612,0.0021325815469026566
sample_32,4914,15467,151797.5,8447572.5,0.018978288397192955,0.00500504719093442
sample_32,4914,15468,151807.5,8447572.5,0.008786190301179886,0.004547446500509977
sample_32,4914,15469,151817.5,8447572.5,0.015652790665626526,0.0017504694405943155
sample_32,4914,15470,151827.5,8447572.5,0.006237473338842392,0.008167275227606297
sample_32,4914,15471,151837.5,8447572.5,0.013263717293739319,0.002523308154195547
sample_32,4914,15472,151847.5,8447572.5,0.006654609926044941,0.004303694237023592
sample_32,4914,15473,151857.5,8447572.5,0.002909960923716426,0.012214272283017635
sample_32,4914,15474,151867.5,8447572.5,0.015897179022431374,0.008144091814756393
sample_32,4914,15475,151877.5,8447572.5,0.01481805182993412,0.002123188693076372
sample_32,4915,15456,151687.5,8447562.5,0.006043578032404184,0.007008245214819908
sample_32,4915,15457,151697.5,8447562.5,0.009247922338545322,0.0026709483936429024
sample_32,4915,15458,151707.5,8447562.5,0.00808236189186573,0.006689771078526974
sample_32,4915,15459,151717.5,8447562.5,0.007255578879266977,0.0044396184384822845
sample_32,4915,15460,151727.5,8447562.5,0.014955924823880196,0.0031173466704785824
sample_32,4915,15461,151737.5,8447562.5,0.018179798498749733,0.003013548208400607
sample_32,4915,15462,151747.5,8447562.5,0.006106261629611254,0.004256133455783129
sample_32,4915,15463,151757.5,8447562.5,0.007102886214852333,0.006071015726774931
sample_32,4915,15464,151767.5,8447562.5,0.01210870686918497,0.0034036594443023205
sample_32,4915,15465,151777.5,8447562.5,0.01727629452943802,0.006138881668448448
sample_32,4915,15466,151787.5,8447562.5,0.015091359615325928,0.0021586348302662373
sample_32,4915,15467,151797.5,8447562.5,0.01054297760128975,0.008224877528846264
sample_32,4915,15468,151807.5,8447562.5,0.0028941442724317312,0.007432703860104084
sample_32,4915,15469,151817.5,8447562.5,0.011394037865102291,0.01371845230460167
sample_32,4915,15470,151827.5,8447562.5,0.011348862200975418,0.00671993475407362
sample_32,4915,15471,151837.5,8447562.5,0.0040477062575519085,0.005184114445000887
sample_32,4915,15472,151847.5,8447562.5,0.014575508423149586,0.0047403969801962376
sample_32,4915,15473,151857.5,8447562.5,0.014558440074324608,0.0045478204265236855
sample_32,4915,15474,151867.5,8447562.5,0.014666380360722542,0.0012648298870772123
sample_32,4915,15475,151877.5,8447562.5,0.012226669117808342,0.003912723157554865
sample_32,4916,15456,151687.5,8447552.5,0.013879512436687946,0.00628760177642107
sample_32,4916,15457,151697.5,8447552.5,0.016676677390933037,0.008601322770118713
sample_32,4916,15458,151707.5,8447552.5,0.009450411424040794,0.0032297021243721247
sample_32,4916,15459,151717.5,8447552.5,0.0024561546742916107,0.0036923647858202457
sample_32,4916,15460,151727.5,8447552.5,0.001290037645958364,0.007892360910773277
sample_32,4916,15461,151737.5,8447552.5,0.007827003486454487,0.002095265546813607
sample_32,4916,15462,151747.5,8447552.5,0.0034386743791401386,0.0038159978576004505
sample_32,4916,15463,151757.5,8447552.5,0.007076865993440151,0.0029872579034417868
sample_32,4916,15464,151767.5,8447552.5,0.0208250992000103,0.006209400482475758
sample_32,4916,15465,151777.5,8447552.5,0.010585679672658443,0.0037979958578944206
sample_32,4916,15466,151787.5,8447552.5,0.006313699763268232,0.006137946620583534
sample_32,4916,15467,151797.5,8447552.5,0.00964432768523693,0.005645963829010725
sample_32,4916,15468,151807.5,8447552.5,0.016511991620063782,0.004568621050566435
sample_32,4916,15469,151817.5,8447552.5,0.016994580626487732,0.008868934586644173
sample_32,4916,15470,151827.5,8447552.5,0.006856025196611881,0.004713318310678005
sample_32,4916,15471,151837.5,8447552.5,0.006867814343422651,0.0017788971308618784
sample_32,4916,15472,151847.5,8447552.5,0.00912129320204258,0.007784815039485693
sample_32,4916,15473,151857.5,8447552.5,0.015320513397455215,0.0025382942985743284
sample_32,4916,15474,151867.5,8447552.5,0.007042239420115948,0.002244009170681238
sample_32,4916,15475,151877.5,8447552.5,0.010193445719778538,0.005842069163918495
sample_32,4917,15456,151687.5,8447542.5,0.012463971972465515,0.008778348565101624
sample_32,4917,15457,151697.5,8447542.5,0.009734275750815868,0.0030100259464234114
sample_32,4917,15458,151707.5,8447542.5,0.011817153543233871,0.009022736921906471
sample_32,4917,15459,151717.5,8447542.5,0.012522812932729721,0.004936349578201771
sample_32,4917,15460,151727.5,8447542.5,0.006365110632032156,0.009918023832142353
sample_32,4917,15461,151737.5,8447542.5,0.027195613831281662,0.0036508366465568542
sample_32,4917,15462,151747.5,8447542.5,0.011680210940539837,0.005508819594979286
sample_32,4917,15463,151757.5,8447542.5,0.007247121538966894,0.0017748086247593164
sample_32,4917,15464,151767.5,8447542.5,0.02772926166653633,0.009192610159516335
sample_32,4917,15465,151777.5,8447542.5,0.010045052506029606,0.005132473539561033
sample_32,4917,15466,151787.5,8447542.5,0.016376949846744537,0.0036885871086269617
sample_32,4917,15467,151797.5,8447542.5,0.013066340237855911,0.002931418363004923
sample_32,4917,15468,151807.5,8447542.5,0.004069828893989325,0.0021011545322835445
sample_32,4917,15469,151817.5,8447542.5,0.018552536144852638,0.0021314769983291626
sample_32,4917,15470,151827.5,8447542.5,0.008332408033311367,0.008426863700151443
sample_32,4917,15471,151837.5,8447542.5,0.004016899969428778,0.002745173405855894
sample_32,4917,15472,151847.5,8447542.5,0.009882882237434387,0.002549451310187578
sample_32,4917,15473,151857.5,8447542.5,0.006171936169266701,0.007835016585886478
sample_32,4917,15474,151867.5,8447542.5,0.012722663581371307,0.009454227052628994
sample_32,4917,15475,151877.5,8447542.5,0.003236755495890975,0.00267073605209589
sample_32,4918,15456,151687.5,8447532.5,0.01578059233725071,0.00139766710344702
sample_32,4918,15457,151697.5,8447532.5,0.009875870309770107,0.003473978489637375
sample_32,4918,15458,151707.5,8447532.5,0.009780333377420902,0.004490938037633896
sample_32,4918,15459,151717.5,8447532.5,0.019315481185913086,0.0111333467066288
sample_32,4918,15460,151727.5,8447532.5,0.009900359436869621,0.006740192882716656
sample_32,4918,15461,151737.5,8447532.5,0.01734592765569687,0.0030392901971936226
sample_32,4918,15462,151747.5,8447532.5,0.011081797070801258,0.0017898500664159656
sample_32,4918,15463,151757.5,8447532.5,0.0073812659829854965,0.012294548563659191
sample_32,4918,15464,151767.5,8447532.5,0.009071492590010166,0.007160555571317673
sample_32,4918,15465,151777.5,8447532.5,0.006426000501960516,0.003348198253661394
sample_32,4918,15466,151787.5,8447532.5,0.01569151133298874,0.002193533582612872
sample_32,4918,15467,151797.5,8447532.5,0.008288202807307243,0.001461324980482459
sample_32,4918,15468,151807.5,8447532.5,0.023317210376262665,0.003481595776975155
sample_32,4918,15469,151817.5,8447532.5,0.0026696366257965565,0.0043594613671302795
sample_32,4918,15470,151827.5,8447532.5,0.022421084344387054,0.007308628410100937
sample_32,4918,15471,151837.5,8447532.5,0.009992493316531181,0.0019568277057260275
sample_32,4918,15472,151847.5,8447532.5,0.008131960406899452,0.0021179611794650555
sample_32,4918,15473,151857.5,8447532.5,0.009674176573753357,0.005139621905982494
sample_32,4918,15474,151867.5,8447532.5,0.019939232617616653,0.0028593754395842552
sample_32,4918,15475,151877.5,8447532.5,0.011525167152285576,0.005232325755059719
sample_32,4919,15456,151687.5,8447522.5,0.01669771410524845,0.001253680675290525
sample_32,4919,15457,151697.5,8447522.5,0.009491796605288982,0.001552628818899393
sample_32,4919,15458,151707.5,8447522.5,0.005725266877561808,0.0029930619057267904
sample_32,4919,15459,151717.5,8447522.5,0.009274641051888466,0.0034729931503534317
sample_32,4919,15460,151727.5,8447522.5,0.013432777486741543,0.007540751714259386
sample_32,4919,15461,151737.5,8447522.5,0.008478396572172642,0.010408230125904083
sample_32,4919,15462,151747.5,8447522.5,0.005848480388522148,0.004526141099631786
sample_32,4919,15463,151757.5,8447522.5,0.010469180531799793,0.004364564083516598
sample_32,4919,15464,151767.5,8447522.5,0.006405032705515623,0.009837109595537186
sample_32,4919,15465,151777.5,8447522.5,0.006752330344170332,0.005089395213872194
sample_32,4919,15466,151787.5,8447522.5,0.007613379042595625,0.002161863725632429
sample_32,4919,15467,151797.5,8447522.5,0.012178681790828705,0.004269745666533709
sample_32,4919,15468,151807.5,8447522.5,0.0032929040025919676,0.0005597904091700912
sample_32,4919,15469,151817.5,8447522.5,0.010906018316745758,0.0023795082233846188
sample_32,4919,15470,151827.5,8447522.5,0.012953698635101318,0.004516199696809053
sample_32,4919,15471,151837.5,8447522.5,0.006608218420296907,0.0024485010653734207
sample_32,4919,15472,151847.5,8447522.5,0.016089534386992455,0.0023499848321080208
sample_32,4919,15473,151857.5,8447522.5,0.02839573100209236,0.007183873560279608
sample_32,4919,15474,151867.5,8447522.5,0.004861044231802225,0.0012070476077497005
sample_32,4919,15475,151877.5,8447522.5,0.007220850791782141,0.003846562933176756
sample_32,4920,15456,151687.5,8447512.5,0.005214268807321787,0.0063904765993356705
sample_32,4920,15457,151697.5,8447512.5,0.0051662917248904705,0.006678714882582426
sample_32,4920,15458,151707.5,8447512.5,0.007725446484982967,0.003283355152234435
sample_32,4920,15459,151717.5,8447512.5,0.0074416277930140495,0.0043252818286418915
sample_32,4920,15460,151727.5,8447512.5,0.015166198834776878,0.004673825576901436
sample_32,4920,15461,151737.5,8447512.5,0.02759527415037155,0.007063896860927343
sample_32,4920,15462,151747.5,8447512.5,0.006298384629189968,0.003775461344048381
sample_32,4920,15463,151757.5,8447512.5,0.006201094947755337,0.0024305861443281174
sample_32,4920,15464,151767.5,8447512.5,0.01317065954208374,0.002207764657214284
sample_32,4920,15465,151777.5,8447512.5,0.0073195574805140495,0.005142422392964363
sample_32,4920,15466,151787.5,8447512.5,0.012966739945113659,0.003455342259258032
sample_32,4920,15467,151797.5,8447512.5,0.007417153567075729,0.012354398146271706
sample_32,4920,15468,151807.5,8447512.5,0.011501492001116276,0.0009240760700777173
sample_32,4920,15469,151817.5,8447512.5,0.012317201122641563,0.004344858694821596
sample_32,4920,15470,151827.5,8447512.5,0.0049666753038764,0.0018169063841924071
sample_32,4920,15471,151837.5,8447512.5,0.016849009320139885,0.004864930175244808
sample_32,4920,15472,151847.5,8447512.5,0.02443500980734825,0.004638909827917814
sample_32,4920,15473,151857.5,8447512.5,0.03380138799548149,0.0026884907856583595
sample_32,4920,15474,151867.5,8447512.5,0.005175757221877575,0.0025335238315165043
sample_32,4920,15475,151877.5,8447512.5,0.019661137834191322,0.0025698929093778133
sample_32,4921,15456,151687.5,8447502.5,0.002677300712093711,0.0025243719574064016
sample_32,4921,15457,151697.5,8447502.5,0.0114150894805789,0.0021661482751369476
sample_32,4921,15458,151707.5,8447502.5,0.02644411474466324,0.005932245869189501
sample_32,4921,15459,151717.5,8447502.5,0.012929176911711693,0.0034088194370269775
sample_32,4921,15460,151727.5,8447502.5,0.007887545973062515,0.002648492343723774
sample_32,4921,15461,151737.5,8447502.5,0.03346826508641243,0.005379875656217337
sample_32,4921,15462,151747.5,8447502.5,0.008227045647799969,0.011249798350036144
sample_32,4921,15463,151757.5,8447502.5,0.016623061150312424,0.004487126599997282
sample_32,4921,15464,151767.5,8447502.5,0.02336888015270233,0.0038404325023293495
sample_32,4921,15465,151777.5,8447502.5,0.017931880429387093,0.00968524906784296
sample_32,4921,15466,151787.5,8447502.5,0.0019512776052579284,0.0027783543337136507
sample_32,4921,15467,151797.5,8447502.5,0.021509625017642975,0.0028990551363676786
sample_32,4921,15468,151807.5,8447502.5,0.01063215546309948,0.007154316641390324
sample_32,4921,15469,151817.5,8447502.5,0.010113334283232689,0.005249811802059412
sample_32,4921,15470,151827.5,8447502.5,0.011596928350627422,0.002096383599564433
sample_32,4921,15471,151837.5,8447502.5,0.013402394950389862,0.002852480858564377
sample_32,4921,15472,151847.5,8447502.5,0.009356377646327019,0.0016219153767451644
sample_32,4921,15473,151857.5,8447502.5,0.01974456012248993,0.007405199110507965
sample_32,4921,15474,151867.5,8447502.5,0.027615562081336975,0.005342536140233278
sample_32,4921,15475,151877.5,8447502.5,0.010676234029233456,0.0033525945618748665
sample_33,13947,20367,200797.5,8357242.5,0.013011731207370758,0.004432213492691517
sample_33,13947,20368,200807.5,8357242.5,0.015369580127298832,0.004389776382595301
sample_33,13947,20369,200817.5,8357242.5,0.02795231342315674,0.002645481377840042
sample_33,13947,20370,200827.5,8357242.5,0.006436627358198166,0.006832190323621035
sample_33,13947,20371,200837.5,8357242.5,0.01513662375509739,0.00270769651979208
sample_33,13947,20372,200847.5,8357242.5,0.004681422840803862,0.007172537501901388
sample_33,13947,20373,200857.5,8357242.5,0.011790422722697258,0.003315573325380683
sample_33,13947,20374,200867.5,8357242.5,0.010541785508394241,0.01557195745408535
sample_33,13947,20375,200877.5,8357242.5,0.007098156493157148,0.01779456064105034
sample_33,13947,20376,200887.5,8357242.5,0.014999032020568848,0.005745000205934048
sample_33,13947,20377,200897.5,8357242.5,0.009624408558011055,0.006176830269396305
sample_33,13947,20378,200907.5,8357242.5,0.010777533054351807,0.00847531296312809
sample_33,13947,20379,200917.5,8357242.5,0.006945066154003143,0.00405015517026186
sample_33,13947,20380,200927.5,8357242.5,0.00873371958732605,0.0033623608760535717
sample_33,13947,20381,200937.5,8357242.5,0.01798025332391262,0.0045003402046859264
sample_33,13947,20382,200947.5,8357242.5,0.009695883840322495,0.008711330592632294
sample_33,13947,20383,200957.5,8357242.5,0.016733188182115555,0.0021259335335344076
sample_33,13947,20384,200967.5,8357242.5,0.013021489605307579,0.003614299464970827
sample_33,13947,20385,200977.5,8357242.5,0.0044822911731898785,0.003564371494576335
sample_33,13948,20367,200797.5,8357232.5,0.003170548239722848,0.002177896909415722
sample_33,13948,20368,200807.5,8357232.5,0.019231971353292465,0.0051946211606264114
sample_33,13948,20369,200817.5,8357232.5,0.007492610719054937,0.007847074419260025
sample_33,13948,20370,200827.5,8357232.5,0.015313876792788506,0.003800035687163472
sample_33,13948,20371,200837.5,8357232.5,0.010575471445918083,0.006925301160663366
sample_33,13948,20372,200847.5,8357232.5,0.01804594323039055,0.009968932718038559
sample_33,13948,20373,200857.5,8357232.5,0.013503558933734894,0.00594358379021287
sample_33,13948,20374,200867.5,8357232.5,0.019296500831842422,0.0020262785255908966
sample_33,13948,20375,200877.5,8357232.5,0.0060709090903401375,0.008369723334908485
sample_33,13948,20376,200887.5,8357232.5,0.006406259723007679,0.0020391419529914856
sample_33,13948,20377,200897.5,8357232.5,0.0011830638395622373,0.0038735896814614534
sample_33,13948,20378,200907.5,8357232.5,0.014914087951183319,0.0069357119500637054
sample_33,13948,20379,200917.5,8357232.5,0.0038048047572374344,0.006010041106492281
sample_33,13948,20380,200927.5,8357232.5,0.006040507927536964,0.006556692533195019
sample_33,13948,20381,200937.5,8357232.5,0.012259837239980698,0.00600170623511076
sample_33,13948,20382,200947.5,8357232.5,0.009027846157550812,0.005763509310781956
sample_33,13948,20383,200957.5,8357232.5,0.008018814027309418,0.002347758039832115
sample_33,13948,20384,200967.5,8357232.5,0.004884394351392984,0.004773211665451527
sample_33,13948,20385,200977.5,8357232.5,0.009189216420054436,0.0057330382987856865
sample_33,13949,20367,200797.5,8357222.5,0.006125541403889656,0.0032675936818122864
sample_33,13949,20368,200807.5,8357222.5,0.014748139306902885,0.0038699950091540813
sample_33,13949,20369,200817.5,8357222.5,0.0011945824371650815,0.002965016756206751
sample_33,13949,20370,200827.5,8357222.5,0.0032950930763036013,0.0054057808592915535
sample_33,13949,20371,200837.5,8357222.5,0.01129135675728321,0.004982813727110624
sample_33,13949,20372,200847.5,8357222.5,0.02173812873661518,0.0039108674973249435
sample_33,13949,20373,200857.5,8357222.5,0.01031082309782505,0.0012565954821184278
sample_33,13949,20374,200867.5,8357222.5,0.013144593685865402,0.00991064216941595
sample_33,13949,20375,200877.5,8357222.5,0.012840602546930313,0.0060399738140404224
sample_33,13949,20376,200887.5,8357222.5,0.003283819416537881,0.004326879512518644
sample_33,13949,20377,200897.5,8357222.5,0.011314617469906807,0.0032810179982334375
sample_33,13949,20378,200907.5,8357222.5,0.00783695001155138,0.0036342344246804714
sample_33,13949,20379,200917.5,8357222.5,0.009921715594828129,0.003570402041077614
sample_33,13949,20380,200927.5,8357222.5,0.011850215494632721,0.006650938652455807
sample_33,13949,20381,200937.5,8357222.5,0.012893270701169968,0.00124557560775429
sample_33,13949,20382,200947.5,8357222.5,0.011871960014104843,0.0015731803141534328
sample_33,13949,20383,200957.5,8357222.5,0.00767161138355732,0.002483722986653447
sample_33,13949,20384,200967.5,8357222.5,0.00887202750891447,0.003889237530529499
sample_33,13949,20385,200977.5,8357222.5,0.006590911187231541,0.009060870856046677
sample_33,13949,20386,200987.5,8357222.5,0.004449254833161831,0.004268290475010872
sample_33,13950,20367,200797.5,8357212.5,0.012209402397274971,0.002495038788765669
sample_33,13950,20368,200807.5,8357212.5,0.0037534052971750498,0.0035095978528261185
sample_33,13950,20369,200817.5,8357212.5,0.010257411748170853,0.0012515182606875896
sample_33,13950,20370,200827.5,8357212.5,0.011640556156635284,0.0008841358358040452
sample_33,13950,20371,200837.5,8357212.5,0.012442803010344505,0.010134398937225342
sample_33,13950,20372,200847.5,8357212.5,0.004502714611589909,0.003925343044102192
sample_33,13950,20373,200857.5,8357212.5,0.014993449673056602,0.003404788440093398
sample_33,13950,20374,200867.5,8357212.5,0.00997423566877842,0.001356529537588358
sample_33,13950,20375,200877.5,8357212.5,0.00791582278907299,0.00394420837983489
sample_33,13950,20376,200887.5,8357212.5,0.010816351510584354,0.008363232016563416
sample_33,13950,20377,200897.5,8357212.5,0.0036317056510597467,0.005047163460403681
sample_33,13950,20378,200907.5,8357212.5,0.00375356525182724,0.0026233126409351826
sample_33,13950,20379,200917.5,8357212.5,0.008662370964884758,0.005798758938908577
sample_33,13950,20380,200927.5,8357212.5,0.010733548551797867,0.00486781494691968
sample_33,13950,20381,200937.5,8357212.5,0.009265030734241009,0.0037845009937882423
sample_33,13950,20382,200947.5,8357212.5,0.016276035457849503,0.0030599285382777452
sample_33,13950,20383,200957.5,8357212.5,0.007200293242931366,0.009408853948116302
sample_33,13950,20384,200967.5,8357212.5,0.012700417079031467,0.0072028255090117455
sample_33,13950,20385,200977.5,8357212.5,0.009374238550662994,0.0011452444596216083
sample_33,13950,20386,200987.5,8357212.5,0.0110584432259202,0.0020549059845507145
sample_33,13951,20367,200797.5,8357202.5,0.027412015944719315,0.0031970874406397343
sample_33,13951,20368,200807.5,8357202.5,0.012081959284842014,0.0018702393863350153
sample_33,13951,20369,200817.5,8357202.5,0.014981290325522423,0.0015727791469544172
sample_33,13951,20370,200827.5,8357202.5,0.005256690084934235,0.00410075206309557
sample_33,13951,20371,200837.5,8357202.5,0.01888515055179596,0.005221327766776085
sample_33,13951,20372,200847.5,8357202.5,0.016215577721595764,0.006046629045158625
sample_33,13951,20373,200857.5,8357202.5,0.005845793057233095,0.007259069941937923
sample_33,13951,20374,200867.5,8357202.5,0.010478856973350048,0.0036548487842082977
sample_33,13951,20375,200877.5,8357202.5,0.011398263275623322,0.0028856871649622917
sample_33,13951,20376,200887.5,8357202.5,0.007838787510991096,0.004004444926977158
sample_33,13951,20377,200897.5,8357202.5,0.005210807081311941,0.002094059716910124
sample_33,13951,20378,200907.5,8357202.5,0.009008261375129223,0.0022772778756916523
sample_33,13951,20379,200917.5,8357202.5,0.0029970197938382626,0.004390832968056202
sample_33,13951,20380,200927.5,8357202.5,0.005088612902909517,0.0069948844611644745
sample_33,13951,20381,200937.5,8357202.5,0.005777721758931875,0.004043021705001593
sample_33,13951,20382,200947.5,8357202.5,0.013254664838314056,0.00803380273282528
sample_33,13951,20383,200957.5,8357202.5,0.019124019891023636,0.0019172573229297996
sample_33,13951,20384,200967.5,8357202.5,0.013109235092997551,0.0024731475859880447
sample_33,13951,20385,200977.5,8357202.5,0.004971740301698446,0.004873055033385754
sample_33,13951,20386,200987.5,8357202.5,0.008822320960462093,0.008427179418504238
sample_33,13952,20367,200797.5,8357192.5,0.004004713147878647,0.005017004907131195
sample_33,13952,20368,200807.5,8357192.5,0.01350744254887104,0.0019910105038434267
sample_33,13952,20369,200817.5,8357192.5,0.004612982273101807,0.004753885790705681
sample_33,13952,20370,200827.5,8357192.5,0.006004193797707558,0.003576623974367976
sample_33,13952,20371,200837.5,8357192.5,0.02909383364021778,0.0025936525780707598
sample_33,13952,20372,200847.5,8357192.5,0.012325172312557697,0.008507144637405872
sample_33,13952,20373,200857.5,8357192.5,0.011206500232219696,0.00611552968621254
sample_33,13952,20374,200867.5,8357192.5,0.014136486686766148,0.002943256637081504
sample_33,13952,20375,200877.5,8357192.5,0.012311998754739761,0.0015807885210961103
sample_33,13952,20376,200887.5,8357192.5,0.00756408553570509,0.003865878563374281
sample_33,13952,20377,200897.5,8357192.5,0.0032521369867026806,0.004653530661016703
sample_33,13952,20378,200907.5,8357192.5,0.007715328596532345,0.008378724567592144
sample_33,13952,20379,200917.5,8357192.5,0.018003320321440697,0.0011200584704056382
sample_33,13952,20380,200927.5,8357192.5,0.007973657920956612,0.008153366856276989
sample_33,13952,20381,200937.5,8357192.5,0.02020535245537758,0.0016948113916441798
sample_33,13952,20382,200947.5,8357192.5,0.006691955029964447,0.003204945009201765
sample_33,13952,20383,200957.5,8357192.5,0.013045381754636765,0.0021351855248212814
sample_33,13952,20384,200967.5,8357192.5,0.007426907774060965,0.0032805022783577442
sample_33,13952,20385,200977.5,8357192.5,0.014387862756848335,0.00984848290681839
sample_33,13952,20386,200987.5,8357192.5,0.011925837025046349,0.008139215409755707
sample_33,13953,20367,200797.5,8357182.5,0.0070169661194086075,0.0018241374054923654
sample_33,13953,20368,200807.5,8357182.5,0.005699139088392258,0.005232160445302725
sample_33,13953,20369,200817.5,8357182.5,0.007689653895795345,0.004110289737582207
sample_33,13953,20370,200827.5,8357182.5,0.005708626471459866,0.0034399819560348988
sample_33,13953,20371,200837.5,8357182.5,0.03735624998807907,0.0021296388003975153
sample_33,13953,20372,200847.5,8357182.5,0.0032726628705859184,0.005137520842254162
sample_33,13953,20373,200857.5,8357182.5,0.009749576449394226,0.0021600774489343166
sample_33,13953,20374,200867.5,8357182.5,0.025971483439207077,0.0038579432293772697
sample_33,13953,20375,200877.5,8357182.5,0.00820233952254057,0.0077288043685257435
sample_33,13953,20376,200887.5,8357182.5,0.007695542648434639,0.005575927440077066
sample_33,13953,20377,200897.5,8357182.5,0.01818167418241501,0.0043562958016991615
sample_33,13953,20378,200907.5,8357182.5,0.010290851816534996,0.002590260934084654
sample_33,13953,20379,200917.5,8357182.5,0.001794483046978712,0.0028337426483631134
sample_33,13953,20380,200927.5,8357182.5,0.017603790387511253,0.008303283713757992
sample_33,13953,20381,200937.5,8357182.5,0.0032901207450777292,0.0014909363817423582
sample_33,13953,20382,200947.5,8357182.5,0.004385622218251228,0.0071138544008135796
sample_33,13953,20383,200957.5,8357182.5,0.00997211318463087,0.003810902126133442
sample_33,13953,20384,200967.5,8357182.5,0.007371288258582354,0.009820775128901005
sample_33,13953,20385,200977.5,8357182.5,0.020271601155400276,0.0032259351573884487
sample_33,13953,20386,200987.5,8357182.5,0.012455801479518414,0.008418788202106953
sample_33,13954,20367,200797.5,8357172.5,0.0019546886906027794,0.008565105497837067
sample_33,13954,20368,200807.5,8357172.5,0.006588347721844912,0.00456768274307251
sample_33,13954,20369,200817.5,8357172.5,0.01042215060442686,0.018888771533966064
sample_33,13954,20370,200827.5,8357172.5,0.014676510356366634,0.005526372697204351
sample_33,13954,20371,200837.5,8357172.5,0.0068405610509216785,0.003638021182268858
sample_33,13954,20372,200847.5,8357172.5,0.008231984451413155,0.004800922237336636
sample_33,13954,20373,200857.5,8357172.5,0.016039567068219185,0.0026112147606909275
sample_33,13954,20374,200867.5,8357172.5,0.008857471868395805,0.002077021636068821
sample_33,13954,20375,200877.5,8357172.5,0.03243572264909744,0.003650719067081809
sample_33,13954,20376,200887.5,8357172.5,0.00865628570318222,0.0037139186169952154
sample_33,13954,20377,200897.5,8357172.5,0.01846608892083168,0.0019982466474175453
sample_33,13954,20378,200907.5,8357172.5,0.020586423575878143,0.004726297687739134
sample_33,13954,20379,200917.5,8357172.5,0.006364434491842985,0.0027969207148998976
sample_33,13954,20380,200927.5,8357172.5,0.027907270938158035,0.0019303122535347939
sample_33,13954,20381,200937.5,8357172.5,0.008594710379838943,0.004637440200895071
sample_33,13954,20382,200947.5,8357172.5,0.0074555715546011925,0.0009975444991141558
sample_33,13954,20383,200957.5,8357172.5,0.007709606550633907,0.0032783588394522667
sample_33,13954,20384,200967.5,8357172.5,0.005746305920183659,0.0014009398873895407
sample_33,13954,20385,200977.5,8357172.5,0.007531344890594482,0.0015635679010301828
sample_33,13954,20386,200987.5,8357172.5,0.008549654856324196,0.0010966688860207796
sample_33,13955,20367,200797.5,8357162.5,0.01738937385380268,0.0035409429110586643
sample_33,13955,20368,200807.5,8357162.5,0.007151932921260595,0.0060905637219548225
sample_33,13955,20369,200817.5,8357162.5,0.007233154959976673,0.007875530980527401
sample_33,13955,20370,200827.5,8357162.5,0.02131066285073757,0.010408321395516396
sample_33,13955,20371,200837.5,8357162.5,0.00688877422362566,0.002487041288986802
sample_33,13955,20372,200847.5,8357162.5,0.007992317900061607,0.007998387329280376
sample_33,13955,20373,200857.5,8357162.5,0.003907016944140196,0.003756315913051367
sample_33,13955,20374,200867.5,8357162.5,0.008174553513526917,0.002190479077398777
sample_33,13955,20375,200877.5,8357162.5,0.019632624462246895,0.008070740848779678
sample_33,13955,20376,200887.5,8357162.5,0.023135436698794365,0.0069647585041821
sample_33,13955,20377,200897.5,8357162.5,0.017551239579916,0.004364342428743839
sample_33,13955,20378,200907.5,8357162.5,0.010757377371191978,0.00540474709123373
sample_33,13955,20379,200917.5,8357162.5,0.012551991268992424,0.003563895123079419
sample_33,13955,20380,200927.5,8357162.5,0.00346950045786798,0.006576652638614178
sample_33,13955,20381,200937.5,8357162.5,0.007574418559670448,0.0044204010628163815
sample_33,13955,20382,200947.5,8357162.5,0.00978554505854845,0.0032264525070786476
sample_33,13955,20383,200957.5,8357162.5,0.003584829391911626,0.004485288169234991
sample_33,13955,20384,200967.5,8357162.5,0.016660792753100395,0.004851046949625015
sample_33,13955,20385,200977.5,8357162.5,0.021131671965122223,0.003787411144003272
sample_33,13955,20386,200987.5,8357162.5,0.012762998230755329,0.00555052887648344
sample_33,13956,20367,200797.5,8357152.5,0.01621951162815094,0.002932089613750577
sample_33,13956,20368,200807.5,8357152.5,0.011366385966539383,0.003503745421767235
sample_33,13956,20369,200817.5,8357152.5,0.010862099938094616,0.005733819678425789
sample_33,13956,20370,200827.5,8357152.5,0.016294892877340317,0.0072271451354026794
sample_33,13956,20371,200837.5,8357152.5,0.017221294343471527,0.005052010994404554
sample_33,13956,20372,200847.5,8357152.5,0.009017343632876873,0.006056522950530052
sample_33,13956,20373,200857.5,8357152.5,0.017808720469474792,0.007286516018211842
sample_33,13956,20374,200867.5,8357152.5,0.00619982834905386,0.0012010044883936644
sample_33,13956,20375,200877.5,8357152.5,0.011925260536372662,0.004852233454585075
sample_33,13956,20376,200887.5,8357152.5,0.00884329155087471,0.0014897274086251855
sample_33,13956,20377,200897.5,8357152.5,0.017530355602502823,0.0064111510291695595
sample_33,13956,20378,200907.5,8357152.5,0.019665926694869995,0.003951936960220337
sample_33,13956,20379,200917.5,8357152.5,0.019947443157434464,0.0030599755700677633
sample_33,13956,20380,200927.5,8357152.5,0.021945461630821228,0.004276943858712912
sample_33,13956,20381,200937.5,8357152.5,0.026621045544743538,0.004837244749069214
sample_33,13956,20382,200947.5,8357152.5,0.017308471724390984,0.005927510559558868
sample_33,13956,20383,200957.5,8357152.5,0.013457069173455238,0.0030496250838041306
sample_33,13956,20384,200967.5,8357152.5,0.01178885716944933,0.005647527519613504
sample_33,13956,20385,200977.5,8357152.5,0.013424921780824661,0.003943946678191423
sample_33,13956,20386,200987.5,8357152.5,0.004334963858127594,0.005844222381711006
sample_33,13957,20367,200797.5,8357142.5,0.010566138662397861,0.001768943970091641
sample_33,13957,20368,200807.5,8357142.5,0.01343717984855175,0.00283611542545259
sample_33,13957,20369,200817.5,8357142.5,0.0038998513482511044,0.006041065324097872
sample_33,13957,20370,200827.5,8357142.5,0.006906611379235983,0.00454932963475585
sample_33,13957,20371,200837.5,8357142.5,0.008566617965698242,0.005474329460412264
sample_33,13957,20372,200847.5,8357142.5,0.011452622711658478,0.0033630470279604197
sample_33,13957,20373,200857.5,8357142.5,0.005787924397736788,0.004195238463580608
sample_33,13957,20374,200867.5,8357142.5,0.009535955265164375,0.009359298273921013
sample_33,13957,20375,200877.5,8357142.5,0.005126464646309614,0.007859046570956707
sample_33,13957,20376,200887.5,8357142.5,0.020878106355667114,0.004287510644644499
sample_33,13957,20377,200897.5,8357142.5,0.011411900632083416,0.006592097692191601
sample_33,13957,20378,200907.5,8357142.5,0.021406952291727066,0.0016402241308242083
sample_33,13957,20379,200917.5,8357142.5,0.00588609091937542,0.006574029102921486
sample_33,13957,20380,200927.5,8357142.5,0.006865106988698244,0.0014492893824353814
sample_33,13957,20381,200937.5,8357142.5,0.007151596248149872,0.0045792474411427975
sample_33,13957,20382,200947.5,8357142.5,0.012689236551523209,0.012058978900313377
sample_33,13957,20383,200957.5,8357142.5,0.018790626898407936,0.0014962994027882814
sample_33,13957,20384,200967.5,8357142.5,0.01679931953549385,0.0023713242262601852
sample_33,13957,20385,200977.5,8357142.5,0.0159975066781044,0.012707673944532871
sample_33,13957,20386,200987.5,8357142.5,0.008477824740111828,0.004281046334654093
sample_33,13958,20367,200797.5,8357132.5,0.014807390049099922,0.005577482283115387
sample_33,13958,20368,200807.5,8357132.5,0.01625313237309456,0.0053261034190654755
sample_33,13958,20369,200817.5,8357132.5,0.013586148619651794,0.004760864656418562
sample_33,13958,20370,200827.5,8357132.5,0.02085413597524166,0.0021206610836088657
sample_33,13958,20371,200837.5,8357132.5,0.010595642030239105,0.004965196363627911
sample_33,13958,20372,200847.5,8357132.5,0.00951293483376503,0.002410879358649254
sample_33,13958,20373,200857.5,8357132.5,0.007418707944452763,0.0022907108068466187
sample_33,13958,20374,200867.5,8357132.5,0.0111510856077075,0.007267672568559647
sample_33,13958,20375,200877.5,8357132.5,0.005313463043421507,0.0038101868703961372
sample_33,13958,20376,200887.5,8357132.5,0.01263611949980259,0.007686616852879524
sample_33,13958,20377,200897.5,8357132.5,0.01003260724246502,0.004048644099384546
sample_33,13958,20378,200907.5,8357132.5,0.012543889693915844,0.0022829368244856596
sample_33,13958,20379,200917.5,8357132.5,0.01733184978365898,0.0011872859904542565
sample_33,13958,20380,200927.5,8357132.5,0.012844202108681202,0.0032306830398738384
sample_33,13958,20381,200937.5,8357132.5,0.0035472249146550894,0.006156410556286573
sample_33,13958,20382,200947.5,8357132.5,0.00690836738795042,0.00809423066675663
sample_33,13958,20383,200957.5,8357132.5,0.014059183187782764,0.01048307679593563
sample_33,13958,20384,200967.5,8357132.5,0.0225862804800272,0.006838548928499222
sample_33,13958,20385,200977.5,8357132.5,0.007747572381049395,0.002113255439326167
sample_33,13958,20386,200987.5,8357132.5,0.0085070189088583,0.007340474519878626
sample_33,13959,20367,200797.5,8357122.5,0.0072713205590844154,0.004433293826878071
sample_33,13959,20368,200807.5,8357122.5,0.013760834001004696,0.0044307950884103775
sample_33,13959,20369,200817.5,8357122.5,0.006549260579049587,0.0033353499602526426
sample_33,13959,20370,200827.5,8357122.5,0.010271466337144375,0.003738224972039461
sample_33,13959,20371,200837.5,8357122.5,0.007360249757766724,0.005126774311065674
sample_33,13959,20372,200847.5,8357122.5,0.011748856864869595,0.0020077975932508707
sample_33,13959,20373,200857.5,8357122.5,0.007395598106086254,0.005968677811324596
sample_33,13959,20374,200867.5,8357122.5,0.017329582944512367,0.003586400067433715
sample_33,13959,20375,200877.5,8357122.5,0.009402208030223846,0.006205946672707796
sample_33,13959,20376,200887.5,8357122.5,0.007297408767044544,0.004160365555435419
sample_33,13959,20377,200897.5,8357122.5,0.006215616129338741,0.0007788942893967032
sample_33,13959,20378,200907.5,8357122.5,0.016182834282517433,0.007728153839707375
sample_33,13959,20379,200917.5,8357122.5,0.013262770138680935,0.005237345118075609
sample_33,13959,20380,200927.5,8357122.5,0.008878064341843128,0.005063722841441631
sample_33,13959,20381,200937.5,8357122.5,0.007218874990940094,0.003642686642706394
sample_33,13959,20382,200947.5,8357122.5,0.004445948638021946,0.0064569809474051
sample_33,13959,20383,200957.5,8357122.5,0.01656530424952507,0.008178098127245903
sample_33,13959,20384,200967.5,8357122.5,0.015890348702669144,0.004379676654934883
sample_33,13959,20385,200977.5,8357122.5,0.010054534301161766,0.0032335654832422733
sample_33,13959,20386,200987.5,8357122.5,0.0096134627237916,0.003404994262382388
sample_33,13960,20367,200797.5,8357112.5,0.014718249440193176,0.0038879970088601112
sample_33,13960,20368,200807.5,8357112.5,0.008097018115222454,0.005224841646850109
sample_33,13960,20369,200817.5,8357112.5,0.03234881907701492,0.005180272739380598
sample_33,13960,20370,200827.5,8357112.5,0.01493948232382536,0.0061431750655174255
sample_33,13960,20371,200837.5,8357112.5,0.0105136102065444,0.004147700499743223
sample_33,13960,20372,200847.5,8357112.5,0.005814180243760347,0.00983535684645176
sample_33,13960,20373,200857.5,8357112.5,0.01158706471323967,0.00294310599565506
sample_33,13960,20374,200867.5,8357112.5,0.017414087429642677,0.005975331179797649
sample_33,13960,20375,200877.5,8357112.5,0.017048077657818794,0.007399554364383221
sample_33,13960,20376,200887.5,8357112.5,0.030327416956424713,0.00593942403793335
sample_33,13960,20377,200897.5,8357112.5,0.009392603300511837,0.0012030360521748662
sample_33,13960,20378,200907.5,8357112.5,0.006272228434681892,0.0020270957611501217
sample_33,13960,20379,200917.5,8357112.5,0.007478262297809124,0.00251153321005404
sample_33,13960,20380,200927.5,8357112.5,0.01800648495554924,0.003877344774082303
sample_33,13960,20381,200937.5,8357112.5,0.008023981004953384,0.002216359367594123
sample_33,13960,20382,200947.5,8357112.5,0.010154271498322487,0.007816458120942116
sample_33,13960,20383,200957.5,8357112.5,0.02055434137582779,0.0019071567803621292
sample_33,13960,20384,200967.5,8357112.5,0.004798000678420067,0.004837124142795801
sample_33,13960,20385,200977.5,8357112.5,0.032544754445552826,0.00484163872897625
sample_33,13960,20386,200987.5,8357112.5,0.019548747688531876,0.00657722307369113
sample_33,13961,20367,200797.5,8357102.5,0.012594860978424549,0.004461007192730904
sample_33,13961,20368,200807.5,8357102.5,0.006559667177498341,0.0036606756038963795
sample_33,13961,20369,200817.5,8357102.5,0.015001369640231133,0.0043595340102910995
sample_33,13961,20370,200827.5,8357102.5,0.0051936376839876175,0.003403062466531992
sample_33,13961,20371,200837.5,8357102.5,0.016936521977186203,0.008556443266570568
sample_33,13961,20372,200847.5,8357102.5,0.0045615872368216515,0.006341136060655117
sample_33,13961,20373,200857.5,8357102.5,0.006166985724121332,0.0050081307999789715
sample_33,13961,20374,200867.5,8357102.5,0.005725025665014982,0.0026678135618567467
sample_33,13961,20375,200877.5,8357102.5,0.015099197626113892,0.006677853409200907
sample_33,13961,20376,200887.5,8357102.5,0.010799987241625786,0.0049965702928602695
sample_33,13961,20377,200897.5,8357102.5,0.009276888333261013,0.0026209489442408085
sample_33,13961,20378,200907.5,8357102.5,0.008662654086947441,0.005013147369027138
sample_33,13961,20379,200917.5,8357102.5,0.011978731490671635,0.002941543236374855
sample_33,13961,20380,200927.5,8357102.5,0.01089094951748848,0.0009921395685523748
sample_33,13961,20381,200937.5,8357102.5,0.019026804715394974,0.006274126004427671
sample_33,13961,20382,200947.5,8357102.5,0.014278757385909557,0.005136739928275347
sample_33,13961,20383,200957.5,8357102.5,0.005264409352093935,0.004197373520582914
sample_33,13961,20384,200967.5,8357102.5,0.020451536402106285,0.004671841394156218
sample_33,13961,20385,200977.5,8357102.5,0.004720896482467651,0.0026579308323562145
sample_33,13961,20386,200987.5,8357102.5,0.01036437414586544,0.006359198596328497
sample_33,13962,20367,200797.5,8357092.5,0.002106717322021723,0.0029221964068710804
sample_33,13962,20368,200807.5,8357092.5,0.024399954825639725,0.0029117667581886053
sample_33,13962,20369,200817.5,8357092.5,0.02298182249069214,0.006089775823056698
sample_33,13962,20370,200827.5,8357092.5,0.01453821174800396,0.003155719954520464
sample_33,13962,20371,200837.5,8357092.5,0.01819128543138504,0.012561609968543053
sample_33,13962,20372,200847.5,8357092.5,0.008416633121669292,0.005496610421687365
sample_33,13962,20373,200857.5,8357092.5,0.009840177372097969,0.0053913043811917305
sample_33,13962,20374,200867.5,8357092.5,0.004769539926201105,0.009873260743916035
sample_33,13962,20375,200877.5,8357092.5,0.016546841710805893,0.008630569092929363
sample_34,17241,24019,237317.5,8324302.5,0.038224078714847565,0.007408235687762499
sample_34,17241,24020,237327.5,8324302.5,0.02182687819004059,0.0031226796563714743
sample_34,17241,24021,237337.5,8324302.5,0.01320138480514288,0.00451921159401536
sample_34,17241,24022,237347.5,8324302.5,0.017077140510082245,0.006469841115176678
sample_34,17241,24023,237357.5,8324302.5,0.009200974367558956,0.0038600671105086803
sample_34,17241,24024,237367.5,8324302.5,0.045114289969205856,0.0016248244792222977
sample_34,17241,24025,237377.5,8324302.5,0.026646142825484276,0.005098429508507252
sample_34,17241,24026,237387.5,8324302.5,0.019879041239619255,0.004661426413804293
sample_34,17241,24027,237397.5,8324302.5,0.011517168022692204,0.003920219372957945
sample_34,17241,24028,237407.5,8324302.5,0.009417098946869373,0.006391211412847042
sample_34,17241,24029,237417.5,8324302.5,0.011265973560512066,0.0029302609618753195
sample_34,17241,24030,237427.5,8324302.5,0.0155094675719738,0.0029907056596130133
sample_34,17241,24031,237437.5,8324302.5,0.008866671472787857,0.0061236051842570305
sample_34,17241,24032,237447.5,8324302.5,0.02671957202255726,0.010994071140885353
sample_34,17241,24033,237457.5,8324302.5,0.021401431411504745,0.007406487129628658
sample_34,17241,24034,237467.5,8324302.5,0.025211676955223083,0.009285631589591503
sample_34,17241,24035,237477.5,8324302.5,0.028460361063480377,0.007127141114324331
sample_34,17241,24036,237487.5,8324302.5,0.029505711048841476,0.012520171701908112
sample_34,17241,24037,237497.5,8324302.5,0.010621106252074242,0.009311839938163757
sample_34,17242,24019,237317.5,8324292.5,0.054381899535655975,0.00531399343162775
sample_34,17242,24020,237327.5,8324292.5,0.016393166035413742,0.003385859774425626
sample_34,17242,24021,237337.5,8324292.5,0.03029666282236576,0.008105862885713577
sample_34,17242,24022,237347.5,8324292.5,0.012902182526886463,0.004477307666093111
sample_34,17242,24023,237357.5,8324292.5,0.024767372757196426,0.006702509708702564
sample_34,17242,24024,237367.5,8324292.5,0.013637248426675797,0.0028721296694129705
sample_34,17242,24025,237377.5,8324292.5,0.015602880157530308,0.0037989080883562565
sample_34,17242,24026,237387.5,8324292.5,0.015681780874729156,0.00875782035291195
sample_34,17242,24027,237397.5,8324292.5,0.030378352850675583,0.005484994500875473
sample_34,17242,24028,237407.5,8324292.5,0.023475265130400658,0.005727790296077728
sample_34,17242,24029,237417.5,8324292.5,0.01205216534435749,0.005798922851681709
sample_34,17242,24030,237427.5,8324292.5,0.022451892495155334,0.020235629752278328
sample_34,17242,24031,237437.5,8324292.5,0.026077091693878174,0.004886269103735685
sample_34,17242,24032,237447.5,8324292.5,0.04176783189177513,0.007292556576430798
sample_34,17242,24033,237457.5,8324292.5,0.02765258029103279,0.007640700787305832
sample_34,17242,24034,237467.5,8324292.5,0.0072507308796048164,0.009864226914942265
sample_34,17242,24035,237477.5,8324292.5,0.009962912648916245,0.004234709776937962
sample_34,17242,24036,237487.5,8324292.5,0.017513466998934746,0.0065987007692456245
sample_34,17242,24037,237497.5,8324292.5,0.008663675747811794,0.005798200611025095
sample_34,17243,24019,237317.5,8324282.5,0.04031352326273918,0.0034009991213679314
sample_34,17243,24020,237327.5,8324282.5,0.02535249851644039,0.004107474349439144
sample_34,17243,24021,237337.5,8324282.5,0.025944776833057404,0.0038256756961345673
sample_34,17243,24022,237347.5,8324282.5,0.007701301947236061,0.007771259173750877
sample_34,17243,24023,237357.5,8324282.5,0.017766878008842468,0.005798830650746822
sample_34,17243,24024,237367.5,8324282.5,0.020701386034488678,0.0032956963405013084
sample_34,17243,24025,237377.5,8324282.5,0.017710238695144653,0.0028590611182153225
sample_34,17243,24026,237387.5,8324282.5,0.009672095999121666,0.004193378612399101
sample_34,17243,24027,237397.5,8324282.5,0.025539252907037735,0.0037385006435215473
sample_34,17243,24028,237407.5,8324282.5,0.10149433463811874,0.003489150432869792
sample_34,17243,24029,237417.5,8324282.5,0.022260643541812897,0.004097119905054569
sample_34,17243,24030,237427.5,8324282.5,0.02116282284259796,0.006822764873504639
sample_34,17243,24031,237437.5,8324282.5,0.00507073849439621,0.008625284768640995
sample_34,17243,24032,237447.5,8324282.5,0.0372333824634552,0.0013283314183354378
sample_34,17243,24033,237457.5,8324282.5,0.03221391886472702,0.008485765196383
sample_34,17243,24034,237467.5,8324282.5,0.015232035890221596,0.002070429502055049
sample_34,17243,24035,237477.5,8324282.5,0.021745940670371056,0.0042620315216481686
sample_34,17243,24036,237487.5,8324282.5,0.004590959288179874,0.006917011458426714
sample_34,17243,24037,237497.5,8324282.5,0.014873995445668697,0.003537283279001713
sample_34,17243,24038,237507.5,8324282.5,0.01793755032122135,0.0017373537411913276
sample_34,17244,24019,237317.5,8324272.5,0.021030616015195847,0.006903813686221838
sample_34,17244,24020,237327.5,8324272.5,0.03678729385137558,0.009059008210897446
sample_34,17244,24021,237337.5,8324272.5,0.019727975130081177,0.010745787061750889
sample_34,17244,24022,237347.5,8324272.5,0.022506510838866234,0.006866181269288063
sample_34,17244,24023,237357.5,8324272.5,0.023571442812681198,0.002607199363410473
sample_34,17244,24024,237367.5,8324272.5,0.015601888298988342,0.0015609462279826403
sample_34,17244,24025,237377.5,8324272.5,0.02477877028286457,0.008326948620378971
sample_34,17244,24026,237387.5,8324272.5,0.017465440556406975,0.006134044378995895
sample_34,17244,24027,237397.5,8324272.5,0.005127626936882734,0.0054546804167330265
sample_34,17244,24028,237407.5,8324272.5,0.010149769484996796,0.0044540539383888245
sample_34,17244,24029,237417.5,8324272.5,0.05143866688013077,0.004448070656508207
sample_34,17244,24030,237427.5,8324272.5,0.009463309310376644,0.00846997182816267
sample_34,17244,24031,237437.5,8324272.5,0.03157469630241394,0.006743474863469601
sample_34,17244,24032,237447.5,8324272.5,0.012940425425767899,0.005213763564825058
sample_34,17244,24033,237457.5,8324272.5,0.006632604170590639,0.005256582051515579
sample_34,17244,24034,237467.5,8324272.5,0.02780170552432537,0.009093077853322029
sample_34,17244,24035,237477.5,8324272.5,0.023629626259207726,0.005040793679654598
sample_34,17244,24036,237487.5,8324272.5,0.019088812172412872,0.003771767020225525
sample_34,17244,24037,237497.5,8324272.5,0.017402494326233864,0.006276081316173077
sample_34,17244,24038,237507.5,8324272.5,0.013889524154365063,0.0043175071477890015
sample_34,17245,24019,237317.5,8324262.5,0.005111146252602339,0.0041233994998037815
sample_34,17245,24020,237327.5,8324262.5,0.0173889622092247,0.012106847949326038
sample_34,17245,24021,237337.5,8324262.5,0.016380831599235535,0.0011255841236561537
sample_34,17245,24022,237347.5,8324262.5,0.008280274458229542,0.0009652152075432241
sample_34,17245,24023,237357.5,8324262.5,0.018665893003344536,0.0040016695857048035
sample_34,17245,24024,237367.5,8324262.5,0.005557975731790066,0.008805213496088982
sample_34,17245,24025,237377.5,8324262.5,0.03047451376914978,0.004107258748263121
sample_34,17245,24026,237387.5,8324262.5,0.01980450376868248,0.006644135341048241
sample_34,17245,24027,237397.5,8324262.5,0.010113944299519062,0.002050782088190317
sample_34,17245,24028,237407.5,8324262.5,0.025249363854527473,0.0033169600646942854
sample_34,17245,24029,237417.5,8324262.5,0.04727594554424286,0.005300547927618027
sample_34,17245,24030,237427.5,8324262.5,0.0232288409024477,0.002465356606990099
sample_34,17245,24031,237437.5,8324262.5,0.015484456904232502,0.005835162941366434
sample_34,17245,24032,237447.5,8324262.5,0.02028057910501957,0.013763017021119595
sample_34,17245,24033,237457.5,8324262.5,0.021136129274964333,0.012647680938243866
sample_34,17245,24034,237467.5,8324262.5,0.026840470731258392,0.01094401441514492
sample_34,17245,24035,237477.5,8324262.5,0.025422245264053345,0.004083647392690182
sample_34,17245,24036,237487.5,8324262.5,0.020678358152508736,0.0028810303192585707
sample_34,17245,24037,237497.5,8324262.5,0.018923496827483177,0.0054586827754974365
sample_34,17245,24038,237507.5,8324262.5,0.03210461512207985,0.006008246447890997
sample_34,17246,24019,237317.5,8324252.5,0.02326827682554722,0.007629802450537682
sample_34,17246,24020,237327.5,8324252.5,0.013589170761406422,0.004734456539154053
sample_34,17246,24021,237337.5,8324252.5,0.019425716251134872,0.004203439690172672
sample_34,17246,24022,237347.5,8324252.5,0.013304941356182098,0.0040907468646764755
sample_34,17246,24023,237357.5,8324252.5,0.018164724111557007,0.0061729662120342255
sample_34,17246,24024,237367.5,8324252.5,0.02161739580333233,0.005441721994429827
sample_34,17246,24025,237377.5,8324252.5,0.0515916682779789,0.004591562319546938
sample_34,17246,24026,237387.5,8324252.5,0.011171828024089336,0.00248679774813354
sample_34,17246,24027,237397.5,8324252.5,0.01963687315583229,0.0032025696709752083
sample_34,17246,24028,237407.5,8324252.5,0.02132098749279976,0.0036729825660586357
sample_34,17246,24029,237417.5,8324252.5,0.0068750567734241486,0.0041427710093557835
sample_34,17246,24030,237427.5,8324252.5,0.03196593001484871,0.006564192473888397
sample_34,17246,24031,237437.5,8324252.5,0.02691546082496643,0.004994841758161783
sample_34,17246,24032,237447.5,8324252.5,0.01221357099711895,0.007513411343097687
sample_34,17246,24033,237457.5,8324252.5,0.012572437524795532,0.0023149987682700157
sample_34,17246,24034,237467.5,8324252.5,0.02181704342365265,0.0072066448628902435
sample_34,17246,24035,237477.5,8324252.5,0.01707862690091133,0.007888898253440857
sample_34,17246,24036,237487.5,8324252.5,0.026852518320083618,0.004877280443906784
sample_34,17246,24037,237497.5,8324252.5,0.03548765182495117,0.008156797848641872
sample_34,17246,24038,237507.5,8324252.5,0.03250047191977501,0.005535378586500883
sample_34,17247,24019,237317.5,8324242.5,0.022558914497494698,0.003441310254856944
sample_34,17247,24020,237327.5,8324242.5,0.009606432169675827,0.006338236853480339
sample_34,17247,24021,237337.5,8324242.5,0.03829742223024368,0.009246103465557098
sample_34,17247,24022,237347.5,8324242.5,0.009267022833228111,0.006398431491106749
sample_34,17247,24023,237357.5,8324242.5,0.010142726823687553,0.0021952742245048285
sample_34,17247,24024,237367.5,8324242.5,0.02066967636346817,0.005541584454476833
sample_34,17247,24025,237377.5,8324242.5,0.03479102626442909,0.004313434474170208
sample_34,17247,24026,237387.5,8324242.5,0.005136461928486824,0.0009253460448235273
sample_34,17247,24027,237397.5,8324242.5,0.013203097507357597,0.0013411237159743905
sample_34,17247,24028,237407.5,8324242.5,0.014891538769006729,0.008083892986178398
sample_34,17247,24029,237417.5,8324242.5,0.032905980944633484,0.0035077426582574844
sample_34,17247,24030,237427.5,8324242.5,0.006461688317358494,0.0004599553649313748
sample_34,17247,24031,237437.5,8324242.5,0.04304094985127449,0.003959408029913902
sample_34,17247,24032,237447.5,8324242.5,0.0330292209982872,0.00480097159743309
sample_34,17247,24033,237457.5,8324242.5,0.017918722704052925,0.008514593355357647
sample_34,17247,24034,237467.5,8324242.5,0.022995952516794205,0.005780186504125595
sample_34,17247,24035,237477.5,8324242.5,0.029512394219636917,0.010353511199355125
sample_34,17247,24036,237487.5,8324242.5,0.048735760152339935,0.012537574395537376
sample_34,17247,24037,237497.5,8324242.5,0.04462306201457977,0.0009469956858083606
sample_34,17247,24038,237507.5,8324242.5,0.018942466005682945,0.007950158789753914
sample_34,17248,24019,237317.5,8324232.5,0.011493050493299961,0.0007092589512467384
sample_34,17248,24020,237327.5,8324232.5,0.013612224720418453,0.003759872866794467
sample_34,17248,24021,237337.5,8324232.5,0.0457674115896225,0.005438434425741434
sample_34,17248,24022,237347.5,8324232.5,0.022581886500120163,0.009099740535020828
sample_34,17248,24023,237357.5,8324232.5,0.020956212654709816,0.0056863632053136826
sample_34,17248,24024,237367.5,8324232.5,0.01488313265144825,0.003600195050239563
sample_34,17248,24025,237377.5,8324232.5,0.02530505321919918,0.008686830289661884
sample_34,17248,24026,237387.5,8324232.5,0.03668421879410744,0.005772765725851059
sample_34,17248,24027,237397.5,8324232.5,0.01063875388354063,0.00559646263718605
sample_34,17248,24028,237407.5,8324232.5,0.010094068944454193,0.008966490626335144
sample_34,17248,24029,237417.5,8324232.5,0.009956030175089836,0.004556932486593723
sample_34,17248,24030,237427.5,8324232.5,0.006854741368442774,0.004657254088670015
sample_34,17248,24031,237437.5,8324232.5,0.022625727578997612,0.0014348812401294708
sample_34,17248,24032,237447.5,8324232.5,0.01398493442684412,0.004927935544401407
sample_34,17248,24033,237457.5,8324232.5,0.055551737546920776,0.011159226298332214
sample_34,17248,24034,237467.5,8324232.5,0.016911212354898453,0.0014380174688994884
sample_34,17248,24035,237477.5,8324232.5,0.012195587158203125,0.00796290673315525
sample_34,17248,24036,237487.5,8324232.5,0.017299413681030273,0.007147748954594135
sample_34,17248,24037,237497.5,8324232.5,0.025890886783599854,0.0014075213111937046
sample_34,17248,24038,237507.5,8324232.5,0.024566510692238808,0.002538497792556882
sample_34,17249,24019,237317.5,8324222.5,0.02182142063975334,0.004061725921928883
sample_34,17249,24020,237327.5,8324222.5,0.019152047112584114,0.008693159557878971
sample_34,17249,24021,237337.5,8324222.5,0.028956647962331772,0.005557389464229345
sample_34,17249,24022,237347.5,8324222.5,0.008195321075618267,0.0011141329305246472
sample_34,17249,24023,237357.5,8324222.5,0.028010740876197815,0.009145347401499748
sample_34,17249,24024,237367.5,8324222.5,0.01572549343109131,0.003300894284620881
sample_34,17249,24025,237377.5,8324222.5,0.022122550755739212,0.0056472048163414
sample_34,17249,24026,237387.5,8324222.5,0.025875475257635117,0.0031065805815160275
sample_34,17249,24027,237397.5,8324222.5,0.010293655097484589,0.0028073377907276154
sample_34,17249,24028,237407.5,8324222.5,0.01011719275265932,0.005152397323399782
sample_34,17249,24029,237417.5,8324222.5,0.015483342111110687,0.007949797436594963
sample_34,17249,24030,237427.5,8324222.5,0.014920966699719429,0.009782475419342518
sample_34,17249,24031,237437.5,8324222.5,0.020988477393984795,0.006693581119179726
sample_34,17249,24032,237447.5,8324222.5,0.020747145637869835,0.004891062621027231
sample_34,17249,24033,237457.5,8324222.5,0.019063029438257217,0.0037750154733657837
sample_34,17249,24034,237467.5,8324222.5,0.011648396030068398,0.013805092312395573
sample_34,17249,24035,237477.5,8324222.5,0.015686653554439545,0.009785957634449005
sample_34,17249,24036,237487.5,8324222.5,0.0104686813428998,0.0013098337221890688
sample_34,17249,24037,237497.5,8324222.5,0.02003350481390953,0.003082703333348036
sample_34,17249,24038,237507.5,8324222.5,0.0028868215158581734,0.002872986253350973
sample_34,17250,24019,237317.5,8324212.5,0.05216217786073685,0.0034165913239121437
sample_34,17250,24020,237327.5,8324212.5,0.014363465830683708,0.009285991080105305
sample_34,17250,24021,237337.5,8324212.5,0.025867847725749016,0.00275943404994905
sample_34,17250,24022,237347.5,8324212.5,0.014695319347083569,0.01263467501848936
sample_34,17250,24023,237357.5,8324212.5,0.02344708889722824,0.005951398517936468
sample_34,17250,24024,237367.5,8324212.5,0.0321403443813324,0.006279767956584692
sample_34,17250,24025,237377.5,8324212.5,0.0179799422621727,0.0017416381742805243
sample_34,17250,24026,237387.5,8324212.5,0.004889830015599728,0.006604457274079323
sample_34,17250,24027,237397.5,8324212.5,0.015141245909035206,0.009288975037634373
sample_34,17250,24028,237407.5,8324212.5,0.05328822880983353,0.005733240861445665
sample_34,17250,24029,237417.5,8324212.5,0.008176293224096298,0.004729871638119221
sample_34,17250,24030,237427.5,8324212.5,0.014427876099944115,0.0011876876233145595
sample_34,17250,24031,237437.5,8324212.5,0.0035593074280768633,0.00684896856546402
sample_34,17250,24032,237447.5,8324212.5,0.021791847422719002,0.010712080635130405
sample_34,17250,24033,237457.5,8324212.5,0.023596912622451782,0.0025224494747817516
sample_34,17250,24034,237467.5,8324212.5,0.0371103435754776,0.002740531926974654
sample_34,17250,24035,237477.5,8324212.5,0.013363480567932129,0.0032303372863680124
sample_34,17250,24036,237487.5,8324212.5,0.04233139008283615,0.0038210228085517883
sample_34,17250,24037,237497.5,8324212.5,0.03387780487537384,0.01028161495923996
sample_34,17250,24038,237507.5,8324212.5,0.03401652351021767,0.009378409944474697
sample_34,17251,24019,237317.5,8324202.5,0.07231134921312332,0.0016187625005841255
sample_34,17251,24020,237327.5,8324202.5,0.010074131190776825,0.002004072070121765
sample_34,17251,24021,237337.5,8324202.5,0.00791347399353981,0.008368213661015034
sample_34,17251,24022,237347.5,8324202.5,0.00988449715077877,0.004095383919775486
sample_34,17251,24023,237357.5,8324202.5,0.011166802607476711,0.001250646309927106
sample_34,17251,24024,237367.5,8324202.5,0.011886261403560638,0.0035857923794537783
sample_34,17251,24025,237377.5,8324202.5,0.02467275783419609,0.0028887290973216295
sample_34,17251,24026,237387.5,8324202.5,0.016186334192752838,0.004875904880464077
sample_34,17251,24027,237397.5,8324202.5,0.015009242109954357,0.004414927680045366
sample_34,17251,24028,237407.5,8324202.5,0.01442298386245966,0.007588380016386509
sample_34,17251,24029,237417.5,8324202.5,0.024521781131625175,0.006837335415184498
sample_34,17251,24030,237427.5,8324202.5,0.017986726015806198,0.008573357947170734
sample_34,17251,24031,237437.5,8324202.5,0.009954740293323994,0.004631673917174339
sample_34,17251,24032,237447.5,8324202.5,0.009685946628451347,0.006955716758966446
sample_34,17251,24033,237457.5,8324202.5,0.014492891728878021,0.0013185670832172036
sample_34,17251,24034,237467.5,8324202.5,0.019190426915884018,0.0032879840582609177
sample_34,17251,24035,237477.5,8324202.5,0.030067559331655502,0.005178453400731087
sample_34,17251,24036,237487.5,8324202.5,0.017207195982336998,0.0032074064947664738
sample_34,17251,24037,237497.5,8324202.5,0.010949527844786644,0.0053832028061151505
sample_34,17251,24038,237507.5,8324202.5,0.027589421719312668,0.015303351916372776
sample_34,17252,24019,237317.5,8324192.5,0.01090911217033863,0.007314188405871391
sample_34,17252,24020,237327.5,8324192.5,0.03923361375927925,0.004367419984191656
sample_34,17252,24021,237337.5,8324192.5,0.00931437686085701,0.00589028000831604
sample_34,17252,24022,237347.5,8324192.5,0.021532095968723297,0.006961618084460497
sample_34,17252,24023,237357.5,8324192.5,0.01834125630557537,0.003022625343874097
sample_34,17252,24024,237367.5,8324192.5,0.030684027820825577,0.006336621940135956
sample_34,17252,24025,237377.5,8324192.5,0.026280751451849937,0.006824704818427563
sample_34,17252,24026,237387.5,8324192.5,0.020977061241865158,0.0053710537031292915
sample_34,17252,24027,237397.5,8324192.5,0.004769031889736652,0.0034215450286865234
sample_34,17252,24028,237407.5,8324192.5,0.009670796804130077,0.008430206216871738
sample_34,17252,24029,237417.5,8324192.5,0.06262199580669403,0.005325396545231342
sample_34,17252,24030,237427.5,8324192.5,0.018492087721824646,0.00611931923776865
sample_34,17252,24031,237437.5,8324192.5,0.019370174035429955,0.008295450359582901
sample_34,17252,24032,237447.5,8324192.5,0.01809609681367874,0.00415812386199832
sample_34,17252,24033,237457.5,8324192.5,0.019065221771597862,0.005368242040276527
sample_34,17252,24034,237467.5,8324192.5,0.02171078510582447,0.00487598218023777
sample_34,17252,24035,237477.5,8324192.5,0.006414332427084446,0.00952653307467699
sample_34,17252,24036,237487.5,8324192.5,0.0204039104282856,0.0030835485085844994
sample_34,17252,24037,237497.5,8324192.5,0.02698504365980625,0.003076921682804823
sample_34,17252,24038,237507.5,8324192.5,0.018825504928827286,0.0068777622655034065
sample_34,17253,24019,237317.5,8324182.5,0.02275867387652397,0.0032011372968554497
sample_34,17253,24020,237327.5,8324182.5,0.03541652113199234,0.0010878925677388906
sample_34,17253,24021,237337.5,8324182.5,0.013285225257277489,0.0025800075381994247
sample_34,17253,24022,237347.5,8324182.5,0.022950870916247368,0.0013764144387096167
sample_34,17253,24023,237357.5,8324182.5,0.06634056568145752,0.007925677113234997
sample_34,17253,24024,237367.5,8324182.5,0.015692606568336487,0.006080802995711565
sample_34,17253,24025,237377.5,8324182.5,0.0142329977825284,0.0054374863393604755
sample_34,17253,24026,237387.5,8324182.5,0.006319126114249229,0.002108348999172449
sample_34,17253,24027,237397.5,8324182.5,0.0292162224650383,0.006174977868795395
sample_34,17253,24028,237407.5,8324182.5,0.03431997448205948,0.006043631117790937
sample_34,17253,24029,237417.5,8324182.5,0.033930275589227676,0.012012239545583725
sample_34,17253,24030,237427.5,8324182.5,0.03208446130156517,0.009329401887953281
sample_34,17253,24031,237437.5,8324182.5,0.02342861145734787,0.005228729452937841
sample_34,17253,24032,237447.5,8324182.5,0.011889312416315079,0.0047581810504198074
sample_34,17253,24033,237457.5,8324182.5,0.03582718223333359,0.010341580025851727
sample_34,17253,24034,237467.5,8324182.5,0.009872625581920147,0.01820540800690651
sample_34,17253,24035,237477.5,8324182.5,0.04501507803797722,0.016192123293876648
sample_34,17253,24036,237487.5,8324182.5,0.03701380640268326,0.014380183070898056
sample_34,17253,24037,237497.5,8324182.5,0.03277279809117317,0.005533452145755291
sample_34,17253,24038,237507.5,8324182.5,0.019775371998548508,0.005674990825355053
sample_34,17254,24019,237317.5,8324172.5,0.00916961394250393,0.005935952998697758
sample_34,17254,24020,237327.5,8324172.5,0.017803378403186798,0.0036713755689561367
sample_34,17254,24021,237337.5,8324172.5,0.012171798385679722,0.00620774133130908
sample_34,17254,24022,237347.5,8324172.5,0.006658214144408703,0.0044425372034311295
sample_34,17254,24023,237357.5,8324172.5,0.03221588581800461,0.00572226382791996
sample_34,17254,24024,237367.5,8324172.5,0.03187936171889305,0.00519405584782362
sample_34,17254,24025,237377.5,8324172.5,0.023935260251164436,0.005622528493404388
sample_34,17254,24026,237387.5,8324172.5,0.020421858876943588,0.012995868921279907
sample_34,17254,24027,237397.5,8324172.5,0.010581018403172493,0.006882910151034594
sample_34,17254,24028,237407.5,8324172.5,0.018582528457045555,0.004226197954267263
sample_34,17254,24029,237417.5,8324172.5,0.02863088622689247,0.007273356430232525
sample_34,17254,24030,237427.5,8324172.5,0.00847927387803793,0.0050661517307162285
sample_34,17254,24031,237437.5,8324172.5,0.05069679766893387,0.006269839592278004
sample_34,17254,24032,237447.5,8324172.5,0.0075480821542441845,0.0069971405901014805
sample_34,17254,24033,237457.5,8324172.5,0.020025288686156273,0.0088846106082201
sample_34,17254,24034,237467.5,8324172.5,0.02497711591422558,0.005184998270124197
sample_34,17254,24035,237477.5,8324172.5,0.004914426244795322,0.003994744271039963
sample_34,17254,24036,237487.5,8324172.5,0.006879428401589394,0.014529742300510406
sample_34,17254,24037,237497.5,8324172.5,0.02984340861439705,0.010949777439236641
sample_34,17254,24038,237507.5,8324172.5,0.008906975388526917,0.0041093179024755955
sample_34,17255,24019,237317.5,8324162.5,0.046350911259651184,0.007894549518823624
sample_34,17255,24020,237327.5,8324162.5,0.016535989940166473,0.007264333311468363
sample_34,17255,24021,237337.5,8324162.5,0.01764608919620514,0.009256460703909397
sample_34,17255,24022,237347.5,8324162.5,0.02851005457341671,0.006315102335065603
sample_34,17255,24023,237357.5,8324162.5,0.05498552322387695,0.0035114604979753494
sample_34,17255,24024,237367.5,8324162.5,0.009622324258089066,0.009049735032022
sample_34,17255,24025,237377.5,8324162.5,0.008655129000544548,0.006188094615936279
sample_34,17255,24026,237387.5,8324162.5,0.019431840628385544,0.0033190250396728516
sample_34,17255,24027,237397.5,8324162.5,0.006576153449714184,0.002500343369320035
sample_34,17255,24028,237407.5,8324162.5,0.008379756473004818,0.012366518378257751
sample_34,17255,24029,237417.5,8324162.5,0.033215198665857315,0.005321504082530737
sample_34,17255,24030,237427.5,8324162.5,0.017717383801937103,0.0034632126335054636
sample_34,17255,24031,237437.5,8324162.5,0.02415337972342968,0.0033336873166263103
sample_34,17255,24032,237447.5,8324162.5,0.01644456386566162,0.0018564502242952585
sample_34,17255,24033,237457.5,8324162.5,0.034513264894485474,0.005215692799538374
sample_34,17255,24034,237467.5,8324162.5,0.008733394555747509,0.005097274202853441
sample_34,17255,24035,237477.5,8324162.5,0.031598836183547974,0.004011607728898525
sample_34,17255,24036,237487.5,8324162.5,0.04435868561267853,0.017112936824560165
sample_34,17255,24037,237497.5,8324162.5,0.012733050622045994,0.00812097080051899
sample_34,17255,24038,237507.5,8324162.5,0.03290710598230362,0.002805891679599881
sample_34,17256,24019,237317.5,8324152.5,0.015395715832710266,0.004151160828769207
sample_34,17256,24020,237327.5,8324152.5,0.011203853413462639,0.0035688276402652264
sample_34,17256,24021,237337.5,8324152.5,0.05528416112065315,0.006140273064374924
sample_35,24743,27929,276417.5,8249282.5,0.009706399403512478,0.002198841655626893
sample_35,24744,27910,276227.5,8249272.5,0.021073194220662117,0.004131722263991833
sample_35,24744,27911,276237.5,8249272.5,0.011493485420942307,0.0034842623863369226
sample_35,24744,27912,276247.5,8249272.5,0.014972766861319542,0.0038065838161855936
sample_35,24744,27913,276257.5,8249272.5,0.022623369470238686,0.0027791988104581833
sample_35,24744,27914,276267.5,8249272.5,0.03055008128285408,0.004455343820154667
sample_35,24744,27915,276277.5,8249272.5,0.0032571270130574703,0.0030770371668040752
sample_35,24744,27916,276287.5,8249272.5,0.02537507191300392,0.004775082692503929
sample_35,24744,27917,276297.5,8249272.5,0.025543881580233574,0.002907905960455537
sample_35,24744,27918,276307.5,8249272.5,0.011008035391569138,0.0034175084438174963
sample_35,24744,27919,276317.5,8249272.5,0.016434185206890106,0.00218969932757318
sample_35,24744,27920,276327.5,8249272.5,0.04381822049617767,0.0027692606672644615
sample_35,24744,27921,276337.5,8249272.5,0.004380159545689821,0.0014374145539477468
sample_35,24744,27922,276347.5,8249272.5,0.014903264120221138,0.0041374447755515575
sample_35,24744,27923,276357.5,8249272.5,0.017949029803276062,0.0038219736889004707
sample_35,24744,27924,276367.5,8249272.5,0.014091813936829567,0.0033063581213355064
sample_35,24744,27925,276377.5,8249272.5,0.015076841227710247,0.010713896714150906
sample_35,24744,27926,276387.5,8249272.5,0.018075013533234596,0.006276962347328663
sample_35,24744,27927,276397.5,8249272.5,0.024349553510546684,0.007703057490289211
sample_35,24744,27928,276407.5,8249272.5,0.014279558323323727,0.006286627147346735
sample_35,24744,27929,276417.5,8249272.5,0.008108039386570454,0.0025998910423368216
sample_35,24745,27910,276227.5,8249262.5,0.01245495118200779,0.004778615664690733
sample_35,24745,27911,276237.5,8249262.5,0.030473195016384125,0.002614710247144103
sample_35,24745,27912,276247.5,8249262.5,0.02289041317999363,0.002021180232986808
sample_35,24745,27913,276257.5,8249262.5,0.018227459862828255,0.004368053749203682
sample_35,24745,27914,276267.5,8249262.5,0.037672147154808044,0.0012161406921222806
sample_35,24745,27915,276277.5,8249262.5,0.01593228615820408,0.003911855164915323
sample_35,24745,27916,276287.5,8249262.5,0.015514211729168892,0.008187293075025082
sample_35,24745,27917,276297.5,8249262.5,0.011419764719903469,0.0024597346782684326
sample_35,24745,27918,276307.5,8249262.5,0.031738486140966415,0.014295644126832485
sample_35,24745,27919,276317.5,8249262.5,0.007606508210301399,0.0033368291333317757
sample_35,24745,27920,276327.5,8249262.5,0.0049890740774571896,0.0016123491805046797
sample_35,24745,27921,276337.5,8249262.5,0.01859419047832489,0.0024309610016644
sample_35,24745,27922,276347.5,8249262.5,0.01586020551621914,0.005813320633023977
sample_35,24745,27923,276357.5,8249262.5,0.02551248110830784,0.004430687520653009
sample_35,24745,27924,276367.5,8249262.5,0.035858895629644394,0.0014627575874328613
sample_35,24745,27925,276377.5,8249262.5,0.02494429051876068,0.005737489089369774
sample_35,24745,27926,276387.5,8249262.5,0.017206383869051933,0.002785740653052926
sample_35,24745,27927,276397.5,8249262.5,0.00524577870965004,0.006873851642012596
sample_35,24745,27928,276407.5,8249262.5,0.028846679255366325,0.011127591133117676
sample_35,24745,27929,276417.5,8249262.5,0.011824139393866062,0.0026725430507212877
sample_35,24746,27910,276227.5,8249252.5,0.032875556498765945,0.0017948889872059226
sample_35,24746,27911,276237.5,8249252.5,0.012790531851351261,0.0009322863770648837
sample_35,24746,27912,276247.5,8249252.5,0.020230840891599655,0.0024241325445473194
sample_35,24746,27913,276257.5,8249252.5,0.04318094626069069,0.009616334922611713
sample_35,24746,27914,276267.5,8249252.5,0.03033316694200039,0.007593384012579918
sample_35,24746,27915,276277.5,8249252.5,0.03763759508728981,0.007294422015547752
sample_35,24746,27916,276287.5,8249252.5,0.007858309894800186,0.004354285076260567
sample_35,24746,27917,276297.5,8249252.5,0.007973548024892807,0.00869584921747446
sample_35,24746,27918,276307.5,8249252.5,0.007508476264774799,0.0018072532257065177
sample_35,24746,27919,276317.5,8249252.5,0.01877080835402012,0.0048885829746723175
sample_35,24746,27920,276327.5,8249252.5,0.042334772646427155,0.003958510234951973
sample_35,24746,27921,276337.5,8249252.5,0.027677390724420547,0.0037857918068766594
sample_35,24746,27922,276347.5,8249252.5,0.0131654879078269,0.005517563782632351
sample_35,24746,27923,276357.5,8249252.5,0.01259977649897337,0.001900339499115944
sample_35,24746,27924,276367.5,8249252.5,0.01333027333021164,0.0017765732482075691
sample_35,24746,27925,276377.5,8249252.5,0.0696159154176712,0.011805695481598377
sample_35,24746,27926,276387.5,8249252.5,0.014626570045948029,0.002765913726761937
sample_35,24746,27927,276397.5,8249252.5,0.012366954237222672,0.017578771337866783
sample_35,24746,27928,276407.5,8249252.5,0.02406754344701767,0.006268602330237627
sample_35,24746,27929,276417.5,8249252.5,0.004141490440815687,0.004794210661202669
sample_35,24747,27910,276227.5,8249242.5,0.015938710421323776,0.006636965554207563
sample_35,24747,27911,276237.5,8249242.5,0.019024739041924477,0.0051492624916136265
sample_35,24747,27912,276247.5,8249242.5,0.022928519174456596,0.0030748757999390364
sample_35,24747,27913,276257.5,8249242.5,0.05743610858917236,0.0031896065920591354
sample_35,24747,27914,276267.5,8249242.5,0.022051937878131866,0.009762181900441647
sample_35,24747,27915,276277.5,8249242.5,0.011073815636336803,0.003612857311964035
sample_35,24747,27916,276287.5,8249242.5,0.010812783613801003,0.0014750051777809858
sample_35,24747,27917,276297.5,8249242.5,0.012842175550758839,0.0028591416776180267
sample_35,24747,27918,276307.5,8249242.5,0.015474336221814156,0.006536409258842468
sample_35,24747,27919,276317.5,8249242.5,0.018912548199295998,0.0024408192839473486
sample_35,24747,27920,276327.5,8249242.5,0.007489145267754793,0.007701748516410589
sample_35,24747,27921,276337.5,8249242.5,0.02039065957069397,0.005438746884465218
sample_35,24747,27922,276347.5,8249242.5,0.021748121827840805,0.0043152072466909885
sample_35,24747,27923,276357.5,8249242.5,0.011547697708010674,0.004455522634088993
sample_35,24747,27924,276367.5,8249242.5,0.0239669531583786,0.0024400893598794937
sample_35,24747,27925,276377.5,8249242.5,0.03736744448542595,0.005253133364021778
sample_35,24747,27926,276387.5,8249242.5,0.022576291114091873,0.009281102567911148
sample_35,24747,27927,276397.5,8249242.5,0.019976284354925156,0.0023355542216449976
sample_35,24747,27928,276407.5,8249242.5,0.034538060426712036,0.0012425818713381886
sample_35,24747,27929,276417.5,8249242.5,0.03464402258396149,0.0036873528733849525
sample_35,24748,27910,276227.5,8249232.5,0.03179095685482025,0.0026443253736943007
sample_35,24748,27911,276237.5,8249232.5,0.017832068726420403,0.0037082217168062925
sample_35,24748,27912,276247.5,8249232.5,0.023237697780132294,0.008247940801084042
sample_35,24748,27913,276257.5,8249232.5,0.013866441324353218,0.003620987758040428
sample_35,24748,27914,276267.5,8249232.5,0.012834553606808186,0.004354337230324745
sample_35,24748,27915,276277.5,8249232.5,0.01026158593595028,0.004138747230172157
sample_35,24748,27916,276287.5,8249232.5,0.007139494642615318,0.0014454280026257038
sample_35,24748,27917,276297.5,8249232.5,0.022368689998984337,0.0030742869712412357
sample_35,24748,27918,276307.5,8249232.5,0.017889060080051422,0.0028825546614825726
sample_35,24748,27919,276317.5,8249232.5,0.01995266042649746,0.0035355568397790194
sample_35,24748,27920,276327.5,8249232.5,0.015614653006196022,0.004463342949748039
sample_35,24748,27921,276337.5,8249232.5,0.020479964092373848,0.007061582058668137
sample_35,24748,27922,276347.5,8249232.5,0.01586114428937435,0.005072404630482197
sample_35,24748,27923,276357.5,8249232.5,0.025638563558459282,0.0071851881220936775
sample_35,24748,27924,276367.5,8249232.5,0.06391588598489761,0.00036500400165095925
sample_35,24748,27925,276377.5,8249232.5,0.020918631926178932,0.0041844481602311134
sample_35,24748,27926,276387.5,8249232.5,0.025927387177944183,0.003777691163122654
sample_35,24748,27927,276397.5,8249232.5,0.010438642464578152,0.0027113414835184813
sample_35,24748,27928,276407.5,8249232.5,0.01100078970193863,0.0037638279609382153
sample_35,24748,27929,276417.5,8249232.5,0.0424894317984581,0.0029467095155268908
sample_35,24749,27910,276227.5,8249222.5,0.027797987684607506,0.0054003652185201645
sample_35,24749,27911,276237.5,8249222.5,0.019072936847805977,0.005591883789747953
sample_35,24749,27912,276247.5,8249222.5,0.01912529207766056,0.009594574570655823
sample_35,24749,27913,276257.5,8249222.5,0.016208063811063766,0.0032465532422065735
sample_35,24749,27914,276267.5,8249222.5,0.021112624555826187,0.005174352787435055
sample_35,24749,27915,276277.5,8249222.5,0.0248948335647583,0.003949388861656189
sample_35,24749,27916,276287.5,8249222.5,0.025916660204529762,0.002449539490044117
sample_35,24749,27917,276297.5,8249222.5,0.01681327261030674,0.006251038052141666
sample_35,24749,27918,276307.5,8249222.5,0.014905240386724472,0.007339972071349621
sample_35,24749,27919,276317.5,8249222.5,0.006669968366622925,0.004232869017869234
sample_35,24749,27920,276327.5,8249222.5,0.021664272993803024,0.0033499563578516245
sample_35,24749,27921,276337.5,8249222.5,0.013725596480071545,0.007430479396134615
sample_35,24749,27922,276347.5,8249222.5,0.04100281745195389,0.003991374745965004
sample_35,24749,27923,276357.5,8249222.5,0.0076752714812755585,0.0038627581670880318
sample_35,24749,27924,276367.5,8249222.5,0.005048046819865704,0.009485681541264057
sample_35,24749,27925,276377.5,8249222.5,0.0047121793031692505,0.0035495120100677013
sample_35,24749,27926,276387.5,8249222.5,0.011854257434606552,0.0010136988712474704
sample_35,24749,27927,276397.5,8249222.5,0.03010782226920128,0.002834674436599016
sample_35,24749,27928,276407.5,8249222.5,0.016212237998843193,0.003411412937566638
sample_35,24749,27929,276417.5,8249222.5,0.03085254691541195,0.0008931892225518823
sample_35,24750,27910,276227.5,8249212.5,0.018809128552675247,0.0009063625475391746
sample_35,24750,27911,276237.5,8249212.5,0.012682832777500153,0.0035096153151243925
sample_35,24750,27912,276247.5,8249212.5,0.007606471888720989,0.009420560672879219
sample_35,24750,27913,276257.5,8249212.5,0.008499380201101303,0.002243554685264826
sample_35,24750,27914,276267.5,8249212.5,0.005559386219829321,0.0028546415269374847
sample_35,24750,27915,276277.5,8249212.5,0.004244696814566851,0.0017826503608375788
sample_35,24750,27916,276287.5,8249212.5,0.007684811949729919,0.008216682821512222
sample_35,24750,27917,276297.5,8249212.5,0.005929980427026749,0.00320413033477962
sample_35,24750,27918,276307.5,8249212.5,0.012546790763735771,0.004868845455348492
sample_35,24750,27919,276317.5,8249212.5,0.03810805082321167,0.004523846320807934
sample_35,24750,27920,276327.5,8249212.5,0.005728756543248892,0.008739842101931572
sample_35,24750,27921,276337.5,8249212.5,0.07344159483909607,0.002510135294869542
sample_35,24750,27922,276347.5,8249212.5,0.05000915750861168,0.0045007322914898396
sample_35,24750,27923,276357.5,8249212.5,0.0042434511706233025,0.0033367618452757597
sample_35,24750,27924,276367.5,8249212.5,0.011279570870101452,0.0012798423413187265
sample_35,24750,27925,276377.5,8249212.5,0.008932892233133316,0.0025976982433348894
sample_35,24750,27926,276387.5,8249212.5,0.013974489644169807,0.00424382695928216
sample_35,24750,27927,276397.5,8249212.5,0.020196933299303055,0.007506234105676413
sample_35,24750,27928,276407.5,8249212.5,0.01792166940867901,0.002742388052865863
sample_35,24750,27929,276417.5,8249212.5,0.020348329097032547,0.009796913713216782
sample_35,24751,27910,276227.5,8249202.5,0.015989957377314568,0.0026230495423078537
sample_35,24751,27911,276237.5,8249202.5,0.031484927982091904,0.004982607439160347
sample_35,24751,27912,276247.5,8249202.5,0.026485610753297806,0.0038580966647714376
sample_35,24751,27913,276257.5,8249202.5,0.024234570562839508,0.004889280069619417
sample_35,24751,27914,276267.5,8249202.5,0.025462433695793152,0.0036875130608677864
sample_35,24751,27915,276277.5,8249202.5,0.020644254982471466,0.007308964617550373
sample_35,24751,27916,276287.5,8249202.5,0.03367138281464577,0.0018951322417706251
sample_35,24751,27917,276297.5,8249202.5,0.015934597700834274,0.002969455672428012
sample_35,24751,27918,276307.5,8249202.5,0.0052458131685853004,0.006802459247410297
sample_35,24751,27919,276317.5,8249202.5,0.022524753585457802,0.00486662145704031
sample_35,24751,27920,276327.5,8249202.5,0.030937951058149338,0.0033893436193466187
sample_35,24751,27921,276337.5,8249202.5,0.038498833775520325,0.001479832804761827
sample_35,24751,27922,276347.5,8249202.5,0.00902877002954483,0.0024404930882155895
sample_35,24751,27923,276357.5,8249202.5,0.020456604659557343,0.005868721287697554
sample_35,24751,27924,276367.5,8249202.5,0.011801652610301971,0.0069435457699000835
sample_35,24751,27925,276377.5,8249202.5,0.04311896860599518,0.002618364291265607
sample_35,24751,27926,276387.5,8249202.5,0.037507474422454834,0.008864661678671837
sample_35,24751,27927,276397.5,8249202.5,0.010660970583558083,0.002859668806195259
sample_35,24751,27928,276407.5,8249202.5,0.018901854753494263,0.006453006528317928
sample_35,24751,27929,276417.5,8249202.5,0.019782142713665962,0.006146929692476988
sample_35,24752,27910,276227.5,8249192.5,0.033098578453063965,0.005919843912124634
sample_35,24752,27911,276237.5,8249192.5,0.012041710317134857,0.006549461279064417
sample_35,24752,27912,276247.5,8249192.5,0.019041763618588448,0.003928389400243759
sample_35,24752,27913,276257.5,8249192.5,0.008050903677940369,0.009353398345410824
sample_35,24752,27914,276267.5,8249192.5,0.015082482248544693,0.0029661855660378933
sample_35,24752,27915,276277.5,8249192.5,0.026547212153673172,0.0014890659367665648
sample_35,24752,27916,276287.5,8249192.5,0.020836839452385902,0.0011691004037857056
sample_35,24752,27917,276297.5,8249192.5,0.011293506249785423,0.0035552987828850746
sample_35,24752,27918,276307.5,8249192.5,0.0176885686814785,0.011490770615637302
sample_35,24752,27919,276317.5,8249192.5,0.01949012652039528,0.006182397715747356
sample_35,24752,27920,276327.5,8249192.5,0.008064988069236279,0.004938505589962006
sample_35,24752,27921,276337.5,8249192.5,0.0183291994035244,0.002723868004977703
sample_35,24752,27922,276347.5,8249192.5,0.024316560477018356,0.004549848381429911
sample_35,24752,27923,276357.5,8249192.5,0.017665516585111618,0.004471305757761002
sample_35,24752,27924,276367.5,8249192.5,0.025478653609752655,0.003962930291891098
sample_35,24752,27925,276377.5,8249192.5,0.027380425482988358,0.0034732483327388763
sample_35,24752,27926,276387.5,8249192.5,0.01956932805478573,0.002682190155610442
sample_35,24752,27927,276397.5,8249192.5,0.009834779426455498,0.004314402583986521
sample_35,24752,27928,276407.5,8249192.5,0.058716997504234314,0.010843772441148758
sample_35,24752,27929,276417.5,8249192.5,0.020353881642222404,0.006696936208754778
sample_35,24753,27910,276227.5,8249182.5,0.010509122163057327,0.007244220469146967
sample_35,24753,27911,276237.5,8249182.5,0.028585249558091164,0.0039792247116565704
sample_35,24753,27912,276247.5,8249182.5,0.025818290188908577,0.004622702952474356
sample_35,24753,27913,276257.5,8249182.5,0.01751595363020897,0.0026212676893919706
sample_35,24753,27914,276267.5,8249182.5,0.0227334164083004,0.0028840003069490194
sample_35,24753,27915,276277.5,8249182.5,0.037090886384248734,0.0007283451268449426
sample_35,24753,27916,276287.5,8249182.5,0.01868411712348461,0.0038738951552659273
sample_35,24753,27917,276297.5,8249182.5,0.009049201384186745,0.003926902078092098
sample_35,24753,27918,276307.5,8249182.5,0.01822466216981411,0.005482717417180538
sample_35,24753,27919,276317.5,8249182.5,0.011525433510541916,0.004246173892170191
sample_35,24753,27920,276327.5,8249182.5,0.045502085238695145,0.007858408614993095
sample_35,24753,27921,276337.5,8249182.5,0.010719784535467625,0.004645956680178642
sample_35,24753,27922,276347.5,8249182.5,0.01247229240834713,0.0017415203619748354
sample_35,24753,27923,276357.5,8249182.5,0.037255119532346725,0.0005360682844184339
sample_35,24753,27924,276367.5,8249182.5,0.01631378009915352,0.0013462577480822802
sample_35,24753,27925,276377.5,8249182.5,0.02219829522073269,0.004221713170409203
sample_35,24753,27926,276387.5,8249182.5,0.01844949834048748,0.0019038361497223377
sample_35,24753,27927,276397.5,8249182.5,0.0028155739419162273,0.003585615660995245
sample_35,24753,27928,276407.5,8249182.5,0.010284153744578362,0.004663789179176092
sample_35,24753,27929,276417.5,8249182.5,0.004945850931107998,0.004762493539601564
sample_35,24754,27910,276227.5,8249172.5,0.007135095540434122,0.004514951258897781
sample_35,24754,27911,276237.5,8249172.5,0.02247534692287445,0.004799920134246349
sample_35,24754,27912,276247.5,8249172.5,0.011352372355759144,0.0055391485802829266
sample_35,24754,27913,276257.5,8249172.5,0.01650683395564556,0.0056915851309895515
sample_35,24754,27914,276267.5,8249172.5,0.009979724884033203,0.003908561542630196
sample_35,24754,27915,276277.5,8249172.5,0.026054812595248222,0.0029274511616677046
sample_35,24754,27916,276287.5,8249172.5,0.01807214505970478,0.009691904298961163
sample_35,24754,27917,276297.5,8249172.5,0.006540919654071331,0.0037663134280592203
sample_35,24754,27918,276307.5,8249172.5,0.013230768032371998,0.0045334105379879475
sample_35,24754,27919,276317.5,8249172.5,0.01229933463037014,0.0037071662954986095
sample_35,24754,27920,276327.5,8249172.5,0.0369543731212616,0.005297315306961536
sample_35,24754,27921,276337.5,8249172.5,0.04643470048904419,0.005145489238202572
sample_35,24754,27922,276347.5,8249172.5,0.05486137419939041,0.003462533000856638
sample_35,24754,27923,276357.5,8249172.5,0.012721318751573563,0.0027852775529026985
sample_35,24754,27924,276367.5,8249172.5,0.03247898072004318,0.003485132474452257
sample_35,24754,27925,276377.5,8249172.5,0.017949609085917473,0.004519900307059288
sample_35,24754,27926,276387.5,8249172.5,0.012884522788226604,0.003856434253975749
sample_35,24754,27927,276397.5,8249172.5,0.018328029662370682,0.003278018208220601
sample_35,24754,27928,276407.5,8249172.5,0.01599174179136753,0.0032559188548475504
sample_35,24754,27929,276417.5,8249172.5,0.0059486692771315575,0.0029446163680404425
sample_35,24755,27910,276227.5,8249162.5,0.015655556693673134,0.0024287013802677393
sample_35,24755,27911,276237.5,8249162.5,0.020896876230835915,0.004748090170323849
sample_35,24755,27912,276247.5,8249162.5,0.019588354974985123,0.004663561005145311
sample_35,24755,27913,276257.5,8249162.5,0.026923492550849915,0.0028360525611788034
sample_35,24755,27914,276267.5,8249162.5,0.02120760641992092,0.002105551538988948
sample_35,24755,27915,276277.5,8249162.5,0.03569908067584038,0.0017718641320243478
sample_35,24755,27916,276287.5,8249162.5,0.025824779644608498,0.005023012403398752
sample_35,24755,27917,276297.5,8249162.5,0.006003617309033871,0.0038852901197969913
sample_35,24755,27918,276307.5,8249162.5,0.04751395434141159,0.006980220787227154
sample_35,24755,27919,276317.5,8249162.5,0.023139970377087593,0.004070817027240992
sample_35,24755,27920,276327.5,8249162.5,0.01472349464893341,0.008066385053098202
sample_35,24755,27921,276337.5,8249162.5,0.01275981031358242,0.006415375042706728
sample_35,24755,27922,276347.5,8249162.5,0.005093359854072332,0.005019661039113998
sample_35,24755,27923,276357.5,8249162.5,0.027706660330295563,0.0028933065477758646
sample_35,24755,27924,276367.5,8249162.5,0.020734865218400955,0.00808895193040371
sample_35,24755,27925,276377.5,8249162.5,0.03371279686689377,0.00433285441249609
sample_35,24755,27926,276387.5,8249162.5,0.060830384492874146,0.00597921060398221
sample_35,24755,27927,276397.5,8249162.5,0.00721792783588171,0.004512906074523926
sample_35,24755,27928,276407.5,8249162.5,0.012976022437214851,0.004206492565572262
sample_35,24755,27929,276417.5,8249162.5,0.01171256136149168,0.004145354498177767
sample_35,24756,27910,276227.5,8249152.5,0.010241737589240074,0.0046321433037519455
sample_35,24756,27911,276237.5,8249152.5,0.03131742775440216,0.003890560707077384
sample_35,24756,27912,276247.5,8249152.5,0.016961608082056046,0.0012101883767172694
sample_35,24756,27913,276257.5,8249152.5,0.020410005003213882,0.0027560158632695675
sample_35,24756,27914,276267.5,8249152.5,0.014096833765506744,0.002619498409330845
sample_35,24756,27915,276277.5,8249152.5,0.019614964723587036,0.0010423986241221428
sample_35,24756,27916,276287.5,8249152.5,0.018078001216053963,0.004902896471321583
sample_35,24756,27917,276297.5,8249152.5,0.0052992780692875385,0.011178030632436275
sample_35,24756,27918,276307.5,8249152.5,0.025775006040930748,0.006001259200274944
sample_35,24756,27919,276317.5,8249152.5,0.027003053575754166,0.00272481981664896
sample_35,24756,27920,276327.5,8249152.5,0.021400731056928635,0.00615084171295166
sample_35,24756,27921,276337.5,8249152.5,0.019387323409318924,0.0069666397757828236
sample_35,24756,27922,276347.5,8249152.5,0.03473677486181259,0.0040025957860052586
sample_35,24756,27923,276357.5,8249152.5,0.01102717686444521,0.006612442433834076
sample_35,24756,27924,276367.5,8249152.5,0.04625497758388519,0.0047983997501432896
sample_35,24756,27925,276377.5,8249152.5,0.025222180411219597,0.002436587819829583
sample_35,24756,27926,276387.5,8249152.5,0.03943952918052673,0.005021258257329464
sample_35,24756,27927,276397.5,8249152.5,0.00905812531709671,0.008444398641586304
sample_35,24756,27928,276407.5,8249152.5,0.024920668452978134,0.003929100465029478
sample_35,24756,27929,276417.5,8249152.5,0.03049219772219658,0.0025937126483768225
sample_35,24757,27910,276227.5,8249142.5,0.013032745569944382,0.006153454538434744
sample_35,24757,27911,276237.5,8249142.5,0.01932726800441742,0.005654744803905487
sample_35,24757,27912,276247.5,8249142.5,0.004474806133657694,0.0010473337024450302
sample_35,24757,27913,276257.5,8249142.5,0.033421214669942856,0.0014944253489375114
sample_35,24757,27914,276267.5,8249142.5,0.01199914701282978,0.009019069373607635
sample_35,24757,27915,276277.5,8249142.5,0.01049679797142744,0.004628397058695555
sample_35,24757,27916,276287.5,8249142.5,0.019030354917049408,0.001905130222439766
sample_35,24757,27917,276297.5,8249142.5,0.024406220763921738,0.004255057778209448
sample_35,24757,27918,276307.5,8249142.5,0.03260640799999237,0.0034799673594534397
sample_35,24757,27919,276317.5,8249142.5,0.00620263209566474,0.0017733331769704819
sample_35,24757,27920,276327.5,8249142.5,0.013108018785715103,0.003473719349130988
sample_35,24757,27921,276337.5,8249142.5,0.016946736723184586,0.005333219654858112
sample_35,24757,27922,276347.5,8249142.5,0.04792385175824165,0.00692030368372798
sample_35,24757,27923,276357.5,8249142.5,0.010623713955283165,0.0027966517955064774
sample_35,24757,27924,276367.5,8249142.5,0.016331516206264496,0.005323616787791252
sample_35,24757,27925,276377.5,8249142.5,0.010154247283935547,0.00357616925612092
sample_35,24757,27926,276387.5,8249142.5,0.016136810183525085,0.006654276046901941
sample_35,24757,27927,276397.5,8249142.5,0.01197969913482666,0.002820725552737713
sample_35,24757,27928,276407.5,8249142.5,0.015450254082679749,0.007463820278644562
sample_35,24757,27929,276417.5,8249142.5,0.011412178166210651,0.006562027148902416
sample_35,24758,27911,276237.5,8249132.5,0.025433536618947983,0.016260536387562752
sample_35,24758,27912,276247.5,8249132.5,0.026600467041134834,0.0040308753959834576
sample_35,24758,27913,276257.5,8249132.5,0.005753210745751858,0.00663365051150322
sample_35,24758,27914,276267.5,8249132.5,0.005628990009427071,0.005830470006912947
sample_35,24758,27915,276277.5,8249132.5,0.024921439588069916,0.006408695597201586
sample_35,24758,27916,276287.5,8249132.5,0.02351396530866623,0.004879934247583151
sample_35,24758,27917,276297.5,8249132.5,0.03419993072748184,0.003945363685488701
sample_35,24758,27918,276307.5,8249132.5,0.021240584552288055,0.004253611899912357
sample_35,24758,27919,276317.5,8249132.5,0.02864054962992668,0.0014344494557008147
sample_35,24758,27920,276327.5,8249132.5,0.03887253999710083,0.0012624578084796667
sample_35,24758,27921,276337.5,8249132.5,0.01658819429576397,0.0036633312702178955
sample_35,24758,27922,276347.5,8249132.5,0.02373206987977028,0.0018760780803859234
sample_35,24758,27923,276357.5,8249132.5,0.020992431789636612,0.0033611818216741085
sample_35,24758,27924,276367.5,8249132.5,0.03495723754167557,0.0045389411970973015
sample_35,24758,27925,276377.5,8249132.5,0.025674719363451004,0.0014161912258714437
sample_35,24758,27926,276387.5,8249132.5,0.015662314370274544,0.004222014453262091
sample_35,24758,27927,276397.5,8249132.5,0.011872255243360996,0.0040806978940963745
sample_35,24758,27928,276407.5,8249132.5,0.011734981089830399,0.003301482181996107
sample_35,24758,27929,276417.5,8249132.5,0.016395287588238716,0.005502467043697834
sample_35,24759,27911,276237.5,8249122.5,0.01370401494204998,0.004406120162457228
sample_36,24810,26285,259977.5,8248612.5,0.010785744525492191,0.0020320280455052853
sample_36,24810,26286,259987.5,8248612.5,0.007607907522469759,0.004072315059602261
sample_36,24810,26287,259997.5,8248612.5,0.005238864570856094,0.001893398817628622
sample_36,24810,26288,260007.5,8248612.5,0.004911260213702917,0.0056305634789168835
sample_36,24810,26289,260017.5,8248612.5,0.013766417279839516,0.0024545530322939157
sample_36,24810,26290,260027.5,8248612.5,0.008236175402998924,0.004212392494082451
sample_36,24810,26291,260037.5,8248612.5,0.006921329069882631,0.004981067962944508
sample_36,24810,26292,260047.5,8248612.5,0.003599217627197504,0.006064354907721281
sample_36,24810,26293,260057.5,8248612.5,0.0073710232973098755,0.01762404665350914
sample_36,24810,26294,260067.5,8248612.5,0.01164319645613432,0.005471176467835903
sample_36,24810,26295,260077.5,8248612.5,0.003434044076129794,0.004218476824462414
sample_36,24810,26296,260087.5,8248612.5,0.0037106922827661037,0.0020534894429147243
sample_36,24810,26297,260097.5,8248612.5,0.004996331874281168,0.0032548585440963507
sample_36,24810,26298,260107.5,8248612.5,0.009227193892002106,0.014215532690286636
sample_36,24810,26299,260117.5,8248612.5,0.01854855939745903,0.004404872190207243
sample_36,24810,26300,260127.5,8248612.5,0.009845576249063015,0.0062222350388765335
sample_36,24810,26301,260137.5,8248612.5,0.015523569658398628,0.004423222970217466
sample_36,24811,26282,259947.5,8248602.5,0.001813175855204463,0.0016662252601236105
sample_36,24811,26283,259957.5,8248602.5,0.01160189788788557,0.001200190745294094
sample_36,24811,26284,259967.5,8248602.5,0.0019376077689230442,0.0045610470697283745
sample_36,24811,26285,259977.5,8248602.5,0.023691505193710327,0.004901307635009289
sample_36,24811,26286,259987.5,8248602.5,0.012756439857184887,0.0027598922606557608
sample_36,24811,26287,259997.5,8248602.5,0.010743994265794754,0.0008749516564421356
sample_36,24811,26288,260007.5,8248602.5,0.006287182215601206,0.004953125491738319
sample_36,24811,26289,260017.5,8248602.5,0.003817627439275384,0.002740226686000824
sample_36,24811,26290,260027.5,8248602.5,0.004409697838127613,0.0021814927458763123
sample_36,24811,26291,260037.5,8248602.5,0.003804666455835104,0.00289144623093307
sample_36,24811,26292,260047.5,8248602.5,0.00196520215831697,0.004256081767380238
sample_36,24811,26293,260057.5,8248602.5,0.023301512002944946,0.004032468888908625
sample_36,24811,26294,260067.5,8248602.5,0.03524816781282425,0.008775610476732254
sample_36,24811,26295,260077.5,8248602.5,0.011293850839138031,0.0014827565755695105
sample_36,24811,26296,260087.5,8248602.5,0.01404638309031725,0.0017884414410218596
sample_36,24811,26297,260097.5,8248602.5,0.013378828763961792,0.004358043894171715
sample_36,24811,26298,260107.5,8248602.5,0.011677191592752934,0.007404988631606102
sample_36,24811,26299,260117.5,8248602.5,0.0019083626102656126,0.0030301071237772703
sample_36,24811,26300,260127.5,8248602.5,0.008617778308689594,0.003698993707075715
sample_36,24811,26301,260137.5,8248602.5,0.009988225996494293,0.001995778875425458
sample_36,24812,26282,259947.5,8248592.5,0.008838272653520107,0.006909022107720375
sample_36,24812,26283,259957.5,8248592.5,0.02135578542947769,0.004837557207792997
sample_36,24812,26284,259967.5,8248592.5,0.01641787774860859,0.0049130963161587715
sample_36,24812,26285,259977.5,8248592.5,0.008677137084305286,0.0031016040593385696
sample_36,24812,26286,259987.5,8248592.5,0.008235534653067589,0.0017387336120009422
sample_36,24812,26287,259997.5,8248592.5,0.018269697204232216,0.007215486839413643
sample_36,24812,26288,260007.5,8248592.5,0.004861175082623959,0.005437854211777449
sample_36,24812,26289,260017.5,8248592.5,0.00819945614784956,0.0063209738582372665
sample_36,24812,26290,260027.5,8248592.5,0.002400143537670374,0.002235245890915394
sample_36,24812,26291,260037.5,8248592.5,0.007770699914544821,0.004260669462382793
sample_36,24812,26292,260047.5,8248592.5,0.009198960848152637,0.005831693299114704
sample_36,24812,26293,260057.5,8248592.5,0.011175249703228474,0.004810319282114506
sample_36,24812,26294,260067.5,8248592.5,0.032877612859010696,0.00684684794396162
sample_36,24812,26295,260077.5,8248592.5,0.01653055101633072,0.004856818355619907
sample_36,24812,26296,260087.5,8248592.5,0.0101839704439044,0.004528944380581379
sample_36,24812,26297,260097.5,8248592.5,0.007025165483355522,0.0043355440720915794
sample_36,24812,26298,260107.5,8248592.5,0.009669376537203789,0.003419463988393545
sample_36,24812,26299,260117.5,8248592.5,0.006275004707276821,0.007807019166648388
sample_36,24812,26300,260127.5,8248592.5,0.011280898004770279,0.005553424824029207
sample_36,24812,26301,260137.5,8248592.5,0.008578767068684101,0.00131925567984581
sample_36,24813,26282,259947.5,8248582.5,0.009107749909162521,0.001193398144096136
sample_36,24813,26283,259957.5,8248582.5,0.01226693857461214,0.004475798923522234
sample_36,24813,26284,259967.5,8248582.5,0.012607917189598083,0.005168002098798752
sample_36,24813,26285,259977.5,8248582.5,0.019233476370573044,0.003517409320920706
sample_36,24813,26286,259987.5,8248582.5,0.025882869958877563,0.006364461034536362
sample_36,24813,26287,259997.5,8248582.5,0.0198739692568779,0.010349936783313751
sample_36,24813,26288,260007.5,8248582.5,0.005469123832881451,0.003909744787961245
sample_36,24813,26289,260017.5,8248582.5,0.013555219396948814,0.0033311229199171066
sample_36,24813,26290,260027.5,8248582.5,0.01274699717760086,0.006964096333831549
sample_36,24813,26291,260037.5,8248582.5,0.008917277678847313,0.004120729863643646
sample_36,24813,26292,260047.5,8248582.5,0.010696151293814182,0.004396605305373669
sample_36,24813,26293,260057.5,8248582.5,0.006466961465775967,0.0038803655188530684
sample_36,24813,26294,260067.5,8248582.5,0.006882915273308754,0.0034381202422082424
sample_36,24813,26295,260077.5,8248582.5,0.021109379827976227,0.004835051950067282
sample_36,24813,26296,260087.5,8248582.5,0.014002294279634953,0.0012929963413625956
sample_36,24813,26297,260097.5,8248582.5,0.01696019619703293,0.013036083430051804
sample_36,24813,26298,260107.5,8248582.5,0.011953199282288551,0.006386721972376108
sample_36,24813,26299,260117.5,8248582.5,0.009922880679368973,0.004911839030683041
sample_36,24813,26300,260127.5,8248582.5,0.006098788231611252,0.008277096785604954
sample_36,24813,26301,260137.5,8248582.5,0.003925689030438662,0.0023211808875203133
sample_36,24814,26282,259947.5,8248572.5,0.010824773460626602,0.002836445579305291
sample_36,24814,26283,259957.5,8248572.5,0.013520497828722,0.00403133500367403
sample_36,24814,26284,259967.5,8248572.5,0.00462841521948576,0.005704917479306459
sample_36,24814,26285,259977.5,8248572.5,0.016884440556168556,0.0015730212908238173
sample_36,24814,26286,259987.5,8248572.5,0.003958289511501789,0.0058480557054281235
sample_36,24814,26287,259997.5,8248572.5,0.018910398706793785,0.004211801569908857
sample_36,24814,26288,260007.5,8248572.5,0.01993349939584732,0.005210486240684986
sample_36,24814,26289,260017.5,8248572.5,0.0195065438747406,0.00316750630736351
sample_36,24814,26290,260027.5,8248572.5,0.015421719290316105,0.004341712687164545
sample_36,24814,26291,260037.5,8248572.5,0.011553367599844933,0.003194985445588827
sample_36,24814,26292,260047.5,8248572.5,0.023444930091500282,0.004126027226448059
sample_36,24814,26293,260057.5,8248572.5,0.019882414489984512,0.0031030019745230675
sample_36,24814,26294,260067.5,8248572.5,0.007853883318603039,0.0013758407440036535
sample_36,24814,26295,260077.5,8248572.5,0.013894343748688698,0.0017678270814940333
sample_36,24814,26296,260087.5,8248572.5,0.010434890165925026,0.0059084780514240265
sample_36,24814,26297,260097.5,8248572.5,0.011971840634942055,0.004888448864221573
sample_36,24814,26298,260107.5,8248572.5,0.007251245900988579,0.003383827395737171
sample_36,24814,26299,260117.5,8248572.5,0.010476198047399521,0.005856823641806841
sample_36,24814,26300,260127.5,8248572.5,0.010786006227135658,0.0046033780090510845
sample_36,24814,26301,260137.5,8248572.5,0.004474572837352753,0.008183819241821766
sample_36,24815,26282,259947.5,8248562.5,0.012210678309202194,0.016269627958536148
sample_36,24815,26283,259957.5,8248562.5,0.012032173573970795,0.007011376321315765
sample_36,24815,26284,259967.5,8248562.5,0.004706950858235359,0.0033919336274266243
sample_36,24815,26285,259977.5,8248562.5,0.003496783087030053,0.00429154746234417
sample_36,24815,26286,259987.5,8248562.5,0.0051015098579227924,0.0039205607026815414
sample_36,24815,26287,259997.5,8248562.5,0.020800407975912094,0.002605948131531477
sample_36,24815,26288,260007.5,8248562.5,0.017975591123104095,0.0050552040338516235
sample_36,24815,26289,260017.5,8248562.5,0.0009990378748625517,0.0035189050249755383
sample_36,24815,26290,260027.5,8248562.5,0.01324937492609024,0.0039027861785143614
sample_36,24815,26291,260037.5,8248562.5,0.005606878083199263,0.009477457962930202
sample_36,24815,26292,260047.5,8248562.5,0.007851826027035713,0.004854628816246986
sample_36,24815,26293,260057.5,8248562.5,0.010487856343388557,0.0015291328309103847
sample_36,24815,26294,260067.5,8248562.5,0.005264259874820709,0.0009253510506823659
sample_36,24815,26295,260077.5,8248562.5,0.006506562232971191,0.0052815331146121025
sample_36,24815,26296,260087.5,8248562.5,0.011094187386333942,0.002484142081812024
sample_36,24815,26297,260097.5,8248562.5,0.017000354826450348,0.002510907594114542
sample_36,24815,26298,260107.5,8248562.5,0.010079702362418175,0.003290856257081032
sample_36,24815,26299,260117.5,8248562.5,0.01135019026696682,0.007875479757785797
sample_36,24815,26300,260127.5,8248562.5,0.03293522447347641,0.0019853217527270317
sample_36,24815,26301,260137.5,8248562.5,0.018279829993844032,0.006177273578941822
sample_36,24816,26282,259947.5,8248552.5,0.017110558226704597,0.008353209123015404
sample_36,24816,26283,259957.5,8248552.5,0.006278845947235823,0.0022610598243772984
sample_36,24816,26284,259967.5,8248552.5,0.003467649919912219,0.002594355959445238
sample_36,24816,26285,259977.5,8248552.5,0.02882608026266098,0.0035787245724350214
sample_36,24816,26286,259987.5,8248552.5,0.012518727220594883,0.008908326737582684
sample_36,24816,26287,259997.5,8248552.5,0.015498414635658264,0.0032568275928497314
sample_36,24816,26288,260007.5,8248552.5,0.010051901452243328,0.004861833993345499
sample_36,24816,26289,260017.5,8248552.5,0.007461229804903269,0.0018934604013338685
sample_36,24816,26290,260027.5,8248552.5,0.00528293289244175,0.0034161722287535667
sample_36,24816,26291,260037.5,8248552.5,0.021617727354168892,0.0035894811153411865
sample_36,24816,26292,260047.5,8248552.5,0.002051802584901452,0.0037445228081196547
sample_36,24816,26293,260057.5,8248552.5,0.022115476429462433,0.0034674890339374542
sample_36,24816,26294,260067.5,8248552.5,0.012405240908265114,0.004298265092074871
sample_36,24816,26295,260077.5,8248552.5,0.013770333491265774,0.0023567110765725374
sample_36,24816,26296,260087.5,8248552.5,0.010808447375893593,0.0010064211674034595
sample_36,24816,26297,260097.5,8248552.5,0.019897336140275,0.004261631518602371
sample_36,24816,26298,260107.5,8248552.5,0.010957733727991581,0.01051133219152689
sample_36,24816,26299,260117.5,8248552.5,0.005622210446745157,0.004141830839216709
sample_36,24816,26300,260127.5,8248552.5,0.006705407984554768,0.003042503958567977
sample_36,24816,26301,260137.5,8248552.5,0.018256038427352905,0.005413687322288752
sample_36,24817,26282,259947.5,8248542.5,0.007501717656850815,0.006632023490965366
sample_36,24817,26283,259957.5,8248542.5,0.009797855280339718,0.012560233473777771
sample_36,24817,26284,259967.5,8248542.5,0.003942790906876326,0.00417525228112936
sample_36,24817,26285,259977.5,8248542.5,0.0031904694624245167,0.005671635735780001
sample_36,24817,26286,259987.5,8248542.5,0.003405722789466381,0.0035420728381723166
sample_36,24817,26287,259997.5,8248542.5,0.006466016639024019,0.004407387226819992
sample_36,24817,26288,260007.5,8248542.5,0.015430915169417858,0.0069234189577400684
sample_36,24817,26289,260017.5,8248542.5,0.020660163834691048,0.006261350121349096
sample_36,24817,26290,260027.5,8248542.5,0.013890307396650314,0.002611779607832432
sample_36,24817,26291,260037.5,8248542.5,0.010311143472790718,0.009039582684636116
sample_36,24817,26292,260047.5,8248542.5,0.026096312329173088,0.005401688627898693
sample_36,24817,26293,260057.5,8248542.5,0.014324716292321682,0.006825678050518036
sample_36,24817,26294,260067.5,8248542.5,0.014832817018032074,0.001416151993907988
sample_36,24817,26295,260077.5,8248542.5,0.0256503876298666,0.009606300853192806
sample_36,24817,26296,260087.5,8248542.5,0.010223167017102242,0.0022154178004711866
sample_36,24817,26297,260097.5,8248542.5,0.0115776676684618,0.0022686233278363943
sample_36,24817,26298,260107.5,8248542.5,0.01274678111076355,0.0045746793039143085
sample_36,24817,26299,260117.5,8248542.5,0.010804791003465652,0.004112153314054012
sample_36,24817,26300,260127.5,8248542.5,0.005141712259501219,0.006529844366014004
sample_36,24817,26301,260137.5,8248542.5,0.00596519373357296,0.006431914865970612
sample_36,24818,26282,259947.5,8248532.5,0.0066270106472074986,0.005389035679399967
sample_36,24818,26283,259957.5,8248532.5,0.006365485489368439,0.0019969830755144358
sample_36,24818,26284,259967.5,8248532.5,0.002839490072801709,0.00468215998262167
sample_36,24818,26285,259977.5,8248532.5,0.00866420567035675,0.0036492301151156425
sample_36,24818,26286,259987.5,8248532.5,0.008553835563361645,0.00484817661345005
sample_36,24818,26287,259997.5,8248532.5,0.014009455218911171,0.004739517346024513
sample_36,24818,26288,260007.5,8248532.5,0.0058818357065320015,0.006835355423390865
sample_36,24818,26289,260017.5,8248532.5,0.006958917714655399,0.0015482720918953419
sample_36,24818,26290,260027.5,8248532.5,0.0057264030911028385,0.007916130125522614
sample_36,24818,26291,260037.5,8248532.5,0.004823474213480949,0.014598216861486435
sample_36,24818,26292,260047.5,8248532.5,0.016994977369904518,0.005461229011416435
sample_36,24818,26293,260057.5,8248532.5,0.014011642895638943,0.000917169963940978
sample_36,24818,26294,260067.5,8248532.5,0.01065241452306509,0.007569409441202879
sample_36,24818,26295,260077.5,8248532.5,0.008087689988315105,0.00225850916467607
sample_36,24818,26296,260087.5,8248532.5,0.006035442464053631,0.003163147484883666
sample_36,24818,26297,260097.5,8248532.5,0.010612458921968937,0.006180033087730408
sample_36,24818,26298,260107.5,8248532.5,0.026606712490320206,0.008058730512857437
sample_36,24818,26299,260117.5,8248532.5,0.01383703202009201,0.004293840378522873
sample_36,24818,26300,260127.5,8248532.5,0.01712285727262497,0.002061530714854598
sample_36,24818,26301,260137.5,8248532.5,0.007943774573504925,0.007796230260282755
sample_36,24819,26282,259947.5,8248522.5,0.023648908361792564,0.001643393188714981
sample_36,24819,26283,259957.5,8248522.5,0.008265731856226921,0.003194474382326007
sample_36,24819,26284,259967.5,8248522.5,0.012052446603775024,0.008298913016915321
sample_36,24819,26285,259977.5,8248522.5,0.01659059338271618,0.011267109774053097
sample_36,24819,26286,259987.5,8248522.5,0.009740734472870827,0.0051214126870036125
sample_36,24819,26287,259997.5,8248522.5,0.00382794626057148,0.008554941974580288
sample_36,24819,26288,260007.5,8248522.5,0.006990951485931873,0.0030441503040492535
sample_36,24819,26289,260017.5,8248522.5,0.008489737287163734,0.0064875343814492226
sample_36,24819,26290,260027.5,8248522.5,0.011831965297460556,0.006247843150049448
sample_36,24819,26291,260037.5,8248522.5,0.02699814923107624,0.001948777586221695
sample_36,24819,26292,260047.5,8248522.5,0.0008930261828936636,0.0015835486119613051
sample_36,24819,26293,260057.5,8248522.5,0.00897468812763691,0.0037388268392533064
sample_36,24819,26294,260067.5,8248522.5,0.01577380672097206,0.003953719045966864
sample_36,24819,26295,260077.5,8248522.5,0.019274523481726646,0.005171431694179773
sample_36,24819,26296,260087.5,8248522.5,0.006840612273663282,0.006994197145104408
sample_36,24819,26297,260097.5,8248522.5,0.01652131788432598,0.011880856938660145
sample_36,24819,26298,260107.5,8248522.5,0.002581736072897911,0.0071685221046209335
sample_36,24819,26299,260117.5,8248522.5,0.00706359650939703,0.010855223052203655
sample_36,24819,26300,260127.5,8248522.5,0.003508711699396372,0.00411564065143466
sample_36,24819,26301,260137.5,8248522.5,0.008780254982411861,0.0044431379064917564
sample_36,24820,26282,259947.5,8248512.5,0.024188296869397163,0.008310138247907162
sample_36,24820,26283,259957.5,8248512.5,0.010117853060364723,0.0025845367927104235
sample_36,24820,26284,259967.5,8248512.5,0.0073416344821453094,0.004707427229732275
sample_36,24820,26285,259977.5,8248512.5,0.005072877276688814,0.00973855797201395
sample_36,24820,26286,259987.5,8248512.5,0.009038388729095459,0.007820931263267994
sample_36,24820,26287,259997.5,8248512.5,0.01097198761999607,0.0066500380635261536
sample_36,24820,26288,260007.5,8248512.5,0.0028582406230270863,0.004129425622522831
sample_36,24820,26289,260017.5,8248512.5,0.015145059674978256,0.005932834930717945
sample_36,24820,26290,260027.5,8248512.5,0.0032018290366977453,0.005056513473391533
sample_36,24820,26291,260037.5,8248512.5,0.027020908892154694,0.003986009396612644
sample_36,24820,26292,260047.5,8248512.5,0.011634334921836853,0.006161471363157034
sample_36,24820,26293,260057.5,8248512.5,0.02400616928935051,0.0008872054750099778
sample_36,24820,26294,260067.5,8248512.5,0.017074642702937126,0.010412485338747501
sample_36,24820,26295,260077.5,8248512.5,0.004726707469671965,0.005533789284527302
sample_36,24820,26296,260087.5,8248512.5,0.01746360957622528,0.006853929720818996
sample_36,24820,26297,260097.5,8248512.5,0.0013965492835268378,0.009769200347363949
sample_36,24820,26298,260107.5,8248512.5,0.003962965216487646,0.007973936386406422
sample_36,24820,26299,260117.5,8248512.5,0.006773066706955433,0.009375655092298985
sample_36,24820,26300,260127.5,8248512.5,0.016649262979626656,0.004390548449009657
sample_36,24820,26301,260137.5,8248512.5,0.017605165019631386,0.0015517183346673846
sample_36,24821,26282,259947.5,8248502.5,0.03204506263136864,0.0025681874249130487
sample_36,24821,26283,259957.5,8248502.5,0.010269537568092346,0.004566148854792118
sample_36,24821,26284,259967.5,8248502.5,0.0060600340366363525,0.002986418316140771
sample_36,24821,26285,259977.5,8248502.5,0.009519591927528381,0.0032101909164339304
sample_36,24821,26286,259987.5,8248502.5,0.004998467862606049,0.0016586375422775745
sample_36,24821,26287,259997.5,8248502.5,0.004735218361020088,0.0023445214610546827
sample_36,24821,26288,260007.5,8248502.5,0.013618813827633858,0.007531878538429737
sample_36,24821,26289,260017.5,8248502.5,0.009296373464167118,0.0015922049060463905
sample_36,24821,26290,260027.5,8248502.5,0.007869699038565159,0.0035320702008903027
sample_36,24821,26291,260037.5,8248502.5,0.0094522163271904,0.0057263802736997604
sample_36,24821,26292,260047.5,8248502.5,0.015850335359573364,0.006669583264738321
sample_36,24821,26293,260057.5,8248502.5,0.004364063031971455,0.0026881922967731953
sample_36,24821,26294,260067.5,8248502.5,0.01609307900071144,0.01008367259055376
sample_36,24821,26295,260077.5,8248502.5,0.010638137347996235,0.009557319805026054
sample_36,24821,26296,260087.5,8248502.5,0.007083361968398094,0.00350010534748435
sample_36,24821,26297,260097.5,8248502.5,0.009127005934715271,0.0034286784939467907
sample_36,24821,26298,260107.5,8248502.5,0.023125676438212395,0.006579387467354536
sample_36,24821,26299,260117.5,8248502.5,0.016714956611394882,0.010938432067632675
sample_36,24821,26300,260127.5,8248502.5,0.0054877810180187225,0.0067455945536494255
sample_36,24821,26301,260137.5,8248502.5,0.007889997214078903,0.00414439057931304
sample_36,24822,26282,259947.5,8248492.5,0.01556299440562725,0.002297874540090561
sample_36,24822,26283,259957.5,8248492.5,0.00326932524330914,0.0013006862718611956
sample_36,24822,26284,259967.5,8248492.5,0.006568401586264372,0.009143996052443981
sample_36,24822,26285,259977.5,8248492.5,0.011886506341397762,0.001581491669639945
sample_36,24822,26286,259987.5,8248492.5,0.004491498693823814,0.011690540239214897
sample_36,24822,26287,259997.5,8248492.5,0.005374102853238583,0.0014064614661037922
sample_36,24822,26288,260007.5,8248492.5,0.007630804553627968,0.0045685130171477795
sample_36,24822,26289,260017.5,8248492.5,0.011021477170288563,0.006117124110460281
sample_36,24822,26290,260027.5,8248492.5,0.011027010157704353,0.008267517201602459
sample_36,24822,26291,260037.5,8248492.5,0.008699268102645874,0.005750011187046766
sample_36,24822,26292,260047.5,8248492.5,0.003175610676407814,0.008408266119658947
sample_36,24822,26293,260057.5,8248492.5,0.01043127104640007,0.007954863831400871
sample_36,24822,26294,260067.5,8248492.5,0.008375294506549835,0.006977630779147148
sample_36,24822,26295,260077.5,8248492.5,0.014785305596888065,0.004738461691886187
sample_36,24822,26296,260087.5,8248492.5,0.006705635692924261,0.005689771845936775
sample_36,24822,26297,260097.5,8248492.5,0.010951844044029713,0.00574400695040822
sample_36,24822,26298,260107.5,8248492.5,0.014766506850719452,0.007285950239747763
sample_36,24822,26299,260117.5,8248492.5,0.015008565969765186,0.008698578923940659
sample_36,24822,26300,260127.5,8248492.5,0.009681415744125843,0.002358853816986084
sample_36,24822,26301,260137.5,8248492.5,0.02943361923098564,0.0012604646617546678
sample_36,24823,26282,259947.5,8248482.5,0.014309962280094624,0.006140486802905798
sample_36,24823,26283,259957.5,8248482.5,0.013245878741145134,0.0024511455558240414
sample_36,24823,26284,259967.5,8248482.5,0.0032994833309203386,0.0026708669029176235
sample_36,24823,26285,259977.5,8248482.5,0.01125938631594181,0.0012334921630099416
sample_36,24823,26286,259987.5,8248482.5,0.00496478658169508,0.002378987381234765
sample_36,24823,26287,259997.5,8248482.5,0.002698240801692009,0.0014825754333287477
sample_36,24823,26288,260007.5,8248482.5,0.009640682488679886,0.0013849622337147593
sample_36,24823,26289,260017.5,8248482.5,0.00745491124689579,0.0010407664813101292
sample_36,24823,26290,260027.5,8248482.5,0.010086805559694767,0.0050283861346542835
sample_36,24823,26291,260037.5,8248482.5,0.020510992035269737,0.004641296342015266
sample_36,24823,26292,260047.5,8248482.5,0.0022596316412091255,0.002672088099643588
sample_36,24823,26293,260057.5,8248482.5,0.011950936168432236,0.0025168785359710455
sample_36,24823,26294,260067.5,8248482.5,0.025891203433275223,0.007108964957296848
sample_36,24823,26295,260077.5,8248482.5,0.015360753051936626,0.012263335287570953
sample_36,24823,26296,260087.5,8248482.5,0.015688877552747726,0.004346359055489302
sample_36,24823,26297,260097.5,8248482.5,0.010621690191328526,0.0014625664334744215
sample_36,24823,26298,260107.5,8248482.5,0.011920087039470673,0.0023685251362621784
sample_36,24823,26299,260117.5,8248482.5,0.015396923758089542,0.0017859851941466331
sample_36,24823,26300,260127.5,8248482.5,0.008241914212703705,0.0047909775748848915
sample_36,24823,26301,260137.5,8248482.5,0.009820912964642048,0.003523796098306775
sample_36,24824,26282,259947.5,8248472.5,0.007345003075897694,0.0025946139357984066
sample_36,24824,26283,259957.5,8248472.5,0.016205111518502235,0.0045742918737232685
sample_36,24824,26284,259967.5,8248472.5,0.006033627316355705,0.0040192389860749245
sample_36,24824,26285,259977.5,8248472.5,0.008156826719641685,0.004428539890795946
sample_36,24824,26286,259987.5,8248472.5,0.002909743692725897,0.003553029615432024
sample_36,24824,26287,259997.5,8248472.5,0.008568934164941311,0.0020581576973199844
sample_36,24824,26288,260007.5,8248472.5,0.01148001104593277,0.00786338560283184
sample_36,24824,26289,260017.5,8248472.5,0.002841705223545432,0.0024876005481928587
sample_36,24824,26290,260027.5,8248472.5,0.00860411673784256,0.003575058886781335
sample_36,24824,26291,260037.5,8248472.5,0.01809561438858509,0.004190764855593443
sample_36,24824,26292,260047.5,8248472.5,0.0071240803226828575,0.004381951410323381
sample_36,24824,26293,260057.5,8248472.5,0.0196860209107399,0.001227688742801547
sample_36,24824,26294,260067.5,8248472.5,0.009562615305185318,0.004214717540889978
sample_36,24824,26295,260077.5,8248472.5,0.008672159165143967,0.006553134880959988
sample_36,24824,26296,260087.5,8248472.5,0.013006377033889294,0.0039100032299757
sample_36,24824,26297,260097.5,8248472.5,0.02743803709745407,0.0051005324348807335
sample_36,24824,26298,260107.5,8248472.5,0.014518629759550095,0.003924801480025053
sample_36,24824,26299,260117.5,8248472.5,0.03375491872429848,0.010753447189927101
sample_36,24824,26300,260127.5,8248472.5,0.02744925022125244,0.00623394874855876
sample_36,24824,26301,260137.5,8248472.5,0.020272813737392426,0.006117835640907288
sample_36,24825,26282,259947.5,8248462.5,0.012578153051435947,0.00464481208473444
sample_36,24825,26283,259957.5,8248462.5,0.015223409980535507,0.0035770689137279987
sample_36,24825,26284,259967.5,8248462.5,0.009377719834446907,0.0016337025444954634
sample_36,24825,26285,259977.5,8248462.5,0.008495805785059929,0.012740561738610268
sample_36,24825,26286,259987.5,8248462.5,0.012786832638084888,0.004980575293302536
sample_36,24825,26287,259997.5,8248462.5,0.007746288552880287,0.002635533455759287
sample_36,24825,26288,260007.5,8248462.5,0.008536025881767273,0.0027012305799871683
sample_36,24825,26289,260017.5,8248462.5,0.016087794676423073,0.007103028707206249
sample_36,24825,26290,260027.5,8248462.5,0.008497592061758041,0.002419097349047661
sample_36,24825,26291,260037.5,8248462.5,0.009129928424954414,0.003379360307008028
sample_36,24825,26292,260047.5,8248462.5,0.00978284701704979,0.009885591454803944
sample_36,24825,26293,260057.5,8248462.5,0.004653949290513992,0.008067156188189983
sample_36,24825,26294,260067.5,8248462.5,0.03476128354668617,0.0031887823715806007
sample_36,24825,26295,260077.5,8248462.5,0.007578747812658548,0.0057573770172894
sample_36,24825,26296,260087.5,8248462.5,0.008597844280302525,0.005662675015628338
sample_36,24825,26297,260097.5,8248462.5,0.0055792201310396194,0.005740033462643623
sample_36,24825,26298,260107.5,8248462.5,0.0020164111629128456,0.0035162235144525766
sample_36,24825,26299,260117.5,8248462.5,0.014300189912319183,0.007744627073407173
sample_37,22100,21413,211257.5,8275712.5,0.021261051297187805,0.0039742267690598965
sample_37,22101,21394,211067.5,8275702.5,0.003935736138373613,0.0030743922106921673
sample_37,22101,21395,211077.5,8275702.5,0.012906542979180813,0.006362628191709518
sample_37,22101,21396,211087.5,8275702.5,0.010233120992779732,0.007144328206777573
sample_37,22101,21397,211097.5,8275702.5,0.006210259161889553,0.007455817423760891
sample_37,22101,21398,211107.5,8275702.5,0.013845231384038925,0.009799783118069172
sample_37,22101,21399,211117.5,8275702.5,0.004878652282059193,0.0016818607691675425
sample_37,22101,21400,211127.5,8275702.5,0.011293301358819008,0.005207481794059277
sample_37,22101,21401,211137.5,8275702.5,0.019113337621092796,0.010240869596600533
sample_37,22101,21402,211147.5,8275702.5,0.013665426522493362,0.002534156898036599
sample_37,22101,21403,211157.5,8275702.5,0.009126240387558937,0.005979664623737335
sample_37,22101,21404,211167.5,8275702.5,0.015373044647276402,0.0020731373224407434
sample_37,22101,21405,211177.5,8275702.5,0.01981457695364952,0.0036197009030729532
sample_37,22101,21406,211187.5,8275702.5,0.029170092195272446,0.005272137001156807
sample_37,22101,21407,211197.5,8275702.5,0.01099561620503664,0.0036102235317230225
sample_37,22101,21408,211207.5,8275702.5,0.0123362448066473,0.00806812196969986
sample_37,22101,21409,211217.5,8275702.5,0.01042881328612566,0.007147458381950855
sample_37,22101,21410,211227.5,8275702.5,0.011358138173818588,0.009034098125994205
sample_37,22101,21411,211237.5,8275702.5,0.009021109901368618,0.002771922620013356
sample_37,22101,21412,211247.5,8275702.5,0.016481555998325348,0.0019576610065996647
sample_37,22101,21413,211257.5,8275702.5,0.012870295904576778,0.0019554158207029104
sample_37,22102,21394,211067.5,8275692.5,0.01505129411816597,0.0018949173390865326
sample_37,22102,21395,211077.5,8275692.5,0.018628345802426338,0.0022337092086672783
sample_37,22102,21396,211087.5,8275692.5,0.02208048291504383,0.0030634368304163218
sample_37,22102,21397,211097.5,8275692.5,0.015298545360565186,0.0019000631291419268
sample_37,22102,21398,211107.5,8275692.5,0.012702284380793571,0.011259899474680424
sample_37,22102,21399,211117.5,8275692.5,0.02356618084013462,0.010944737121462822
sample_37,22102,21400,211127.5,8275692.5,0.009799561463296413,0.004337236750870943
sample_37,22102,21401,211137.5,8275692.5,0.00482226861640811,0.006595033220946789
sample_37,22102,21402,211147.5,8275692.5,0.007978315465152264,0.0039050360210239887
sample_37,22102,21403,211157.5,8275692.5,0.016392691060900688,0.01102602668106556
sample_37,22102,21404,211167.5,8275692.5,0.018177272751927376,0.00586279109120369
sample_37,22102,21405,211177.5,8275692.5,0.002838128712028265,0.004389529582113028
sample_37,22102,21406,211187.5,8275692.5,0.01006990298628807,0.013642575591802597
sample_37,22102,21407,211197.5,8275692.5,0.02466987445950508,0.002923257416114211
sample_37,22102,21408,211207.5,8275692.5,0.022355658933520317,0.006751961074769497
sample_37,22102,21409,211217.5,8275692.5,0.014896513894200325,0.002296745777130127
sample_37,22102,21410,211227.5,8275692.5,0.028407014906406403,0.010655619204044342
sample_37,22102,21411,211237.5,8275692.5,0.0027923097368329763,0.005184272304177284
sample_37,22102,21412,211247.5,8275692.5,0.005759241059422493,0.0030776718631386757
sample_37,22102,21413,211257.5,8275692.5,0.01508350856602192,0.00955383013933897
sample_37,22103,21394,211067.5,8275682.5,0.020563434809446335,0.021877452731132507
sample_37,22103,21395,211077.5,8275682.5,0.03606204688549042,0.004420834593474865
sample_37,22103,21396,211087.5,8275682.5,0.03148648142814636,0.004306208807975054
sample_37,22103,21397,211097.5,8275682.5,0.012434684671461582,0.004091233015060425
sample_37,22103,21398,211107.5,8275682.5,0.008643453009426594,0.008926384150981903
sample_37,22103,21399,211117.5,8275682.5,0.005133205093443394,0.011972925625741482
sample_37,22103,21400,211127.5,8275682.5,0.004404515493661165,0.002677817130461335
sample_37,22103,21401,211137.5,8275682.5,0.03121645748615265,0.008534157648682594
sample_37,22103,21402,211147.5,8275682.5,0.014544817619025707,0.009786220267415047
sample_37,22103,21403,211157.5,8275682.5,0.007623337209224701,0.010904237627983093
sample_37,22103,21404,211167.5,8275682.5,0.004872980527579784,0.002743904246017337
sample_37,22103,21405,211177.5,8275682.5,0.0317818820476532,0.010871983133256435
sample_37,22103,21406,211187.5,8275682.5,0.005756611004471779,0.003006179817020893
sample_37,22103,21407,211197.5,8275682.5,0.023984042927622795,0.0008702067425474524
sample_37,22103,21408,211207.5,8275682.5,0.010145025327801704,0.00495478231459856
sample_37,22103,21409,211217.5,8275682.5,0.023089036345481873,0.003306035650894046
sample_37,22103,21410,211227.5,8275682.5,0.024564141407608986,0.004770847037434578
sample_37,22103,21411,211237.5,8275682.5,0.020746950060129166,0.015440699644386768
sample_37,22103,21412,211247.5,8275682.5,0.017960287630558014,0.0009907649364322424
sample_37,22103,21413,211257.5,8275682.5,0.02578086033463478,0.006648726761341095
sample_37,22104,21394,211067.5,8275672.5,0.018625181168317795,0.013058330863714218
sample_37,22104,21395,211077.5,8275672.5,0.00710203917697072,0.006581299938261509
sample_37,22104,21396,211087.5,8275672.5,0.0061294506303966045,0.0038484586402773857
sample_37,22104,21397,211097.5,8275672.5,0.006397297605872154,0.0056310370564460754
sample_37,22104,21398,211107.5,8275672.5,0.01609613560140133,0.004463315475732088
sample_37,22104,21399,211117.5,8275672.5,0.02000519074499607,0.0022937944158911705
sample_37,22104,21400,211127.5,8275672.5,0.008223078213632107,0.005819507874548435
sample_37,22104,21401,211137.5,8275672.5,0.010351501405239105,0.004618508741259575
sample_37,22104,21402,211147.5,8275672.5,0.005570047069340944,0.005328599829226732
sample_37,22104,21403,211157.5,8275672.5,0.008725670166313648,0.0031119154300540686
sample_37,22104,21404,211167.5,8275672.5,0.013920166529715061,0.004865311086177826
sample_37,22104,21405,211177.5,8275672.5,0.009542363695800304,0.007805041503161192
sample_37,22104,21406,211187.5,8275672.5,0.005503259599208832,0.004038922488689423
sample_37,22104,21407,211197.5,8275672.5,0.005101677030324936,0.0054726977832615376
sample_37,22104,21408,211207.5,8275672.5,0.016641460359096527,0.0015238290652632713
sample_37,22104,21409,211217.5,8275672.5,0.03645288571715355,0.007484277710318565
sample_37,22104,21410,211227.5,8275672.5,0.008557193912565708,0.00520770950242877
sample_37,22104,21411,211237.5,8275672.5,0.006410741247236729,0.006138555705547333
sample_37,22104,21412,211247.5,8275672.5,0.013631807640194893,0.006653042510151863
sample_37,22104,21413,211257.5,8275672.5,0.004094877280294895,0.00983635988086462
sample_37,22105,21394,211067.5,8275662.5,0.015207579359412193,0.004229861311614513
sample_37,22105,21395,211077.5,8275662.5,0.016263220459222794,0.009429427795112133
sample_37,22105,21396,211087.5,8275662.5,0.014373240992426872,0.00370230944827199
sample_37,22105,21397,211097.5,8275662.5,0.009581989608705044,0.001196113764308393
sample_37,22105,21398,211107.5,8275662.5,0.027827488258481026,0.007102460600435734
sample_37,22105,21399,211117.5,8275662.5,0.0072402022778987885,0.007952384650707245
sample_37,22105,21400,211127.5,8275662.5,0.007225702051073313,0.008432513102889061
sample_37,22105,21401,211137.5,8275662.5,0.015537114813923836,0.013239828869700432
sample_37,22105,21402,211147.5,8275662.5,0.024512160569429398,0.0013060567434877157
sample_37,22105,21403,211157.5,8275662.5,0.011924496851861477,0.004170513246208429
sample_37,22105,21404,211167.5,8275662.5,0.0091141602024436,0.0011819537030532956
sample_37,22105,21405,211177.5,8275662.5,0.0206392090767622,0.007709336467087269
sample_37,22105,21406,211187.5,8275662.5,0.01454677153378725,0.0034559397026896477
sample_37,22105,21407,211197.5,8275662.5,0.0052549163810908794,0.0021986698266118765
sample_37,22105,21408,211207.5,8275662.5,0.008342260494828224,0.0036469423212110996
sample_37,22105,21409,211217.5,8275662.5,0.00958734005689621,0.005574982613325119
sample_37,22105,21410,211227.5,8275662.5,0.00462477607652545,0.0036579985171556473
sample_37,22105,21411,211237.5,8275662.5,0.007413593120872974,0.005463584326207638
sample_37,22105,21412,211247.5,8275662.5,0.010883794166147709,0.004679021891206503
sample_37,22105,21413,211257.5,8275662.5,0.012980491854250431,0.005548267625272274
sample_37,22106,21394,211067.5,8275652.5,0.004832914099097252,0.009690377861261368
sample_37,22106,21395,211077.5,8275652.5,0.007088605780154467,0.007497441954910755
sample_37,22106,21396,211087.5,8275652.5,0.01343540009111166,0.004197846166789532
sample_37,22106,21397,211097.5,8275652.5,0.023358657956123352,0.005780471488833427
sample_37,22106,21398,211107.5,8275652.5,0.016653835773468018,0.007404107600450516
sample_37,22106,21399,211117.5,8275652.5,0.0040513137355446815,0.002566710812970996
sample_37,22106,21400,211127.5,8275652.5,0.007148774340748787,0.00525127025321126
sample_37,22106,21401,211137.5,8275652.5,0.022042103111743927,0.00889353547245264
sample_37,22106,21402,211147.5,8275652.5,0.017457306385040283,0.004994674120098352
sample_37,22106,21403,211157.5,8275652.5,0.006051863543689251,0.002187414327636361
sample_37,22106,21404,211167.5,8275652.5,0.015785273164510727,0.004170186351984739
sample_37,22106,21405,211177.5,8275652.5,0.017828885465860367,0.004853089340031147
sample_37,22106,21406,211187.5,8275652.5,0.011210987344384193,0.0028812610544264317
sample_37,22106,21407,211197.5,8275652.5,0.038004517555236816,0.005209470633417368
sample_37,22106,21408,211207.5,8275652.5,0.010692588984966278,0.003931315150111914
sample_37,22106,21409,211217.5,8275652.5,0.003745482536032796,0.0011132656363770366
sample_37,22106,21410,211227.5,8275652.5,0.014579175040125847,0.002538808388635516
sample_37,22106,21411,211237.5,8275652.5,0.013307133689522743,0.0016626141732558608
sample_37,22106,21412,211247.5,8275652.5,0.01485205627977848,0.0008377283811569214
sample_37,22106,21413,211257.5,8275652.5,0.00791893806308508,0.004739612806588411
sample_37,22107,21394,211067.5,8275642.5,0.003734189085662365,0.002369402442127466
sample_37,22107,21395,211077.5,8275642.5,0.0031917360611259937,0.011203212663531303
sample_37,22107,21396,211087.5,8275642.5,0.03243347257375717,0.0034773088991642
sample_37,22107,21397,211097.5,8275642.5,0.020726745948195457,0.0045065321028232574
sample_37,22107,21398,211107.5,8275642.5,0.007060157600790262,0.0065264394506812096
sample_37,22107,21399,211117.5,8275642.5,0.009182929992675781,0.002247912110760808
sample_37,22107,21400,211127.5,8275642.5,0.006504674442112446,0.0032085999846458435
sample_37,22107,21401,211137.5,8275642.5,0.012891864404082298,0.0021953503601253033
sample_37,22107,21402,211147.5,8275642.5,0.0209654588252306,0.002070401096716523
sample_37,22107,21403,211157.5,8275642.5,0.008154291659593582,0.0027888237964361906
sample_37,22107,21404,211167.5,8275642.5,0.007950237020850182,0.004659297876060009
sample_37,22107,21405,211177.5,8275642.5,0.016563698649406433,0.0019903243519365788
sample_37,22107,21406,211187.5,8275642.5,0.014009119011461735,0.0037731884513050318
sample_37,22107,21407,211197.5,8275642.5,0.010734116658568382,0.003609701991081238
sample_37,22107,21408,211207.5,8275642.5,0.017288688570261,0.010446883738040924
sample_37,22107,21409,211217.5,8275642.5,0.006495228037238121,0.004745780490338802
sample_37,22107,21410,211227.5,8275642.5,0.01981297694146633,0.004820859059691429
sample_37,22107,21411,211237.5,8275642.5,0.018073566257953644,0.0034296023659408092
sample_37,22107,21412,211247.5,8275642.5,0.021358998492360115,0.0069548399187624454
sample_37,22107,21413,211257.5,8275642.5,0.01520523987710476,0.004084929823875427
sample_37,22108,21394,211067.5,8275632.5,0.041670192033052444,0.0039364928379654884
sample_37,22108,21395,211077.5,8275632.5,0.010364428162574768,0.0006004615570418537
sample_37,22108,21396,211087.5,8275632.5,0.020127002149820328,0.00636670645326376
sample_37,22108,21397,211097.5,8275632.5,0.008283485658466816,0.0014259404269978404
sample_37,22108,21398,211107.5,8275632.5,0.013425398617982864,0.007118657231330872
sample_37,22108,21399,211117.5,8275632.5,0.00627205241471529,0.0032103133853524923
sample_37,22108,21400,211127.5,8275632.5,0.0057271746918559074,0.0023008594289422035
sample_37,22108,21401,211137.5,8275632.5,0.015579424798488617,0.001339236623607576
sample_37,22108,21402,211147.5,8275632.5,0.02815108932554722,0.002657026518136263
sample_37,22108,21403,211157.5,8275632.5,0.012359881773591042,0.0011974615044891834
sample_37,22108,21404,211167.5,8275632.5,0.010985428467392921,0.0054143695160746574
sample_37,22108,21405,211177.5,8275632.5,0.006696514319628477,0.008770143613219261
sample_37,22108,21406,211187.5,8275632.5,0.02589571103453636,0.004181837663054466
sample_37,22108,21407,211197.5,8275632.5,0.00858314335346222,0.003773787524551153
sample_37,22108,21408,211207.5,8275632.5,0.007120754104107618,0.0030352426692843437
sample_37,22108,21409,211217.5,8275632.5,0.018835052847862244,0.005307300947606564
sample_37,22108,21410,211227.5,8275632.5,0.004258749540895224,0.0030165566131472588
sample_37,22108,21411,211237.5,8275632.5,0.01769625023007393,0.007421760354191065
sample_37,22108,21412,211247.5,8275632.5,0.02007630467414856,0.0057690744288265705
sample_37,22108,21413,211257.5,8275632.5,0.026413042098283768,0.007766295224428177
sample_37,22109,21394,211067.5,8275622.5,0.017366237938404083,0.00559114757925272
sample_37,22109,21395,211077.5,8275622.5,0.03147713467478752,0.012082294560968876
sample_37,22109,21396,211087.5,8275622.5,0.016880400478839874,0.004621298983693123
sample_37,22109,21397,211097.5,8275622.5,0.015650374814867973,0.0030850854236632586
sample_37,22109,21398,211107.5,8275622.5,0.009992806240916252,0.0031563863158226013
sample_37,22109,21399,211117.5,8275622.5,0.005313831381499767,0.0029445127584040165
sample_37,22109,21400,211127.5,8275622.5,0.021546276286244392,0.005237003788352013
sample_37,22109,21401,211137.5,8275622.5,0.01640152931213379,0.0023813031148165464
sample_37,22109,21402,211147.5,8275622.5,0.018277950584888458,0.003524076659232378
sample_37,22109,21403,211157.5,8275622.5,0.0177137553691864,0.005715623032301664
sample_37,22109,21404,211167.5,8275622.5,0.005764322355389595,0.0060440110974013805
sample_37,22109,21405,211177.5,8275622.5,0.008435949683189392,0.004983434919267893
sample_37,22109,21406,211187.5,8275622.5,0.004237065091729164,0.0038859935011714697
sample_37,22109,21407,211197.5,8275622.5,0.010343203321099281,0.0026177556719630957
sample_37,22109,21408,211207.5,8275622.5,0.026076126843690872,0.002075898228213191
sample_37,22109,21409,211217.5,8275622.5,0.01098405197262764,0.009107331745326519
sample_37,22109,21410,211227.5,8275622.5,0.012162318453192711,0.0029637208208441734
sample_37,22109,21411,211237.5,8275622.5,0.00938052125275135,0.004540379159152508
sample_37,22109,21412,211247.5,8275622.5,0.008721936494112015,0.0031808032654225826
sample_37,22109,21413,211257.5,8275622.5,0.020350772887468338,0.01753862388432026
sample_37,22110,21394,211067.5,8275612.5,0.01125305611640215,0.004734741523861885
sample_37,22110,21395,211077.5,8275612.5,0.03743448480963707,0.006668712478131056
sample_37,22110,21396,211087.5,8275612.5,0.009103578515350819,0.004567913245409727
sample_37,22110,21397,211097.5,8275612.5,0.03340102359652519,0.0025215945206582546
sample_37,22110,21398,211107.5,8275612.5,0.023680631071329117,0.005776525940746069
sample_37,22110,21399,211117.5,8275612.5,0.016251148656010628,0.003642000025138259
sample_37,22110,21400,211127.5,8275612.5,0.016123633831739426,0.002380381105467677
sample_37,22110,21401,211137.5,8275612.5,0.01767406053841114,0.0032762051559984684
sample_37,22110,21402,211147.5,8275612.5,0.019868426024913788,0.003462235676124692
sample_37,22110,21403,211157.5,8275612.5,0.004581261891871691,0.00173447304405272
sample_37,22110,21404,211167.5,8275612.5,0.011058958247303963,0.0029961345717310905
sample_37,22110,21405,211177.5,8275612.5,0.014917286112904549,0.0031194461043924093
sample_37,22110,21406,211187.5,8275612.5,0.007278800942003727,0.008101768791675568
sample_37,22110,21407,211197.5,8275612.5,0.00473923422396183,0.005939743481576443
sample_37,22110,21408,211207.5,8275612.5,0.012536991387605667,0.007320423610508442
sample_37,22110,21409,211217.5,8275612.5,0.014728684909641743,0.01289781928062439
sample_37,22110,21410,211227.5,8275612.5,0.016004400327801704,0.010250724852085114
sample_37,22110,21411,211237.5,8275612.5,0.020354920998215675,0.007624858058989048
sample_37,22110,21412,211247.5,8275612.5,0.005944768898189068,0.0005968485493212938
sample_37,22110,21413,211257.5,8275612.5,0.03380027785897255,0.006453421898186207
sample_37,22111,21394,211067.5,8275602.5,0.019906986504793167,0.002708093961700797
sample_37,22111,21395,211077.5,8275602.5,0.013580233789980412,0.007470425218343735
sample_37,22111,21396,211087.5,8275602.5,0.01850348897278309,0.009887739084661007
sample_37,22111,21397,211097.5,8275602.5,0.009213830344378948,0.0033100303262472153
sample_37,22111,21398,211107.5,8275602.5,0.008678455837070942,0.004174963105469942
sample_37,22111,21399,211117.5,8275602.5,0.01357316691428423,0.003297939896583557
sample_37,22111,21400,211127.5,8275602.5,0.01922592520713806,0.0012926175259053707
sample_37,22111,21401,211137.5,8275602.5,0.00982372835278511,0.003974908962845802
sample_37,22111,21402,211147.5,8275602.5,0.005032328888773918,0.004279380664229393
sample_37,22111,21403,211157.5,8275602.5,0.012230275198817253,0.0066749961115419865
sample_37,22111,21404,211167.5,8275602.5,0.023299826309084892,0.008790573105216026
sample_37,22111,21405,211177.5,8275602.5,0.021051758900284767,0.006650715135037899
sample_37,22111,21406,211187.5,8275602.5,0.007141972426325083,0.011599430814385414
sample_37,22111,21407,211197.5,8275602.5,0.03712177649140358,0.0047729406505823135
sample_37,22111,21408,211207.5,8275602.5,0.015850979834794998,0.0038763382472097874
sample_37,22111,21409,211217.5,8275602.5,0.022613810375332832,0.003793292911723256
sample_37,22111,21410,211227.5,8275602.5,0.007310716435313225,0.007359068840742111
sample_37,22111,21411,211237.5,8275602.5,0.0017939785029739141,0.010650122538208961
sample_37,22111,21412,211247.5,8275602.5,0.007933655753731728,0.0024264981038868427
sample_37,22111,21413,211257.5,8275602.5,0.006557195447385311,0.0032735085114836693
sample_37,22112,21394,211067.5,8275592.5,0.011032765731215477,0.011852527037262917
sample_37,22112,21395,211077.5,8275592.5,0.013401070609688759,0.008705312386155128
sample_37,22112,21396,211087.5,8275592.5,0.0034676031209528446,0.004692638758569956
sample_37,22112,21397,211097.5,8275592.5,0.00883654598146677,0.004067341797053814
sample_37,22112,21398,211107.5,8275592.5,0.01871965266764164,0.004755122121423483
sample_37,22112,21399,211117.5,8275592.5,0.016552019864320755,0.0036208373494446278
sample_37,22112,21400,211127.5,8275592.5,0.014511467888951302,0.004419013392180204
sample_37,22112,21401,211137.5,8275592.5,0.01244936790317297,0.006494102068245411
sample_37,22112,21402,211147.5,8275592.5,0.03184664994478226,0.0031310885678976774
sample_37,22112,21403,211157.5,8275592.5,0.0142976650968194,0.0024253802839666605
sample_37,22112,21404,211167.5,8275592.5,0.015831055119633675,0.007951623760163784
sample_37,22112,21405,211177.5,8275592.5,0.013523152098059654,0.012055261991918087
sample_37,22112,21406,211187.5,8275592.5,0.022848350927233696,0.006593662779778242
sample_37,22112,21407,211197.5,8275592.5,0.018470901995897293,0.003627110505476594
sample_37,22112,21408,211207.5,8275592.5,0.028242293745279312,0.006742873229086399
sample_37,22112,21409,211217.5,8275592.5,0.011906011030077934,0.007637581322342157
sample_37,22112,21410,211227.5,8275592.5,0.013056241907179356,0.003279817523434758
sample_37,22112,21411,211237.5,8275592.5,0.011527078226208687,0.0049727316945791245
sample_37,22112,21412,211247.5,8275592.5,0.0063791098073124886,0.002528246957808733
sample_37,22112,21413,211257.5,8275592.5,0.005597487557679415,0.0049970271065831184
sample_37,22113,21394,211067.5,8275582.5,0.006773481145501137,0.008809986524283886
sample_37,22113,21395,211077.5,8275582.5,0.005637933034449816,0.012441402301192284
sample_37,22113,21396,211087.5,8275582.5,0.009478810243308544,0.006284088362008333
sample_37,22113,21397,211097.5,8275582.5,0.02351347915828228,0.006334323436021805
sample_37,22113,21398,211107.5,8275582.5,0.00813931506127119,0.002059232909232378
sample_37,22113,21399,211117.5,8275582.5,0.007679706439375877,0.004419648088514805
sample_37,22113,21400,211127.5,8275582.5,0.024111013859510422,0.0034216511994600296
sample_37,22113,21401,211137.5,8275582.5,0.008228564634919167,0.008140579797327518
sample_37,22113,21402,211147.5,8275582.5,0.014613841660320759,0.0023570172488689423
sample_37,22113,21403,211157.5,8275582.5,0.005974765866994858,0.0031059097964316607
sample_37,22113,21404,211167.5,8275582.5,0.009951945394277573,0.004364167805761099
sample_37,22113,21405,211177.5,8275582.5,0.018008915707468987,0.0022773840464651585
sample_37,22113,21406,211187.5,8275582.5,0.010527940467000008,0.0008399650687351823
sample_37,22113,21407,211197.5,8275582.5,0.01119773369282484,0.0020682334434241056
sample_37,22113,21408,211207.5,8275582.5,0.007600223179906607,0.0034961963538080454
sample_37,22113,21409,211217.5,8275582.5,0.02360111102461815,0.002799948211759329
sample_37,22113,21410,211227.5,8275582.5,0.006659795995801687,0.002735009416937828
sample_37,22113,21411,211237.5,8275582.5,0.020748434588313103,0.0031253776978701353
sample_37,22113,21412,211247.5,8275582.5,0.023553576320409775,0.00984477810561657
sample_37,22113,21413,211257.5,8275582.5,0.015227220021188259,0.004357851576060057
sample_37,22114,21395,211077.5,8275572.5,0.01067990344017744,0.002312350319698453
sample_37,22114,21396,211087.5,8275572.5,0.03380860388278961,0.003173692850396037
sample_37,22114,21397,211097.5,8275572.5,0.01505054347217083,0.0032511905301362276
sample_37,22114,21398,211107.5,8275572.5,0.00876686628907919,0.008268042467534542
sample_37,22114,21399,211117.5,8275572.5,0.007806559093296528,0.008022012189030647
sample_37,22114,21400,211127.5,8275572.5,0.006487220525741577,0.007351126056164503
sample_37,22114,21401,211137.5,8275572.5,0.010149776004254818,0.013171298429369926
sample_37,22114,21402,211147.5,8275572.5,0.011307120323181152,0.002762601478025317
sample_37,22114,21403,211157.5,8275572.5,0.015706785023212433,0.004609402734786272
sample_37,22114,21404,211167.5,8275572.5,0.015849703922867775,0.0007132517639547586
sample_37,22114,21405,211177.5,8275572.5,0.017561079934239388,0.0019805096089839935
sample_37,22114,21406,211187.5,8275572.5,0.0062971157021820545,0.0035779476165771484
sample_37,22114,21407,211197.5,8275572.5,0.018973376601934433,0.008299966342747211
sample_37,22114,21408,211207.5,8275572.5,0.015286184847354889,0.004484710283577442
sample_37,22114,21409,211217.5,8275572.5,0.015434665605425835,0.006769825704395771
sample_37,22114,21410,211227.5,8275572.5,0.004238734487444162,0.0034999351482838392
sample_37,22114,21411,211237.5,8275572.5,0.012681053951382637,0.005849198903888464
sample_37,22114,21412,211247.5,8275572.5,0.009612929075956345,0.009564520791172981
sample_37,22114,21413,211257.5,8275572.5,0.02791111171245575,0.012977363541722298
sample_37,22115,21395,211077.5,8275562.5,0.017324738204479218,0.0011819818755611777
sample_37,22115,21396,211087.5,8275562.5,0.014709927141666412,0.0042107286863029
sample_37,22115,21397,211097.5,8275562.5,0.009325463324785233,0.004989460110664368
sample_37,22115,21398,211107.5,8275562.5,0.01191673893481493,0.0022464145440608263
sample_37,22115,21399,211117.5,8275562.5,0.009486645460128784,0.005970986094325781
sample_37,22115,21400,211127.5,8275562.5,0.005933636333793402,0.00309844221919775
sample_37,22115,21401,211137.5,8275562.5,0.010887904092669487,0.0013717323308810592
sample_37,22115,21402,211147.5,8275562.5,0.007817581295967102,0.0012996168807148933
sample_37,22115,21403,211157.5,8275562.5,0.026145510375499725,0.0033580618910491467
sample_37,22115,21404,211167.5,8275562.5,0.010123489424586296,0.007921529933810234
sample_37,22115,21405,211177.5,8275562.5,0.011554260738193989,0.0022846029605716467
sample_37,22115,21406,211187.5,8275562.5,0.024178989231586456,0.0060112690553069115
sample_37,22115,21407,211197.5,8275562.5,0.014306616969406605,0.0026149656623601913
sample_37,22115,21408,211207.5,8275562.5,0.01836295984685421,0.005545459687709808
sample_37,22115,21409,211217.5,8275562.5,0.020009789615869522,0.0030104524921625853
sample_37,22115,21410,211227.5,8275562.5,0.009036404080688953,0.005669582635164261
sample_37,22115,21411,211237.5,8275562.5,0.0018051920924335718,0.004562969319522381
sample_37,22115,21412,211247.5,8275562.5,0.0068619996309280396,0.004463166929781437
sample_37,22115,21413,211257.5,8275562.5,0.009779618121683598,0.002743405755609274
sample_37,22116,21395,211077.5,8275552.5,0.016691619530320168,0.011960739269852638
sample_37,22116,21396,211087.5,8275552.5,0.0196179561316967,0.006486223544925451
sample_38,19891,13520,132327.5,8297802.5,0.012832071632146835,0.0038257392589002848
sample_38,19891,13521,132337.5,8297802.5,0.015649354085326195,0.005258471705019474
sample_38,19891,13522,132347.5,8297802.5,0.01723892241716385,0.003332960419356823
sample_38,19891,13523,132357.5,8297802.5,0.024177568033337593,0.0027753934264183044
sample_38,19891,13524,132367.5,8297802.5,0.009960108436644077,0.0037837622221559286
sample_38,19891,13525,132377.5,8297802.5,0.0067572323605418205,0.0018464777385815978
sample_38,19891,13526,132387.5,8297802.5,0.010551972314715385,0.006134024355560541
sample_38,19891,13527,132397.5,8297802.5,0.012295925989747047,0.0055101122707128525
sample_38,19891,13528,132407.5,8297802.5,0.015144449658691883,0.010887376964092255
sample_38,19891,13529,132417.5,8297802.5,0.0047589875757694244,0.012954703532159328
sample_38,19891,13530,132427.5,8297802.5,0.011033033952116966,0.004586760886013508
sample_38,19891,13531,132437.5,8297802.5,0.014270180836319923,0.008584478870034218
sample_38,19891,13532,132447.5,8297802.5,0.005035679321736097,0.004596683196723461
sample_38,19891,13533,132457.5,8297802.5,0.024201061576604843,0.002489848528057337
sample_38,19891,13534,132467.5,8297802.5,0.023104548454284668,0.004087717272341251
sample_38,19891,13535,132477.5,8297802.5,0.007661054376512766,0.005900250282138586
sample_38,19892,13516,132287.5,8297792.5,0.017347237095236778,0.0013576048659160733
sample_38,19892,13517,132297.5,8297792.5,0.0056167286820709705,0.009900476783514023
sample_38,19892,13518,132307.5,8297792.5,0.0189102403819561,0.003588383086025715
sample_38,19892,13519,132317.5,8297792.5,0.002109748311340809,0.002879988867789507
sample_38,19892,13520,132327.5,8297792.5,0.0133961858227849,0.0033413758501410484
sample_38,19892,13521,132337.5,8297792.5,0.017545785754919052,0.0031791427172720432
sample_38,19892,13522,132347.5,8297792.5,0.0084294518455863,0.004180254880338907
sample_38,19892,13523,132357.5,8297792.5,0.011670253239572048,0.003415735438466072
sample_38,19892,13524,132367.5,8297792.5,0.014645692892372608,0.005685538053512573
sample_38,19892,13525,132377.5,8297792.5,0.009253643453121185,0.009169472381472588
sample_38,19892,13526,132387.5,8297792.5,0.030753055587410927,0.003056575311347842
sample_38,19892,13527,132397.5,8297792.5,0.015518992207944393,0.003336346708238125
sample_38,19892,13528,132407.5,8297792.5,0.010432424023747444,0.007015867158770561
sample_38,19892,13529,132417.5,8297792.5,0.013422350399196148,0.005395266227424145
sample_38,19892,13530,132427.5,8297792.5,0.016028307378292084,0.0036038013640791178
sample_38,19892,13531,132437.5,8297792.5,0.019221371039748192,0.004615028854459524
sample_38,19892,13532,132447.5,8297792.5,0.010778797790408134,0.00257929228246212
sample_38,19892,13533,132457.5,8297792.5,0.014650522731244564,0.007527735084295273
sample_38,19892,13534,132467.5,8297792.5,0.020420130342245102,0.002970864064991474
sample_38,19892,13535,132477.5,8297792.5,0.008545997552573681,0.00215252791531384
sample_38,19893,13516,132287.5,8297782.5,0.029636487364768982,0.004253601189702749
sample_38,19893,13517,132297.5,8297782.5,0.01649664342403412,0.0037215205375105143
sample_38,19893,13518,132307.5,8297782.5,0.007922288030385971,0.009674832224845886
sample_38,19893,13519,132317.5,8297782.5,0.016787948086857796,0.0019530378049239516
sample_38,19893,13520,132327.5,8297782.5,0.007053229492157698,0.004307805560529232
sample_38,19893,13521,132337.5,8297782.5,0.010251997038722038,0.0033518681302666664
sample_38,19893,13522,132347.5,8297782.5,0.010594848543405533,0.0027966417837888002
sample_38,19893,13523,132357.5,8297782.5,0.023883070796728134,0.011238943785429
sample_38,19893,13524,132367.5,8297782.5,0.010669630020856857,0.007756417617201805
sample_38,19893,13525,132377.5,8297782.5,0.00986207090318203,0.0014033333864063025
sample_38,19893,13526,132387.5,8297782.5,0.027479197829961777,0.002708455780521035
sample_38,19893,13527,132397.5,8297782.5,0.016602911055088043,0.008415148593485355
sample_38,19893,13528,132407.5,8297782.5,0.004639971069991589,0.004941981285810471
sample_38,19893,13529,132417.5,8297782.5,0.022648189216852188,0.005462665110826492
sample_38,19893,13530,132427.5,8297782.5,0.03312183916568756,0.005993041675537825
sample_38,19893,13531,132437.5,8297782.5,0.01357472874224186,0.0015357580268755555
sample_38,19893,13532,132447.5,8297782.5,0.007034168113023043,0.00605890154838562
sample_38,19893,13533,132457.5,8297782.5,0.00513672037050128,0.0026143393479287624
sample_38,19893,13534,132467.5,8297782.5,0.006347816903144121,0.0075759729370474815
sample_38,19893,13535,132477.5,8297782.5,0.025853421539068222,0.0026797184254974127
sample_38,19894,13516,132287.5,8297772.5,0.0131252221763134,0.008226070553064346
sample_38,19894,13517,132297.5,8297772.5,0.014323245733976364,0.00682747783139348
sample_38,19894,13518,132307.5,8297772.5,0.011207664385437965,0.008765557780861855
sample_38,19894,13519,132317.5,8297772.5,0.008174465969204903,0.004255656618624926
sample_38,19894,13520,132327.5,8297772.5,0.020043104887008667,0.0028657002840191126
sample_38,19894,13521,132337.5,8297772.5,0.010734809562563896,0.002476781839504838
sample_38,19894,13522,132347.5,8297772.5,0.005761168897151947,0.007025879807770252
sample_38,19894,13523,132357.5,8297772.5,0.010738725773990154,0.004007741343230009
sample_38,19894,13524,132367.5,8297772.5,0.021477757021784782,0.005982364993542433
sample_38,19894,13525,132377.5,8297772.5,0.004700225777924061,0.017594680190086365
sample_38,19894,13526,132387.5,8297772.5,0.005519194062799215,0.00635771919041872
sample_38,19894,13527,132397.5,8297772.5,0.017003241926431656,0.0046371412463486195
sample_38,19894,13528,132407.5,8297772.5,0.019110558554530144,0.002537226304411888
sample_38,19894,13529,132417.5,8297772.5,0.003751069540157914,0.00921686552464962
sample_38,19894,13530,132427.5,8297772.5,0.007675539702177048,0.010228143073618412
sample_38,19894,13531,132437.5,8297772.5,0.005804126616567373,0.008599473163485527
sample_38,19894,13532,132447.5,8297772.5,0.0057471576146781445,0.006953244097530842
sample_38,19894,13533,132457.5,8297772.5,0.013493110425770283,0.002209740225225687
sample_38,19894,13534,132467.5,8297772.5,0.016828306019306183,0.00615875655785203
sample_38,19894,13535,132477.5,8297772.5,0.004982995335012674,0.000685505336150527
sample_38,19895,13516,132287.5,8297762.5,0.02677893079817295,0.001280035125091672
sample_38,19895,13517,132297.5,8297762.5,0.0025418323930352926,0.004100673366338015
sample_38,19895,13518,132307.5,8297762.5,0.010477801784873009,0.010805083438754082
sample_38,19895,13519,132317.5,8297762.5,0.014170264825224876,0.0047917962074279785
sample_38,19895,13520,132327.5,8297762.5,0.02397051826119423,0.006852669641375542
sample_38,19895,13521,132337.5,8297762.5,0.015993112698197365,0.013273786753416061
sample_38,19895,13522,132347.5,8297762.5,0.003905288176611066,0.0045301481150090694
sample_38,19895,13523,132357.5,8297762.5,0.006250729784369469,0.012907136231660843
sample_38,19895,13524,132367.5,8297762.5,0.010511675849556923,0.006754034664481878
sample_38,19895,13525,132377.5,8297762.5,0.015045824460685253,0.0018841527635231614
sample_38,19895,13526,132387.5,8297762.5,0.014292126521468163,0.0028588930144906044
sample_38,19895,13527,132397.5,8297762.5,0.009784992784261703,0.0050278715789318085
sample_38,19895,13528,132407.5,8297762.5,0.0038592629134655,0.003102533519268036
sample_38,19895,13529,132417.5,8297762.5,0.004550168290734291,0.00873116496950388
sample_38,19895,13530,132427.5,8297762.5,0.012028892524540424,0.0034438061993569136
sample_38,19895,13531,132437.5,8297762.5,0.00949291605502367,0.0057462360709905624
sample_38,19895,13532,132447.5,8297762.5,0.006323942914605141,0.007157020270824432
sample_38,19895,13533,132457.5,8297762.5,0.004520028363913298,0.0047255284152925014
sample_38,19895,13534,132467.5,8297762.5,0.017329271882772446,0.004532624036073685
sample_38,19895,13535,132477.5,8297762.5,0.012940555810928345,0.0026090340688824654
sample_38,19896,13516,132287.5,8297752.5,0.020005036145448685,0.007227403577417135
sample_38,19896,13517,132297.5,8297752.5,0.005731815472245216,0.005094900261610746
sample_38,19896,13518,132307.5,8297752.5,0.017290722578763962,0.002806949894875288
sample_38,19896,13519,132317.5,8297752.5,0.018941864371299744,0.0030232577119022608
sample_38,19896,13520,132327.5,8297752.5,0.007296487223356962,0.005773492157459259
sample_38,19896,13521,132337.5,8297752.5,0.0025747003965079784,0.004416387528181076
sample_38,19896,13522,132347.5,8297752.5,0.019586272537708282,0.007044006604701281
sample_38,19896,13523,132357.5,8297752.5,0.012577055022120476,0.002285883529111743
sample_38,19896,13524,132367.5,8297752.5,0.008287010714411736,0.005461457185447216
sample_38,19896,13525,132377.5,8297752.5,0.010422632098197937,0.007983536459505558
sample_38,19896,13526,132387.5,8297752.5,0.007289669010788202,0.005627118516713381
sample_38,19896,13527,132397.5,8297752.5,0.019385283812880516,0.002925315173342824
sample_38,19896,13528,132407.5,8297752.5,0.023980947211384773,0.0016425177454948425
sample_38,19896,13529,132417.5,8297752.5,0.02109849452972412,0.002373147290199995
sample_38,19896,13530,132427.5,8297752.5,0.02410748228430748,0.004796677269041538
sample_38,19896,13531,132437.5,8297752.5,0.027375444769859314,0.00812633614987135
sample_38,19896,13532,132447.5,8297752.5,0.005590545479208231,0.0063542090356349945
sample_38,19896,13533,132457.5,8297752.5,0.03262346610426903,0.002749659586697817
sample_38,19896,13534,132467.5,8297752.5,0.018593236804008484,0.0030546472407877445
sample_38,19896,13535,132477.5,8297752.5,0.008205578662455082,0.005376974120736122
sample_38,19897,13516,132287.5,8297742.5,0.0062967389822006226,0.0024300587829202414
sample_38,19897,13517,132297.5,8297742.5,0.014901872724294662,0.007322413381189108
sample_38,19897,13518,132307.5,8297742.5,0.007526721805334091,0.0025590131990611553
sample_38,19897,13519,132317.5,8297742.5,0.015233132988214493,0.004435522481799126
sample_38,19897,13520,132327.5,8297742.5,0.011875612661242485,0.006303989328444004
sample_38,19897,13521,132337.5,8297742.5,0.005695890635251999,0.0009640997741371393
sample_38,19897,13522,132347.5,8297742.5,0.010778332129120827,0.006877338048070669
sample_38,19897,13523,132357.5,8297742.5,0.020040541887283325,0.002012829761952162
sample_38,19897,13524,132367.5,8297742.5,0.006414639297872782,0.008772138506174088
sample_38,19897,13525,132377.5,8297742.5,0.006107228808104992,0.005527176428586245
sample_38,19897,13526,132387.5,8297742.5,0.025841861963272095,0.004400384146720171
sample_38,19897,13527,132397.5,8297742.5,0.014132929965853691,0.006718619726598263
sample_38,19897,13528,132407.5,8297742.5,0.013377091847360134,0.0011330797569826245
sample_38,19897,13529,132417.5,8297742.5,0.014851023443043232,0.005307892337441444
sample_38,19897,13530,132427.5,8297742.5,0.010248533450067043,0.0026401837822049856
sample_38,19897,13531,132437.5,8297742.5,0.022719083353877068,0.0032999387476593256
sample_38,19897,13532,132447.5,8297742.5,0.014724460430443287,0.0031958650797605515
sample_38,19897,13533,132457.5,8297742.5,0.025189721956849098,0.006713688839226961
sample_38,19897,13534,132467.5,8297742.5,0.023292627185583115,0.005674798972904682
sample_38,19897,13535,132477.5,8297742.5,0.012569738551974297,0.009120212867856026
sample_38,19898,13516,132287.5,8297732.5,0.006836701184511185,0.003976975101977587
sample_38,19898,13517,132297.5,8297732.5,0.005707693286240101,0.003916474990546703
sample_38,19898,13518,132307.5,8297732.5,0.007571518421173096,0.0022732215002179146
sample_38,19898,13519,132317.5,8297732.5,0.016982756555080414,0.004640066064894199
sample_38,19898,13520,132327.5,8297732.5,0.021938271820545197,0.0058969901874661446
sample_38,19898,13521,132337.5,8297732.5,0.0018830043263733387,0.0033379478845745325
sample_38,19898,13522,132347.5,8297732.5,0.023460770025849342,0.0007110853912308812
sample_38,19898,13523,132357.5,8297732.5,0.006735790986567736,0.0017318094614893198
sample_38,19898,13524,132367.5,8297732.5,0.007766664959490299,0.0037703360430896282
sample_38,19898,13525,132377.5,8297732.5,0.009121118113398552,0.003248328110203147
sample_38,19898,13526,132387.5,8297732.5,0.01958404667675495,0.007082454860210419
sample_38,19898,13527,132397.5,8297732.5,0.007946845144033432,0.00796649232506752
sample_38,19898,13528,132407.5,8297732.5,0.013271497562527657,0.00736246770247817
sample_38,19898,13529,132417.5,8297732.5,0.04090138152241707,0.004228535573929548
sample_38,19898,13530,132427.5,8297732.5,0.016220567747950554,0.012063874863088131
sample_38,19898,13531,132437.5,8297732.5,0.01233741082251072,0.00208451459184289
sample_38,19898,13532,132447.5,8297732.5,0.015082210302352905,0.0040688361041247845
sample_38,19898,13533,132457.5,8297732.5,0.010250278748571873,0.0156390480697155
sample_38,19898,13534,132467.5,8297732.5,0.028757357969880104,0.005148288793861866
sample_38,19898,13535,132477.5,8297732.5,0.010128103196620941,0.005925483535975218
sample_38,19899,13516,132287.5,8297722.5,0.014064297080039978,0.002712944755330682
sample_38,19899,13517,132297.5,8297722.5,0.004828549921512604,0.004860779270529747
sample_38,19899,13518,132307.5,8297722.5,0.008147044107317924,0.003534174058586359
sample_38,19899,13519,132317.5,8297722.5,0.0057542771100997925,0.0017118686810135841
sample_38,19899,13520,132327.5,8297722.5,0.009712915867567062,0.004276340827345848
sample_38,19899,13521,132337.5,8297722.5,0.012327146716415882,0.0068708485923707485
sample_38,19899,13522,132347.5,8297722.5,0.004096564371138811,0.0052050878293812275
sample_38,19899,13523,132357.5,8297722.5,0.00914933905005455,0.0024512787349522114
sample_38,19899,13524,132367.5,8297722.5,0.011266898363828659,0.00797717273235321
sample_38,19899,13525,132377.5,8297722.5,0.012277400121092796,0.006592361256480217
sample_38,19899,13526,132387.5,8297722.5,0.020048296079039574,0.006525617558509111
sample_38,19899,13527,132397.5,8297722.5,0.013495390303432941,0.004512768238782883
sample_38,19899,13528,132407.5,8297722.5,0.010142501443624496,0.009072658605873585
sample_38,19899,13529,132417.5,8297722.5,0.005641276016831398,0.0012804626021534204
sample_38,19899,13530,132427.5,8297722.5,0.011551890522241592,0.004239165224134922
sample_38,19899,13531,132437.5,8297722.5,0.0099312923848629,0.0035319363232702017
sample_38,19899,13532,132447.5,8297722.5,0.02081630751490593,0.003964485600590706
sample_38,19899,13533,132457.5,8297722.5,0.01630263775587082,0.0010957131162285805
sample_38,19899,13534,132467.5,8297722.5,0.009784558787941933,0.0028403326869010925
sample_38,19899,13535,132477.5,8297722.5,0.012224345467984676,0.007712418679147959
sample_38,19900,13516,132287.5,8297712.5,0.005654128734022379,0.002532791346311569
sample_38,19900,13517,132297.5,8297712.5,0.013030214235186577,0.004375535994768143
sample_38,19900,13518,132307.5,8297712.5,0.01762458309531212,0.002636835677549243
sample_38,19900,13519,132317.5,8297712.5,0.0085180988535285,0.0042557623237371445
sample_38,19900,13520,132327.5,8297712.5,0.00989697128534317,0.007580629549920559
sample_38,19900,13521,132337.5,8297712.5,0.017264913767576218,0.005555890034884214
sample_38,19900,13522,132347.5,8297712.5,0.018547270447015762,0.0034035586286336184
sample_38,19900,13523,132357.5,8297712.5,0.007874109782278538,0.0038038003258407116
sample_38,19900,13524,132367.5,8297712.5,0.02909376285970211,0.006069279741495848
sample_38,19900,13525,132377.5,8297712.5,0.01191801205277443,0.005735413171350956
sample_38,19900,13526,132387.5,8297712.5,0.002362918108701706,0.0031899786554276943
sample_38,19900,13527,132397.5,8297712.5,0.008280587382614613,0.0037295587826520205
sample_38,19900,13528,132407.5,8297712.5,0.008480201475322247,0.0023442059755325317
sample_38,19900,13529,132417.5,8297712.5,0.011155988089740276,0.004449443891644478
sample_38,19900,13530,132427.5,8297712.5,0.01596200279891491,0.005895428359508514
sample_38,19900,13531,132437.5,8297712.5,0.016232630237936974,0.003987669013440609
sample_38,19900,13532,132447.5,8297712.5,0.005737295839935541,0.007099241949617863
sample_38,19900,13533,132457.5,8297712.5,0.020478766411542892,0.005077027250081301
sample_38,19900,13534,132467.5,8297712.5,0.02416948601603508,0.0044774254783988
sample_38,19900,13535,132477.5,8297712.5,0.006948432419449091,0.0020145997405052185
sample_38,19901,13516,132287.5,8297702.5,0.0055585396476089954,0.009715127758681774
sample_38,19901,13517,132297.5,8297702.5,0.009148575365543365,0.01018556673079729
sample_38,19901,13518,132307.5,8297702.5,0.006594039965420961,0.001624773140065372
sample_38,19901,13519,132317.5,8297702.5,0.0027617914602160454,0.0021434787195175886
sample_38,19901,13520,132327.5,8297702.5,0.030955234542489052,0.011544110253453255
sample_38,19901,13521,132337.5,8297702.5,0.010855060070753098,0.004253088962286711
sample_38,19901,13522,132347.5,8297702.5,0.017405014485120773,0.006926502101123333
sample_38,19901,13523,132357.5,8297702.5,0.01082377228885889,0.006674047093838453
sample_38,19901,13524,132367.5,8297702.5,0.01020776852965355,0.005278436932712793
sample_38,19901,13525,132377.5,8297702.5,0.021098017692565918,0.005860574077814817
sample_38,19901,13526,132387.5,8297702.5,0.011802155524492264,0.006171263754367828
sample_38,19901,13527,132397.5,8297702.5,0.005274728871881962,0.003055951092392206
sample_38,19901,13528,132407.5,8297702.5,0.016361447051167488,0.001486950321123004
sample_38,19901,13529,132417.5,8297702.5,0.016480814665555954,0.003699744585901499
sample_38,19901,13530,132427.5,8297702.5,0.009173015132546425,0.006708637811243534
sample_38,19901,13531,132437.5,8297702.5,0.021415671333670616,0.01624361053109169
sample_38,19901,13532,132447.5,8297702.5,0.016480926424264908,0.006973152048885822
sample_38,19901,13533,132457.5,8297702.5,0.02011236920952797,0.003904071869328618
sample_38,19901,13534,132467.5,8297702.5,0.004983055870980024,0.0033905997406691313
sample_38,19901,13535,132477.5,8297702.5,0.0049972692504525185,0.0058630527928471565
sample_38,19902,13516,132287.5,8297692.5,0.016693010926246643,0.00408888841047883
sample_38,19902,13517,132297.5,8297692.5,0.013239842839539051,0.00592312915250659
sample_38,19902,13518,132307.5,8297692.5,0.025634504854679108,0.0017236905405297875
sample_38,19902,13519,132317.5,8297692.5,0.023190626874566078,0.004959206562489271
sample_38,19902,13520,132327.5,8297692.5,0.021111566573381424,0.008187065832316875
sample_38,19902,13521,132337.5,8297692.5,0.01947377249598503,0.003807178232818842
sample_38,19902,13522,132347.5,8297692.5,0.007185705937445164,0.005425847135484219
sample_38,19902,13523,132357.5,8297692.5,0.024660250172019005,0.002879256149753928
sample_38,19902,13524,132367.5,8297692.5,0.00921807810664177,0.0029664463363587856
sample_38,19902,13525,132377.5,8297692.5,0.008208570070564747,0.009236394427716732
sample_38,19902,13526,132387.5,8297692.5,0.008649917319417,0.00903931725770235
sample_38,19902,13527,132397.5,8297692.5,0.005414736922830343,0.005539032630622387
sample_38,19902,13528,132407.5,8297692.5,0.014712945558130741,0.004785669967532158
sample_38,19902,13529,132417.5,8297692.5,0.014188562519848347,0.003909590654075146
sample_38,19902,13530,132427.5,8297692.5,0.02019786462187767,0.0034416336566209793
sample_38,19902,13531,132437.5,8297692.5,0.009627724066376686,0.0048460690304636955
sample_38,19902,13532,132447.5,8297692.5,0.008158469572663307,0.007122838404029608
sample_38,19902,13533,132457.5,8297692.5,0.003665320109575987,0.00286342715844512
sample_38,19902,13534,132467.5,8297692.5,0.009578453376889229,0.0030766993295401335
sample_38,19902,13535,132477.5,8297692.5,0.015093764290213585,0.0028350234497338533
sample_38,19903,13516,132287.5,8297682.5,0.01401245966553688,0.008786740712821484
sample_38,19903,13517,132297.5,8297682.5,0.015805426985025406,0.004605092573910952
sample_38,19903,13518,132307.5,8297682.5,0.006968290079385042,0.014117996208369732
sample_38,19903,13519,132317.5,8297682.5,0.009917857125401497,0.006973527371883392
sample_38,19903,13520,132327.5,8297682.5,0.009116986766457558,0.005641793832182884
sample_38,19903,13521,132337.5,8297682.5,0.015515502542257309,0.002859838306903839
sample_38,19903,13522,132347.5,8297682.5,0.007624844089150429,0.0015808406751602888
sample_38,19903,13523,132357.5,8297682.5,0.009558793157339096,0.0033654856961220503
sample_38,19903,13524,132367.5,8297682.5,0.013455654494464397,0.007399442605674267
sample_38,19903,13525,132377.5,8297682.5,0.011627735570073128,0.0021495858673006296
sample_38,19903,13526,132387.5,8297682.5,0.016327565535902977,0.003805124666541815
sample_38,19903,13527,132397.5,8297682.5,0.0016094234306365252,0.0054468391463160515
sample_38,19903,13528,132407.5,8297682.5,0.014646193943917751,0.004057793878018856
sample_38,19903,13529,132417.5,8297682.5,0.011362636461853981,0.006245526019483805
sample_38,19903,13530,132427.5,8297682.5,0.014687136746942997,0.0037011553067713976
sample_38,19903,13531,132437.5,8297682.5,0.0016361032612621784,0.0020122602581977844
sample_38,19903,13532,132447.5,8297682.5,0.013708248734474182,0.003523186780512333
sample_38,19903,13533,132457.5,8297682.5,0.002384088933467865,0.005049366969615221
sample_38,19903,13534,132467.5,8297682.5,0.018662353977560997,0.00509062223136425
sample_38,19903,13535,132477.5,8297682.5,0.010040462017059326,0.0006989812245592475
sample_38,19904,13516,132287.5,8297672.5,0.013140156865119934,0.001959235640242696
sample_38,19904,13517,132297.5,8297672.5,0.008828924968838692,0.005512465722858906
sample_38,19904,13518,132307.5,8297672.5,0.008022163063287735,0.001669201534241438
sample_38,19904,13519,132317.5,8297672.5,0.005446207709610462,0.009685877710580826
sample_38,19904,13520,132327.5,8297672.5,0.00696413591504097,0.0016904083313420415
sample_38,19904,13521,132337.5,8297672.5,0.010066063143312931,0.006256665103137493
sample_38,19904,13522,132347.5,8297672.5,0.02230381779372692,0.002143247751519084
sample_38,19904,13523,132357.5,8297672.5,0.009497931227087975,0.002989642322063446
sample_38,19904,13524,132367.5,8297672.5,0.020677806809544563,0.007455018348991871
sample_38,19904,13525,132377.5,8297672.5,0.011407354846596718,0.004040910396724939
sample_38,19904,13526,132387.5,8297672.5,0.00758858397603035,0.0059072477743029594
sample_38,19904,13527,132397.5,8297672.5,0.019271675497293472,0.003941440489143133
sample_38,19904,13528,132407.5,8297672.5,0.012810077518224716,0.007254535797983408
sample_38,19904,13529,132417.5,8297672.5,0.02172243408858776,0.009638244286179543
sample_38,19904,13530,132427.5,8297672.5,0.026964601129293442,0.0013936345931142569
sample_38,19904,13531,132437.5,8297672.5,0.009400760754942894,0.004535297863185406
sample_38,19904,13532,132447.5,8297672.5,0.016209281980991364,0.0014590889913961291
sample_38,19904,13533,132457.5,8297672.5,0.00617245864123106,0.006052090786397457
sample_38,19904,13534,132467.5,8297672.5,0.012388879433274269,0.004178639035671949
sample_38,19904,13535,132477.5,8297672.5,0.0071403225883841515,0.0045157610438764095
sample_38,19905,13516,132287.5,8297662.5,0.011428115889430046,0.007058373186737299
sample_38,19905,13517,132297.5,8297662.5,0.01863032765686512,0.0019418169977143407
sample_38,19905,13518,132307.5,8297662.5,0.01351904310286045,0.004456823691725731
sample_38,19905,13519,132317.5,8297662.5,0.01440509408712387,0.004024840891361237
sample_38,19905,13520,132327.5,8297662.5,0.014181733131408691,0.00792772974818945
sample_38,19905,13521,132337.5,8297662.5,0.006497646681964397,0.005544109735637903
sample_38,19905,13522,132347.5,8297662.5,0.006580589804798365,0.0019721027929335833
sample_38,19905,13523,132357.5,8297662.5,0.007500556763261557,0.002774717751890421
sample_38,19905,13524,132367.5,8297662.5,0.008528847247362137,0.0033443241845816374
sample_38,19905,13525,132377.5,8297662.5,0.007165221031755209,0.0025622344110161066
sample_38,19905,13526,132387.5,8297662.5,0.02181698940694332,0.0023072261828929186
sample_38,19905,13527,132397.5,8297662.5,0.011196831241250038,0.0015517412684857845
sample_38,19905,13528,132407.5,8297662.5,0.010816572234034538,0.005584718193858862
sample_38,19905,13529,132417.5,8297662.5,0.0179764311760664,0.0012491635279729962
sample_38,19905,13530,132427.5,8297662.5,0.008364202454686165,0.002749690553173423
sample_38,19905,13531,132437.5,8297662.5,0.012345956638455391,0.01292615570127964
sample_38,19905,13532,132447.5,8297662.5,0.016624826937913895,0.0016553669702261686
sample_38,19905,13533,132457.5,8297662.5,0.015941200777888298,0.00237564486451447
sample_38,19905,13534,132467.5,8297662.5,0.00481211394071579,0.0047454540617764
sample_38,19905,13535,132477.5,8297662.5,0.010923810303211212,0.005198874045163393
sample_38,19906,13517,132297.5,8297652.5,0.015396727249026299,0.004717117175459862
sample_38,19906,13518,132307.5,8297652.5,0.01994415558874607,0.002783109899610281
sample_38,19906,13519,132317.5,8297652.5,0.014158088713884354,0.0014558557886630297
sample_38,19906,13520,132327.5,8297652.5,0.006152469199150801,0.0018862372962757945
sample_38,19906,13521,132337.5,8297652.5,0.017743924632668495,0.007218330167233944
sample_38,19906,13522,132347.5,8297652.5,0.0115148164331913,0.0019577834755182266
sample_38,19906,13523,132357.5,8297652.5,0.003960824105888605,0.0034063716884702444
sample_38,19906,13524,132367.5,8297652.5,0.012610540725290775,0.004243581555783749
sample_38,19906,13525,132377.5,8297652.5,0.014597310684621334,0.003117088694125414
sample_38,19906,13526,132387.5,8297652.5,0.01080326084047556,0.0024178510066121817
sample_38,19906,13527,132397.5,8297652.5,0.017107240855693817,0.00708526186645031
sample_38,19906,13528,132407.5,8297652.5,0.02390832081437111,0.0052246954292058945
sample_38,19906,13529,132417.5,8297652.5,0.04402885586023331,0.005787559784948826
sample_38,19906,13530,132427.5,8297652.5,0.0207666102796793,0.002970058936625719
sample_38,19906,13531,132437.5,8297652.5,0.00974351353943348,0.0024524861946702003
sample_38,19906,13532,132447.5,8297652.5,0.005771651864051819,0.0032397345639765263
sample_38,19906,13533,132457.5,8297652.5,0.014041507616639137,0.006195939611643553
sample_38,19906,13534,132467.5,8297652.5,0.00490619707852602,0.0032716761343181133
sample_38,19906,13535,132477.5,8297652.5,0.013227147981524467,0.00611122464761138
sample_39,14228,10302,100147.5,8354432.5,0.03577897697687149,0.005404369905591011
sample_39,14228,10303,100157.5,8354432.5,0.04490436613559723,0.003556948620826006
sample_39,14228,10304,100167.5,8354432.5,0.02361183986067772,0.006126822903752327
sample_39,14228,10305,100177.5,8354432.5,0.026410065591335297,0.007023898884654045
sample_39,14228,10306,100187.5,8354432.5,0.01357584074139595,0.0037731067277491093
sample_39,14228,10307,100197.5,8354432.5,0.014684446156024933,0.005419064778834581
sample_39,14228,10308,100207.5,8354432.5,0.03508518636226654,0.006990391761064529
sample_39,14228,10309,100217.5,8354432.5,0.02884037233889103,0.00669443141669035
sample_39,14228,10310,100227.5,8354432.5,0.027609094977378845,0.005943899974226952
sample_39,14228,10311,100237.5,8354432.5,0.01786073110997677,0.009265311993658543
sample_39,14228,10312,100247.5,8354432.5,0.022000987082719803,0.006012423429638147
sample_39,14228,10313,100257.5,8354432.5,0.019822286441922188,0.004868166986852884
sample_39,14228,10314,100267.5,8354432.5,0.00877307541668415,0.006664992310106754
sample_39,14228,10315,100277.5,8354432.5,0.01289274264127016,0.010639350861310959
sample_39,14228,10316,100287.5,8354432.5,0.023703724145889282,0.015803273767232895
sample_39,14228,10317,100297.5,8354432.5,0.01189124770462513,0.006962187122553587
sample_39,14228,10318,100307.5,8354432.5,0.02120104432106018,0.002118152566254139
sample_39,14228,10319,100317.5,8354432.5,0.02164042927324772,0.0035797760356217623
sample_39,14228,10320,100327.5,8354432.5,0.023117387667298317,0.004201894160360098
sample_39,14228,10321,100337.5,8354432.5,0.028350654989480972,0.009852500632405281
sample_39,14229,10302,100147.5,8354422.5,0.02133876085281372,0.007338948547840118
sample_39,14229,10303,100157.5,8354422.5,0.015938719734549522,0.006294438149780035
sample_39,14229,10304,100167.5,8354422.5,0.024392958730459213,0.002826595911756158
sample_39,14229,10305,100177.5,8354422.5,0.01950351521372795,0.004966425243765116
sample_39,14229,10306,100187.5,8354422.5,0.03849023953080177,0.004836134612560272
sample_39,14229,10307,100197.5,8354422.5,0.01160391978919506,0.00690703559666872
sample_39,14229,10308,100207.5,8354422.5,0.03269795700907707,0.011502213776111603
sample_39,14229,10309,100217.5,8354422.5,0.02079860121011734,0.007872458547353745
sample_39,14229,10310,100227.5,8354422.5,0.021926365792751312,0.003440466243773699
sample_39,14229,10311,100237.5,8354422.5,0.011430801823735237,0.004919550381600857
sample_39,14229,10312,100247.5,8354422.5,0.019214779138565063,0.006643620319664478
sample_39,14229,10313,100257.5,8354422.5,0.010751008056104183,0.004084889777004719
sample_39,14229,10314,100267.5,8354422.5,0.014264300465583801,0.006678723264485598
sample_39,14229,10315,100277.5,8354422.5,0.011209105141460896,0.008048868738114834
sample_39,14229,10316,100287.5,8354422.5,0.012858644127845764,0.004695236682891846
sample_39,14229,10317,100297.5,8354422.5,0.013908376917243004,0.008050337433815002
sample_39,14229,10318,100307.5,8354422.5,0.02027636207640171,0.009305276907980442
sample_39,14229,10319,100317.5,8354422.5,0.014104965142905712,0.006957067176699638
sample_39,14229,10320,100327.5,8354422.5,0.004922018386423588,0.005504441447556019
sample_39,14229,10321,100337.5,8354422.5,0.012630531564354897,0.005220041610300541
sample_39,14230,10302,100147.5,8354412.5,0.006944248918443918,0.00486023910343647
sample_39,14230,10303,100157.5,8354412.5,0.011954251676797867,0.003357206704095006
sample_39,14230,10304,100167.5,8354412.5,0.021380014717578888,0.007951120845973492
sample_39,14230,10305,100177.5,8354412.5,0.005356136709451675,0.028019316494464874
sample_39,14230,10306,100187.5,8354412.5,0.062262821942567825,0.0040124328806996346
sample_39,14230,10307,100197.5,8354412.5,0.020457440987229347,0.006194665562361479
sample_39,14230,10308,100207.5,8354412.5,0.010125754401087761,0.005950154270976782
sample_39,14230,10309,100217.5,8354412.5,0.00601195776835084,0.005134990438818932
sample_39,14230,10310,100227.5,8354412.5,0.005741702858358622,0.004270886071026325
sample_39,14230,10311,100237.5,8354412.5,0.013956591486930847,0.004571886267513037
sample_39,14230,10312,100247.5,8354412.5,0.0133039066568017,0.009569372050464153
sample_39,14230,10313,100257.5,8354412.5,0.01099842507392168,0.005382050294429064
sample_39,14230,10314,100267.5,8354412.5,0.022486690431833267,0.005222145933657885
sample_39,14230,10315,100277.5,8354412.5,0.012752776965498924,0.0036737476475536823
sample_39,14230,10316,100287.5,8354412.5,0.032518304884433746,0.0037263447884470224
sample_39,14230,10317,100297.5,8354412.5,0.010005678981542587,0.0027079430874437094
sample_39,14230,10318,100307.5,8354412.5,0.008707623928785324,0.005148062948137522
sample_39,14230,10319,100317.5,8354412.5,0.027175532653927803,0.013212497346103191
sample_39,14230,10320,100327.5,8354412.5,0.010344120673835278,0.002515928354114294
sample_39,14230,10321,100337.5,8354412.5,0.020922858268022537,0.004291248507797718
sample_39,14231,10302,100147.5,8354402.5,0.007440333254635334,0.008304590359330177
sample_39,14231,10303,100157.5,8354402.5,0.012112081050872803,0.006496539805084467
sample_39,14231,10304,100167.5,8354402.5,0.007022552657872438,0.003876231610774994
sample_39,14231,10305,100177.5,8354402.5,0.01200244389474392,0.008359584026038647
sample_39,14231,10306,100187.5,8354402.5,0.008396434597671032,0.010185456834733486
sample_39,14231,10307,100197.5,8354402.5,0.017719997093081474,0.006801556330174208
sample_39,14231,10308,100207.5,8354402.5,0.028435997664928436,0.001488580834120512
sample_39,14231,10309,100217.5,8354402.5,0.021639857441186905,0.005208001472055912
sample_39,14231,10310,100227.5,8354402.5,0.005974306724965572,0.004776690620929003
sample_39,14231,10311,100237.5,8354402.5,0.016567271202802658,0.008377226069569588
sample_39,14231,10312,100247.5,8354402.5,0.010265528224408627,0.009139408357441425
sample_39,14231,10313,100257.5,8354402.5,0.02438228577375412,0.005939352326095104
sample_39,14231,10314,100267.5,8354402.5,0.016955794766545296,0.003773142583668232
sample_39,14231,10315,100277.5,8354402.5,0.011512521654367447,0.00921155046671629
sample_39,14231,10316,100287.5,8354402.5,0.024094415828585625,0.005954877473413944
sample_39,14231,10317,100297.5,8354402.5,0.012953067198395729,0.0076401554979383945
sample_39,14231,10318,100307.5,8354402.5,0.02637963369488716,0.0049708024598658085
sample_39,14231,10319,100317.5,8354402.5,0.01623798906803131,0.010674556717276573
sample_39,14231,10320,100327.5,8354402.5,0.00799863412976265,0.0010582241229712963
sample_39,14231,10321,100337.5,8354402.5,0.031727179884910583,0.007458891719579697
sample_39,14232,10302,100147.5,8354392.5,0.015903634950518608,0.009557578712701797
sample_39,14232,10303,100157.5,8354392.5,0.03190471604466438,0.005198112688958645
sample_39,14232,10304,100167.5,8354392.5,0.012090794742107391,0.004080813843756914
sample_39,14232,10305,100177.5,8354392.5,0.009212033823132515,0.008785472251474857
sample_39,14232,10306,100187.5,8354392.5,0.03155181556940079,0.009629722684621811
sample_39,14232,10307,100197.5,8354392.5,0.021109146997332573,0.00543025229126215
sample_39,14232,10308,100207.5,8354392.5,0.015992429107427597,0.007297225296497345
sample_39,14232,10309,100217.5,8354392.5,0.009338573552668095,0.0063353185541927814
sample_39,14232,10310,100227.5,8354392.5,0.009444653987884521,0.004711391404271126
sample_39,14232,10311,100237.5,8354392.5,0.01583867147564888,0.009504713118076324
sample_39,14232,10312,100247.5,8354392.5,0.01368672214448452,0.009194135665893555
sample_39,14232,10313,100257.5,8354392.5,0.016323689371347427,0.005861402023583651
sample_39,14232,10314,100267.5,8354392.5,0.039967168122529984,0.006299279164522886
sample_39,14232,10315,100277.5,8354392.5,0.021835340186953545,0.00321478140540421
sample_39,14232,10316,100287.5,8354392.5,0.02617362141609192,0.005933692213147879
sample_39,14232,10317,100297.5,8354392.5,0.020026909187436104,0.005433243233710527
sample_39,14232,10318,100307.5,8354392.5,0.022564811632037163,0.008699278347194195
sample_39,14232,10319,100317.5,8354392.5,0.012111365795135498,0.008951912634074688
sample_39,14232,10320,100327.5,8354392.5,0.012052111327648163,0.0050370702520012856
sample_39,14232,10321,100337.5,8354392.5,0.010766801424324512,0.00514849741011858
sample_39,14233,10302,100147.5,8354382.5,0.013104299083352089,0.0036549370270222425
sample_39,14233,10303,100157.5,8354382.5,0.026239167898893356,0.005335815716534853
sample_39,14233,10304,100167.5,8354382.5,0.015056464821100235,0.004590116441249847
sample_39,14233,10305,100177.5,8354382.5,0.024179747328162193,0.0023682303726673126
sample_39,14233,10306,100187.5,8354382.5,0.008383906446397305,0.005473555997014046
sample_39,14233,10307,100197.5,8354382.5,0.028485320508480072,0.007146169431507587
sample_39,14233,10308,100207.5,8354382.5,0.0124101797118783,0.006882828660309315
sample_39,14233,10309,100217.5,8354382.5,0.018151767551898956,0.004420753568410873
sample_39,14233,10310,100227.5,8354382.5,0.009534874930977821,0.002976955147460103
sample_39,14233,10311,100237.5,8354382.5,0.017599785700440407,0.006000230088829994
sample_39,14233,10312,100247.5,8354382.5,0.011114808730781078,0.008897654712200165
sample_39,14233,10313,100257.5,8354382.5,0.009559054858982563,0.006743172649294138
sample_39,14233,10314,100267.5,8354382.5,0.01616412028670311,0.007636710535734892
sample_39,14233,10315,100277.5,8354382.5,0.028112541884183884,0.007059900090098381
sample_39,14233,10316,100287.5,8354382.5,0.012794675305485725,0.00610976479947567
sample_39,14233,10317,100297.5,8354382.5,0.016196951270103455,0.00429272698238492
sample_39,14233,10318,100307.5,8354382.5,0.012876917608082294,0.004623059183359146
sample_39,14233,10319,100317.5,8354382.5,0.012989632785320282,0.008659271523356438
sample_39,14233,10320,100327.5,8354382.5,0.02911566197872162,0.009925145655870438
sample_39,14233,10321,100337.5,8354382.5,0.010212604887783527,0.0100415563210845
sample_39,14234,10302,100147.5,8354372.5,0.02729962207376957,0.01012476533651352
sample_39,14234,10303,100157.5,8354372.5,0.012159999459981918,0.0050187078304588795
sample_39,14234,10304,100167.5,8354372.5,0.007811421062797308,0.0036181749310344458
sample_39,14234,10305,100177.5,8354372.5,0.021050937473773956,0.011421715840697289
sample_39,14234,10306,100187.5,8354372.5,0.01562450174242258,0.01641831547021866
sample_39,14234,10307,100197.5,8354372.5,0.016276635229587555,0.009052706882357597
sample_39,14234,10308,100207.5,8354372.5,0.01733507215976715,0.009276960976421833
sample_39,14234,10309,100217.5,8354372.5,0.007182436995208263,0.0012575198197737336
sample_39,14234,10310,100227.5,8354372.5,0.0176257211714983,0.006791094318032265
sample_39,14234,10311,100237.5,8354372.5,0.004083104431629181,0.005964918993413448
sample_39,14234,10312,100247.5,8354372.5,0.024175003170967102,0.007133568171411753
sample_39,14234,10313,100257.5,8354372.5,0.01770549826323986,0.002543143928050995
sample_39,14234,10314,100267.5,8354372.5,0.01591784693300724,0.0025553908199071884
sample_39,14234,10315,100277.5,8354372.5,0.020424161106348038,0.012117253616452217
sample_39,14234,10316,100287.5,8354372.5,0.010284584015607834,0.006128755398094654
sample_39,14234,10317,100297.5,8354372.5,0.004667916800826788,0.008646917529404163
sample_39,14234,10318,100307.5,8354372.5,0.0052320281974971294,0.0037449654191732407
sample_39,14234,10319,100317.5,8354372.5,0.007441412657499313,0.0056098224595189095
sample_39,14234,10320,100327.5,8354372.5,0.013525324873626232,0.002878833096474409
sample_39,14234,10321,100337.5,8354372.5,0.011946182698011398,0.00599885918200016
sample_39,14235,10302,100147.5,8354362.5,0.014442618936300278,0.004263146780431271
sample_39,14235,10303,100157.5,8354362.5,0.03409065306186676,0.009378466755151749
sample_39,14235,10304,100167.5,8354362.5,0.021927377209067345,0.0042603155598044395
sample_39,14235,10305,100177.5,8354362.5,0.020400425419211388,0.009831583127379417
sample_39,14235,10306,100187.5,8354362.5,0.019338101148605347,0.008713806048035622
sample_39,14235,10307,100197.5,8354362.5,0.011041360907256603,0.010967625305056572
sample_39,14235,10308,100207.5,8354362.5,0.025499707087874413,0.004343810025602579
sample_39,14235,10309,100217.5,8354362.5,0.015531448647379875,0.010564131662249565
sample_39,14235,10310,100227.5,8354362.5,0.03628882020711899,0.004773956723511219
sample_39,14235,10311,100237.5,8354362.5,0.019297471269965172,0.011725480668246746
sample_39,14235,10312,100247.5,8354362.5,0.021135248243808746,0.004302661865949631
sample_39,14235,10313,100257.5,8354362.5,0.02283526584506035,0.012328335084021091
sample_39,14235,10314,100267.5,8354362.5,0.03631383180618286,0.004756615962833166
sample_39,14235,10315,100277.5,8354362.5,0.03029230237007141,0.004316454753279686
sample_39,14235,10316,100287.5,8354362.5,0.036219000816345215,0.004277760162949562
sample_39,14235,10317,100297.5,8354362.5,0.02198224887251854,0.007090013474225998
sample_39,14235,10318,100307.5,8354362.5,0.011608215048909187,0.00419906759634614
sample_39,14235,10319,100317.5,8354362.5,0.03462303429841995,0.0008103888249024749
sample_39,14235,10320,100327.5,8354362.5,0.006705856882035732,0.0012105165515094995
sample_39,14235,10321,100337.5,8354362.5,0.008666129782795906,0.004454922396689653
sample_39,14236,10302,100147.5,8354352.5,0.015946436673402786,0.009564525447785854
sample_39,14236,10303,100157.5,8354352.5,0.008633005432784557,0.0030632922425866127
sample_39,14236,10304,100167.5,8354352.5,0.010923581197857857,0.007691374514251947
sample_39,14236,10305,100177.5,8354352.5,0.01406189240515232,0.0030640154145658016
sample_39,14236,10306,100187.5,8354352.5,0.020121071487665176,0.00452557485550642
sample_39,14236,10307,100197.5,8354352.5,0.008817853406071663,0.004507237579673529
sample_39,14236,10308,100207.5,8354352.5,0.03459986299276352,0.004687152337282896
sample_39,14236,10309,100217.5,8354352.5,0.012781567871570587,0.007806304842233658
sample_39,14236,10310,100227.5,8354352.5,0.012067165225744247,0.004766939207911491
sample_39,14236,10311,100237.5,8354352.5,0.019229192286729813,0.00920370128005743
sample_39,14236,10312,100247.5,8354352.5,0.010787817649543285,0.0060781147330999374
sample_39,14236,10313,100257.5,8354352.5,0.007256246171891689,0.00947323627769947
sample_39,14236,10314,100267.5,8354352.5,0.009095687419176102,0.005417908541858196
sample_39,14236,10315,100277.5,8354352.5,0.009457620792090893,0.0037101448979228735
sample_39,14236,10316,100287.5,8354352.5,0.01820625178515911,0.002921229461207986
sample_39,14236,10317,100297.5,8354352.5,0.05092141777276993,0.007486081216484308
sample_39,14236,10318,100307.5,8354352.5,0.024432899430394173,0.006330250296741724
sample_39,14236,10319,100317.5,8354352.5,0.01783469319343567,0.004366869572550058
sample_39,14236,10320,100327.5,8354352.5,0.027954580262303352,0.006744014099240303
sample_39,14236,10321,100337.5,8354352.5,0.018529608845710754,0.004426516126841307
sample_39,14237,10303,100157.5,8354342.5,0.026635698974132538,0.0028654083143919706
sample_39,14237,10304,100167.5,8354342.5,0.009244835004210472,0.005999972112476826
sample_39,14237,10305,100177.5,8354342.5,0.006532561965286732,0.004325340501964092
sample_39,14237,10306,100187.5,8354342.5,0.0035335300490260124,0.004597578663378954
sample_39,14237,10307,100197.5,8354342.5,0.007207109592854977,0.004426589235663414
sample_39,14237,10308,100207.5,8354342.5,0.025176582857966423,0.010534252971410751
sample_39,14237,10309,100217.5,8354342.5,0.010488508269190788,0.003265846287831664
sample_39,14237,10310,100227.5,8354342.5,0.027314946055412292,0.006943710148334503
sample_39,14237,10311,100237.5,8354342.5,0.023761006072163582,0.01145561970770359
sample_39,14237,10312,100247.5,8354342.5,0.021536432206630707,0.003397272899746895
sample_39,14237,10313,100257.5,8354342.5,0.006332111079245806,0.0050978828221559525
sample_39,14237,10314,100267.5,8354342.5,0.010086811147630215,0.011432262137532234
sample_39,14237,10315,100277.5,8354342.5,0.017700403928756714,0.011351719498634338
sample_39,14237,10316,100287.5,8354342.5,0.00845547579228878,0.015574072487652302
sample_39,14237,10317,100297.5,8354342.5,0.02771160379052162,0.0035824673250317574
sample_39,14237,10318,100307.5,8354342.5,0.030522972345352173,0.002254402730613947
sample_39,14237,10319,100317.5,8354342.5,0.019953202456235886,0.006524832919239998
sample_39,14237,10320,100327.5,8354342.5,0.02750127576291561,0.005120617803186178
sample_39,14237,10321,100337.5,8354342.5,0.01446698047220707,0.0026087735313922167
sample_39,14238,10303,100157.5,8354332.5,0.006798114627599716,0.007639613933861256
sample_39,14238,10304,100167.5,8354332.5,0.05602782592177391,0.005529828369617462
sample_39,14238,10305,100177.5,8354332.5,0.01924922689795494,0.010233623906970024
sample_39,14238,10306,100187.5,8354332.5,0.01750066690146923,0.0057885595597326756
sample_39,14238,10307,100197.5,8354332.5,0.01765533909201622,0.004786055069416761
sample_39,14238,10308,100207.5,8354332.5,0.00888486672192812,0.010224529542028904
sample_39,14238,10309,100217.5,8354332.5,0.029791705310344696,0.009214849211275578
sample_39,14238,10310,100227.5,8354332.5,0.020591631531715393,0.007124126423150301
sample_39,14238,10311,100237.5,8354332.5,0.014648715034127235,0.0014293056447058916
sample_39,14238,10312,100247.5,8354332.5,0.020524293184280396,0.007842686027288437
sample_39,14238,10313,100257.5,8354332.5,0.01020243763923645,0.0037221377715468407
sample_39,14238,10314,100267.5,8354332.5,0.027321621775627136,0.0050590308383107185
sample_39,14238,10315,100277.5,8354332.5,0.005596843548119068,0.007289341650903225
sample_39,14238,10316,100287.5,8354332.5,0.01632959395647049,0.008415537886321545
sample_39,14238,10317,100297.5,8354332.5,0.015379934571683407,0.007748718839138746
sample_39,14238,10318,100307.5,8354332.5,0.008306993171572685,0.007660284172743559
sample_39,14238,10319,100317.5,8354332.5,0.007299329154193401,0.0037365600001066923
sample_39,14238,10320,100327.5,8354332.5,0.019720956683158875,0.002513094339519739
sample_39,14238,10321,100337.5,8354332.5,0.006583821028470993,0.009304510429501534
sample_39,14239,10303,100157.5,8354322.5,0.009756885468959808,0.007472541183233261
sample_39,14239,10304,100167.5,8354322.5,0.030984288081526756,0.005077049136161804
sample_39,14239,10305,100177.5,8354322.5,0.016758117824792862,0.005266184918582439
sample_39,14239,10306,100187.5,8354322.5,0.005188559647649527,0.007399071007966995
sample_39,14239,10307,100197.5,8354322.5,0.00972858164459467,0.007000399753451347
sample_39,14239,10308,100207.5,8354322.5,0.01305005419999361,0.0020651603117585182
sample_39,14239,10309,100217.5,8354322.5,0.01635047048330307,0.003946124576032162
sample_39,14239,10310,100227.5,8354322.5,0.013932699337601662,0.005599315278232098
sample_39,14239,10311,100237.5,8354322.5,0.004548750817775726,0.007131300866603851
sample_39,14239,10312,100247.5,8354322.5,0.006788340397179127,0.0030335350893437862
sample_39,14239,10313,100257.5,8354322.5,0.00417011184617877,0.006512473337352276
sample_39,14239,10314,100267.5,8354322.5,0.03286229074001312,0.0057618157006800175
sample_39,14239,10315,100277.5,8354322.5,0.0225345641374588,0.007607355713844299
sample_39,14239,10316,100287.5,8354322.5,0.013593319803476334,0.011688178405165672
sample_39,14239,10317,100297.5,8354322.5,0.012135582976043224,0.010965004563331604
sample_39,14239,10318,100307.5,8354322.5,0.010512481443583965,0.005287700332701206
sample_39,14239,10319,100317.5,8354322.5,0.017973190173506737,0.0033265077508985996
sample_39,14239,10320,100327.5,8354322.5,0.07267380505800247,0.00515561830252409
sample_39,14239,10321,100337.5,8354322.5,0.015192723833024502,0.004253525752574205
sample_39,14240,10303,100157.5,8354312.5,0.026351958513259888,0.004847564268857241
sample_39,14240,10304,100167.5,8354312.5,0.029953164979815483,0.0039049657061696053
sample_39,14240,10305,100177.5,8354312.5,0.01920977421104908,0.004099637735635042
sample_39,14240,10306,100187.5,8354312.5,0.008385809138417244,0.005310637876391411
sample_39,14240,10307,100197.5,8354312.5,0.03844504803419113,0.009026248939335346
sample_39,14240,10308,100207.5,8354312.5,0.01655186526477337,0.004125514533370733
sample_39,14240,10309,100217.5,8354312.5,0.03728387504816055,0.0034218269865959883
sample_39,14240,10310,100227.5,8354312.5,0.020388096570968628,0.00335513218306005
sample_39,14240,10311,100237.5,8354312.5,0.01815137453377247,0.009005463682115078
sample_39,14240,10312,100247.5,8354312.5,0.014049801044166088,0.0053431023843586445
sample_39,14240,10313,100257.5,8354312.5,0.009076176211237907,0.0032965929713100195
sample_39,14240,10314,100267.5,8354312.5,0.01972830295562744,0.002276062034070492
sample_39,14240,10315,100277.5,8354312.5,0.023443005979061127,0.00564377848058939
sample_39,14240,10316,100287.5,8354312.5,0.011114595457911491,0.004091971553862095
sample_39,14240,10317,100297.5,8354312.5,0.03916163370013237,0.008073261938989162
sample_39,14240,10318,100307.5,8354312.5,0.019721021875739098,0.005272144917398691
sample_39,14240,10319,100317.5,8354312.5,0.013692857697606087,0.0028262208215892315
sample_39,14240,10320,100327.5,8354312.5,0.0304715558886528,0.00461571104824543
sample_39,14240,10321,100337.5,8354312.5,0.018573664128780365,0.007418276276439428
sample_39,14241,10303,100157.5,8354302.5,0.02120266482234001,0.008781621232628822
sample_39,14241,10304,100167.5,8354302.5,0.032706692814826965,0.00402752636000514
sample_39,14241,10305,100177.5,8354302.5,0.017089376226067543,0.0015313772018998861
sample_39,14241,10306,100187.5,8354302.5,0.01456058956682682,0.002326300833374262
sample_39,14241,10307,100197.5,8354302.5,0.011514970101416111,0.003437954466789961
sample_39,14241,10308,100207.5,8354302.5,0.015035602264106274,0.003914186265319586
sample_39,14241,10309,100217.5,8354302.5,0.010437531396746635,0.0030169538222253323
sample_39,14241,10310,100227.5,8354302.5,0.028556538745760918,0.0061370921321213245
sample_39,14241,10311,100237.5,8354302.5,0.009605440311133862,0.0035847800318151712
sample_39,14241,10312,100247.5,8354302.5,0.026655077934265137,0.003922341391444206
sample_39,14241,10313,100257.5,8354302.5,0.013298545964062214,0.007372891064733267
sample_39,14241,10314,100267.5,8354302.5,0.012435168959200382,0.004953200928866863
sample_39,14241,10315,100277.5,8354302.5,0.01599971204996109,0.0021388735622167587
sample_39,14241,10316,100287.5,8354302.5,0.03115971013903618,0.0052301171235740185
sample_39,14241,10317,100297.5,8354302.5,0.028298065066337585,0.0025580269284546375
sample_39,14241,10318,100307.5,8354302.5,0.02224891446530819,0.0059576574712991714
sample_39,14241,10319,100317.5,8354302.5,0.010804413817822933,0.005654324311763048
sample_39,14241,10320,100327.5,8354302.5,0.012658163905143738,0.005456413142383099
sample_39,14241,10321,100337.5,8354302.5,0.030791178345680237,0.0058006108738482
sample_39,14242,10303,100157.5,8354292.5,0.019618196412920952,0.007084360346198082
sample_39,14242,10304,100167.5,8354292.5,0.008548994548618793,0.00428173691034317
sample_39,14242,10305,100177.5,8354292.5,0.005887994542717934,0.002803827403113246
sample_39,14242,10306,100187.5,8354292.5,0.023215312510728836,0.008468884974718094
sample_39,14242,10307,100197.5,8354292.5,0.016967609524726868,0.001684202696196735
sample_39,14242,10308,100207.5,8354292.5,0.021843571215867996,0.008533407002687454
sample_39,14242,10309,100217.5,8354292.5,0.019113782793283463,0.006787580903619528
sample_39,14242,10310,100227.5,8354292.5,0.015364328399300575,0.003910674247890711
sample_39,14242,10311,100237.5,8354292.5,0.007890821434557438,0.008469737134873867
sample_39,14242,10312,100247.5,8354292.5,0.0056736283004283905,0.005096346139907837
sample_39,14242,10313,100257.5,8354292.5,0.016405001282691956,0.003060894785448909
sample_39,14242,10314,100267.5,8354292.5,0.00594337610527873,0.006633547134697437
sample_39,14242,10315,100277.5,8354292.5,0.009840086102485657,0.004548597149550915
sample_39,14242,10316,100287.5,8354292.5,0.03172389790415764,0.0033328228164464235
sample_39,14242,10317,100297.5,8354292.5,0.013488623313605785,0.003744784276932478
sample_39,14242,10318,100307.5,8354292.5,0.030967537313699722,0.008054038509726524
sample_39,14242,10319,100317.5,8354292.5,0.007416565902531147,0.006678608246147633
sample_39,14242,10320,100327.5,8354292.5,0.01375036220997572,0.008766891434788704
sample_39,14242,10321,100337.5,8354292.5,0.008759706281125546,0.003969958052039146
sample_39,14243,10303,100157.5,8354282.5,0.014496425166726112,0.014416312798857689
sample_39,14243,10304,100167.5,8354282.5,0.014586301520466805,0.0055389003828167915
sample_39,14243,10305,100177.5,8354282.5,0.008860595524311066,0.003741109510883689
sample_39,14243,10306,100187.5,8354282.5,0.016256002709269524,0.010037995874881744
sample_39,14243,10307,100197.5,8354282.5,0.03686295822262764,0.002403234364464879
sample_40,9320,19979,196917.5,8403512.5,0.02145967446267605,0.0020184849854558706
sample_40,9320,19980,196927.5,8403512.5,0.02433834969997406,0.001168321119621396
sample_40,9320,19981,196937.5,8403512.5,0.02529667504131794,0.009234238415956497
sample_40,9320,19982,196947.5,8403512.5,0.0036352314054965973,0.007512666285037994
sample_40,9320,19983,196957.5,8403512.5,0.011289863847196102,0.0034753303043544292
sample_40,9320,19984,196967.5,8403512.5,0.016754278913140297,0.004009014926850796
sample_40,9320,19985,196977.5,8403512.5,0.004716215655207634,0.004367614630609751
sample_40,9320,19986,196987.5,8403512.5,0.015148768201470375,0.003133042948320508
sample_40,9320,19987,196997.5,8403512.5,0.021243233233690262,0.014727398753166199
sample_40,9320,19988,197007.5,8403512.5,0.03387114033102989,0.008936552330851555
sample_40,9320,19989,197017.5,8403512.5,0.024605780839920044,0.0076417094096541405
sample_40,9320,19990,197027.5,8403512.5,0.009104619733989239,0.0017777520697563887
sample_40,9320,19991,197037.5,8403512.5,0.010053873062133789,0.004165872931480408
sample_40,9320,19992,197047.5,8403512.5,0.014343774877488613,0.0025310423225164413
sample_40,9320,19993,197057.5,8403512.5,0.015039965510368347,0.0033941061701625586
sample_40,9320,19994,197067.5,8403512.5,0.025215987116098404,0.005056134890764952
sample_40,9320,19995,197077.5,8403512.5,0.011531056836247444,0.005549817346036434
sample_40,9320,19996,197087.5,8403512.5,0.009448611177504063,0.004200581461191177
sample_40,9320,19997,197097.5,8403512.5,0.015163840726017952,0.007959241047501564
sample_40,9320,19998,197107.5,8403512.5,0.007459987886250019,0.00779477134346962
sample_40,9321,19979,196917.5,8403502.5,0.004539345391094685,0.006164154969155788
sample_40,9321,19980,196927.5,8403502.5,0.018386363983154297,0.0012238221243023872
sample_40,9321,19981,196937.5,8403502.5,0.02546665631234646,0.002145074773579836
sample_40,9321,19982,196947.5,8403502.5,0.01243196427822113,0.007756437640637159
sample_40,9321,19983,196957.5,8403502.5,0.01087818294763565,0.005683294031769037
sample_40,9321,19984,196967.5,8403502.5,0.01014607772231102,0.0072582680732011795
sample_40,9321,19985,196977.5,8403502.5,0.0145712336525321,0.007151338271796703
sample_40,9321,19986,196987.5,8403502.5,0.008819609880447388,0.001429253607057035
sample_40,9321,19987,196997.5,8403502.5,0.011778313666582108,0.0027724215760827065
sample_40,9321,19988,197007.5,8403502.5,0.029410848394036293,0.00431477976962924
sample_40,9321,19989,197017.5,8403502.5,0.024267207831144333,0.0036057420074939728
sample_40,9321,19990,197027.5,8403502.5,0.03175283223390579,0.005062444135546684
sample_40,9321,19991,197037.5,8403502.5,0.019731123000383377,0.005591253284364939
sample_40,9321,19992,197047.5,8403502.5,0.0076290639117360115,0.004316295031458139
sample_40,9321,19993,197057.5,8403502.5,0.028079194948077202,0.0056406790390610695
sample_40,9321,19994,197067.5,8403502.5,0.0066686347126960754,0.0041600181721150875
sample_40,9321,19995,197077.5,8403502.5,0.03140763193368912,0.0036733823362737894
sample_40,9321,19996,197087.5,8403502.5,0.039015769958496094,0.0027716062031686306
sample_40,9321,19997,197097.5,8403502.5,0.01306002028286457,0.006022670306265354
sample_40,9321,19998,197107.5,8403502.5,0.021598340943455696,0.007765233516693115
sample_40,9322,19979,196917.5,8403492.5,0.012763907201588154,0.0035857646726071835
sample_40,9322,19980,196927.5,8403492.5,0.013750250451266766,0.004163485020399094
sample_40,9322,19981,196937.5,8403492.5,0.01121542602777481,0.007545319385826588
sample_40,9322,19982,196947.5,8403492.5,0.010205864906311035,0.009898914955556393
sample_40,9322,19983,196957.5,8403492.5,0.007455391343683004,0.00614251708611846
sample_40,9322,19984,196967.5,8403492.5,0.014136810787022114,0.013713851571083069
sample_40,9322,19985,196977.5,8403492.5,0.028523217886686325,0.012218529358506203
sample_40,9322,19986,196987.5,8403492.5,0.015240691602230072,0.007897529751062393
sample_40,9322,19987,196997.5,8403492.5,0.031377989798784256,0.004969839472323656
sample_40,9322,19988,197007.5,8403492.5,0.008975102566182613,0.0045381635427474976
sample_40,9322,19989,197017.5,8403492.5,0.010258767753839493,0.0066179437562823296
sample_40,9322,19990,197027.5,8403492.5,0.012587604112923145,0.008230828680098057
sample_40,9322,19991,197037.5,8403492.5,0.018614735454320908,0.0031596384942531586
sample_40,9322,19992,197047.5,8403492.5,0.012369712814688683,0.011195821687579155
sample_40,9322,19993,197057.5,8403492.5,0.013533012941479683,0.004864412359893322
sample_40,9322,19994,197067.5,8403492.5,0.009790114127099514,0.008659125305712223
sample_40,9322,19995,197077.5,8403492.5,0.044398460537195206,0.007024327293038368
sample_40,9322,19996,197087.5,8403492.5,0.012695327401161194,0.0011392103042453527
sample_40,9322,19997,197097.5,8403492.5,0.017396515235304832,0.0038623292930424213
sample_40,9322,19998,197107.5,8403492.5,0.015902208164334297,0.0046034618280828
sample_40,9323,19979,196917.5,8403482.5,0.007352108601480722,0.0024816831573843956
sample_40,9323,19980,196927.5,8403482.5,0.0037052971310913563,0.0031735568773001432
sample_40,9323,19981,196937.5,8403482.5,0.025325138121843338,0.004221925046294928
sample_40,9323,19982,196947.5,8403482.5,0.024460775777697563,0.008019224740564823
sample_40,9323,19983,196957.5,8403482.5,0.025662314146757126,0.0021424954757094383
sample_40,9323,19984,196967.5,8403482.5,0.010711224749684334,0.0033220488112419844
sample_40,9323,19985,196977.5,8403482.5,0.00956159457564354,0.005953442770987749
sample_40,9323,19986,196987.5,8403482.5,0.004701629281044006,0.004453971516340971
sample_40,9323,19987,196997.5,8403482.5,0.003348073922097683,0.0046899588778615
sample_40,9323,19988,197007.5,8403482.5,0.011532958596944809,0.002482293639332056
sample_40,9323,19989,197017.5,8403482.5,0.025586269795894623,0.00712683517485857
sample_40,9323,19990,197027.5,8403482.5,0.021207252517342567,0.0074101220816373825
sample_40,9323,19991,197037.5,8403482.5,0.013831708580255508,0.009027308784425259
sample_40,9323,19992,197047.5,8403482.5,0.009224887937307358,0.015158078633248806
sample_40,9323,19993,197057.5,8403482.5,0.02417183481156826,0.008096028119325638
sample_40,9323,19994,197067.5,8403482.5,0.006330340169370174,0.002726640785112977
sample_40,9323,19995,197077.5,8403482.5,0.013807457871735096,0.013205165043473244
sample_40,9323,19996,197087.5,8403482.5,0.004712809808552265,0.005243659019470215
sample_40,9323,19997,197097.5,8403482.5,0.012469427660107613,0.0049089849926531315
sample_40,9323,19998,197107.5,8403482.5,0.005997053347527981,0.0035872263833880424
sample_40,9324,19980,196927.5,8403472.5,0.013042077422142029,0.003971336409449577
sample_40,9324,19981,196937.5,8403472.5,0.008923007175326347,0.006427622400224209
sample_40,9324,19982,196947.5,8403472.5,0.017147639766335487,0.006087722722440958
sample_40,9324,19983,196957.5,8403472.5,0.007084148935973644,0.005434268154203892
sample_40,9324,19984,196967.5,8403472.5,0.012188758701086044,0.0019564665853977203
sample_40,9324,19985,196977.5,8403472.5,0.005772724281996489,0.004121745005249977
sample_40,9324,19986,196987.5,8403472.5,0.011788311414420605,0.0016970093129202724
sample_40,9324,19987,196997.5,8403472.5,0.010228771716356277,0.0032042686361819506
sample_40,9324,19988,197007.5,8403472.5,0.023772815242409706,0.004174409434199333
sample_40,9324,19989,197017.5,8403472.5,0.009012192487716675,0.008276665583252907
sample_40,9324,19990,197027.5,8403472.5,0.016269434243440628,0.007194645702838898
sample_40,9324,19991,197037.5,8403472.5,0.023483218625187874,0.003533312352374196
sample_40,9324,19992,197047.5,8403472.5,0.021496709436178207,0.006213176995515823
sample_40,9324,19993,197057.5,8403472.5,0.014331908896565437,0.004474934656172991
sample_40,9324,19994,197067.5,8403472.5,0.008905335329473019,0.005990374367684126
sample_40,9324,19995,197077.5,8403472.5,0.005251847207546234,0.004314141348004341
sample_40,9324,19996,197087.5,8403472.5,0.005456611514091492,0.007516894489526749
sample_40,9324,19997,197097.5,8403472.5,0.013172369450330734,0.004526680335402489
sample_40,9324,19998,197107.5,8403472.5,0.009693600237369537,0.00043619118514470756
sample_40,9325,19980,196927.5,8403462.5,0.010086536407470703,0.00849912129342556
sample_40,9325,19981,196937.5,8403462.5,0.013320548459887505,0.0049922107718884945
sample_40,9325,19982,196947.5,8403462.5,0.008112875744700432,0.0028963894583284855
sample_40,9325,19983,196957.5,8403462.5,0.01912665367126465,0.00401614373549819
sample_40,9325,19984,196967.5,8403462.5,0.01949978433549404,0.0017331296112388372
sample_40,9325,19985,196977.5,8403462.5,0.007579506374895573,0.0019688382744789124
sample_40,9325,19986,196987.5,8403462.5,0.024728285148739815,0.0016440284671261907
sample_40,9325,19987,196997.5,8403462.5,0.02798323705792427,0.002946380525827408
sample_40,9325,19988,197007.5,8403462.5,0.03191477432847023,0.003931288607418537
sample_40,9325,19989,197017.5,8403462.5,0.02935178577899933,0.0045823161490261555
sample_40,9325,19990,197027.5,8403462.5,0.018070749938488007,0.004542266018688679
sample_40,9325,19991,197037.5,8403462.5,0.011123141273856163,0.005873912945389748
sample_40,9325,19992,197047.5,8403462.5,0.026412349194288254,0.00596153549849987
sample_40,9325,19993,197057.5,8403462.5,0.012911340221762657,0.0023796141613274813
sample_40,9325,19994,197067.5,8403462.5,0.007227358408272266,0.01177983358502388
sample_40,9325,19995,197077.5,8403462.5,0.013673060573637486,0.004775732755661011
sample_40,9325,19996,197087.5,8403462.5,0.01874462701380253,0.007604921702295542
sample_40,9325,19997,197097.5,8403462.5,0.005888259503990412,0.008630465716123581
sample_40,9325,19998,197107.5,8403462.5,0.01470685563981533,0.005695468280464411
sample_40,9326,19980,196927.5,8403452.5,0.00819302536547184,0.008400794118642807
sample_40,9326,19981,196937.5,8403452.5,0.02283317781984806,0.00509990006685257
sample_40,9326,19982,196947.5,8403452.5,0.02296992763876915,0.00759687926620245
sample_40,9326,19983,196957.5,8403452.5,0.028861965984106064,0.0037039618473500013
sample_40,9326,19984,196967.5,8403452.5,0.057750217616558075,0.005416799336671829
sample_40,9326,19985,196977.5,8403452.5,0.016292942687869072,0.0028623330872505903
sample_40,9326,19986,196987.5,8403452.5,0.013229608535766602,0.005677327513694763
sample_40,9326,19987,196997.5,8403452.5,0.03959271311759949,0.0010859164176508784
sample_40,9326,19988,197007.5,8403452.5,0.019135743379592896,0.003554496681317687
sample_40,9326,19989,197017.5,8403452.5,0.031909819692373276,0.002462994307279587
sample_40,9326,19990,197027.5,8403452.5,0.025683414191007614,0.002754032611846924
sample_40,9326,19991,197037.5,8403452.5,0.04331546276807785,0.005252075847238302
sample_40,9326,19992,197047.5,8403452.5,0.03881039842963219,0.006052547600120306
sample_40,9326,19993,197057.5,8403452.5,0.02138039842247963,0.001624925876967609
sample_40,9326,19994,197067.5,8403452.5,0.0070243519730865955,0.00221209111623466
sample_40,9326,19995,197077.5,8403452.5,0.024794230237603188,0.003570468630641699
sample_40,9326,19996,197087.5,8403452.5,0.006943164858967066,0.004123590886592865
sample_40,9326,19997,197097.5,8403452.5,0.033259645104408264,0.00539577379822731
sample_40,9326,19998,197107.5,8403452.5,0.017322685569524765,0.005890280939638615
sample_40,9327,19980,196927.5,8403442.5,0.003063332987949252,0.0074665118008852005
sample_40,9327,19981,196937.5,8403442.5,0.013291114941239357,0.0021919733844697475
sample_40,9327,19982,196947.5,8403442.5,0.008288191631436348,0.0062953997403383255
sample_40,9327,19983,196957.5,8403442.5,0.01239088922739029,0.0037170082796365023
sample_40,9327,19984,196967.5,8403442.5,0.01125061884522438,0.003791188821196556
sample_40,9327,19985,196977.5,8403442.5,0.017075080424547195,0.001850005006417632
sample_40,9327,19986,196987.5,8403442.5,0.014897019602358341,0.00481160543859005
sample_40,9327,19987,196997.5,8403442.5,0.020167600363492966,0.00636794650927186
sample_40,9327,19988,197007.5,8403442.5,0.029943332076072693,0.010899379849433899
sample_40,9327,19989,197017.5,8403442.5,0.020090805366635323,0.00377737358212471
sample_40,9327,19990,197027.5,8403442.5,0.05505179613828659,0.009134246036410332
sample_40,9327,19991,197037.5,8403442.5,0.043689873069524765,0.0035557581577450037
sample_40,9327,19992,197047.5,8403442.5,0.012514163739979267,0.0017793603474274278
sample_40,9327,19993,197057.5,8403442.5,0.009535621851682663,0.0020775841549038887
sample_40,9327,19994,197067.5,8403442.5,0.011324496008455753,0.0023924028500914574
sample_40,9327,19995,197077.5,8403442.5,0.03129828721284866,0.01007993146777153
sample_40,9327,19996,197087.5,8403442.5,0.007954255677759647,0.009995801374316216
sample_40,9327,19997,197097.5,8403442.5,0.012943023815751076,0.007286075036972761
sample_40,9327,19998,197107.5,8403442.5,0.00822445098310709,0.001853715511970222
sample_40,9328,19980,196927.5,8403432.5,0.01902049034833908,0.00682564452290535
sample_40,9328,19981,196937.5,8403432.5,0.013122273609042168,0.0041971406899392605
sample_40,9328,19982,196947.5,8403432.5,0.02355802245438099,0.0039617340080440044
sample_40,9328,19983,196957.5,8403432.5,0.007841224782168865,0.006631574593484402
sample_40,9328,19984,196967.5,8403432.5,0.02578921616077423,0.004290333949029446
sample_40,9328,19985,196977.5,8403432.5,0.015559726394712925,0.002233419567346573
sample_40,9328,19986,196987.5,8403432.5,0.018305953592061996,0.0036140948068350554
sample_40,9328,19987,196997.5,8403432.5,0.019089942798018456,0.01440415158867836
sample_40,9328,19988,197007.5,8403432.5,0.007354570087045431,0.016620833426713943
sample_40,9328,19989,197017.5,8403432.5,0.015328941866755486,0.004464088939130306
sample_40,9328,19990,197027.5,8403432.5,0.02733485773205757,0.0034882230684161186
sample_40,9328,19991,197037.5,8403432.5,0.022105064243078232,0.005117195658385754
sample_40,9328,19992,197047.5,8403432.5,0.019477959722280502,0.004737515933811665
sample_40,9328,19993,197057.5,8403432.5,0.0147824352607131,0.0063733793795108795
sample_40,9328,19994,197067.5,8403432.5,0.0104981092736125,0.004843004979193211
sample_40,9328,19995,197077.5,8403432.5,0.012482771649956703,0.00629805214703083
sample_40,9328,19996,197087.5,8403432.5,0.014336362481117249,0.005825996398925781
sample_40,9328,19997,197097.5,8403432.5,0.005712947808206081,0.00243163900449872
sample_40,9328,19998,197107.5,8403432.5,0.03276612237095833,0.002198151545599103
sample_40,9329,19980,196927.5,8403422.5,0.008144359104335308,0.005019607488065958
sample_40,9329,19981,196937.5,8403422.5,0.020219333469867706,0.004101844504475594
sample_40,9329,19982,196947.5,8403422.5,0.020641453564167023,0.006598585285246372
sample_40,9329,19983,196957.5,8403422.5,0.0031412430107593536,0.005922602955251932
sample_40,9329,19984,196967.5,8403422.5,0.02211652882397175,0.0035633870866149664
sample_40,9329,19985,196977.5,8403422.5,0.005617355927824974,0.0015315432101488113
sample_40,9329,19986,196987.5,8403422.5,0.003910491243004799,0.004120116587728262
sample_40,9329,19987,196997.5,8403422.5,0.01700795628130436,0.005066340789198875
sample_40,9329,19988,197007.5,8403422.5,0.023498032242059708,0.005206839647144079
sample_40,9329,19989,197017.5,8403422.5,0.012545626610517502,0.00672224210575223
sample_40,9329,19990,197027.5,8403422.5,0.015888936817646027,0.0032051620073616505
sample_40,9329,19991,197037.5,8403422.5,0.013491043820977211,0.007138518616557121
sample_40,9329,19992,197047.5,8403422.5,0.02176099270582199,0.002290521515533328
sample_40,9329,19993,197057.5,8403422.5,0.007218236569315195,0.006291097030043602
sample_40,9329,19994,197067.5,8403422.5,0.027506228536367416,0.0033973916433751583
sample_40,9329,19995,197077.5,8403422.5,0.013610079884529114,0.012520907446742058
sample_40,9329,19996,197087.5,8403422.5,0.007912296801805496,0.004124609753489494
sample_40,9329,19997,197097.5,8403422.5,0.023521121591329575,0.003490742761641741
sample_40,9329,19998,197107.5,8403422.5,0.03717375919222832,0.0016287124017253518
sample_40,9330,19980,196927.5,8403412.5,0.010023929178714752,0.006037917919456959
sample_40,9330,19981,196937.5,8403412.5,0.01816960796713829,0.005077752284705639
sample_40,9330,19982,196947.5,8403412.5,0.008498057723045349,0.004638296086341143
sample_40,9330,19983,196957.5,8403412.5,0.03339283913373947,0.006438707932829857
sample_40,9330,19984,196967.5,8403412.5,0.012104202061891556,0.0073018730618059635
sample_40,9330,19985,196977.5,8403412.5,0.012509333901107311,0.0024556759744882584
sample_40,9330,19986,196987.5,8403412.5,0.0178216565400362,0.007382049225270748
sample_40,9330,19987,196997.5,8403412.5,0.010227726772427559,0.0028135553002357483
sample_40,9330,19988,197007.5,8403412.5,0.013371026143431664,0.0012705716071650386
sample_40,9330,19989,197017.5,8403412.5,0.016664177179336548,0.0037012712564319372
sample_40,9330,19990,197027.5,8403412.5,0.018960634246468544,0.003626531455665827
sample_40,9330,19991,197037.5,8403412.5,0.011194872669875622,0.010348648764193058
sample_40,9330,19992,197047.5,8403412.5,0.010084056295454502,0.008860276080667973
sample_40,9330,19993,197057.5,8403412.5,0.01874394342303276,0.008144102990627289
sample_40,9330,19994,197067.5,8403412.5,0.020144455134868622,0.002280403161421418
sample_40,9330,19995,197077.5,8403412.5,0.00799119845032692,0.011482440866529942
sample_40,9330,19996,197087.5,8403412.5,0.014201703481376171,0.007019248325377703
sample_40,9330,19997,197097.5,8403412.5,0.014471065253019333,0.007534131873399019
sample_40,9330,19998,197107.5,8403412.5,0.015721963718533516,0.003598620183765888
sample_40,9331,19980,196927.5,8403402.5,0.015372990630567074,0.007281160913407803
sample_40,9331,19981,196937.5,8403402.5,0.012009602971374989,0.004579608328640461
sample_40,9331,19982,196947.5,8403402.5,0.018077027052640915,0.004711541347205639
sample_40,9331,19983,196957.5,8403402.5,0.027858709916472435,0.0025733509100973606
sample_40,9331,19984,196967.5,8403402.5,0.015785381197929382,0.002554054372012615
sample_40,9331,19985,196977.5,8403402.5,0.00935549009591341,0.003563840873539448
sample_40,9331,19986,196987.5,8403402.5,0.014726201072335243,0.014217794872820377
sample_40,9331,19987,196997.5,8403402.5,0.021649014204740524,0.0042692990973591805
sample_40,9331,19988,197007.5,8403402.5,0.011465450748801231,0.01008546631783247
sample_40,9331,19989,197017.5,8403402.5,0.010310540907084942,0.00423871073871851
sample_40,9331,19990,197027.5,8403402.5,0.00867826770991087,0.006103981286287308
sample_40,9331,19991,197037.5,8403402.5,0.011724809184670448,0.004713072441518307
sample_40,9331,19992,197047.5,8403402.5,0.013589262031018734,0.008368456736207008
sample_40,9331,19993,197057.5,8403402.5,0.022224679589271545,0.004663241095840931
sample_40,9331,19994,197067.5,8403402.5,0.01386209111660719,0.006088457070291042
sample_40,9331,19995,197077.5,8403402.5,0.012143537402153015,0.0038720625452697277
sample_40,9331,19996,197087.5,8403402.5,0.01484375074505806,0.0015638796612620354
sample_40,9331,19997,197097.5,8403402.5,0.01190027967095375,0.005876060575246811
sample_40,9331,19998,197107.5,8403402.5,0.013474103063344955,0.002148935105651617
sample_40,9332,19980,196927.5,8403392.5,0.012850425206124783,0.0008226670324802399
sample_40,9332,19981,196937.5,8403392.5,0.009596247225999832,0.010079479776322842
sample_40,9332,19982,196947.5,8403392.5,0.010637051425874233,0.0036481344141066074
sample_40,9332,19983,196957.5,8403392.5,0.007107323035597801,0.008217173628509045
sample_40,9332,19984,196967.5,8403392.5,0.010396745055913925,0.004331262782216072
sample_40,9332,19985,196977.5,8403392.5,0.007025587372481823,0.0036163385957479477
sample_40,9332,19986,196987.5,8403392.5,0.0088279340416193,0.0046403370797634125
sample_40,9332,19987,196997.5,8403392.5,0.004394350573420525,0.003889959305524826
sample_40,9332,19988,197007.5,8403392.5,0.011262884363532066,0.002067746128886938
sample_40,9332,19989,197017.5,8403392.5,0.012343042530119419,0.0029313883278518915
sample_40,9332,19990,197027.5,8403392.5,0.014377146027982235,0.0032558159437030554
sample_40,9332,19991,197037.5,8403392.5,0.022709138691425323,0.002910240553319454
sample_40,9332,19992,197047.5,8403392.5,0.009173320606350899,0.004291628021746874
sample_40,9332,19993,197057.5,8403392.5,0.006772404536604881,0.004852299578487873
sample_40,9332,19994,197067.5,8403392.5,0.006328210700303316,0.0031889076344668865
sample_40,9332,19995,197077.5,8403392.5,0.014230967499315739,0.0033209887333214283
sample_40,9332,19996,197087.5,8403392.5,0.01288266945630312,0.005866264924407005
sample_40,9332,19997,197097.5,8403392.5,0.02585463784635067,0.0022820234298706055
sample_40,9332,19998,197107.5,8403392.5,0.024569474160671234,0.0035059514921158552
sample_40,9333,19980,196927.5,8403382.5,0.007524777203798294,0.002454804489389062
sample_40,9333,19981,196937.5,8403382.5,0.0069890255108475685,0.008003970608115196
sample_40,9333,19982,196947.5,8403382.5,0.01890936866402626,0.006033583544194698
sample_40,9333,19983,196957.5,8403382.5,0.03592066094279289,0.0014554817462339997
sample_40,9333,19984,196967.5,8403382.5,0.03026769310235977,0.009380348026752472
sample_40,9333,19985,196977.5,8403382.5,0.023141849786043167,0.0034404683392494917
sample_40,9333,19986,196987.5,8403382.5,0.014325791038572788,0.0044179642572999
sample_40,9333,19987,196997.5,8403382.5,0.014863863587379456,0.009732494130730629
sample_40,9333,19988,197007.5,8403382.5,0.012714400887489319,0.006169225554913282
sample_40,9333,19989,197017.5,8403382.5,0.016393445432186127,0.004206022713333368
sample_40,9333,19990,197027.5,8403382.5,0.017269594594836235,0.003908134065568447
sample_40,9333,19991,197037.5,8403382.5,0.01975458860397339,0.006087527610361576
sample_40,9333,19992,197047.5,8403382.5,0.02389041893184185,0.0034318657126277685
sample_40,9333,19993,197057.5,8403382.5,0.002599779749289155,0.01131314504891634
sample_40,9333,19994,197067.5,8403382.5,0.011940996162593365,0.0038429787382483482
sample_40,9333,19995,197077.5,8403382.5,0.010613914579153061,0.004898210056126118
sample_40,9333,19996,197087.5,8403382.5,0.010527748614549637,0.0027437733951956034
sample_40,9333,19997,197097.5,8403382.5,0.02452504262328148,0.010604611597955227
sample_40,9333,19998,197107.5,8403382.5,0.0037067621015012264,0.0025470182299613953
sample_40,9334,19980,196927.5,8403372.5,0.013797132298350334,0.0012927979696542025
sample_40,9334,19981,196937.5,8403372.5,0.005063154734671116,0.002098227385431528
sample_40,9334,19982,196947.5,8403372.5,0.008740685880184174,0.006713217590004206
sample_40,9334,19983,196957.5,8403372.5,0.012709424830973148,0.0034045351203531027
sample_40,9334,19984,196967.5,8403372.5,0.045932069420814514,0.005431464407593012
sample_40,9334,19985,196977.5,8403372.5,0.01848309114575386,0.004007919225841761
sample_40,9334,19986,196987.5,8403372.5,0.011449746787548065,0.0014468439621850848
sample_40,9334,19987,196997.5,8403372.5,0.002603130880743265,0.00503099849447608
sample_40,9334,19988,197007.5,8403372.5,0.01771322824060917,0.00234856060706079
sample_40,9334,19989,197017.5,8403372.5,0.01077211368829012,0.0031874622218310833
sample_40,9334,19990,197027.5,8403372.5,0.008425652980804443,0.005219540558755398
sample_40,9334,19991,197037.5,8403372.5,0.055521316826343536,0.006754804402589798
sample_40,9334,19992,197047.5,8403372.5,0.016938623040914536,0.007470699958503246
sample_40,9334,19993,197057.5,8403372.5,0.014214986935257912,0.002417109441012144
sample_40,9334,19994,197067.5,8403372.5,0.022987138479948044,0.0027178681921213865
sample_40,9334,19995,197077.5,8403372.5,0.01774318888783455,0.004849757067859173
sample_40,9334,19996,197087.5,8403372.5,0.022291120141744614,0.009247172623872757
sample_40,9334,19997,197097.5,8403372.5,0.04060977324843407,0.0031188763678073883
sample_40,9334,19998,197107.5,8403372.5,0.014942513778805733,0.004447955638170242
sample_40,9335,19980,196927.5,8403362.5,0.012331436388194561,0.0015769879100844264
sample_40,9335,19981,196937.5,8403362.5,0.01966925337910652,0.0012286927085369825
sample_40,9335,19982,196947.5,8403362.5,0.02765895612537861,0.0023143987637013197
sample_40,9335,19983,196957.5,8403362.5,0.01946619339287281,0.003990089520812035
sample_40,9335,19984,196967.5,8403362.5,0.010827169753611088,0.0028477346058934927
sample_40,9335,19985,196977.5,8403362.5,0.014212960377335548,0.006993119604885578
sample_40,9335,19986,196987.5,8403362.5,0.00668899342417717,0.006138147320598364
sample_40,9335,19987,196997.5,8403362.5,0.011116424575448036,0.007848606444895267
sample_40,9335,19988,197007.5,8403362.5,0.01143442653119564,0.0031325435265898705
sample_40,9335,19989,197017.5,8403362.5,0.01135337445884943,0.002366886008530855
sample_40,9335,19990,197027.5,8403362.5,0.002389431931078434,0.007950643077492714
sample_40,9335,19991,197037.5,8403362.5,0.0177239328622818,0.007663728669285774
